timestamp,occupancy,volume,volume_11kw,duration,e_price,s_price,utilisation,total_capacity_points
2022-09-01 00:00:00,5753,121076,42220,4830.25,0.899585,0.763734,0.328143,17532
2022-09-01 01:00:00,5938.5,123248,44908.1,4970.25,0.899519,0.763217,0.338723,17532
2022-09-01 02:00:00,6374.5,109904,43510.1,4886.17,0.899537,0.763946,0.363592,17532
2022-09-01 03:00:00,6310,102326,43176.4,4898.92,0.89961,0.763946,0.359913,17532
2022-09-01 04:00:00,5805.5,97151.1,39668.4,4774.5,0.899585,0.763253,0.331137,17532
2022-09-01 05:00:00,5831.5,98994.7,39009.5,4829.92,0.899438,0.763273,0.33262,17532
2022-09-01 06:00:00,5942,113596,39832.5,4896.17,0.899603,0.763225,0.338923,17532
2022-09-01 07:00:00,5485,110745,35594.2,4307.5,0.914958,0.759681,0.312856,17532
2022-09-01 08:00:00,4784,79089.6,29823.3,3469,0.956742,0.745813,0.272872,17532
2022-09-01 09:00:00,4249.5,57247.9,26620.2,3044.83,0.973065,0.717082,0.242385,17532
2022-09-01 10:00:00,4061,49326.4,23994.3,2945.42,1.00203,0.701774,0.231634,17532
2022-09-01 11:00:00,3966,36602.2,22215.8,2692.58,1.00525,0.678477,0.226215,17532
2022-09-01 12:00:00,3964,81459.3,28140.8,3076.67,0.962447,0.740044,0.226101,17532
2022-09-01 13:00:00,4631.5,74375.9,28314.6,3092.5,0.959386,0.743747,0.264174,17532
2022-09-01 14:00:00,4527.5,54940.7,24843.8,2835.83,1.00069,0.696188,0.258242,17532
2022-09-01 15:00:00,3842,42127.7,22682.8,2633.42,1.00683,0.683852,0.219142,17532
2022-09-01 16:00:00,3715,46176.9,23330.4,2705.67,1.01613,0.674934,0.211898,17532
2022-09-01 17:00:00,3892,57714.3,24756.9,2836.83,0.991879,0.698674,0.221994,17532
2022-09-01 18:00:00,4449,53593.2,22928.5,2994.08,0.990264,0.697907,0.253765,17532
2022-09-01 19:00:00,4436,66831.3,28611,3581.92,0.974751,0.68908,0.253023,17532
2022-09-01 20:00:00,5044,68705.9,31127.4,4020.42,0.974327,0.688635,0.287703,17532
2022-09-01 21:00:00,5538,77018.8,34086.5,4465.08,0.961321,0.684194,0.31588,17532
2022-09-01 22:00:00,5752,73034.5,34315.6,4518.75,0.960138,0.683987,0.328086,17532
2022-09-01 23:00:00,5960,77559.7,35462.4,4681.67,0.941982,0.701505,0.33995,17532
2022-09-02 00:00:00,6249,127720,46087.4,5165.75,0.901897,0.759713,0.356434,17532
2022-09-02 01:00:00,6202,130680,47406.4,5194.17,0.898592,0.764066,0.353753,17532
2022-09-02 02:00:00,6562,109490,45335.6,5077.5,0.899213,0.763928,0.374287,17532
2022-09-02 03:00:00,6131.5,97955.5,42701.2,4991.25,0.899581,0.763734,0.349732,17532
2022-09-02 04:00:00,6068,101417,43046.4,5007.33,0.899599,0.763789,0.34611,17532
2022-09-02 05:00:00,6188,103163,41135.5,4976.08,0.898739,0.763884,0.352955,17532
2022-09-02 06:00:00,6345.5,113534,41158,4984.08,0.899249,0.763946,0.361938,17532
2022-09-02 07:00:00,6103,113907,37276.9,4426.67,0.918121,0.759221,0.348106,17532
2022-09-02 08:00:00,4903,80091.9,30264.8,3510.08,0.95518,0.74533,0.27966,17532
2022-09-02 09:00:00,4603,61111.2,28168.2,3322.5,0.973594,0.716756,0.262548,17532
2022-09-02 10:00:00,4766.5,50924.2,25248.5,3207.33,1.00125,0.692178,0.271874,17532
2022-09-02 11:00:00,4065,40870,23362.8,2948.5,1.00444,0.67609,0.231862,17532
2022-09-02 12:00:00,4094,82235.5,29758.2,3176.58,0.961085,0.742403,0.233516,17532
2022-09-02 13:00:00,4843,78727.7,29928.4,3236.42,0.959392,0.742931,0.276238,17532
2022-09-02 14:00:00,4623,56841.4,25768.5,3082.5,0.999209,0.692888,0.263689,17532
2022-09-02 15:00:00,3886,43692.1,22652.2,2755.42,1.00615,0.683067,0.221652,17532
2022-09-02 16:00:00,3927.5,46281.1,22964.8,2787,1.01616,0.674031,0.224019,17532
2022-09-02 17:00:00,3858,53742.6,24091.5,2816.5,0.990755,0.698972,0.220055,17532
2022-09-02 18:00:00,3841,56396.4,24314.9,3021.5,0.989763,0.697107,0.219085,17532
2022-09-02 19:00:00,4195,62137.8,27666,3459.5,0.972635,0.695263,0.239277,17532
2022-09-02 20:00:00,4718,68411.7,30412.3,3911.42,0.974032,0.687919,0.269108,17532
2022-09-02 21:00:00,5229,69243.4,32260.3,4213.83,0.961355,0.684317,0.298255,17532
2022-09-02 22:00:00,5541,70028.7,33489.4,4406.58,0.959634,0.683853,0.316051,17532
2022-09-02 23:00:00,5519.5,77211.5,34818.1,4682.58,0.940888,0.702191,0.314824,17532
2022-09-03 00:00:00,5484,114091,37887.5,4269.42,0.899323,0.75882,0.312799,17532
2022-09-03 01:00:00,5682,119909,39774.5,4397.75,0.89807,0.760168,0.324093,17532
2022-09-03 02:00:00,5376,100483,38151.1,4209.08,0.89807,0.761331,0.306639,17532
2022-09-03 03:00:00,5272,88357.8,37721.6,4136.25,0.89807,0.761331,0.300707,17532
2022-09-03 04:00:00,5235,83311.4,34795.8,4084,0.898652,0.762216,0.298597,17532
2022-09-03 05:00:00,5303,85242.6,32805.5,4086,0.898652,0.762216,0.302475,17532
2022-09-03 06:00:00,5187,87123.3,32598.7,4076.83,0.898652,0.762216,0.295859,17532
2022-09-03 07:00:00,5208,94285.1,32324.5,4060,0.911288,0.759415,0.297057,17532
2022-09-03 08:00:00,5152,78583.2,30340.7,3855.25,0.954405,0.743413,0.293863,17532
2022-09-03 09:00:00,4990,66678.9,29385,3700.58,0.968687,0.717798,0.284622,17532
2022-09-03 10:00:00,4707,59473.8,26891.8,3580.5,0.999693,0.703956,0.26848,17532
2022-09-03 11:00:00,4628,59664.9,26434,3513.42,1.00036,0.702677,0.263974,17532
2022-09-03 12:00:00,4774,70440.5,27481.1,3561,0.961636,0.740292,0.272302,17532
2022-09-03 13:00:00,4717,68207.3,27103.8,3555.92,0.956301,0.742384,0.269051,17532
2022-09-03 14:00:00,4624,59206.5,25701.2,3469.33,0.997586,0.704493,0.263746,17532
2022-09-03 15:00:00,4560,56818.3,25272.2,3411.75,1.01037,0.681896,0.260096,17532
2022-09-03 16:00:00,4629,56773.8,24952.6,3365.42,1.01057,0.681489,0.264031,17532
2022-09-03 17:00:00,4572,58789.7,26537.5,3321.58,0.989751,0.700179,0.26078,17532
2022-09-03 18:00:00,4459,59715.7,25045.8,3307,0.988537,0.698925,0.254335,17532
2022-09-03 19:00:00,4443,62116.3,25276.3,3328.58,0.970328,0.690079,0.253422,17532
2022-09-03 20:00:00,4455,62714,25236.8,3319.83,0.968687,0.691495,0.254107,17532
2022-09-03 21:00:00,4481,60303.4,25238.1,3287.75,0.956278,0.687826,0.25559,17532
2022-09-03 22:00:00,4452,56946.9,24681.9,3270.92,0.956187,0.687802,0.253936,17532
2022-09-03 23:00:00,4422,60010.4,25007.1,3313.75,0.942903,0.701086,0.252225,17532
2022-09-04 00:00:00,4465,83616.4,27675.5,3477.67,0.902107,0.758494,0.254677,17532
2022-09-04 01:00:00,4573,77122.3,27654.8,3452.08,0.898652,0.762216,0.260837,17532
2022-09-04 02:00:00,4531,66854.6,26337.7,3393,0.898652,0.762216,0.258442,17532
2022-09-04 03:00:00,4525,59151.7,25397.1,3331,0.898652,0.762216,0.258099,17532
2022-09-04 04:00:00,4469,59619.9,25419.3,3337.33,0.898652,0.762216,0.254905,17532
2022-09-04 05:00:00,4462,64733.8,26314.7,3361,0.898652,0.762216,0.254506,17532
2022-09-04 06:00:00,4503,70180.9,26797.5,3382.25,0.898652,0.762216,0.256845,17532
2022-09-04 07:00:00,4611,68909.7,26140.1,3342,0.915107,0.75791,0.263005,17532
2022-09-04 08:00:00,4586,59137.2,24881.9,3225.75,0.952651,0.744546,0.261579,17532
2022-09-04 09:00:00,4267,52239.2,23898.6,3135.92,0.967744,0.719689,0.243384,17532
2022-09-04 10:00:00,4278,49097.5,23546.8,3067.67,0.999416,0.703843,0.244011,17532
2022-09-04 11:00:00,4288,47447.9,23337.8,3039.67,1.00038,0.702187,0.244581,17532
2022-09-04 12:00:00,4170,57662,23890.3,3102.08,0.958417,0.74157,0.237851,17532
2022-09-04 13:00:00,4248,56034.1,24068.1,3100.25,0.956301,0.742384,0.2423,17532
2022-09-04 14:00:00,4203,48642.6,22985.3,3033.5,0.998017,0.704803,0.239733,17532
2022-09-04 15:00:00,4222,44782.9,21877.9,2980,1.01051,0.681493,0.240817,17532
2022-09-04 16:00:00,4151,46772.9,21889.9,2981.58,1.01051,0.681493,0.236767,17532
2022-09-04 17:00:00,4166,51444.2,24635.1,3012.83,0.98921,0.698848,0.237623,17532
2022-09-04 18:00:00,4185,49451.1,23260.9,3035.67,0.98921,0.698725,0.238706,17532
2022-09-04 19:00:00,4485,52902.4,23977,3096.58,0.969404,0.691511,0.255818,17532
2022-09-04 20:00:00,4263,52048.9,23431,3107.25,0.968687,0.691495,0.243155,17532
2022-09-04 21:00:00,4241,49587.9,23571.8,3126.92,0.956944,0.68799,0.241901,17532
2022-09-04 22:00:00,4368,52365.2,24121.2,3164.58,0.956187,0.687802,0.249144,17532
2022-09-04 23:00:00,4284,55280,24738.4,3211.92,0.94105,0.702939,0.244353,17532
2022-09-05 00:00:00,4358,82891.4,27176.9,3398.33,0.90218,0.757982,0.248574,17532
2022-09-05 01:00:00,4565,82086.2,26934.8,3416.67,0.898652,0.762216,0.260381,17532
2022-09-05 02:00:00,4492,72619.9,26308.6,3356.25,0.898652,0.762216,0.256217,17532
2022-09-05 03:00:00,4436,67082.8,25939.8,3327,0.898652,0.762216,0.253023,17532
2022-09-05 04:00:00,4416.5,67926.5,25549,3326.58,0.898652,0.762216,0.251911,17532
2022-09-05 05:00:00,4462,77114.1,26693.7,3371,0.898652,0.762216,0.254506,17532
2022-09-05 06:00:00,4557,92058.5,27789.5,3423.42,0.898652,0.762216,0.259925,17532
2022-09-05 07:00:00,4474,93929.8,27252.6,3164.17,0.91486,0.757916,0.255191,17532
2022-09-05 08:00:00,3988,65793.2,26240.9,2800.92,0.954131,0.7437,0.22747,17532
2022-09-05 09:00:00,3840,55279.2,25240.8,2746.08,0.968017,0.719136,0.219028,17532
2022-09-05 10:00:00,3923,45868,21271.3,2692.58,0.999606,0.703815,0.223762,17532
2022-09-05 11:00:00,3910,42575,21309.5,2707,1.00036,0.702216,0.223021,17532
2022-09-05 12:00:00,3925,79158.3,28357.7,2958.5,0.960914,0.74119,0.223876,17532
2022-09-05 13:00:00,4246,82679.9,27792.4,2989.5,0.956301,0.742384,0.242186,17532
2022-09-05 14:00:00,3974,53696,23432.1,2766.83,1.00012,0.704535,0.226671,17532
2022-09-05 15:00:00,4013,47861.7,21735.8,2685.83,1.01128,0.682659,0.228896,17532
2022-09-05 16:00:00,3892,48548.3,21812.8,2700.58,1.01203,0.681156,0.221994,17532
2022-09-05 17:00:00,3977,57110.9,24887.6,2753.75,0.989306,0.701163,0.226842,17532
2022-09-05 18:00:00,3969,60552.4,24210.2,2919,0.988862,0.69884,0.226386,17532
2022-09-05 19:00:00,4337,73851.6,27933.8,3480,0.969178,0.691095,0.247376,17532
2022-09-05 20:00:00,4805,76002.2,29682.4,3830.83,0.968687,0.691495,0.27407,17532
2022-09-05 21:00:00,5078,76087.6,31298.8,4009.83,0.95683,0.688026,0.289642,17532
2022-09-05 22:00:00,5184,77601.7,32389.7,4115.25,0.956187,0.687802,0.295688,17532
2022-09-05 23:00:00,5376,81298,32124.7,4215.67,0.940264,0.703725,0.306639,17532
2022-09-06 00:00:00,5555,129258,42703.9,4621.83,0.902499,0.757404,0.316849,17532
2022-09-06 01:00:00,5865,130778,44539.2,4662.5,0.898652,0.762216,0.334531,17532
2022-09-06 02:00:00,5786,108653,42112.6,4524.67,0.898652,0.762216,0.330025,17532
2022-09-06 03:00:00,5571,95025.2,40673.6,4418.67,0.898519,0.762216,0.317762,17532
2022-09-06 04:00:00,5498,93284.7,38454,4403.17,0.898519,0.762216,0.313598,17532
2022-09-06 05:00:00,5550,94937.4,36989.1,4407,0.898519,0.762216,0.316564,17532
2022-09-06 06:00:00,5661,105640,36096.9,4413.25,0.898519,0.762216,0.322895,17532
2022-09-06 07:00:00,5360,109935,33848.4,3983.08,0.912611,0.75911,0.305727,17532
2022-09-06 08:00:00,4569,73680.8,28700.7,3246.08,0.949842,0.745583,0.260609,17532
2022-09-06 09:00:00,4276,56257.4,25909.1,2961.67,0.968555,0.717798,0.243897,17532
2022-09-06 10:00:00,3945,47042.8,22695.2,2774.17,0.999153,0.706698,0.225017,17532
2022-09-06 11:00:00,3968,44789.7,22427.5,2735.25,1.00155,0.701884,0.226329,17532
2022-09-06 12:00:00,3929,80021.3,28223.1,2988.5,0.960253,0.741477,0.224104,17532
2022-09-06 13:00:00,4210,82329,27658.7,2985.92,0.956169,0.742384,0.240132,17532
2022-09-06 14:00:00,3965,57111.5,24258,2734.75,0.999758,0.704467,0.226158,17532
2022-09-06 15:00:00,3857,52299.4,23245,2610.25,1.01125,0.681293,0.219998,17532
2022-09-06 16:00:00,3851,54724.9,23742.9,2648.83,1.01125,0.681293,0.219655,17532
2022-09-06 17:00:00,3927,59749.8,24343.9,2692.75,0.988647,0.700438,0.22399,17532
2022-09-06 18:00:00,3982,62423.9,22840.6,2881.17,0.988741,0.698825,0.227128,17532
2022-09-06 19:00:00,4552.5,71349.7,27627.2,3382.83,0.972346,0.693345,0.259668,17532
2022-09-06 20:00:00,4991,70930.1,28452.8,3709.42,0.969631,0.691825,0.284679,17532
2022-09-06 21:00:00,5082,71352.4,29871.3,3888.92,0.957975,0.688306,0.28987,17532
2022-09-06 22:00:00,5191,73207.5,31415,4051,0.957131,0.688132,0.296087,17532
2022-09-06 23:00:00,5481,81963.4,31926.7,4228.58,0.940923,0.70434,0.312628,17532
2022-09-07 00:00:00,5622,131663,42311.8,4627.67,0.902885,0.758106,0.320671,17532
2022-09-07 01:00:00,5781,125688,43022.9,4609.58,0.899596,0.762545,0.32974,17532
2022-09-07 02:00:00,5699,102909,40613.2,4485.83,0.899057,0.762647,0.325063,17532
2022-09-07 03:00:00,5623,94827.5,38610.6,4426.92,0.899057,0.762647,0.320728,17532
2022-09-07 04:00:00,5555,95964,38322.1,4439.5,0.899057,0.762647,0.316849,17532
2022-09-07 05:00:00,5589,96774.9,36265.9,4427.42,0.899057,0.762647,0.318788,17532
2022-09-07 06:00:00,5732,106808,36570.6,4450,0.899057,0.762647,0.326945,17532
2022-09-07 07:00:00,5478,109342,33942.4,4045.17,0.916337,0.758136,0.312457,17532
2022-09-07 08:00:00,4604,71685.2,28297.9,3216,0.955145,0.74395,0.262606,17532
2022-09-07 09:00:00,4129,58044.2,26039.4,2954.17,0.969415,0.71855,0.235512,17532
2022-09-07 10:00:00,3939,47521.1,23193.6,2772.08,0.999562,0.703702,0.224675,17532
2022-09-07 11:00:00,3998,40849.4,22683.8,2708.42,1.00159,0.701774,0.22804,17532
2022-09-07 12:00:00,4029,74289.8,27970.8,2931.5,0.95998,0.742054,0.229808,17532
2022-09-07 13:00:00,4205,76491.8,27179.5,2904.17,0.957245,0.742713,0.239847,17532
2022-09-07 14:00:00,3848,50644.3,22688.4,2651,0.997902,0.706133,0.219484,17532
2022-09-07 15:00:00,3745,49786.6,22422.3,2589.58,1.01243,0.680813,0.213609,17532
2022-09-07 16:00:00,3722,49820.2,22668.2,2596.08,1.01243,0.680813,0.212298,17532
2022-09-07 17:00:00,3712,57385.2,24544.6,2641.17,0.99147,0.69882,0.211727,17532
2022-09-07 18:00:00,3800,60336,23674.1,2819.17,0.990154,0.699055,0.216747,17532
2022-09-07 19:00:00,4196,66504.6,26711.8,3332.75,0.972676,0.689789,0.239334,17532
2022-09-07 20:00:00,4787.5,71986.9,29910.9,3741.67,0.970059,0.690961,0.273072,17532
2022-09-07 21:00:00,4937,72290.4,30601.7,3930,0.957314,0.687208,0.281599,17532
2022-09-07 22:00:00,5096,70230.8,30916,4080.42,0.957131,0.687162,0.290668,17532
2022-09-07 23:00:00,5253,76850.4,32474.5,4238.25,0.940519,0.703774,0.299624,17532
2022-09-08 00:00:00,5577,132009,42812.1,4675.58,0.901073,0.759883,0.318104,17532
2022-09-08 01:00:00,5821,132452,43874.6,4705.58,0.899057,0.762647,0.332021,17532
2022-09-08 02:00:00,5696,110457,41676.9,4581.17,0.899057,0.762647,0.324892,17532
2022-09-08 03:00:00,5628,100572,39858.3,4515.83,0.899057,0.762647,0.321013,17532
2022-09-08 04:00:00,5799,95908.5,37035.3,4466.08,0.899057,0.762647,0.330767,17532
2022-09-08 05:00:00,5514,96054.2,36115.1,4472.42,0.899057,0.762647,0.314511,17532
2022-09-08 06:00:00,5641,112048,37000.6,4525.67,0.899057,0.762647,0.321755,17532
2022-09-08 07:00:00,5491,113377,33793.2,4079.5,0.915496,0.758299,0.313199,17532
2022-09-08 08:00:00,4479,75824.5,28219.9,3244.08,0.954222,0.743454,0.255476,17532
2022-09-08 09:00:00,4153,57942.9,26327.5,2947.17,0.969769,0.717847,0.236881,17532
2022-09-08 10:00:00,3898,44513.5,22122.7,2752.17,1.00166,0.703165,0.222336,17532
2022-09-08 11:00:00,3859,43269.9,21749.4,2701,1.00242,0.701567,0.220112,17532
2022-09-08 12:00:00,3928,80171.9,27293.9,2955.5,0.958198,0.74248,0.224047,17532
2022-09-08 13:00:00,4168,79308.3,27926.9,2908.25,0.957245,0.742713,0.237737,17532
2022-09-08 14:00:00,3893,54747.1,24757.1,2690,0.999694,0.704884,0.222051,17532
2022-09-08 15:00:00,3748,47802.4,22012.5,2540.42,1.01151,0.681826,0.213781,17532
2022-09-08 16:00:00,3749,50706.1,22342.8,2560.92,1.0119,0.681055,0.213838,17532
2022-09-08 17:00:00,3742,53894.4,24044.6,2637.42,0.989933,0.699064,0.213438,17532
2022-09-08 18:00:00,3833,52802.7,22168.8,2811.83,0.989405,0.699312,0.218629,17532
2022-09-08 19:00:00,4132,66274.6,27338.9,3376.92,0.970064,0.693465,0.235683,17532
2022-09-08 20:00:00,4764,70655.9,30115.1,3853.67,0.970059,0.690961,0.271732,17532
2022-09-08 21:00:00,5099,71779.6,31715.7,4148.67,0.958043,0.687329,0.29084,17532
2022-09-08 22:00:00,5381,73231.3,32942.1,4382.25,0.957131,0.687162,0.306924,17532
2022-09-08 23:00:00,5589,79408.9,34586.1,4588.42,0.940385,0.703909,0.318788,17532
2022-09-09 00:00:00,5883,130365,44221.9,5002.08,0.900757,0.758031,0.335558,17532
2022-09-09 01:00:00,6156,129037,46549.8,5038.5,0.899057,0.762647,0.351129,17532
2022-09-09 02:00:00,6046,112438,44571.9,4923.58,0.899057,0.762647,0.344855,17532
2022-09-09 03:00:00,5998,102398,43367.8,4866.67,0.899145,0.762647,0.342117,17532
2022-09-09 04:00:00,5925,100266,41818.8,4848.42,0.899145,0.762647,0.337953,17532
2022-09-09 05:00:00,6165,102325,40330.1,4846.75,0.899145,0.762647,0.351643,17532
2022-09-09 06:00:00,5942,112934,39793.1,4853.42,0.899145,0.762647,0.338923,17532
2022-09-09 07:00:00,5866,116413,36879.4,4386.42,0.916424,0.758136,0.334588,17532
2022-09-09 08:00:00,4813,76921.4,29827.6,3423.58,0.955414,0.743646,0.274527,17532
2022-09-09 09:00:00,4277,58695,27417.1,3119.33,0.969855,0.717842,0.243954,17532
2022-09-09 10:00:00,4072,47368.2,23047,2914.25,1.00209,0.703148,0.232261,17532
2022-09-09 11:00:00,4091.5,46568.9,22726.1,2856.25,1.00285,0.701392,0.233373,17532
2022-09-09 12:00:00,3996,81413.7,28916.8,3081.75,0.960435,0.741699,0.227926,17532
2022-09-09 13:00:00,4289,84199.6,28981.5,3121.92,0.957332,0.742713,0.244638,17532
2022-09-09 14:00:00,4113,59716.3,25262.5,2901.5,0.99999,0.704863,0.2346,17532
2022-09-09 15:00:00,3968,54853.2,24504.5,2790.08,1.01274,0.681583,0.226329,17532
2022-09-09 16:00:00,3934,56442.6,24460,2781.17,1.01316,0.680706,0.22439,17532
2022-09-09 17:00:00,3946,57718.3,25004.1,2732.67,0.989688,0.699985,0.225074,17532
2022-09-09 18:00:00,3992,61328.4,24907.4,2955.33,0.989569,0.699255,0.227698,17532
2022-09-09 19:00:00,4351,64492.4,27011.3,3395.5,0.972948,0.69025,0.248175,17532
2022-09-09 20:00:00,4747,64629.2,29677.7,3800.58,0.970146,0.690961,0.270762,17532
2022-09-09 21:00:00,5098,70365.7,32168.6,4141.08,0.9574,0.687266,0.290783,17532
2022-09-09 22:00:00,5353,70537.3,33834.4,4399.75,0.957218,0.687162,0.305327,17532
2022-09-09 23:00:00,5645,72371.2,33118.6,4462.25,0.943111,0.70127,0.321983,17532
2022-09-10 00:00:00,5936,129756,45054.8,5175,0.900086,0.761325,0.338581,17532
2022-09-10 01:00:00,6352,138381,48265,5296.67,0.899145,0.762647,0.362309,17532
2022-09-10 02:00:00,6500,129007,48242.5,5291.75,0.898607,0.762749,0.370751,17532
2022-09-10 03:00:00,6440,117021,46167.9,5197.17,0.898739,0.76252,0.367328,17532
2022-09-10 04:00:00,6350,114408,45930,5180.08,0.898739,0.76252,0.362195,17532
2022-09-10 05:00:00,6293,113646,43365,5154.25,0.898739,0.76252,0.358944,17532
2022-09-10 06:00:00,6331,110839,40654.1,5108.75,0.898739,0.76252,0.361111,17532
2022-09-10 07:00:00,6317,120562,41720.6,5046.58,0.916125,0.757996,0.360313,17532
2022-09-10 08:00:00,5978,88551.9,37766.3,4632,0.953261,0.744493,0.340977,17532
2022-09-10 09:00:00,5475,69862.3,33317,4229.83,0.970442,0.716476,0.312286,17532
2022-09-10 10:00:00,5066.5,55444.1,28221.4,3796.42,1.00102,0.702557,0.288986,17532
2022-09-10 11:00:00,4762,47993,25951.1,3490.42,1.00178,0.700958,0.271618,17532
2022-09-10 12:00:00,4817,65229.5,28170.1,3556.83,0.958384,0.742179,0.274755,17532
2022-09-10 13:00:00,4704,75235.6,29993.6,3641.5,0.957318,0.742554,0.268309,17532
2022-09-10 14:00:00,4652,60874.3,28187.5,3489.33,1.00206,0.703347,0.265343,17532
2022-09-10 15:00:00,4651,61000,27919.2,3430.92,1.01345,0.680809,0.265286,17532
2022-09-10 16:00:00,4509,61429.2,27345.8,3365.17,1.01399,0.67974,0.257187,17532
2022-09-10 17:00:00,4491,67562.5,28227.2,3365.08,0.990749,0.698894,0.25616,17532
2022-09-10 18:00:00,4474,66331,27278.3,3426,0.990082,0.698917,0.255191,17532
2022-09-10 19:00:00,4553,63964.4,26865.6,3484.92,0.970585,0.690863,0.259697,17532
2022-09-10 20:00:00,4641,62745.9,27321.8,3561.67,0.970442,0.690132,0.264716,17532
2022-09-10 21:00:00,4886.5,57765.1,27588.8,3684.25,0.958368,0.687456,0.278719,17532
2022-09-10 22:00:00,4902,61205.3,29452.7,3915.83,0.957204,0.686256,0.279603,17532
2022-09-10 23:00:00,5198,66895.8,30450.1,4142.08,0.940066,0.703394,0.296486,17532
2022-09-11 00:00:00,5567,107550,39412.5,4554.17,0.903925,0.75717,0.317534,17532
2022-09-11 01:00:00,5728,113924,41598.8,4632,0.898739,0.76252,0.326717,17532
2022-09-11 02:00:00,5807,100047,40119.9,4547.75,0.898739,0.76252,0.331223,17532
2022-09-11 03:00:00,5608,90644.9,38888.5,4487.5,0.898739,0.76252,0.319872,17532
2022-09-11 04:00:00,5606,86089.7,36149.1,4458.25,0.898739,0.76252,0.319758,17532
2022-09-11 05:00:00,5691,89311.9,35694.1,4460.25,0.898739,0.76252,0.324606,17532
2022-09-11 06:00:00,5578,95522,35955.7,4472.25,0.898739,0.76252,0.318161,17532
2022-09-11 07:00:00,5597,111217,37378.3,4479.75,0.915598,0.75805,0.319245,17532
2022-09-11 08:00:00,5452,86139.8,33206.5,4182,0.954968,0.743895,0.310974,17532
2022-09-11 09:00:00,5091,65726.9,29457.2,3835.42,0.9702,0.716961,0.290383,17532
2022-09-11 10:00:00,4703.5,53871.6,26357.8,3526.58,1.0014,0.702478,0.268281,17532
2022-09-11 11:00:00,4558,48994.8,25288.2,3401.5,1.00223,0.700868,0.259982,17532
2022-09-11 12:00:00,4683,66534.9,29714.6,3510.17,0.957385,0.742529,0.267112,17532
2022-09-11 13:00:00,4689,66696.7,29335.8,3528.33,0.957318,0.742554,0.267454,17532
2022-09-11 14:00:00,4529,49743.5,26247.6,3328.75,1.00127,0.702833,0.258328,17532
2022-09-11 15:00:00,4424,45455,25578.5,3252.92,1.01337,0.680067,0.252339,17532
2022-09-11 16:00:00,4493,46003.6,25367.2,3221.58,1.01346,0.679882,0.256274,17532
2022-09-11 17:00:00,4500,61165.3,27975.5,3263.58,0.989936,0.700217,0.256674,17532
2022-09-11 18:00:00,4470,56164.5,27073,3330.17,0.989555,0.699059,0.254962,17532
2022-09-11 19:00:00,4661,63080.8,27879,3557.83,0.969163,0.693178,0.265857,17532
2022-09-11 20:00:00,4800,64171.7,27954,3695.42,0.970442,0.690132,0.273785,17532
2022-09-11 21:00:00,4871,60602.6,28390.6,3856.08,0.957811,0.686411,0.277835,17532
2022-09-11 22:00:00,5104,63257.8,30203,4086.75,0.957204,0.686256,0.291125,17532
2022-09-11 23:00:00,5318,73791.1,31882.8,4306.92,0.940201,0.703259,0.303331,17532
2022-09-12 00:00:00,5639,116224,40989.4,4706.58,0.901827,0.758209,0.32164,17532
2022-09-12 01:00:00,5852,117018,42577.5,4759.75,0.898739,0.76252,0.33379,17532
2022-09-12 02:00:00,5780,105008,41590.9,4696.58,0.898739,0.76252,0.329683,17532
2022-09-12 03:00:00,5746,93408.9,39479.5,4615.83,0.898739,0.76252,0.327744,17532
2022-09-12 04:00:00,5674,88277,36171.9,4574.33,0.898739,0.76252,0.323637,17532
2022-09-12 05:00:00,5706,92115.8,36709.9,4584.25,0.898739,0.76252,0.325462,17532
2022-09-12 06:00:00,5797,99150.6,36846.6,4607.67,0.898739,0.76252,0.330653,17532
2022-09-12 07:00:00,5712,112611,38272.8,4552.75,0.915828,0.758099,0.325804,17532
2022-09-12 08:00:00,5436,85841.3,34698.8,4152.42,0.951439,0.744803,0.310062,17532
2022-09-12 09:00:00,5096,65350.8,31612.5,3821.42,0.970442,0.716476,0.290668,17532
2022-09-12 10:00:00,4789,52300,27510,3559.92,1.00128,0.702511,0.273158,17532
2022-09-12 11:00:00,4631,44527.4,26313.6,3416.75,1.00271,0.700713,0.264146,17532
2022-09-12 12:00:00,4630,73594.3,31363.1,3664.17,0.960009,0.741426,0.264089,17532
2022-09-12 13:00:00,4860,77759.8,32100.2,3729.42,0.957318,0.742554,0.277207,17532
2022-09-12 14:00:00,4712,56593.3,28063.9,3529.17,1.00051,0.705027,0.268766,17532
2022-09-12 15:00:00,4608,51745.9,27242.1,3441.83,1.01271,0.681935,0.262834,17532
2022-09-12 16:00:00,4642,53895.3,27229.8,3422.92,1.01381,0.679735,0.264773,17532
2022-09-12 17:00:00,4587,67581.8,30196.6,3496.25,0.991078,0.699015,0.261636,17532
2022-09-12 18:00:00,4740,65138.8,29285,3648.33,0.990227,0.698859,0.270363,17532
2022-09-12 19:00:00,4866,69747.6,31665.2,3931.33,0.97344,0.688732,0.27755,17532
2022-09-12 20:00:00,5194,73780.5,32251.2,4127.17,0.970442,0.690132,0.296258,17532
2022-09-12 21:00:00,5305,71972.5,32028.6,4257.08,0.957754,0.686355,0.30259,17532
2022-09-12 22:00:00,5451,73681.9,33092.4,4411.33,0.957204,0.686256,0.310917,17532
2022-09-12 23:00:00,5587,78973.2,34387.1,4547.75,0.941138,0.702322,0.318674,17532
2022-09-13 00:00:00,5793,122919,43627.6,4936.33,0.899169,0.761373,0.330424,17532
2022-09-13 01:00:00,6286,119521,44429.8,4945.92,0.898739,0.76252,0.358544,17532
2022-09-13 02:00:00,6037,102143,42971.7,4839.58,0.898739,0.76252,0.344342,17532
2022-09-13 03:00:00,5859,89886.8,40732.4,4752.08,0.898739,0.762603,0.334189,17532
2022-09-13 04:00:00,5981,87941.2,38089.9,4734.42,0.898739,0.762603,0.341148,17532
2022-09-13 05:00:00,5971,93375.8,37932.9,4754.83,0.898739,0.762603,0.340577,17532
2022-09-13 06:00:00,5946,104529,38495.2,4737.83,0.898739,0.762603,0.339151,17532
2022-09-13 07:00:00,5674,105258,36633.5,4233,0.915283,0.7582,0.323637,17532
2022-09-13 08:00:00,4646,70785.3,29528.3,3375,0.955569,0.743819,0.265001,17532
2022-09-13 09:00:00,4344,57657.4,28061.2,3164.25,0.970051,0.717299,0.247775,17532
2022-09-13 10:00:00,4229,50174.2,25068.5,3072.79,1.00149,0.703775,0.241216,17532
2022-09-13 11:00:00,4198,51374.6,25087.5,3083.21,1.003,0.700729,0.239448,17532
2022-09-13 12:00:00,4523,84503.5,32461.9,3360.33,0.96043,0.741671,0.257985,17532
2022-09-13 13:00:00,4552,87060.1,31924.5,3360.42,0.957318,0.742595,0.25964,17532
2022-09-13 14:00:00,4301,60033.9,27648.8,3054.17,1.0001,0.706426,0.245323,17532
2022-09-13 15:00:00,4122,58456.6,26508.8,2880.83,1.01407,0.679785,0.235113,17532
2022-09-13 16:00:00,4105,61502.3,27076.3,2948.83,1.01407,0.679785,0.234143,17532
2022-09-13 17:00:00,4069,65422.2,26654.3,2989.75,0.991521,0.698979,0.23209,17532
2022-09-13 18:00:00,4159,66653.3,25402.5,3216,0.990227,0.698937,0.237223,17532
2022-09-13 19:00:00,4641,70094.4,28462.6,3659.17,0.973356,0.693062,0.264716,17532
2022-09-13 20:00:00,5256,76139.4,32580.9,4229.08,0.970442,0.690215,0.299795,17532
2022-09-13 21:00:00,5465,81138.5,34122.7,4484.75,0.958916,0.686778,0.311716,17532
2022-09-13 22:00:00,5720,81976.2,35170.5,4691.67,0.957204,0.686339,0.326261,17532
2022-09-13 23:00:00,5813,82173.6,36219.4,4846.92,0.940887,0.702656,0.331565,17532
2022-09-14 00:00:00,6202,135041,47067.1,5273.42,0.903304,0.757416,0.353753,17532
2022-09-14 01:00:00,6393,136830,48259.8,5323.42,0.898739,0.762603,0.364648,17532
2022-09-14 02:00:00,6285,115321,46091.8,5150,0.898739,0.762603,0.358487,17532
2022-09-14 03:00:00,6226,102802,44282.1,5070.17,0.898739,0.762603,0.355122,17532
2022-09-14 04:00:00,6157,99961.4,42322.9,5042.33,0.899055,0.762596,0.351186,17532
2022-09-14 05:00:00,6168,103921,41510,5066.08,0.899055,0.762596,0.351814,17532
2022-09-14 06:00:00,6324,113627,41889.6,5118.5,0.899055,0.762596,0.360712,17532
2022-09-14 07:00:00,6296,121248,42360.8,5051.42,0.915781,0.758229,0.359115,17532
2022-09-14 08:00:00,6051,87405.1,38367.9,4706.58,0.954167,0.743652,0.34514,17532
2022-09-14 09:00:00,5739,74148.4,38339.1,4623.67,0.96944,0.719156,0.327344,17532
2022-09-14 10:00:00,5679,60656.1,35322.4,4509.42,1.00165,0.702726,0.323922,17532
2022-09-14 11:00:00,5652,58295.5,34895,4465.42,1.00323,0.700742,0.322382,17532
2022-09-14 12:00:00,5706,90733.8,40406.3,4657.67,0.959137,0.742231,0.325462,17532
2022-09-14 13:00:00,5877,91800,39328.8,4595.08,0.957635,0.742588,0.335216,17532
2022-09-14 14:00:00,5779,70423.9,36606.3,4480.83,1.00198,0.702607,0.329626,17532
2022-09-14 15:00:00,5594,63950.2,35887.8,4405.25,1.01419,0.68028,0.319074,17532
2022-09-14 16:00:00,5584,66803,35942.5,4417.25,1.01445,0.679753,0.318503,17532
2022-09-14 17:00:00,5580,73622.3,37358.5,4430.25,0.990804,0.699731,0.318275,17532
2022-09-14 18:00:00,5575,69052.8,35120.4,4411.75,0.990544,0.698929,0.31799,17532
2022-09-14 19:00:00,5712,79226.5,36970.1,4580.08,0.973401,0.687802,0.325804,17532
2022-09-14 20:00:00,5758,79693.3,36859.9,4661.75,0.970759,0.690208,0.328428,17532
2022-09-14 21:00:00,5836,78313.5,36300.7,4713,0.958054,0.686464,0.332877,17532
2022-09-14 22:00:00,5846,80712.7,36910.9,4791.25,0.95752,0.686332,0.333447,17532
2022-09-14 23:00:00,5942,81171.4,36193.1,4855.58,0.940964,0.702888,0.338923,17532
2022-09-15 00:00:00,6215,128771,44772.9,5181.75,0.902935,0.757354,0.354495,17532
2022-09-15 01:00:00,6394,130647,47178.6,5208.25,0.899055,0.762596,0.364705,17532
2022-09-15 02:00:00,6257,114995,46082.1,5123.83,0.899055,0.762596,0.35689,17532
2022-09-15 03:00:00,6175,101404,45264.1,5049.33,0.899055,0.762596,0.352213,17532
2022-09-15 04:00:00,6248,102127,43755.7,5048.42,0.899055,0.762596,0.356377,17532
2022-09-15 05:00:00,6231,105324,43388.4,5053.92,0.899055,0.762596,0.355407,17532
2022-09-15 06:00:00,6143,112262,40518.5,4982.33,0.899055,0.762596,0.350388,17532
2022-09-15 07:00:00,5937,115591,37351.2,4357.42,0.914228,0.759239,0.338638,17532
2022-09-15 08:00:00,4875,75944.7,28339,3351.75,0.950061,0.744613,0.278063,17532
2022-09-15 09:00:00,4233,58531.5,26447.3,2960.5,0.969907,0.718223,0.241444,17532
2022-09-15 10:00:00,4035,50454.3,25201.3,2904.92,1.00128,0.705249,0.230151,17532
2022-09-15 11:00:00,3996,48488.3,24859.6,2846.08,1.00333,0.701056,0.227926,17532
2022-09-15 12:00:00,4319,83922.3,30571.2,3160.92,0.961035,0.741121,0.24635,17532
2022-09-15 13:00:00,4309,82846.7,28622.1,3102.58,0.957635,0.742588,0.245779,17532
2022-09-15 14:00:00,4029,57348.3,25369.4,2833.08,1.00038,0.70647,0.229808,17532
2022-09-15 15:00:00,3906,54991.5,24416.2,2705.5,1.01277,0.681933,0.222793,17532
2022-09-15 16:00:00,3829,57084.4,24777.6,2741.67,1.01379,0.679906,0.218401,17532
2022-09-15 17:00:00,3953,65141.7,26469,2826,0.991134,0.698885,0.225473,17532
2022-09-15 18:00:00,3994,61755.5,24345.3,3018.92,0.990544,0.698929,0.227812,17532
2022-09-15 19:00:00,4452,74538.1,29683.9,3675.17,0.97284,0.688127,0.253936,17532
2022-09-15 20:00:00,5081,75158.5,32019.2,4138.5,0.970759,0.690208,0.289813,17532
2022-09-15 21:00:00,5469,76620.8,34011.6,4433.83,0.95752,0.686332,0.311944,17532
2022-09-15 22:00:00,5721,75913.4,35180,4601.58,0.95752,0.686332,0.326318,17532
2022-09-15 23:00:00,5753,78349.4,35494.5,4757.58,0.940383,0.70347,0.328143,17532
2022-09-16 00:00:00,6100,132525,46048.1,5199.25,0.902463,0.758056,0.347935,17532
2022-09-16 01:00:00,6385,140968,49788.1,5319.42,0.899055,0.762596,0.364191,17532
2022-09-16 02:00:00,6338,117461,46166.5,5145.58,0.899055,0.762596,0.36151,17532
2022-09-16 03:00:00,6163,103755,44994.7,5067.92,0.899055,0.762596,0.351529,17532
2022-09-16 04:00:00,6114,105030,44474.9,5063.58,0.899055,0.762596,0.348734,17532
2022-09-16 05:00:00,6150,109796,44534,5077.08,0.899055,0.762596,0.350787,17532
2022-09-16 06:00:00,6106,115162,42603.3,5026.08,0.899055,0.762596,0.348277,17532
2022-09-16 07:00:00,5880,104399,36842.3,4271.58,0.916727,0.758011,0.335387,17532
2022-09-16 08:00:00,4746,80356.3,30159.9,3406.25,0.957936,0.744628,0.270705,17532
2022-09-16 09:00:00,4496.5,60725.4,27270,3106.83,0.971506,0.719764,0.256474,17532
2022-09-16 10:00:00,4158,51338.3,25741.4,2996.42,1.00148,0.704158,0.237166,17532
2022-09-16 11:00:00,4080,48790.1,25452.2,2939,1.0029,0.702407,0.232717,17532
2022-09-16 12:00:00,4074,83691.1,30430.6,3191.17,0.962087,0.742327,0.232375,17532
2022-09-16 13:00:00,4367,80905.8,30209.1,3114.17,0.959546,0.743514,0.249087,17532
2022-09-16 14:00:00,4095,57369.8,27055.7,2915.08,1.00024,0.707093,0.233573,17532
2022-09-16 15:00:00,3946,53753.6,26446.7,2770.92,1.01502,0.680435,0.225074,17532
2022-09-16 16:00:00,3874,56128,25820.2,2754.25,1.01612,0.678219,0.220967,17532
2022-09-16 17:00:00,3877,58006.8,24561.8,2830.58,0.992382,0.697463,0.221138,17532
2022-09-16 18:00:00,4052.5,56975.5,25469.7,2987.5,0.992212,0.697396,0.231149,17532
2022-09-16 19:00:00,4318,66330.8,29055.6,3517.25,0.975409,0.688564,0.246292,17532
2022-09-16 20:00:00,4957,73295.6,31787.6,4043,0.974218,0.688029,0.28274,17532
2022-09-16 21:00:00,5327,72479,32647.1,4358.25,0.961407,0.684259,0.303844,17532
2022-09-16 22:00:00,5615,75798.1,34605.1,4641.25,0.96098,0.684153,0.320271,17532
2022-09-16 23:00:00,5873.5,82645.4,35723.1,4854.25,0.944175,0.700957,0.335016,17532
2022-09-17 00:00:00,6157.5,133690,46116,5319,0.906165,0.756767,0.351215,17532
2022-09-17 01:00:00,6502,141263,49002.3,5417.83,0.902515,0.760417,0.370865,17532
2022-09-17 02:00:00,6518,124098,47523.8,5313.42,0.902515,0.760417,0.371777,17532
2022-09-17 03:00:00,6349,109535,45830.6,5193.08,0.902508,0.760423,0.362138,17532
2022-09-17 04:00:00,6285,108275,44810.8,5175.42,0.902508,0.760423,0.358487,17532
2022-09-17 05:00:00,6314,110552,43121.2,5173.92,0.902508,0.760423,0.360141,17532
2022-09-17 06:00:00,6322,119351,43045.3,5194.17,0.902508,0.760423,0.360598,17532
2022-09-17 07:00:00,6347,118461,40543.7,4868.58,0.920179,0.755838,0.362024,17532
2022-09-17 08:00:00,5920,95539.9,36308.3,4455.92,0.957171,0.741675,0.337668,17532
2022-09-17 09:00:00,5280,66206.3,31710,3857.17,0.974028,0.714703,0.301164,17532
2022-09-17 10:00:00,4901,57530.9,28328.3,3638.92,1.00609,0.700093,0.279546,17532
2022-09-17 11:00:00,4853,54328,26441.8,3384.67,1.00685,0.698494,0.276808,17532
2022-09-17 12:00:00,4663,82792.4,31922,3705.83,0.963591,0.73965,0.265971,17532
2022-09-17 13:00:00,4887,86960.2,33818.7,3727.83,0.961087,0.740416,0.278747,17532
2022-09-17 14:00:00,4823,63811.2,28798.1,3442.42,1.00595,0.700492,0.275097,17532
2022-09-17 15:00:00,4582,61549.5,27908.1,3331.17,1.01721,0.677936,0.261351,17532
2022-09-17 16:00:00,4626,62944.7,27538.2,3278.92,1.0173,0.677751,0.26386,17532
2022-09-17 17:00:00,4471,69840,28694.9,3344.42,0.994945,0.696501,0.255019,17532
2022-09-17 18:00:00,4668.5,67365,27497.7,3434.5,0.993706,0.696837,0.266284,17532
2022-09-17 19:00:00,4652,69072.8,30677.6,3736.5,0.974972,0.68842,0.265343,17532
2022-09-17 20:00:00,5131,69208.7,30797.7,3975.5,0.974212,0.688035,0.292665,17532
2022-09-17 21:00:00,5233,67709.2,31270,4156.83,0.962572,0.684578,0.298483,17532
2022-09-17 22:00:00,5398.5,70896.2,32684.1,4387.58,0.960973,0.684159,0.307923,17532
2022-09-17 23:00:00,5622,72690.3,33558.5,4441.75,0.944417,0.700715,0.320671,17532
2022-09-18 00:00:00,5887,125658,44749.1,5013.33,0.908386,0.753552,0.335786,17532
2022-09-18 01:00:00,6225,132727,46960.2,5092.33,0.902508,0.760423,0.355065,17532
2022-09-18 02:00:00,5916,101517,41110.9,4648.17,0.898959,0.764739,0.33744,17532
2022-09-18 03:00:00,6149,105328,42225.5,4913,0.898019,0.764913,0.35073,17532
2022-09-18 04:00:00,6007,106663,41048.2,4919.67,0.898019,0.764913,0.342631,17532
2022-09-18 05:00:00,6074,104978,40349.8,4896.92,0.898019,0.764913,0.346452,17532
2022-09-18 06:00:00,6216,114257,40421.1,4919.33,0.898019,0.764913,0.354552,17532
2022-09-18 07:00:00,6053,127496,41312,4879.25,0.913416,0.761515,0.345254,17532
2022-09-18 08:00:00,5788,91995.3,35828.4,4417.25,0.954873,0.74599,0.330139,17532
2022-09-18 09:00:00,5286,64463.4,31198.2,3961.08,0.970185,0.719049,0.301506,17532
2022-09-18 10:00:00,4910,53553.3,27512.4,3643.92,1.00166,0.704404,0.280059,17532
2022-09-18 11:00:00,4761,50353.1,26721.2,3542.33,1.00286,0.70207,0.271561,17532
2022-09-18 12:00:00,4840,73869.8,32309.2,3749.5,0.960837,0.743717,0.276067,17532
2022-09-18 13:00:00,5003,73514.8,31483.2,3783.25,0.957226,0.74479,0.285364,17532
2022-09-18 14:00:00,4911,57741.2,28460,3599.33,1.00041,0.706122,0.280116,17532
2022-09-18 15:00:00,4802,53895,27645.4,3488.42,1.01375,0.681183,0.273899,17532
2022-09-18 16:00:00,4606,55106.9,27357.1,3435.58,1.01382,0.681056,0.26272,17532
2022-09-18 17:00:00,4769.5,64289.9,29526.6,3500.58,0.990135,0.701131,0.272045,17532
2022-09-18 18:00:00,4699,59685.8,27657.3,3535.25,0.990135,0.701131,0.268024,17532
2022-09-18 19:00:00,4869,71595.5,30554.8,3794.67,0.97103,0.692793,0.277721,17532
2022-09-18 20:00:00,5050,73984.2,31505.1,3996.58,0.970863,0.691384,0.288045,17532
2022-09-18 21:00:00,5360,72588.9,32291.5,4166,0.957585,0.687557,0.305727,17532
2022-09-18 22:00:00,5461,76024.4,33023.8,4353.83,0.957112,0.687392,0.311488,17532
2022-09-18 23:00:00,5758,82425.9,33955.5,4494.17,0.940138,0.704365,0.328428,17532
2022-09-19 00:00:00,5764,128379,43753.6,4883.17,0.90142,0.75956,0.32877,17532
2022-09-19 01:00:00,6054,123977,44330.5,4884.33,0.898019,0.764913,0.345311,17532
2022-09-19 02:00:00,6023,107552,42977.7,4775.92,0.898019,0.764913,0.343543,17532
2022-09-19 03:00:00,5855,99242,39628,4715.83,0.898019,0.764913,0.333961,17532
2022-09-19 04:00:00,5956,97713.9,38793.1,4698.42,0.898019,0.764913,0.339722,17532
2022-09-19 05:00:00,5840,101187,37776,4694.25,0.898019,0.764913,0.333105,17532
2022-09-19 06:00:00,5855,111150,38527.3,4654.25,0.898019,0.764913,0.333961,17532
2022-09-19 07:00:00,5458,109227,34226.9,3916.92,0.914708,0.760526,0.311316,17532
2022-09-19 08:00:00,4461,78160.1,27403.2,3112.92,0.951931,0.746794,0.254449,17532
2022-09-19 09:00:00,4139,61740.8,26893.3,3038.17,0.968712,0.721989,0.236083,17532
2022-09-19 10:00:00,4309,51122.7,24127.4,2946.25,0.999788,0.706802,0.245779,17532
2022-09-19 11:00:00,4128,44872.4,21147.8,2798.25,1.00204,0.702221,0.235455,17532
2022-09-19 12:00:00,4193,84681.5,29137.4,3186.08,0.960673,0.744133,0.239163,17532
2022-09-19 13:00:00,4411,84064.8,29239,3158.92,0.957226,0.74479,0.251597,17532
2022-09-19 14:00:00,4165,57486,25411.4,2890.92,1.00222,0.703571,0.237566,17532
2022-09-19 15:00:00,4007,49477.4,22635.8,2731.25,1.01358,0.681776,0.228554,17532
2022-09-19 16:00:00,3982,53178.6,22907.9,2746.25,1.01395,0.68102,0.227128,17532
2022-09-19 17:00:00,3968,61094.7,25341.1,2836.25,0.989705,0.701289,0.226329,17532
2022-09-19 18:00:00,4196,57654.8,24514.5,3025.08,0.989535,0.701222,0.239334,17532
2022-09-19 19:00:00,4677,71781.5,30770.2,3698.25,0.976133,0.690529,0.266769,17532
2022-09-19 20:00:00,5259,76963.8,32001.8,4162.17,0.970863,0.691384,0.299966,17532
2022-09-19 21:00:00,5551,77173,33649.6,4426.08,0.957795,0.687569,0.316621,17532
2022-09-19 22:00:00,5679.5,75697.2,34956.6,4615.42,0.957112,0.687392,0.32395,17532
2022-09-19 23:00:00,5912,81641,35578.4,4777,0.940425,0.704079,0.337212,17532
2022-09-20 00:00:00,9185.5,121788,41526.9,4746,0.939346,0.705158,0.523928,17532
2022-09-20 01:00:00,6344,118384,43786.9,4922.67,0.898019,0.764913,0.361853,17532
2022-09-20 02:00:00,6292,109593,44613,5060.33,0.898019,0.764913,0.358887,17532
2022-09-20 03:00:00,6150,100850,43233.1,4993.33,0.898019,0.764913,0.350787,17532
2022-09-20 04:00:00,6193,97497.6,41099.5,4957.75,0.898019,0.764913,0.35324,17532
2022-09-20 05:00:00,6186,105617,40341.8,5002.42,0.898019,0.764913,0.352841,17532
2022-09-20 06:00:00,6205,120060,41786.9,5007.83,0.898019,0.764913,0.353924,17532
2022-09-20 07:00:00,5934,118328,36931.8,4263.08,0.915763,0.76035,0.338467,17532
2022-09-20 08:00:00,4710,78967.4,28157.2,3237.58,0.956815,0.744983,0.268652,17532
2022-09-20 09:00:00,4332,61702,27288,3045.33,0.970359,0.718703,0.247091,17532
2022-09-20 10:00:00,4119,53107.6,24363.8,2922.29,0.999656,0.704885,0.234942,17532
2022-09-20 11:00:00,4051.5,49880.3,23858.6,2871.62,1.00156,0.702141,0.231092,17532
2022-09-20 12:00:00,4190,91191.3,30851.6,3149.25,0.958197,0.743495,0.238992,17532
2022-09-20 13:00:00,4550.5,82848.6,29827.9,3100.67,0.957226,0.74479,0.259554,17532
2022-09-20 14:00:00,4070,55532.4,25102.7,2809.5,1.00163,0.704589,0.232147,17532
2022-09-20 15:00:00,3855.5,48710,23776.5,2672.33,1.01574,0.679707,0.219912,17532
2022-09-20 16:00:00,3800,50307.6,23715.2,2642.92,1.01621,0.678764,0.216747,17532
2022-09-20 17:00:00,3832,61564.4,25644,2766,0.993064,0.699038,0.218572,17532
2022-09-20 18:00:00,4095,57811,24246.6,3013.92,0.992453,0.698813,0.233573,17532
2022-09-20 19:00:00,4499,65294,28606.8,3520.92,0.974234,0.689327,0.256616,17532
2022-09-20 20:00:00,5173,73384.5,32577,4110.33,0.973181,0.689066,0.29506,17532
2022-09-20 21:00:00,5486,79467.2,34052.8,4418.08,0.95943,0.685074,0.312914,17532
2022-09-20 22:00:00,5730,73946.5,34544.9,4630.5,0.95943,0.685074,0.326831,17532
2022-09-20 23:00:00,5968,80530.2,35552.4,4815.5,0.943158,0.701346,0.340406,17532
2022-09-21 00:00:00,6136,134330,46630.6,5210.83,0.902765,0.75727,0.349989,17532
2022-09-21 01:00:00,6436,135583,48025,5263.67,0.900337,0.762595,0.3671,17532
2022-09-21 02:00:00,6314,117488,45752,5139.08,0.900337,0.762595,0.360141,17532
2022-09-21 03:00:00,6240,108199,45348.6,5074.25,0.900519,0.762649,0.355921,17532
2022-09-21 04:00:00,6248,107049,42504.3,5043.83,0.900519,0.762649,0.356377,17532
2022-09-21 05:00:00,6211,109305,41885.5,5038.75,0.900519,0.762649,0.354266,17532
2022-09-21 06:00:00,6201,118218,42215.8,5016.58,0.900519,0.762649,0.353696,17532
2022-09-21 07:00:00,5879,119361,36607.4,4264.75,0.917145,0.758389,0.33533,17532
2022-09-21 08:00:00,4596,78955.2,26766.1,3189.08,0.954999,0.744223,0.262149,17532
2022-09-21 09:00:00,4179,58831,26148.7,2917.67,0.972695,0.716758,0.238364,17532
2022-09-21 10:00:00,4054,52665.9,23159.5,2888.5,1.0045,0.7014,0.231234,17532
2022-09-21 11:00:00,4059,50748.6,22943.2,2867.58,1.00525,0.69981,0.23152,17532
2022-09-21 12:00:00,4279,89939.7,29531.8,3095.42,0.963886,0.741032,0.244068,17532
2022-09-21 13:00:00,4302,81260.9,28485.1,2960.58,0.959726,0.742526,0.24538,17532
2022-09-21 14:00:00,3966,57952.6,24910.4,2784.42,1.00294,0.703143,0.226215,17532
2022-09-21 15:00:00,3862,55123.4,24282,2710.67,1.01616,0.679389,0.220283,17532
2022-09-21 16:00:00,3834,58590.7,24308.3,2706.17,1.01643,0.678854,0.218686,17532
2022-09-21 17:00:00,3892,59394,25157.4,2792.67,0.992368,0.70042,0.221994,17532
2022-09-21 18:00:00,3977,54801.4,20260.5,2506,0.992368,0.698967,0.226842,17532
2022-09-21 19:00:00,4311,64758,27137.3,3244.25,0.97633,0.68688,0.245893,17532
2022-09-21 20:00:00,5113,71897.7,31523.5,4004.58,0.973363,0.68912,0.291638,17532
2022-09-21 21:00:00,5293,63573.2,28060.3,3605.42,0.960048,0.685225,0.301905,17532
2022-09-21 22:00:00,5652,78393.6,34552.3,4567.33,0.959612,0.685128,0.322382,17532
2022-09-21 23:00:00,5800,78657,35481.3,4752.25,0.942646,0.702094,0.330824,17532
2022-09-22 00:00:00,6028,128164,46286.8,5171.67,0.90353,0.758138,0.343828,17532
2022-09-22 01:00:00,6330,119357,43453.4,4773.83,0.900519,0.762649,0.361054,17532
2022-09-22 02:00:00,6245,111699,45207,5093.17,0.900519,0.762649,0.356206,17532
2022-09-22 03:00:00,6228,100343,44516.8,5018,0.900537,0.762659,0.355236,17532
2022-09-22 04:00:00,6148,97905.8,42944.2,4982.83,0.900537,0.762659,0.350673,17532
2022-09-22 05:00:00,6115,104645,42508.7,5025.67,0.900537,0.762659,0.348791,17532
2022-09-22 06:00:00,6156,118084,42023.6,5008.25,0.900537,0.762659,0.351129,17532
2022-09-22 07:00:00,5841,116719,36407,4241.33,0.916472,0.759158,0.333162,17532
2022-09-22 08:00:00,4652,78479.9,26965,3210.5,0.955058,0.745043,0.265343,17532
2022-09-22 09:00:00,4197.5,60872.9,26777.6,2978.25,0.97307,0.716034,0.239419,17532
2022-09-22 10:00:00,4052,53600.2,23341.3,2910.83,1.00103,0.702822,0.23112,17532
2022-09-22 11:00:00,4048.5,51211.1,22746.3,2824.92,1.00226,0.700278,0.230921,17532
2022-09-22 12:00:00,4032.5,80533.5,29073,3083.83,0.961276,0.742049,0.230008,17532
2022-09-22 13:00:00,4422,82609.9,27929.2,3064.33,0.959753,0.742499,0.252225,17532
2022-09-22 14:00:00,4044,58790.7,23852.9,2819.08,1.00413,0.701781,0.230664,17532
2022-09-22 15:00:00,3882,51303.9,22358,2646.08,1.01451,0.681219,0.221424,17532
2022-09-22 16:00:00,3855,54030.3,22774,2690.67,1.01561,0.679013,0.219884,17532
2022-09-22 17:00:00,3907,62780.9,24110,2771.42,0.992335,0.700459,0.22285,17532
2022-09-22 18:00:00,3995,66676.8,24650,3012.67,0.991699,0.699086,0.227869,17532
2022-09-22 19:00:00,4324,69303.3,28838.5,3575.33,0.977004,0.687992,0.246635,17532
2022-09-22 20:00:00,5026,73969.2,32357.9,4106.58,0.97339,0.68912,0.286676,17532
2022-09-22 21:00:00,5538,75668.3,34428.2,4414.33,0.961239,0.686425,0.31588,17532
2022-09-22 22:00:00,5719.5,80964.5,35908.6,4666.58,0.959639,0.685128,0.326232,17532
2022-09-22 23:00:00,5933,81256.7,36899.5,4849.92,0.941987,0.70278,0.33841,17532
2022-09-23 00:00:00,6175,124788,46123.7,5228.92,0.902974,0.757324,0.352213,17532
2022-09-23 01:00:00,6404,124311,47127.9,5204,0.900537,0.762659,0.365275,17532
2022-09-23 02:00:00,6542,109001,45724,5115,0.900537,0.762659,0.373146,17532
2022-09-23 03:00:00,6341,98399.6,44196.4,5077.83,0.900537,0.762659,0.361681,17532
2022-09-23 04:00:00,6176,100199,42369.8,5090.42,0.900537,0.762659,0.35227,17532
2022-09-23 05:00:00,6245,105167,40759.1,5102.92,0.900537,0.762659,0.356206,17532
2022-09-23 06:00:00,6297,116026,41731.4,5075,0.900537,0.762659,0.359172,17532
2022-09-23 07:00:00,6008,115091,36532.7,4303.33,0.917894,0.758146,0.342688,17532
2022-09-23 08:00:00,4673,78097,29011,3306.83,0.954673,0.745393,0.266541,17532
2022-09-23 09:00:00,4503,58268.7,26772.7,3072,0.972493,0.717184,0.256845,17532
2022-09-23 10:00:00,4122,49248.5,24453.6,2951.75,1.0037,0.701617,0.235113,17532
2022-09-23 11:00:00,4093,43334.7,20986.2,2833.92,1.00479,0.699918,0.233459,17532
2022-09-23 12:00:00,4087,81822,29306.1,3143.42,0.960957,0.742007,0.233117,17532
2022-09-23 13:00:00,4385,83236.4,29827.8,3152.33,0.959753,0.742499,0.250114,17532
2022-09-23 14:00:00,4119,58876.7,25222.9,2906.83,0.999789,0.7046,0.234942,17532
2022-09-23 15:00:00,3996,52641.9,24302.8,2783.33,1.0133,0.682667,0.227926,17532
2022-09-23 16:00:00,3922.5,53255.8,23604.1,2711.5,1.01493,0.679421,0.223734,17532
2022-09-23 17:00:00,3898,56722.6,24478.1,2769.33,0.991383,0.700946,0.222336,17532
2022-09-23 18:00:00,4067,57861,22956.1,2905,0.990687,0.699572,0.231976,17532
2022-09-23 19:00:00,4177,64065.1,27306.9,3391.92,0.972658,0.694209,0.23825,17532
2022-09-23 20:00:00,4940,67579.2,30241.5,3907.08,0.97339,0.68912,0.28177,17532
2022-09-23 21:00:00,5202,75442.7,32644.1,4251.17,0.960325,0.685348,0.296715,17532
2022-09-23 22:00:00,5522,77303.5,34471.9,4545,0.959639,0.685128,0.314967,17532
2022-09-23 23:00:00,5839,77536.7,35620,4778.17,0.941987,0.70278,0.333048,17532
2022-09-24 00:00:00,6080,126958,46783.6,5275.75,0.906534,0.754617,0.346794,17532
2022-09-24 01:00:00,6494,131796,48408.5,5353.33,0.900537,0.762659,0.370408,17532
2022-09-24 02:00:00,6412,119046,46928.3,5294.58,0.900537,0.762659,0.365731,17532
2022-09-24 03:00:00,6382,110387,45287.4,5233.33,0.900537,0.762659,0.36402,17532
2022-09-24 04:00:00,6349,112881,46513,5259.83,0.900537,0.762659,0.362138,17532
2022-09-24 05:00:00,6359,114630,45461.4,5249.92,0.900537,0.762659,0.362708,17532
2022-09-24 06:00:00,6420,116807,43620.2,5204.58,0.900537,0.762659,0.366188,17532
2022-09-24 07:00:00,6368,127619,42945,5047,0.917772,0.758192,0.363222,17532
2022-09-24 08:00:00,5831,93592.3,35523.2,4397.25,0.957782,0.743224,0.332592,17532
2022-09-24 09:00:00,5187,73869.1,32406.9,3841.83,0.971435,0.719314,0.295859,17532
2022-09-24 10:00:00,4773,57442.1,27420,3538.42,1.00349,0.701839,0.272245,17532
2022-09-24 11:00:00,4583,56862.5,26426.2,3402.5,1.00482,0.699826,0.261408,17532
2022-09-24 12:00:00,4525,82657.1,30898.8,3564.25,0.961422,0.73931,0.258099,17532
2022-09-24 13:00:00,4727,81472.3,30742.3,3520.83,0.959753,0.742499,0.269621,17532
2022-09-24 14:00:00,4534,57697.8,26356.2,3070.08,1.00052,0.703482,0.258613,17532
2022-09-24 15:00:00,4426,52479.8,23691.7,2955.25,1.01431,0.680477,0.252453,17532
2022-09-24 16:00:00,4343.5,56083,25253,3175.5,1.01494,0.679218,0.247747,17532
2022-09-24 17:00:00,4343,70223.5,27828.6,3264.08,0.991217,0.699258,0.247718,17532
2022-09-24 18:00:00,4454,63133.4,26619.1,3356.83,0.991217,0.699258,0.25405,17532
2022-09-24 19:00:00,4681,61447.1,27591.5,3538.17,0.975044,0.68812,0.266997,17532
2022-09-24 20:00:00,4981,68547.4,29930.8,3889.33,0.97339,0.68912,0.284109,17532
2022-09-24 21:00:00,5074,69045.4,31064,4109.17,0.959639,0.685128,0.289414,17532
2022-09-24 22:00:00,8890.5,63429.6,30448.4,3988.58,0.959639,0.685128,0.507101,17532
2022-09-24 23:00:00,5595,75549.1,35264.9,4598.67,0.942271,0.702496,0.319131,17532
2022-09-25 00:00:00,5898,119394,43794.7,4994.83,0.901646,0.761386,0.336413,17532
2022-09-25 01:00:00,6152,120953,45039.9,5073.33,0.900537,0.762659,0.350901,17532
2022-09-25 02:00:00,6126,106341,44281.8,4993.25,0.900537,0.762659,0.349418,17532
2022-09-25 03:00:00,6172,101588,42765.2,4939.75,0.900537,0.762659,0.352042,17532
2022-09-25 04:00:00,6175,102087,41320.8,4921.25,0.900537,0.762659,0.352213,17532
2022-09-25 05:00:00,6002,98494.9,39150.8,4830.58,0.900537,0.762659,0.342345,17532
2022-09-25 06:00:00,6097,113714,41221.4,4949.08,0.900537,0.762659,0.347764,17532
2022-09-25 07:00:00,6048,119835,39240,4853.67,0.91787,0.758182,0.344969,17532
2022-09-25 08:00:00,5794,90133.2,34876.8,4387.5,0.95789,0.743101,0.330481,17532
2022-09-25 09:00:00,5215,63543.9,29614.5,3924.75,0.972713,0.716752,0.297456,17532
2022-09-25 10:00:00,4831,53508.4,26539.4,3605.67,1.00508,0.701186,0.275553,17532
2022-09-25 11:00:00,4642,53870.2,25798.2,3493.67,1.00584,0.699587,0.264773,17532
2022-09-25 12:00:00,4619,70245.8,29907.9,3627.67,0.962371,0.739041,0.263461,17532
2022-09-25 13:00:00,4773,72229.7,30480,3624.42,0.959753,0.742499,0.272245,17532
2022-09-25 14:00:00,4632,54024.8,26592.3,3424.33,1.00007,0.705243,0.264203,17532
2022-09-25 15:00:00,4686,53325,25758.7,3347.33,1.01483,0.679536,0.267283,17532
2022-09-25 16:00:00,4579,54560.2,25550,3315.08,1.0149,0.6794,0.26118,17532
2022-09-25 17:00:00,4496,65319.2,28713.1,3421,0.991457,0.699549,0.256445,17532
2022-09-25 18:00:00,4617,63446.9,28836.6,3593.08,0.991181,0.69944,0.263347,17532
2022-09-25 19:00:00,5068,70122.1,31833.8,3934,0.980428,0.685848,0.289071,17532
2022-09-25 20:00:00,5242,74110.9,32402.3,4147.25,0.97339,0.68912,0.298996,17532
2022-09-25 21:00:00,5398,75020.1,33456.3,4337.5,0.960135,0.685324,0.307894,17532
2022-09-25 22:00:00,5491,73805.2,34156,4480,0.959639,0.685128,0.313199,17532
2022-09-25 23:00:00,5656,79308.5,35208.2,4642.42,0.942411,0.702356,0.32261,17532
2022-09-26 00:00:00,5864,115531,44235.3,4986,0.905145,0.755389,0.334474,17532
2022-09-26 01:00:00,6157,120447,45938.4,5070.58,0.900537,0.762659,0.351186,17532
2022-09-26 02:00:00,6087,106038,44747.7,4979.67,0.900537,0.762659,0.347194,17532
2022-09-26 03:00:00,6081,100567,43281.3,4941.17,0.900537,0.762659,0.346851,17532
2022-09-26 04:00:00,6029,95968.7,40500.9,4891,0.900537,0.762659,0.343885,17532
2022-09-26 05:00:00,6009,101229,40115,4904.92,0.900537,0.762659,0.342745,17532
2022-09-26 06:00:00,6055,109435,40549.6,4838.58,0.900537,0.762659,0.345368,17532
2022-09-26 07:00:00,5678,105599,35453.4,4080.58,0.918137,0.758103,0.323865,17532
2022-09-26 08:00:00,4551,72606.6,27043.5,3197.08,0.955686,0.744921,0.259582,17532
2022-09-26 09:00:00,4232,60087.8,27565.2,3172.58,0.972895,0.716388,0.241387,17532
2022-09-26 10:00:00,4328,53693.2,26096.2,3170.25,1.00444,0.701559,0.246863,17532
2022-09-26 11:00:00,4348,51513.5,25762.9,3123.5,1.0052,0.699803,0.248004,17532
2022-09-26 12:00:00,4270,82217.8,30437.6,3327.17,0.961388,0.741862,0.243555,17532
2022-09-26 13:00:00,4591,82530.2,31242.5,3315.58,0.959753,0.742499,0.261864,17532
2022-09-26 14:00:00,4257,56387.6,27145.9,3027.42,1.00425,0.702175,0.242813,17532
2022-09-26 15:00:00,4133,52539.3,26376.4,2921.92,1.01526,0.680587,0.23574,17532
2022-09-26 16:00:00,4146.5,53717.7,26136.4,2900.33,1.01611,0.678883,0.23651,17532
2022-09-26 17:00:00,4055,64952.6,27790.5,3031.67,0.992035,0.698986,0.231291,17532
2022-09-26 18:00:00,4263,66598.8,26850.6,3260.17,0.992035,0.698986,0.243155,17532
2022-09-26 19:00:00,4703,78423.1,31033.9,3858.17,0.973076,0.690409,0.268252,17532
2022-09-26 20:00:00,5263.5,81929.7,33615.7,4316,0.97339,0.68912,0.300222,17532
2022-09-26 21:00:00,5572,79786.1,35304.1,4573.92,0.960316,0.685428,0.317819,17532
2022-09-26 22:00:00,5757,79575.1,36984.1,4743.17,0.959639,0.685128,0.328371,17532
2022-09-26 23:00:00,6006.5,81765.4,37912.3,4867.33,0.943247,0.70152,0.342602,17532
2022-09-27 00:00:00,6061,126854,46463.6,5280,0.902725,0.759671,0.345711,17532
2022-09-27 01:00:00,6454,130404,48436.4,5351.5,0.900537,0.762659,0.368127,17532
2022-09-27 02:00:00,6416.5,117801,46197.1,5259.5,0.900167,0.763028,0.365988,17532
2022-09-27 03:00:00,6307,107425,44272.4,5162.17,0.900074,0.763028,0.359742,17532
2022-09-27 04:00:00,6282,103766,41642.6,5129.08,0.900074,0.763028,0.358316,17532
2022-09-27 05:00:00,6323,108891,41624.4,5155.67,0.900074,0.763028,0.360655,17532
2022-09-27 06:00:00,6281,119320,42330.8,5130.08,0.900074,0.763028,0.358259,17532
2022-09-27 07:00:00,5907,104708,35694.7,4223.58,0.917898,0.758433,0.336927,17532
2022-09-27 08:00:00,4767,79279.8,29404,3356,0.952661,0.746768,0.271903,17532
2022-09-27 09:00:00,4297,59279.8,27643.2,3053.75,0.971768,0.718457,0.245095,17532
2022-09-27 10:00:00,4224,49992.8,25176.5,2960.17,1.00327,0.701629,0.240931,17532
2022-09-27 11:00:00,4091,47281.9,24490.7,2856.25,1.00411,0.700005,0.233345,17532
2022-09-27 12:00:00,3948,80379.5,29672.6,3086.92,0.963378,0.741015,0.225188,17532
2022-09-27 13:00:00,4293,80986.9,28810.2,3035.92,0.959488,0.742843,0.244867,17532
2022-09-27 14:00:00,3958,53704.7,24107,2760,0.999673,0.70684,0.225759,17532
2022-09-27 15:00:00,3862.5,52953.2,23696.1,2704.17,1.01535,0.679626,0.220311,17532
2022-09-27 16:00:00,3847,53567.3,23629.8,2673.08,1.01568,0.678971,0.219427,17532
2022-09-27 17:00:00,3803,61971,25497.2,2773.33,0.992167,0.699291,0.216918,17532
2022-09-27 18:00:00,4004,65106.4,24451.4,3004.42,0.992167,0.699291,0.228382,17532
2022-09-27 19:00:00,4325,69069.2,29202,3565.67,0.975275,0.69321,0.246692,17532
2022-09-27 20:00:00,4886,71418.3,30919.7,4013.67,0.973297,0.68912,0.27869,17532
2022-09-27 21:00:00,5379.5,77448.9,33666.1,4380.58,0.960061,0.685261,0.306839,17532
2022-09-27 22:00:00,5638,75766.5,34549.8,4606,0.959374,0.685104,0.321583,17532
2022-09-27 23:00:00,5735,74229,35054.9,4727.08,0.942173,0.702305,0.327116,17532
2022-09-28 00:00:00,6228,126972,44709.3,5163.92,0.904103,0.758722,0.355236,17532
2022-09-28 01:00:00,6321,128623,46829.3,5222.17,0.900074,0.763028,0.360541,17532
2022-09-28 02:00:00,6360,110824,44337.8,5121.92,0.900528,0.763028,0.362765,17532
2022-09-28 03:00:00,6178,104508,43960,5069.67,0.900528,0.763028,0.352384,17532
2022-09-28 04:00:00,6151,100877,42810.5,5039.83,0.900528,0.763028,0.350844,17532
2022-09-28 05:00:00,6091,107041,41806.5,5065.17,0.900528,0.763028,0.347422,17532
2022-09-28 06:00:00,6114,118100,42029.9,5026.08,0.900528,0.763028,0.348734,17532
2022-09-28 07:00:00,5812,115326,36970.3,4243.33,0.917702,0.75855,0.331508,17532
2022-09-28 08:00:00,4690,78506.2,29059.8,3304.83,0.959189,0.743191,0.267511,17532
2022-09-28 09:00:00,4231,56272.6,26129,3013.42,0.97366,0.715578,0.24133,17532
2022-09-28 10:00:00,4046,48052.8,23138.7,2937.83,1.00485,0.701282,0.230778,17532
2022-09-28 11:00:00,4005,44511.4,22712.4,2867,1.00521,0.700554,0.228439,17532
2022-09-28 12:00:00,4088,78353.7,29515.3,3110.33,0.962351,0.739509,0.233174,17532
2022-09-28 13:00:00,4253,83204.2,29476.7,3123.25,0.959943,0.742843,0.242585,17532
2022-09-28 14:00:00,4007,60440,26115.6,2891.33,1.00495,0.70337,0.228554,17532
2022-09-28 15:00:00,3939,58309.8,25341,2776.42,1.01731,0.678845,0.224675,17532
2022-09-28 16:00:00,3828,59959.6,25252.2,2743.67,1.01738,0.678701,0.218344,17532
2022-09-28 17:00:00,3889,61611,25242.6,2796.75,0.993334,0.700675,0.221823,17532
2022-09-28 18:00:00,3988,64560.8,24515.8,3036.58,0.992825,0.699239,0.22747,17532
2022-09-28 19:00:00,4354,63521.8,28840.2,3536.25,0.976678,0.69089,0.248346,17532
2022-09-28 20:00:00,4935,72680.1,31817,4117.08,0.973751,0.68912,0.281485,17532
2022-09-28 21:00:00,5517,74004.5,32882.9,4342.42,0.960384,0.685246,0.314682,17532
2022-09-28 22:00:00,5709.5,79963.6,34590.8,4645.17,0.959829,0.685104,0.325662,17532
2022-09-28 23:00:00,6023.5,82037.6,35739.3,4831.08,0.944761,0.700172,0.343572,17532
2022-09-29 00:00:00,6259.5,124874,45975.4,5246.08,0.901846,0.76171,0.357033,17532
2022-09-29 01:00:00,6394.5,130285,47358.1,5219,0.900528,0.763028,0.364733,17532
2022-09-29 02:00:00,6373.5,118991,47167.3,5248.5,0.900528,0.763028,0.363535,17532
2022-09-29 03:00:00,6292.5,109328,46041.9,5173.33,0.900528,0.763028,0.358915,17532
2022-09-29 04:00:00,6211.5,104636,43127,5115.5,0.900528,0.763028,0.354295,17532
2022-09-29 05:00:00,6161.5,107803,41643.9,5114,0.900528,0.763028,0.351443,17532
2022-09-29 06:00:00,6250.5,119124,42006.9,5081.33,0.900528,0.763028,0.35652,17532
2022-09-29 07:00:00,5951.5,116362,37047.9,4320.08,0.916328,0.759537,0.339465,17532
2022-09-29 08:00:00,4754,79140.5,30189.8,3362.58,0.956576,0.745109,0.271161,17532
2022-09-29 09:00:00,4339,57060,28001,3062.75,0.972891,0.717117,0.24749,17532
2022-09-29 10:00:00,4063,48529.3,23562.2,2945.5,1.00616,0.701017,0.231748,17532
2022-09-29 11:00:00,4062,47233.3,23393,2906.92,1.00692,0.699418,0.231691,17532
2022-09-29 12:00:00,4215,77448.2,27924.2,3090.75,0.963539,0.739257,0.240418,17532
2022-09-29 13:00:00,4341,87592.2,29737.7,3179.33,0.959943,0.742843,0.247604,17532
2022-09-29 14:00:00,4179,59168.5,25524.9,2906.58,1.00134,0.705365,0.238364,17532
2022-09-29 15:00:00,4011,54185,24812.6,2818.08,1.01472,0.67978,0.228782,17532
2022-09-29 16:00:00,4007,55249.6,24624.9,2811.58,1.01492,0.679392,0.228554,17532
2022-09-29 17:00:00,4013,66123.4,26750,2921.92,0.991499,0.700089,0.228896,17532
2022-09-29 18:00:00,4244,62405.5,24878.2,3090.08,0.991499,0.699656,0.242072,17532
2022-09-29 19:00:00,4397,69177.8,29837.6,3642,0.976878,0.687873,0.250799,17532
2022-09-29 20:00:00,5159,73704.9,32032.6,4151.75,0.973751,0.68912,0.294262,17532
2022-09-29 21:00:00,5509,78854.2,34106.7,4507.92,0.96029,0.685224,0.314225,17532
2022-09-29 22:00:00,5884,83012.7,36397,4787.33,0.959829,0.685104,0.335615,17532
2022-09-29 23:00:00,5933,85424.8,37279.9,4956.33,0.942436,0.702497,0.33841,17532
2022-09-30 00:00:00,6270.5,130468,47554.3,5357,0.902815,0.759879,0.35766,17532
2022-09-30 01:00:00,6486,130626,48897.1,5414.08,0.900528,0.763028,0.369952,17532
2022-09-30 02:00:00,6463,120418,48186.8,5342.58,0.900297,0.76326,0.36864,17532
2022-09-30 03:00:00,6404,109658,46820.4,5248.58,0.900297,0.76326,0.365275,17532
2022-09-30 04:00:00,6346,106999,45984.2,5231.83,0.900297,0.76326,0.361967,17532
2022-09-30 05:00:00,6306,105650,43515.1,5189.17,0.900297,0.76326,0.359685,17532
2022-09-30 06:00:00,6276,115535,40965.3,5130.5,0.900297,0.76326,0.357974,17532
2022-09-30 07:00:00,6159,117330,37306.4,4460.75,0.918808,0.758534,0.3513,17532
2022-09-30 08:00:00,4883,84270.5,31243.1,3586,0.95491,0.744833,0.278519,17532
2022-09-30 09:00:00,4583,60387.4,27676.7,3150.33,0.973324,0.716259,0.261408,17532
2022-09-30 10:00:00,4318,53497.7,25828.9,3183.58,1.00493,0.701341,0.246292,17532
2022-09-30 11:00:00,4270,51153.5,25205.5,3091.17,1.00536,0.700397,0.243555,17532
2022-09-30 12:00:00,4130,73263.8,28725.8,3200.42,0.961229,0.742701,0.235569,17532
2022-09-30 13:00:00,4293,79165.5,30536.2,3218.92,0.959839,0.743051,0.244867,17532
2022-09-30 14:00:00,4192,64402.7,27847,3035.25,1.00507,0.702363,0.239106,17532
2022-09-30 15:00:00,4068,63139.6,27316.7,2948.08,1.01625,0.679784,0.232033,17532
2022-09-30 16:00:00,4036.5,62917.5,26539.1,2846.67,1.01672,0.678855,0.230236,17532
2022-09-30 17:00:00,3920,62896.4,24376.6,2814.67,0.993993,0.699947,0.223591,17532
2022-09-30 18:00:00,3929,62564.9,23285.1,2896.67,0.992721,0.699447,0.224104,17532
2022-09-30 19:00:00,4064,59280.5,25780.5,3330.08,0.975747,0.687847,0.231805,17532
2022-09-30 20:00:00,4861,64362.2,28526,3787.08,0.973751,0.68912,0.277264,17532
2022-09-30 21:00:00,5004,63718,30543.7,4026.33,0.96022,0.685276,0.285421,17532
2022-09-30 22:00:00,5184,64425.2,32371.6,4278.58,0.959725,0.685081,0.295688,17532
2022-09-30 23:00:00,5575,68935.5,33261.7,4506.33,0.941747,0.703058,0.31799,17532
2022-10-01 00:00:00,5265,115448,41656,4941.5,0.942137,0.70363,0.300308,17532
2022-10-01 01:00:00,6236,128484,46116.2,5114.5,0.900297,0.76326,0.355692,17532
2022-10-01 02:00:00,6182,119398,44546.9,5066.75,0.899881,0.763639,0.352612,17532
2022-10-01 03:00:00,6138,111981,43383.1,5014.08,0.899869,0.763672,0.350103,17532
2022-10-01 04:00:00,6102,104966,41118.5,4957.5,0.899626,0.763095,0.348049,17532
2022-10-01 05:00:00,6020,100674,40251.5,4920.42,0.899626,0.763095,0.343372,17532
2022-10-01 06:00:00,6077,106876,40879.9,4938.83,0.899626,0.763095,0.346623,17532
2022-10-01 07:00:00,6090,112398,39863.7,4846.5,0.91846,0.758308,0.347365,17532
2022-10-01 08:00:00,5970,90689.6,36847.1,4711.67,0.953768,0.746017,0.34052,17532
2022-10-01 09:00:00,5690,71436.6,33667.9,4516.08,0.972524,0.716627,0.324549,17532
2022-10-01 10:00:00,5738,64929.8,32270.2,4382.67,1.00214,0.691703,0.327287,17532
2022-10-01 11:00:00,5629,63622.5,32075.1,4341.25,1.00361,0.677434,0.32107,17532
2022-10-01 12:00:00,5436,76221.3,35219,4395.08,0.961176,0.740135,0.310062,17532
2022-10-01 13:00:00,5637,81421.2,35590.6,4411,0.95889,0.743724,0.321526,17532
2022-10-01 14:00:00,5647,66300.1,32435.7,4281.92,1.00155,0.693161,0.322097,17532
2022-10-01 15:00:00,5549,62316.8,31187,4231.58,1.00542,0.686009,0.316507,17532
2022-10-01 16:00:00,5565,63689.4,31050.6,4208.83,1.00542,0.686009,0.31742,17532
2022-10-01 17:00:00,5439,70767.8,33497.5,4238.17,0.989317,0.701685,0.310233,17532
2022-10-01 18:00:00,5433,66155.9,31291.4,4235.33,0.98915,0.699379,0.30989,17532
2022-10-01 19:00:00,5364,68111,32352.7,4289.5,0.978567,0.687578,0.305955,17532
2022-10-01 20:00:00,5578.5,71889.4,32445.7,4365.08,0.973059,0.688977,0.31819,17532
2022-10-01 21:00:00,5595,70963.7,32622.4,4412.75,0.958882,0.684901,0.319131,17532
2022-10-01 22:00:00,5541,67675.8,32780.5,4448.58,0.958776,0.684874,0.316051,17532
2022-10-01 23:00:00,5601,71582.5,33351.3,4538.75,0.940771,0.702879,0.319473,17532
2022-10-02 00:00:00,5710,107368,40781.6,4829.92,0.903369,0.758221,0.32569,17532
2022-10-02 01:00:00,6072.5,106530,42291.8,4840.33,0.899626,0.763095,0.346367,17532
2022-10-02 02:00:00,5986,93892,40251.5,4766.75,0.899626,0.763095,0.341433,17532
2022-10-02 03:00:00,5862,86982.8,39888,4730.83,0.899626,0.763095,0.33436,17532
2022-10-02 04:00:00,5881,85462.4,39074.2,4708,0.899626,0.763095,0.335444,17532
2022-10-02 05:00:00,5711,85667.8,37415.2,4544.75,0.899626,0.763095,0.325747,17532
2022-10-02 06:00:00,5577,88149.7,35947.2,4383.5,0.899626,0.763095,0.318104,17532
2022-10-02 07:00:00,5502,93125.8,35369.7,4267.67,0.917403,0.758443,0.313826,17532
2022-10-02 08:00:00,5255,69583.9,30238.7,3864.58,0.957339,0.744808,0.299738,17532
2022-10-02 09:00:00,4793,56844.5,27394.4,3481.75,0.971468,0.718742,0.273386,17532
2022-10-02 10:00:00,4442,48110.7,23535.8,3116.83,1.00285,0.691157,0.253365,17532
2022-10-02 11:00:00,4148,48416.7,22675.8,2987.67,1.00354,0.67688,0.236596,17532
2022-10-02 12:00:00,4130,57989.1,25010.2,3013.92,0.962093,0.740143,0.235569,17532
2022-10-02 13:00:00,4234,60457.2,25051.2,2992.33,0.95889,0.743724,0.241501,17532
2022-10-02 14:00:00,4076,50186.9,23835.7,2877.08,0.999587,0.694986,0.232489,17532
2022-10-02 15:00:00,3967,45345,21187.8,2695,1.00523,0.686246,0.226272,17532
2022-10-02 16:00:00,4050,50632.5,21882.2,2785,1.00531,0.686102,0.231006,17532
2022-10-02 17:00:00,3922,52864.3,23857.4,2828.75,0.989337,0.70056,0.223705,17532
2022-10-02 18:00:00,4022,50680.9,23080.8,2931.25,0.989337,0.699446,0.229409,17532
2022-10-02 19:00:00,4278,55641.6,24054.3,3141.67,0.976256,0.687692,0.244011,17532
2022-10-02 20:00:00,4499,51407.4,24474.4,3294.08,0.973059,0.688977,0.256616,17532
2022-10-02 21:00:00,4514,53218.2,26192.6,3516.67,0.95926,0.684996,0.257472,17532
2022-10-02 22:00:00,4773,52745.1,27376.7,3740.33,0.958776,0.684874,0.272245,17532
2022-10-02 23:00:00,5214,58573.7,29259.6,3949.58,0.941755,0.701894,0.297399,17532
2022-10-03 00:00:00,5389,99700.9,37400.2,4341.25,0.901974,0.76045,0.307381,17532
2022-10-03 01:00:00,5675,105888,40294.2,4438.75,0.899626,0.763095,0.323694,17532
2022-10-03 02:00:00,5562,90106.6,38226.4,4350.67,0.899626,0.763109,0.317248,17532
2022-10-03 03:00:00,5497,81969.5,36409.9,4308.33,0.899626,0.763109,0.313541,17532
2022-10-03 04:00:00,5422,82927.1,35689.6,4311.08,0.899626,0.763109,0.309263,17532
2022-10-03 05:00:00,5415,84832.3,34934.1,4288.08,0.899626,0.763109,0.308864,17532
2022-10-03 06:00:00,5386,87776.5,34476.6,4272.25,0.899626,0.763109,0.30721,17532
2022-10-03 07:00:00,5423,95029,33836.8,4177.67,0.916903,0.758749,0.30932,17532
2022-10-03 08:00:00,5079,70728.5,29728,3746,0.956431,0.745008,0.289699,17532
2022-10-03 09:00:00,4637,59369.5,26329,3362.25,0.973059,0.715551,0.264488,17532
2022-10-03 10:00:00,4306,49932.5,23091.9,3013.92,1.00236,0.692117,0.245608,17532
2022-10-03 11:00:00,4095,42618.9,21008.5,2730.42,1.00402,0.676563,0.233573,17532
2022-10-03 12:00:00,3947,55366,24688.2,2853.33,0.960402,0.7421,0.225131,17532
2022-10-03 13:00:00,4055,60450.4,25110.8,2869.5,0.95889,0.743724,0.231291,17532
2022-10-03 14:00:00,3928,48008.1,21565.3,2704.08,1.00211,0.692375,0.224047,17532
2022-10-03 15:00:00,3853,49467.4,21475,2662.33,1.00602,0.685918,0.21977,17532
2022-10-03 16:00:00,3873,53976.9,21713.4,2677.75,1.00602,0.685918,0.22091,17532
2022-10-03 17:00:00,3898,54783.8,22780.1,2714.75,0.989818,0.699758,0.222336,17532
2022-10-03 18:00:00,3950,50889.7,22155.3,2816.58,0.98975,0.699288,0.225302,17532
2022-10-03 19:00:00,4052,56816.1,24089.8,3076.25,0.971704,0.691886,0.23112,17532
2022-10-03 20:00:00,4484,54335.9,25356.7,3230.58,0.973059,0.688992,0.255761,17532
2022-10-03 21:00:00,4494,54720.1,27092.6,3443.92,0.961095,0.686381,0.256331,17532
2022-10-03 22:00:00,4712,55665.1,27864.8,3661.17,0.958776,0.684889,0.268766,17532
2022-10-03 23:00:00,4994,57379.3,29001,3836.17,0.940636,0.703028,0.284851,17532
2022-10-04 00:00:00,5185,101268,37494.5,4269.33,0.901107,0.761264,0.295745,17532
2022-10-04 01:00:00,5638,105093,39948.4,4358.25,0.899626,0.763109,0.321583,17532
2022-10-04 02:00:00,5474,90494.9,37567.5,4291.33,0.899626,0.763109,0.312229,17532
2022-10-04 03:00:00,5581,79756.8,34384,4239.33,0.899626,0.763109,0.318332,17532
2022-10-04 04:00:00,5385,78615.1,32691.2,4216.42,0.899626,0.763109,0.307153,17532
2022-10-04 05:00:00,5406,81073,33368.7,4216.75,0.899626,0.763109,0.30835,17532
2022-10-04 06:00:00,5393,87725.5,34412.5,4223.67,0.899626,0.763109,0.307609,17532
2022-10-04 07:00:00,5406,97565.8,33860.9,4127,0.918574,0.758299,0.30835,17532
2022-10-04 08:00:00,5138,74446.8,29795.6,3714.5,0.957452,0.744673,0.293064,17532
2022-10-04 09:00:00,4725,57496.9,26059.3,3348.58,0.972875,0.715916,0.269507,17532
2022-10-04 10:00:00,4374,48291.8,22765.2,3029.25,1.00301,0.691373,0.249487,17532
2022-10-04 11:00:00,4135,44982.1,20955.6,2880,1.00421,0.677933,0.235854,17532
2022-10-04 12:00:00,4103,63585.1,24572.8,2997.33,0.960234,0.741206,0.234029,17532
2022-10-04 13:00:00,4318,60416.8,24511.7,2978.08,0.95889,0.743724,0.246292,17532
2022-10-04 14:00:00,4118,50393.1,22774.7,2863.33,1.00275,0.691915,0.234885,17532
2022-10-04 15:00:00,4061,49365,22374.3,2797.25,1.00521,0.686945,0.231634,17532
2022-10-04 16:00:00,3949,54799.6,22103.8,2763.92,1.00568,0.686009,0.225245,17532
2022-10-04 17:00:00,4011,55240.5,24088.2,2818.67,0.989413,0.700223,0.228782,17532
2022-10-04 18:00:00,4135,50737.4,23387.4,2955.58,0.989413,0.699379,0.235854,17532
2022-10-04 19:00:00,4330,57930.2,25628.5,3210.92,0.974437,0.691141,0.246977,17532
2022-10-04 20:00:00,4507,54902.3,25924.2,3370.83,0.973059,0.688992,0.257073,17532
2022-10-04 21:00:00,4811,55827.9,27431.3,3585.5,0.959416,0.685048,0.274413,17532
2022-10-04 22:00:00,5034,57760.9,28600.5,3831.5,0.958776,0.684889,0.287132,17532
2022-10-04 23:00:00,5196,59439.2,30422.8,4018.08,0.940475,0.703189,0.296372,17532
2022-10-05 00:00:00,5333,108408,39122.6,4446.25,0.901787,0.760628,0.304187,17532
2022-10-05 01:00:00,5739,114428,42025.3,4556,0.899626,0.763109,0.327344,17532
2022-10-05 02:00:00,5678,99984.8,40469.6,4480.67,0.899626,0.763109,0.323865,17532
2022-10-05 03:00:00,5603,91277.1,37287.6,4447.75,0.899626,0.763109,0.319587,17532
2022-10-05 04:00:00,5627,92391.8,36573.8,4451.83,0.899626,0.763109,0.320956,17532
2022-10-05 05:00:00,5602,90792,36035.2,4435.08,0.899626,0.763109,0.31953,17532
2022-10-05 06:00:00,5663.5,93012,35752.3,4413.92,0.899626,0.763109,0.323038,17532
2022-10-05 07:00:00,5632,105741,35573.7,4348.67,0.918305,0.758356,0.321241,17532
2022-10-05 08:00:00,5351,74931.7,30289,3888.5,0.954753,0.745943,0.305213,17532
2022-10-05 09:00:00,4827,61239.8,27500.4,3538.58,0.972234,0.717193,0.275325,17532
2022-10-05 10:00:00,4539,49940.2,24249.2,3244.25,1.00146,0.692885,0.258898,17532
2022-10-05 11:00:00,4360,47068.3,22734,3108.5,1.00324,0.676692,0.248688,17532
2022-10-05 12:00:00,4368,66105.5,27256.7,3203.67,0.961289,0.743334,0.249144,17532
2022-10-05 13:00:00,4455,65027.1,26559.7,3211.25,0.95889,0.743724,0.254107,17532
2022-10-05 14:00:00,4382,53083.1,24338.4,3052.83,1.00034,0.693596,0.249943,17532
2022-10-05 15:00:00,4250,51067.3,23746.4,2966.58,1.00392,0.687127,0.242414,17532
2022-10-05 16:00:00,4224,53134.2,23839.7,2966.25,1.00425,0.686472,0.240931,17532
2022-10-05 17:00:00,4166,56493.4,25081.1,3024,0.988424,0.699705,0.237623,17532
2022-10-05 18:00:00,4414,56030,25123.5,3181.83,0.988424,0.699705,0.251768,17532
2022-10-05 19:00:00,4490,63058.8,27685.8,3449,0.974368,0.688883,0.256103,17532
2022-10-05 20:00:00,4787,55625.5,27875.9,3604.83,0.973059,0.688992,0.273044,17532
2022-10-05 21:00:00,4876,58207.8,28361.1,3813.83,0.959688,0.685056,0.27812,17532
2022-10-05 22:00:00,5160,59107.7,29955.2,4019.17,0.958776,0.684889,0.294319,17532
2022-10-05 23:00:00,5372,58183.1,30120.2,4024.33,0.941835,0.701829,0.306411,17532
2022-10-06 00:00:00,5487,112279,40833.8,4635.08,0.903342,0.758433,0.312971,17532
2022-10-06 01:00:00,5884,114708,43085.5,4715.25,0.899626,0.763109,0.335615,17532
2022-10-06 02:00:00,5870,101261,40570.6,4644.67,0.899626,0.763109,0.334816,17532
2022-10-06 03:00:00,5809,94378,37732.4,4624.25,0.899626,0.763109,0.331337,17532
2022-10-06 04:00:00,5768,91863.5,35744.6,4595.25,0.899626,0.763109,0.328998,17532
2022-10-06 05:00:00,5805,90559.4,35946.5,4577.25,0.899626,0.763109,0.331109,17532
2022-10-06 06:00:00,5781,94022.8,36417.3,4581.83,0.899626,0.763109,0.32974,17532
2022-10-06 07:00:00,5764,107257,36795.1,4509.67,0.917992,0.75842,0.32877,17532
2022-10-06 08:00:00,5512,81934.4,32040.1,4060.17,0.958776,0.743857,0.314397,17532
2022-10-06 09:00:00,5045,59501.3,27270.1,3580.17,0.971895,0.717878,0.28776,17532
2022-10-06 10:00:00,4740,51634.7,25981,3429.17,1.00146,0.692517,0.270363,17532
2022-10-06 11:00:00,4629,48866.4,24610.4,3238.83,1.00428,0.676793,0.264031,17532
2022-10-06 12:00:00,4555,73145.1,29527,3453.42,0.96074,0.741171,0.259811,17532
2022-10-06 13:00:00,4687,71121.1,29312.9,3441.92,0.95889,0.743724,0.26734,17532
2022-10-06 14:00:00,4535,58105,24832.8,3286.92,1.00016,0.696209,0.25867,17532
2022-10-06 15:00:00,4441,53593.9,23561.2,3171.08,1.00495,0.68754,0.253308,17532
2022-10-06 16:00:00,4393,54419.9,23219.8,3115.17,1.00571,0.686009,0.25057,17532
2022-10-06 17:00:00,4387,61838.9,26032.6,3175.17,0.98975,0.699634,0.250228,17532
2022-10-06 18:00:00,4464,56491.3,25049.3,3259.83,0.98975,0.699288,0.25462,17532
2022-10-06 19:00:00,4539,63112.3,27776.5,3556.92,0.97439,0.689933,0.258898,17532
2022-10-06 20:00:00,4891,61426.9,28236,3724.58,0.973059,0.688992,0.278976,17532
2022-10-06 21:00:00,4982,60796.2,29477,3904.33,0.959948,0.685201,0.284166,17532
2022-10-06 22:00:00,5207,62165,30875.7,4091.08,0.958776,0.684889,0.297,17532
2022-10-06 23:00:00,5412,69868.2,33164.7,4278.83,0.94062,0.703044,0.308693,17532
2022-10-07 00:00:00,5580,116031,41454,4687.67,0.901675,0.7594,0.318275,17532
2022-10-07 01:00:00,6013,117864,42867.2,4751.58,0.899626,0.763109,0.342973,17532
2022-10-07 02:00:00,5852,100550,41112,4659.25,0.899626,0.763109,0.33379,17532
2022-10-07 03:00:00,5847,95457.6,38954,4607.92,0.899626,0.763109,0.333504,17532
2022-10-07 04:00:00,5791,95884.4,37863.5,4602.67,0.899626,0.763109,0.33031,17532
2022-10-07 05:00:00,5780,96091.5,37418.6,4588,0.899626,0.763109,0.329683,17532
2022-10-07 06:00:00,5782,101866,37923,4623.83,0.899626,0.763109,0.329797,17532
2022-10-07 07:00:00,5979,113114,37705.5,4551.33,0.918251,0.75836,0.341034,17532
2022-10-07 08:00:00,5508,83753,30870.5,4046.5,0.955666,0.745555,0.314168,17532
2022-10-07 09:00:00,4996,62331.6,27831.5,3695.58,0.973059,0.715551,0.284965,17532
2022-10-07 10:00:00,4744,54551.3,27269.3,3480.92,1.00022,0.693208,0.270591,17532
2022-10-07 11:00:00,4589,51123.5,26688.3,3410.75,1.00297,0.677958,0.26175,17532
2022-10-07 12:00:00,4793,74914.7,30033.7,3564.08,0.960604,0.741894,0.273386,17532
2022-10-07 13:00:00,4866,72317.5,29813.9,3501.08,0.95889,0.743724,0.27755,17532
2022-10-07 14:00:00,4592,52478.8,25065.9,3325.67,0.998682,0.692909,0.261921,17532
2022-10-07 15:00:00,4514,52688.1,24328.2,3210.67,1.00318,0.686427,0.257472,17532
2022-10-07 16:00:00,4399,53119,23950.1,3160.08,1.00318,0.686427,0.250913,17532
2022-10-07 17:00:00,4481,56385,27199.1,3260.92,0.987255,0.70003,0.25559,17532
2022-10-07 18:00:00,4638,60226.9,28307.3,3470.58,0.986913,0.699798,0.264545,17532
2022-10-07 19:00:00,4767,65690.1,29368.6,3713.67,0.973431,0.690171,0.271903,17532
2022-10-07 20:00:00,5090,67059.8,30202.2,3937.33,0.974089,0.68852,0.290326,17532
2022-10-07 21:00:00,5252,70914.2,31577.2,4151.75,0.960474,0.68457,0.299567,17532
2022-10-07 22:00:00,5365,70914,32371.9,4266.33,0.959806,0.684417,0.306012,17532
2022-10-07 23:00:00,5540,75478.4,33321.8,4379.58,0.941391,0.702831,0.315994,17532
2022-10-08 00:00:00,5766,116147,42888.6,4727.58,0.902877,0.759339,0.328884,17532
2022-10-08 01:00:00,5961,117515,43860.2,4752.08,0.900656,0.762637,0.340007,17532
2022-10-08 02:00:00,5859,106000,43082.7,4700,0.900656,0.762637,0.334189,17532
2022-10-08 03:00:00,5862,100236,41945,4641.58,0.900656,0.763125,0.33436,17532
2022-10-08 04:00:00,5795,98121.5,40329.9,4644,0.900656,0.763125,0.330538,17532
2022-10-08 05:00:00,5868,100571,39656,4651.83,0.900656,0.763125,0.334702,17532
2022-10-08 06:00:00,5838,105449,37701.4,4594.25,0.900656,0.763125,0.332991,17532
2022-10-08 07:00:00,5499,103472,34046,3953.92,0.916164,0.759719,0.313655,17532
2022-10-08 08:00:00,4537,69039.4,27522,3232.83,0.959684,0.743616,0.258784,17532
2022-10-08 09:00:00,4327,58826.5,27590,3214.5,0.973298,0.716881,0.246806,17532
2022-10-08 10:00:00,4286,49533.8,25323.2,3146.5,1.00002,0.695263,0.244467,17532
2022-10-08 11:00:00,4341,44966.1,24930.9,3113.17,1.0036,0.676645,0.247604,17532
2022-10-08 12:00:00,4401,77792.3,31160.9,3314.83,0.960787,0.743269,0.251027,17532
2022-10-08 13:00:00,4495,73873.2,29199.5,3234.83,0.95992,0.74346,0.256388,17532
2022-10-08 14:00:00,4378,52394.5,26138,2998.67,0.999515,0.693292,0.249715,17532
2022-10-08 15:00:00,4168,52007.5,25519.1,2905.17,1.00338,0.687679,0.237737,17532
2022-10-08 16:00:00,4119,56140.4,25748.6,2920.58,1.00413,0.686171,0.234942,17532
2022-10-08 17:00:00,4113,57764.9,25684.3,2976,0.988616,0.700367,0.2346,17532
2022-10-08 18:00:00,4193,53349.6,24308.5,3120.92,0.988616,0.699313,0.239163,17532
2022-10-08 19:00:00,4438,62497.7,28326.5,3616.42,0.975865,0.688573,0.253137,17532
2022-10-08 20:00:00,5103.5,71601.9,32140.9,4132.33,0.974089,0.689008,0.291096,17532
2022-10-08 21:00:00,5355.5,69846.8,32630.2,4288.42,0.960278,0.685128,0.30547,17532
2022-10-08 22:00:00,5493.5,67231.6,33292.9,4424,0.959806,0.684905,0.313341,17532
2022-10-08 23:00:00,5629.5,71893.5,34219.1,4558.92,0.943755,0.700956,0.321099,17532
2022-10-09 00:00:00,5768,120284,44234.6,4969.58,0.903073,0.757945,0.328998,17532
2022-10-09 01:00:00,6128.5,120766,45873.8,4996.42,0.900656,0.763125,0.349561,17532
2022-10-09 02:00:00,6023,106039,44041,4910.67,0.899932,0.763849,0.343543,17532
2022-10-09 03:00:00,5952,101740,43270.8,4876.17,0.899932,0.763849,0.339493,17532
2022-10-09 04:00:00,5988,102463,43168.8,4875,0.899932,0.763849,0.341547,17532
2022-10-09 05:00:00,5953,101504,40028.1,4858.67,0.899932,0.763849,0.339551,17532
2022-10-09 06:00:00,6010,109561,38773.3,4833.75,0.899932,0.763849,0.342802,17532
2022-10-09 07:00:00,5744,112671,36214.8,4233.33,0.918588,0.759098,0.327629,17532
2022-10-09 08:00:00,4705,74608.5,29273.3,3419.33,0.956202,0.745532,0.268366,17532
2022-10-09 09:00:00,4437,60640.8,28654.7,3235.33,0.972478,0.718515,0.25308,17532
2022-10-09 10:00:00,4221,50402.6,25618.9,3076.92,1.00174,0.691216,0.24076,17532
2022-10-09 11:00:00,4336.5,46566,24991.8,3012.33,1.00388,0.67534,0.247348,17532
2022-10-09 12:00:00,4170,72094.5,29679.1,3180.17,0.962214,0.740992,0.237851,17532
2022-10-09 13:00:00,4299,69170.9,29205.2,3137.25,0.9596,0.744099,0.245209,17532
2022-10-09 14:00:00,4155,52353.3,25784.1,2930.83,1.00135,0.692048,0.236995,17532
2022-10-09 15:00:00,4041,48355.6,23711,2828.83,1.00532,0.684876,0.230493,17532
2022-10-09 16:00:00,3962,53162.5,24081.6,2842.5,1.00532,0.684876,0.225987,17532
2022-10-09 17:00:00,4022,58763.3,25444,2954.5,0.989961,0.698708,0.229409,17532
2022-10-09 18:00:00,4203,55138.3,24259.5,3119.75,0.989787,0.698585,0.239733,17532
2022-10-09 19:00:00,4422,68227.4,28969.6,3645.75,0.974339,0.689193,0.252225,17532
2022-10-09 20:00:00,4999,67869.6,30336.4,4011.5,0.974089,0.689008,0.285136,17532
2022-10-09 21:00:00,5261,67465.8,31997.9,4209.25,0.960004,0.684946,0.30008,17532
2022-10-09 22:00:00,5389,66474.7,32640.6,4386.5,0.959485,0.684816,0.307381,17532
2022-10-09 23:00:00,5578,72988.2,33796.5,4556.92,0.943583,0.700719,0.318161,17532
2022-10-10 00:00:00,5871,123174,44330.1,4972.83,0.901786,0.760643,0.334873,17532
2022-10-10 01:00:00,6170,122921,45846.3,5004.92,0.899932,0.763849,0.351928,17532
2022-10-10 02:00:00,6011,108949,43714.3,4906.83,0.899932,0.763842,0.342859,17532
2022-10-10 03:00:00,5914,99135.5,42399.1,4819.25,0.899999,0.763878,0.337326,17532
2022-10-10 04:00:00,5845,93977.1,38613.3,4775.58,0.899999,0.763878,0.33339,17532
2022-10-10 05:00:00,5882,97667.6,37446.1,4801.25,0.899999,0.763878,0.335501,17532
2022-10-10 06:00:00,5847,104548,37157.7,4755.75,0.899999,0.763878,0.333504,17532
2022-10-10 07:00:00,5601,104594,34110.7,4050.83,0.918436,0.759192,0.319473,17532
2022-10-10 08:00:00,4494,69990,26872.3,3171.08,0.956267,0.745749,0.256331,17532
2022-10-10 09:00:00,4130,53963.2,25152.3,2868.33,0.973564,0.716469,0.235569,17532
2022-10-10 10:00:00,3955,46131.7,23506.5,2869,1.00309,0.688887,0.225588,17532
2022-10-10 11:00:00,4027,43849,22871.3,2805.75,1.00457,0.675982,0.229694,17532
2022-10-10 12:00:00,4075.5,72050.5,26396.3,3002.75,0.960663,0.742255,0.232461,17532
2022-10-10 13:00:00,4087,69250.8,26158.6,2951.67,0.959666,0.744099,0.233117,17532
2022-10-10 14:00:00,4001.5,50870.1,23303.2,2734.25,1.00088,0.692046,0.22824,17532
2022-10-10 15:00:00,3805,49121.2,23129.2,2687.17,1.00577,0.683605,0.217032,17532
2022-10-10 16:00:00,3856,52099.1,23453,2749.17,1.00584,0.682903,0.219941,17532
2022-10-10 17:00:00,3832,53693.2,22898,2773.67,0.989225,0.698743,0.218572,17532
2022-10-10 18:00:00,4008,51899.3,22998.1,2988,0.988825,0.698325,0.228611,17532
2022-10-10 19:00:00,4374,59582.6,28581.4,3579.33,0.975754,0.688304,0.249487,17532
2022-10-10 20:00:00,4947,63342,30281.3,4056,0.97373,0.689892,0.28217,17532
2022-10-10 21:00:00,5486,66359.7,31678.5,4300.08,0.959705,0.685903,0.312914,17532
2022-10-10 22:00:00,5545.5,71853.7,33411.7,4509.25,0.959126,0.6857,0.316307,17532
2022-10-10 23:00:00,5652,75661.7,33945.4,4653.83,0.941509,0.703318,0.322382,17532
2022-10-11 00:00:00,6090,118058,43121.1,5039.33,0.900286,0.763102,0.347365,17532
2022-10-11 01:00:00,6177,120590,45367.1,5085.58,0.899573,0.764733,0.352327,17532
2022-10-11 02:00:00,6052,104826,43313.1,4975.25,0.899573,0.764733,0.345197,17532
2022-10-11 03:00:00,6011,100530,41761.6,4939.58,0.899573,0.764733,0.342859,17532
2022-10-11 04:00:00,6051,96976.8,41015.4,4902.83,0.899573,0.764733,0.34514,17532
2022-10-11 05:00:00,6067,99156.5,38193.2,4907.42,0.899573,0.764733,0.346053,17532
2022-10-11 06:00:00,6028,107141,37625.8,4872,0.899573,0.764733,0.343828,17532
2022-10-11 07:00:00,5772,107224,34358,4135,0.918925,0.759838,0.329227,17532
2022-10-11 08:00:00,4527,75442.3,27206.8,3241.08,0.959126,0.745086,0.258214,17532
2022-10-11 09:00:00,4198,54934.3,25648.9,3044.42,0.971881,0.719849,0.239448,17532
2022-10-11 10:00:00,4056,44291.9,23352.9,2897.83,0.999606,0.692308,0.231348,17532
2022-10-11 11:00:00,3950.5,43906.5,23222.8,2863.83,1.00221,0.676421,0.225331,17532
2022-10-11 12:00:00,3999,74361.2,27179.6,3063.25,0.962899,0.741014,0.228097,17532
2022-10-11 13:00:00,4341,69104,26991.2,3001.75,0.959241,0.744954,0.247604,17532
2022-10-11 14:00:00,3983,50958.5,23431.6,2788.42,1.00197,0.691328,0.227185,17532
2022-10-11 15:00:00,3928,44946.6,22047,2612.67,1.00625,0.684039,0.224047,17532
2022-10-11 16:00:00,3789,49892.5,22368.3,2656.67,1.00625,0.684039,0.216119,17532
2022-10-11 17:00:00,3863,53123.3,21767,2655.92,0.990675,0.699591,0.22034,17532
2022-10-11 18:00:00,3960,54509.5,23029.5,2919.83,0.990101,0.697911,0.225873,17532
2022-10-11 19:00:00,4329,61994.6,27258.9,3466.25,0.974355,0.690402,0.24692,17532
2022-10-11 20:00:00,4877,62120.5,29473.2,3918.08,0.97373,0.689892,0.278177,17532
2022-10-11 21:00:00,5225,64609.2,31771.2,4243.5,0.96029,0.6869,0.298026,17532
2022-10-11 22:00:00,5676,68169.9,33347.1,4465.17,0.959126,0.6857,0.323751,17532
2022-10-11 23:00:00,5642,70098.8,33768.2,4592.67,0.941251,0.703576,0.321812,17532
2022-10-12 00:00:00,5932,115125,42544.3,4970.33,0.904976,0.757355,0.338353,17532
2022-10-12 01:00:00,6230,119380,44316.1,5009.58,0.899573,0.764733,0.35535,17532
2022-10-12 02:00:00,6053,106713,42995.2,4930.83,0.899573,0.764733,0.345254,17532
2022-10-12 03:00:00,6005,95789.9,39598,4831.75,0.899573,0.764733,0.342517,17532
2022-10-12 04:00:00,5991,94459.3,37780.4,4815.17,0.899573,0.764733,0.341718,17532
2022-10-12 05:00:00,6077,94980.5,36988.1,4820.83,0.899573,0.764733,0.346623,17532
2022-10-12 06:00:00,6060,104327,37883.1,4809.42,0.899573,0.764733,0.345654,17532
2022-10-12 07:00:00,5668,101245,34301.3,4116.83,0.918544,0.75996,0.323295,17532
2022-10-12 08:00:00,4545,72974.4,27498.7,3246.83,0.955867,0.746998,0.25924,17532
2022-10-12 09:00:00,4212,56160.8,26060.8,3041.17,0.973303,0.717005,0.240246,17532
2022-10-12 10:00:00,4192,43559,22978.1,2892.83,1.00327,0.6894,0.239106,17532
2022-10-12 11:00:00,4045,42931.3,22465.8,2827.92,1.0043,0.675194,0.230721,17532
2022-10-12 12:00:00,4152,70446,26536.5,3024.42,0.961563,0.742469,0.236824,17532
2022-10-12 13:00:00,4181,69433.9,26345,2974.17,0.959241,0.744954,0.238478,17532
2022-10-12 14:00:00,3945,51019.9,24060,2771.75,1.00205,0.691833,0.225017,17532
2022-10-12 15:00:00,3861,45017,22715,2620.08,1.00631,0.683902,0.220226,17532
2022-10-12 16:00:00,3790,50271.7,23213.8,2678.83,1.00631,0.683902,0.216176,17532
2022-10-12 17:00:00,3741,53488.2,22553.5,2705.25,0.990268,0.698136,0.213381,17532
2022-10-12 18:00:00,3890,52138.3,23328.9,2935.67,0.990101,0.697911,0.22188,17532
2022-10-12 19:00:00,4287,59634.1,27589.6,3417.5,0.975197,0.689952,0.244524,17532
2022-10-12 20:00:00,4890,61991.7,29557.1,3948.5,0.97373,0.689892,0.278919,17532
2022-10-12 21:00:00,5295,65189,31014.5,4200.58,0.960756,0.686138,0.302019,17532
2022-10-12 22:00:00,5372,66045,31730,4363.58,0.959126,0.6857,0.306411,17532
2022-10-12 23:00:00,5658,71751.8,32830.4,4505.33,0.941438,0.703389,0.322724,17532
2022-10-13 00:00:00,5760,117823,42087.5,4904.58,0.906259,0.757636,0.328542,17532
2022-10-13 01:00:00,6047,118374,43337,4931.92,0.899573,0.764733,0.344912,17532
2022-10-13 02:00:00,5955,102792,41442.3,4820.58,0.899343,0.764725,0.339665,17532
2022-10-13 03:00:00,5877,97900.8,41161.3,4797.42,0.899343,0.764725,0.335216,17532
2022-10-13 04:00:00,5910,96778.2,40383.6,4757.5,0.899343,0.764725,0.337098,17532
2022-10-13 05:00:00,5882,98418,36671.6,4763.08,0.899343,0.764725,0.335501,17532
2022-10-13 06:00:00,5924,104510,37105,4729.67,0.899343,0.764725,0.337896,17532
2022-10-13 07:00:00,5700,104923,33399.1,4076.25,0.916027,0.761156,0.32512,17532
2022-10-13 08:00:00,4505,69564.3,26154.6,3181.75,0.957554,0.745833,0.256959,17532
2022-10-13 09:00:00,4213,54520.8,25155.2,2991.33,0.972568,0.71841,0.240303,17532
2022-10-13 10:00:00,4093,43684.5,22481.3,2840.58,1.00342,0.688514,0.233459,17532
2022-10-13 11:00:00,3915,39148.3,21419.4,2699.25,1.00478,0.675522,0.223306,17532
2022-10-13 12:00:00,3945,65999.1,25314.8,2964.67,0.962401,0.739323,0.225017,17532
2022-10-13 13:00:00,4144.5,63129,25746.8,2885,0.959483,0.744417,0.236396,17532
2022-10-13 14:00:00,3878,46601.5,23506.9,2679.42,1.002,0.691148,0.221196,17532
2022-10-13 15:00:00,3867,47947.2,23165.5,2631.92,1.00685,0.683109,0.220568,17532
2022-10-13 16:00:00,3759,51901,23266.6,2642.58,1.00685,0.683109,0.214408,17532
2022-10-13 17:00:00,3787,56505,22437.6,2746.67,0.990254,0.699424,0.216005,17532
2022-10-13 18:00:00,3911,56543.2,23340.4,3021.92,0.990076,0.697488,0.223078,17532
2022-10-13 19:00:00,4394,62550.1,28270.4,3608,0.978518,0.685992,0.250627,17532
2022-10-13 20:00:00,4990,64129.4,30782,4058.67,0.974155,0.688985,0.284622,17532
2022-10-13 21:00:00,5352.5,64253.9,32471.7,4315.83,0.959629,0.684813,0.305299,17532
2022-10-13 22:00:00,5695,68871.4,34332.8,4553.33,0.959369,0.684748,0.324835,17532
2022-10-13 23:00:00,5678,70135.5,34505,4698,0.943344,0.700772,0.323865,17532
2022-10-14 00:00:00,6118,118404,44538.1,5125.08,0.900746,0.762388,0.348962,17532
2022-10-14 01:00:00,6282,106857,40801.4,4707,0.899585,0.76424,0.358316,17532
2022-10-14 02:00:00,6164.5,98951.5,43496,5021.33,0.899585,0.76424,0.351614,17532
2022-10-14 03:00:00,6118,94631.7,42906,4991.83,0.899653,0.76424,0.348962,17532
2022-10-14 04:00:00,6062,97467.1,42675.1,4999.75,0.899653,0.76424,0.345768,17532
2022-10-14 05:00:00,6101,103093,41600,5017.75,0.899653,0.76424,0.347992,17532
2022-10-14 06:00:00,6062,107890,39273,4958.5,0.899653,0.76424,0.345768,17532
2022-10-14 07:00:00,5745,107987,35212.5,4251,0.918697,0.759403,0.327687,17532
2022-10-14 08:00:00,4716,72082.5,28166.1,3390.58,0.955353,0.747019,0.268994,17532
2022-10-14 09:00:00,4415,59561.9,27698.8,3194.58,0.973912,0.715858,0.251825,17532
2022-10-14 10:00:00,4178,48148.9,24285.5,3029.83,1.00379,0.688632,0.238307,17532
2022-10-14 11:00:00,4059,44859.2,23530.3,2935.08,1.00518,0.67362,0.23152,17532
2022-10-14 12:00:00,4079,72581.2,27777.9,3119.25,0.961757,0.742709,0.23266,17532
2022-10-14 13:00:00,4236,71983.5,28392.4,3095.33,0.959551,0.744417,0.241615,17532
2022-10-14 14:00:00,4022,51768.9,24889.2,2849.33,1.00056,0.693263,0.229409,17532
2022-10-14 15:00:00,3853,47532.5,23521.5,2654.83,1.00608,0.683594,0.21977,17532
2022-10-14 16:00:00,3772,51921.8,23886,2687.5,1.00608,0.683594,0.215149,17532
2022-10-14 17:00:00,3743,52155.5,23630.5,2722.83,0.990235,0.698169,0.213495,17532
2022-10-14 18:00:00,3835,51481,23453.2,2884.75,0.989538,0.698337,0.218743,17532
2022-10-14 19:00:00,4171,58626.9,28311.6,3435.33,0.973897,0.691104,0.237908,17532
2022-10-14 20:00:00,4791,60200.4,30919.9,3877.58,0.973981,0.68947,0.273272,17532
2022-10-14 21:00:00,5173,64945.1,31871.1,4160,0.959864,0.685363,0.29506,17532
2022-10-14 22:00:00,5341,66352,33304.6,4415.17,0.959195,0.685233,0.304643,17532
2022-10-14 23:00:00,5593,69605.7,34352.1,4587,0.941655,0.702772,0.319017,17532
2022-10-15 00:00:00,5878,118207,43738.7,5034.08,0.901894,0.761163,0.335273,17532
2022-10-15 01:00:00,6227,120492,45882.4,5122.75,0.899411,0.764725,0.355179,17532
2022-10-15 02:00:00,6121,108297,44664.9,5067,0.899411,0.764543,0.349133,17532
2022-10-15 03:00:00,6153,105010,44039.4,5032.25,0.899411,0.764543,0.350958,17532
2022-10-15 04:00:00,6116,106550,43691.4,5021.83,0.899411,0.764543,0.348848,17532
2022-10-15 05:00:00,6074,106550,41407.1,5022.67,0.899411,0.764543,0.346452,17532
2022-10-15 06:00:00,6045,110821,40292.3,5008.58,0.899411,0.764543,0.344798,17532
2022-10-15 07:00:00,6169,122965,40439.8,4909.42,0.917384,0.759898,0.351871,17532
2022-10-15 08:00:00,5685.5,86379.1,34729.1,4345.08,0.957308,0.74572,0.324293,17532
2022-10-15 09:00:00,5213,62591.8,31263.9,3860.92,0.973089,0.717328,0.297342,17532
2022-10-15 10:00:00,4735,54677.6,28001.7,3548.42,1.00254,0.688851,0.270078,17532
2022-10-15 11:00:00,4539,52935,27217.5,3451.83,1.00375,0.673906,0.258898,17532
2022-10-15 12:00:00,4518,74364.8,29722.5,3586.58,0.961529,0.740798,0.2577,17532
2022-10-15 13:00:00,4673,70351.5,29746.9,3542,0.959309,0.74472,0.266541,17532
2022-10-15 14:00:00,4507,55176.4,26820.6,3311.83,1.00056,0.691649,0.257073,17532
2022-10-15 15:00:00,4365,55337.5,25919.9,3208.58,1.00497,0.684203,0.248973,17532
2022-10-15 16:00:00,4287,55398.4,25806.7,3183.75,1.00504,0.684066,0.244524,17532
2022-10-15 17:00:00,4316,58770.3,26571.6,3228,0.988593,0.698482,0.246178,17532
2022-10-15 18:00:00,4296,56240.3,25920.3,3314.17,0.988266,0.698446,0.245038,17532
2022-10-15 19:00:00,4487,60409.5,29047.8,3614.92,0.976122,0.688311,0.255932,17532
2022-10-15 20:00:00,4785,57542.2,28896.6,3774,0.973981,0.689288,0.272929,17532
2022-10-15 21:00:00,5046,58467.7,29072.4,3950.25,0.959861,0.685189,0.287817,17532
2022-10-15 22:00:00,5105,62928.2,30516,4164.75,0.959195,0.685051,0.291182,17532
2022-10-15 23:00:00,5338,68225,32669,4332.17,0.941027,0.703219,0.304472,17532
2022-10-16 00:00:00,5567,119134,41610.1,4779.08,0.901046,0.760241,0.317534,17532
2022-10-16 01:00:00,5967,120566,43598.1,4841.92,0.899411,0.764543,0.340349,17532
2022-10-16 02:00:00,5873,104120,42248.3,4756.42,0.899411,0.764543,0.334987,17532
2022-10-16 03:00:00,5800,98335.7,40975.1,4723.92,0.899411,0.764543,0.330824,17532
2022-10-16 04:00:00,5743,95642.7,39719.6,4697.67,0.899411,0.764543,0.327572,17532
2022-10-16 05:00:00,5856,95126.4,36796.5,4671.33,0.899411,0.764543,0.334018,17532
2022-10-16 06:00:00,5713,101435,37363.4,4671,0.899411,0.764543,0.325861,17532
2022-10-16 07:00:00,5936.5,117459,38070.2,4624.92,0.917825,0.759842,0.338609,17532
2022-10-16 08:00:00,5652.5,83087,33510.8,4188.42,0.957721,0.745935,0.32241,17532
2022-10-16 09:00:00,5001,61862.9,29710.8,3810.5,0.971409,0.720679,0.28525,17532
2022-10-16 10:00:00,4762,51785.3,26829,3562.42,1.00166,0.691559,0.271618,17532
2022-10-16 11:00:00,4559,51044.2,26348,3484.17,1.00402,0.674704,0.260039,17532
2022-10-16 12:00:00,4589,66086.1,29922.9,3602.25,0.959989,0.744601,0.26175,17532
2022-10-16 13:00:00,4703,67293,30291.4,3572.67,0.959309,0.74472,0.268252,17532
2022-10-16 14:00:00,4537,59660.5,27884.1,3415.5,0.999553,0.69515,0.258784,17532
2022-10-16 15:00:00,4488,57981.1,27297.1,3350.17,1.0059,0.684019,0.255989,17532
2022-10-16 16:00:00,4401,60843,27223.4,3341,1.00597,0.683875,0.251027,17532
2022-10-16 17:00:00,4497,64992.5,28750.7,3406.67,0.989467,0.69849,0.256502,17532
2022-10-16 18:00:00,4594,66408.9,28663.3,3591.08,0.989202,0.698255,0.262035,17532
2022-10-16 19:00:00,4742,60961.5,29310,3756.08,0.972946,0.69242,0.270477,17532
2022-10-16 20:00:00,4975,62896.4,29816.6,3979.67,0.973981,0.689288,0.283767,17532
2022-10-16 21:00:00,5209,65674.8,30686,4109.33,0.959679,0.685235,0.297114,17532
2022-10-16 22:00:00,5241,65487.8,30831.9,4193.08,0.959195,0.685051,0.298939,17532
2022-10-16 23:00:00,5332,71267.2,32317.3,4316.08,0.940842,0.703403,0.30413,17532
2022-10-17 00:00:00,5696,115027,41569.9,4685.92,0.903292,0.759583,0.324892,17532
2022-10-17 01:00:00,5947,112952,42635.8,4715.83,0.899411,0.764543,0.339208,17532
2022-10-17 02:00:00,5691,95059.2,40646.4,4608.5,0.899411,0.764543,0.324606,17532
2022-10-17 03:00:00,5665,90175.4,37778.1,4559.58,0.899411,0.764761,0.323123,17532
2022-10-17 04:00:00,5613,90446.8,35505.1,4547.58,0.899411,0.764761,0.320157,17532
2022-10-17 05:00:00,5597,94806.8,36300.3,4557,0.899411,0.764761,0.319245,17532
2022-10-17 06:00:00,5646,104028,37102.6,4525.5,0.899411,0.764761,0.32204,17532
2022-10-17 07:00:00,5449,96765.1,32141.4,3841.92,0.918466,0.759925,0.310803,17532
2022-10-17 08:00:00,4419,66584,27042.2,3174.58,0.957958,0.745352,0.252053,17532
2022-10-17 09:00:00,4211,52095.8,25854.2,3015.25,0.973023,0.717627,0.240189,17532
2022-10-17 10:00:00,4158,49580.6,24776.7,3054.58,1.00313,0.688795,0.237166,17532
2022-10-17 11:00:00,4115,45800.6,24385,2998.67,1.00454,0.674584,0.234714,17532
2022-10-17 12:00:00,4106,73523.3,28924.5,3197.33,0.959674,0.744148,0.2342,17532
2022-10-17 13:00:00,4275,75161.6,29421.6,3188.75,0.959309,0.744874,0.24384,17532
2022-10-17 14:00:00,4090,54926.8,26360.3,2945.17,1.00103,0.691907,0.233288,17532
2022-10-17 15:00:00,4024,49502.9,25089.4,2790.25,1.00564,0.684165,0.229523,17532
2022-10-17 16:00:00,3927,53954.8,25400.9,2819.33,1.00571,0.684021,0.22399,17532
2022-10-17 17:00:00,3850,53463.2,23015.4,2859.5,0.989197,0.699504,0.219598,17532
2022-10-17 18:00:00,3973,50872,23668.9,3066.92,0.988938,0.698391,0.226614,17532
2022-10-17 19:00:00,4350,61200.8,28439.2,3603.75,0.97496,0.689034,0.248118,17532
2022-10-17 20:00:00,4897,63583.6,30884.4,3997.83,0.973981,0.689506,0.279318,17532
2022-10-17 21:00:00,5235,64519.4,32431.8,4243.25,0.962029,0.68689,0.298597,17532
2022-10-17 22:00:00,5489,72348.4,34407.4,4473.75,0.959195,0.685269,0.313085,17532
2022-10-17 23:00:00,5641,71812.8,34539,4549.92,0.942243,0.702221,0.321755,17532
2022-10-18 00:00:00,5938,116776,42755.9,4939,0.901098,0.758866,0.338695,17532
2022-10-18 01:00:00,6032,117158,43368.4,4968,0.899411,0.764761,0.344057,17532
2022-10-18 02:00:00,5918,97750.2,40619.4,4848.17,0.899411,0.764761,0.337554,17532
2022-10-18 03:00:00,5862,92832.4,39476.1,4810.33,0.89976,0.764337,0.33436,17532
2022-10-18 04:00:00,5817,92280.7,37917,4798.08,0.89976,0.764337,0.331793,17532
2022-10-18 05:00:00,5939,99722.1,38459.2,4835.92,0.89976,0.764337,0.338752,17532
2022-10-18 06:00:00,5899,106903,38685.8,4810.25,0.89976,0.764337,0.33647,17532
2022-10-18 07:00:00,5670,103943,34223.1,4107.67,0.918758,0.759536,0.323409,17532
2022-10-18 08:00:00,4528,70516,27797.3,3227.08,0.959035,0.744912,0.258271,17532
2022-10-18 09:00:00,4135,58238.2,25671.5,3025.42,0.972687,0.71838,0.235854,17532
2022-10-18 10:00:00,4019,46121.7,22288.5,2889.08,1.00099,0.692814,0.229238,17532
2022-10-18 11:00:00,3915,46004,22074.4,2832.08,1.00475,0.674799,0.223306,17532
2022-10-18 12:00:00,3943,67546.2,27195.4,2986.17,0.964163,0.737891,0.224903,17532
2022-10-18 13:00:00,4180,71213.7,26546.5,2940.25,0.959434,0.744725,0.238421,17532
2022-10-18 14:00:00,3947,52544.4,24392.5,2709,1.00327,0.689203,0.225131,17532
2022-10-18 15:00:00,3748,45115,23070.9,2593.75,1.00587,0.684005,0.213781,17532
2022-10-18 16:00:00,3638,48604.2,23011.8,2561.33,1.00591,0.683894,0.207506,17532
2022-10-18 17:00:00,3582,49621.9,21261.1,2590.83,0.989464,0.698624,0.204312,17532
2022-10-18 18:00:00,3653,47649.5,20459.7,2683.5,0.989218,0.698299,0.208362,17532
2022-10-18 19:00:00,4066,52847.2,24404.6,3146.75,0.976156,0.692113,0.231919,17532
2022-10-18 20:00:00,4591,60643.5,28143,3688.42,0.974107,0.689305,0.261864,17532
2022-10-18 21:00:00,5127,69272.7,30873.9,4063.5,0.959715,0.685168,0.292437,17532
2022-10-18 22:00:00,5211,71255.2,32714.9,4305.08,0.95932,0.685068,0.297228,17532
2022-10-18 23:00:00,5480,72408.5,32934.3,4430.5,0.943381,0.701007,0.312571,17532
2022-10-19 00:00:00,5480,115518,43061.2,4785.83,0.900591,0.76278,0.312571,17532
2022-10-19 01:00:00,5788,117117,43760.4,4742.33,0.89976,0.764337,0.330139,17532
2022-10-19 02:00:00,5672,98719.2,40552.7,4585.25,0.89976,0.763979,0.323523,17532
2022-10-19 03:00:00,5606,92229.4,38957.6,4521.5,0.899542,0.763979,0.319758,17532
2022-10-19 04:00:00,5510,90677.8,37418.7,4501.83,0.899542,0.763979,0.314282,17532
2022-10-19 05:00:00,5531,92625,36101.4,4498.42,0.899542,0.763979,0.31548,17532
2022-10-19 06:00:00,5543,105345,37327.5,4507.08,0.899542,0.763979,0.316165,17532
2022-10-19 07:00:00,5294,107603,32998.8,3900.83,0.91796,0.759325,0.301962,17532
2022-10-19 08:00:00,4326,72459.2,26828.8,3103.17,0.954167,0.746871,0.246749,17532
2022-10-19 09:00:00,4083,57700.5,25745,2986.17,0.973888,0.715185,0.232888,17532
2022-10-19 10:00:00,3988,48063.6,23489.9,2879.58,1.0001,0.688326,0.22747,17532
2022-10-19 11:00:00,3865,46188.2,23252.1,2826.67,1.00203,0.67294,0.220454,17532
2022-10-19 12:00:00,3907,74000.7,28422.3,3016.67,0.961892,0.741665,0.22285,17532
2022-10-19 13:00:00,4049,70944.2,27169.2,2950.58,0.959216,0.744367,0.230949,17532
2022-10-19 14:00:00,3800,51318.1,24511,2734.5,0.999008,0.689755,0.216747,17532
2022-10-19 15:00:00,3732,48645,23199.8,2568.5,1.0022,0.684471,0.212868,17532
2022-10-19 16:00:00,3627,51146.7,23817.2,2646.92,1.0022,0.684471,0.206879,17532
2022-10-19 17:00:00,3809,52363.2,22094.4,2655.42,0.987121,0.699448,0.21726,17532
2022-10-19 18:00:00,3792,52611.5,22530.7,2924.58,0.987121,0.698873,0.21629,17532
2022-10-19 19:00:00,4119,57305.5,26703.3,3476.67,0.975549,0.688463,0.234942,17532
2022-10-19 20:00:00,4884,66005.5,29759.9,3963.17,0.973888,0.689306,0.278576,17532
2022-10-19 21:00:00,5113,63932.7,31511.5,4194,0.960213,0.684862,0.291638,17532
2022-10-19 22:00:00,5290,65421.3,33248.7,4377.42,0.959101,0.685068,0.301734,17532
2022-10-19 23:00:00,5596,67691.3,33681.2,4501.58,0.941667,0.702503,0.319188,17532
2022-10-20 00:00:00,5730,118201,43106.1,4921.92,0.902856,0.760304,0.326831,17532
2022-10-20 01:00:00,5961,119720,44939.8,4974,0.899542,0.763979,0.340007,17532
2022-10-20 02:00:00,5851,100768,42208.3,4842.58,0.899542,0.763934,0.333733,17532
2022-10-20 03:00:00,5845,96728.6,41115.2,4831.83,0.899542,0.763934,0.33339,17532
2022-10-20 04:00:00,5779,95871,39202.6,4809.92,0.899542,0.763934,0.329626,17532
2022-10-20 05:00:00,5778,99949.3,38328.4,4816.67,0.899542,0.763934,0.329569,17532
2022-10-20 06:00:00,5820,110563,39295.9,4793,0.899542,0.763934,0.331964,17532
2022-10-20 07:00:00,5587,107272,33805,4086.25,0.917305,0.759358,0.318674,17532
2022-10-20 08:00:00,4406,69495.5,26117.7,3130.83,0.958774,0.744484,0.251312,17532
2022-10-20 09:00:00,4010,54236.2,25647.5,2918.75,0.972965,0.716996,0.228725,17532
2022-10-20 10:00:00,3821,46046.5,21954,2773.42,1.00024,0.687897,0.217944,17532
2022-10-20 11:00:00,3753,43370.5,21763.8,2734.92,1.001,0.674758,0.214066,17532
2022-10-20 12:00:00,3878,69324.9,26874,2912.17,0.96312,0.738995,0.221196,17532
2022-10-20 13:00:00,4136,67192.4,26822.4,2863.42,0.959216,0.744322,0.235911,17532
2022-10-20 14:00:00,3744,52615.2,23941.6,2655.83,0.998819,0.691578,0.213552,17532
2022-10-20 15:00:00,3702,50639.8,23085.2,2562.75,1.0029,0.684252,0.211157,17532
2022-10-20 16:00:00,3540,53034.2,22752.2,2534.33,1.0029,0.684252,0.201917,17532
2022-10-20 17:00:00,3578,54575.4,22939.2,2622.5,0.987448,0.6985,0.204084,17532
2022-10-20 18:00:00,3769.5,52513.9,21866.9,2749.5,0.987121,0.698827,0.215007,17532
2022-10-20 19:00:00,4072,56419.2,25498.6,3311.33,0.97455,0.690134,0.232261,17532
2022-10-20 20:00:00,4722,60774,29397,3862.58,0.973888,0.68926,0.269336,17532
2022-10-20 21:00:00,4976,61875.7,30982.5,4149.5,0.962814,0.686782,0.283824,17532
2022-10-20 22:00:00,5370,66559.5,33020.6,4400.75,0.959101,0.685023,0.306297,17532
2022-10-20 23:00:00,5482,69781.4,33893.2,4586.67,0.94279,0.701335,0.312685,17532
2022-10-21 00:00:00,5692,120413,44089,5069.83,0.905593,0.757035,0.324663,17532
2022-10-21 01:00:00,6150.5,123424,46159.4,5111.17,0.897423,0.765494,0.350816,17532
2022-10-21 02:00:00,6302,112221,44612.8,5072.5,0.898025,0.765831,0.359457,17532
2022-10-21 03:00:00,6003,100808,43067.5,4898.08,0.897448,0.766668,0.342402,17532
2022-10-21 04:00:00,6023,98543.4,40975.9,4859.92,0.897423,0.765495,0.343543,17532
2022-10-21 05:00:00,5853.5,102429,40242.3,4871.83,0.897595,0.766494,0.333875,17532
2022-10-21 06:00:00,5885.5,112534,40180.5,4874.17,0.897338,0.76651,0.3357,17532
2022-10-21 07:00:00,5650,111822,36155.7,4334.42,0.916293,0.761485,0.322268,17532
2022-10-21 08:00:00,4494,75628.9,28963.9,3433.08,0.954708,0.745663,0.256331,17532
2022-10-21 09:00:00,4380,58048.9,26802.7,3178.08,0.973606,0.716352,0.249829,17532
2022-10-21 10:00:00,4308,48212.7,24870.8,3040.25,1.00598,0.700866,0.245722,17532
2022-10-21 11:00:00,4011,38423.9,21361.2,2876.58,1.00457,0.672853,0.228782,17532
2022-10-21 12:00:00,4004,74575.9,28853.3,3142.08,0.960252,0.743942,0.228382,17532
2022-10-21 13:00:00,4226.5,79342.6,29531.8,3197.42,0.959479,0.744976,0.241073,17532
2022-10-21 14:00:00,4001,55166.5,25459.5,2913.92,1.00032,0.693103,0.228211,17532
2022-10-21 15:00:00,3871,47777.3,23343.1,2803.25,1.00168,0.684844,0.220796,17532
2022-10-21 16:00:00,3721,44440.1,22557.6,2722.42,1.00297,0.682247,0.21224,17532
2022-10-21 17:00:00,3848,56536.2,23302.6,2816.92,0.987047,0.701889,0.219484,17532
2022-10-21 18:00:00,3886,53740.6,23110.8,2958.75,0.988109,0.699547,0.221652,17532
2022-10-21 19:00:00,4123,64473.4,28052,3522.58,0.976966,0.687015,0.23517,17532
2022-10-21 20:00:00,4744,66138,30587.3,3933.5,0.972794,0.689957,0.270591,17532
2022-10-21 21:00:00,5181,65018.2,30628.9,4033,0.961355,0.684823,0.295517,17532
2022-10-21 22:00:00,5428,69238.1,33524.3,4435,0.959408,0.684174,0.309605,17532
2022-10-21 23:00:00,5815,72149.7,35076.5,4692.42,0.940616,0.702746,0.331679,17532
2022-10-22 00:00:00,6060,122684,44430.8,5107.83,0.904283,0.755579,0.345654,17532
2022-10-22 01:00:00,6289,130790,47806.7,5248.58,0.897443,0.766359,0.358716,17532
2022-10-22 02:00:00,6198.5,113107,45047.6,5034.75,0.897247,0.766671,0.353554,17532
2022-10-22 03:00:00,5977,104252,44831.6,5123.08,0.897475,0.765574,0.340919,17532
2022-10-22 04:00:00,5212,100535,41017,4785.08,0.897779,0.765499,0.297285,17532
2022-10-22 05:00:00,5846,108530,42475.2,5122,0.898911,0.764501,0.333447,17532
2022-10-22 06:00:00,6028,111658,41054.9,4989.83,0.898248,0.765319,0.343828,17532
2022-10-22 07:00:00,5939,117648,38745.2,4635.67,0.917022,0.760388,0.338752,17532
2022-10-22 08:00:00,4548,84372.6,34068.7,4207.08,0.958938,0.745109,0.259411,17532
2022-10-22 09:00:00,5143,65937.5,30325.7,3614.25,0.973022,0.717449,0.293349,17532
2022-10-22 10:00:00,4415,56760.3,27533.2,3554.42,0.999786,0.686137,0.251825,17532
2022-10-22 11:00:00,4783,54641.2,27166.5,3489,1.0009,0.685707,0.272815,17532
2022-10-22 12:00:00,4477,77576.8,30701.2,3626.17,0.961602,0.740919,0.255362,17532
2022-10-22 13:00:00,4642,77850.8,31337.4,3635.58,0.957865,0.744959,0.264773,17532
2022-10-22 14:00:00,4536,59571.3,27820.9,3331.33,1.00055,0.691729,0.258727,17532
2022-10-22 15:00:00,4458,48755.8,23956.9,3200.92,1.00077,0.684629,0.254278,17532
2022-10-22 16:00:00,4321,51789.5,23644.3,3147,1.00381,0.682018,0.246464,17532
2022-10-22 17:00:00,4160,63378.5,26086.7,3189.67,0.987691,0.698376,0.23728,17532
2022-10-22 18:00:00,4188,57053.7,25555.8,3295.92,0.989104,0.697049,0.238877,17532
2022-10-22 19:00:00,4518,60634.7,27187.1,3536.67,0.976189,0.687149,0.2577,17532
2022-10-22 20:00:00,4570,62920.1,28986.6,3753.5,0.972907,0.689732,0.260666,17532
2022-10-22 21:00:00,4413,61569.8,28587.2,3808.33,0.961668,0.684574,0.251711,17532
2022-10-22 22:00:00,4409,63452.1,30480.9,4073.83,0.958876,0.683711,0.251483,17532
2022-10-22 23:00:00,5592,66888.2,30211.5,4039.75,0.942717,0.699772,0.31896,17532
2022-10-23 00:00:00,5357,111073,41096.4,4706.25,0.899821,0.762122,0.305556,17532
2022-10-23 01:00:00,6123,121019,44992.2,5005,0.898079,0.765597,0.349247,17532
2022-10-23 02:00:00,5964,100914,40989.9,4696.17,0.89728,0.766362,0.340178,17532
2022-10-23 03:00:00,5682,89189.7,37068.2,4393.75,0.897383,0.766686,0.324093,17532
2022-10-23 04:00:00,5651,94865.9,38196.6,4613.25,0.897366,0.766714,0.322325,17532
2022-10-23 05:00:00,5968,99446.1,38679.4,4761.08,0.898469,0.765278,0.340406,17532
2022-10-23 06:00:00,5831,105958,38896.2,4679.67,0.897476,0.764775,0.332592,17532
2022-10-23 07:00:00,5861,112675,37588.6,4508.17,0.917356,0.761311,0.334303,17532
2022-10-23 08:00:00,5429,82520,32375,4043.17,0.952947,0.747234,0.309662,17532
2022-10-23 09:00:00,4818,63081,30021,3855.58,0.971752,0.719721,0.274812,17532
2022-10-23 10:00:00,4784,55217.1,26766.6,3518.17,0.999352,0.687164,0.272872,17532
2022-10-23 11:00:00,4482,53591.9,25976.2,3423.25,1.00123,0.683828,0.255647,17532
2022-10-23 12:00:00,4568,67109.6,29277.3,3578.25,0.960998,0.741364,0.260552,17532
2022-10-23 13:00:00,4814,69145.2,30819.7,3561.67,0.957911,0.746137,0.274584,17532
2022-10-23 14:00:00,4184,52433.5,26857.8,3375.83,1.00092,0.692796,0.238649,17532
2022-10-23 15:00:00,4333,46189.7,24922.8,3175.42,1.0021,0.682188,0.247148,17532
2022-10-23 16:00:00,4309,48263.8,24573.7,3192.42,1.0024,0.683708,0.245779,17532
2022-10-23 17:00:00,4181,57302.3,26389.2,3233.17,0.989596,0.697904,0.238478,17532
2022-10-23 18:00:00,4572,55157.6,25976.8,3338.83,0.988076,0.699057,0.26078,17532
2022-10-23 19:00:00,4528,64367.2,28730.9,3659.5,0.970221,0.696683,0.258271,17532
2022-10-23 20:00:00,5044,67826,30635.4,3967.33,0.974212,0.688578,0.287703,17532
2022-10-23 21:00:00,5039,63820.1,30019.6,3988,0.958841,0.685169,0.287417,17532
2022-10-23 22:00:00,5417,66012.1,31377.8,4206.08,0.959032,0.683765,0.308978,17532
2022-10-23 23:00:00,5410,68875.8,31737.9,4235.42,0.938714,0.705052,0.308579,17532
2022-10-24 00:00:00,4351,111983,35967.1,3987.75,0.90115,0.757684,0.248175,17532
2022-10-24 01:00:00,5051,104362,26379.7,2151.83,0.899056,0.764385,0.288102,17532
2022-10-24 02:00:00,5033,90120.1,23848,2066.58,0.899056,0.764385,0.287075,17532
2022-10-24 03:00:00,5104,78041.4,22222.2,1982.92,0.899056,0.764385,0.291125,17532
2022-10-24 04:00:00,4900,74994.5,21035.5,1962.33,0.899056,0.764385,0.279489,17532
2022-10-24 05:00:00,4864,83080.3,38956,2009.25,0.899056,0.764385,0.277436,17532
2022-10-24 06:00:00,5862,114053,41084.1,4826.42,0.898761,0.764392,0.33436,17532
2022-10-24 07:00:00,5556,101442,33400.1,4076.08,0.918404,0.759061,0.316906,17532
2022-10-24 08:00:00,4414,63883.8,25967.2,3148,0.954778,0.746126,0.251768,17532
2022-10-24 09:00:00,4121,52704,26606.7,3053.71,0.97416,0.714462,0.235056,17532
2022-10-24 10:00:00,4053,47315.4,25375,3020.71,0.999866,0.68598,0.231177,17532
2022-10-24 11:00:00,4016,41114.7,21797.7,2972.46,1.00179,0.671191,0.229067,17532
2022-10-24 12:00:00,3978,69717.8,27939.4,3164.25,0.960435,0.74233,0.226899,17532
2022-10-24 13:00:00,4276,73367.8,28884.7,3136.67,0.959245,0.744147,0.243897,17532
2022-10-24 14:00:00,4032,56351.3,25074.4,2922.67,0.999354,0.688489,0.229979,17532
2022-10-24 15:00:00,3907,56717,24095.5,2815.58,1.00152,0.6842,0.22285,17532
2022-10-24 16:00:00,3860,60410.4,24165.8,2824.42,1.00191,0.683409,0.220169,17532
2022-10-24 17:00:00,3842,62746.2,24238.5,2902.83,0.986477,0.699342,0.219142,17532
2022-10-24 18:00:00,4076,60254.9,23513,3093.17,0.986477,0.698853,0.232489,17532
2022-10-24 19:00:00,4317,65957.8,28349.7,3649.58,0.975616,0.687792,0.246235,17532
2022-10-24 20:00:00,5011,68500.4,31388,4088.75,0.97416,0.688666,0.28582,17532
2022-10-24 21:00:00,5199,67167.9,32517.8,4329.92,0.960061,0.684122,0.296543,17532
2022-10-24 22:00:00,5547,68456.9,34883.8,4516.33,0.959131,0.683884,0.316393,17532
2022-10-24 23:00:00,5611,72168.4,35797.2,4681.25,0.939883,0.703131,0.320043,17532
2022-10-25 00:00:00,5812,122698,45408.4,5110.75,0.901459,0.758899,0.331508,17532
2022-10-25 01:00:00,6134,125408,46794.6,5156.08,0.898761,0.764392,0.349875,17532
2022-10-25 02:00:00,6085,103137,45007,5012.17,0.898761,0.764392,0.34708,17532
2022-10-25 03:00:00,5949,95564.3,41998.9,4939.58,0.898761,0.764392,0.339322,17532
2022-10-25 04:00:00,5875,96871.9,40349.6,4926.83,0.898761,0.764392,0.335102,17532
2022-10-25 05:00:00,6084,101244,39424.4,4949.5,0.898761,0.764392,0.347023,17532
2022-10-25 06:00:00,5950,113472,41210.6,4961,0.898761,0.764392,0.339379,17532
2022-10-25 07:00:00,5920,111897,35523.2,4229.58,0.918808,0.758968,0.337668,17532
2022-10-25 08:00:00,4626.5,68890.6,26226.5,3194.5,0.955157,0.745868,0.263889,17532
2022-10-25 09:00:00,4010,55153.6,25173.1,3022.92,0.973476,0.715837,0.228725,17532
2022-10-25 10:00:00,3867,48354.8,23334.6,2897.92,1.0009,0.685277,0.220568,17532
2022-10-25 11:00:00,3836,44501,22992.6,2874.33,1.00179,0.670766,0.2188,17532
2022-10-25 12:00:00,3958,68662.3,28354.1,3072.42,0.960961,0.742133,0.225759,17532
2022-10-25 13:00:00,4110,66200,28155.7,3003.5,0.959245,0.744147,0.234428,17532
2022-10-25 14:00:00,3878,53454,24204.9,2784.58,1.00043,0.685813,0.221196,17532
2022-10-25 15:00:00,3767,52885.3,23637.8,2723.17,1.00191,0.683409,0.214864,17532
2022-10-25 16:00:00,3818.5,56620,23765.4,2710.67,1.00191,0.683409,0.217802,17532
2022-10-25 17:00:00,3678,60712.7,23205.4,2809.83,0.986545,0.699392,0.209788,17532
2022-10-25 18:00:00,3889,59290,23794.5,3042,0.986477,0.698853,0.221823,17532
2022-10-25 19:00:00,4383,62602.5,27694.8,3566.42,0.975709,0.689431,0.25,17532
2022-10-25 20:00:00,4751,63921.1,30128.7,3996.92,0.97416,0.688666,0.27099,17532
2022-10-25 21:00:00,5094,65424.9,31662,4251.5,0.959222,0.683907,0.290554,17532
2022-10-25 22:00:00,5288,67257.1,33328.8,4451.75,0.959131,0.683884,0.30162,17532
2022-10-25 23:00:00,5580,72607.8,34350.7,4629.17,0.939429,0.703585,0.318275,17532
2022-10-26 00:00:00,5752,129587,44976.7,5085.5,0.899375,0.76299,0.328086,17532
2022-10-26 01:00:00,6089,121385,45769.2,5084.08,0.898761,0.764392,0.347308,17532
2022-10-26 02:00:00,6089,106507,43385.7,4958.5,0.898761,0.764392,0.347308,17532
2022-10-26 03:00:00,5908,81635,23530.9,2118.25,0.898761,0.764392,0.336984,17532
2022-10-26 04:00:00,5867,82885.7,22877.9,2133.75,0.898761,0.764392,0.334645,17532
2022-10-26 05:00:00,5897,87037.2,21704.1,2166,0.898761,0.764392,0.336356,17532
2022-10-26 06:00:00,5969,94407.7,22065.4,2186.75,0.898761,0.764392,0.340463,17532
2022-10-26 07:00:00,6064,89892.7,19290.7,1983.75,0.91761,0.759259,0.345882,17532
2022-10-26 08:00:00,5828,58000.6,15914.9,1636.25,0.953203,0.746299,0.332421,17532
2022-10-26 09:00:00,5453,45589.7,16142.6,1589.17,0.973432,0.715917,0.311031,17532
2022-10-26 10:00:00,5330,35940.3,13681.6,1505.25,0.999854,0.685662,0.304016,17532
2022-10-26 11:00:00,5300,31201.7,13418.7,1468.5,1.00125,0.673216,0.302304,17532
2022-10-26 12:00:00,5288.5,56625.1,16713.5,1629.25,0.960205,0.742707,0.301648,17532
2022-10-26 13:00:00,5544,52514.6,16432.1,1507.42,0.959245,0.744147,0.316222,17532
2022-10-26 14:00:00,5314,41483.9,15049.9,1452.67,0.999629,0.686647,0.303103,17532
2022-10-26 15:00:00,5227,43724.5,15054.8,1433.25,1.00162,0.683435,0.298141,17532
2022-10-26 16:00:00,5278,45439.4,15213.4,1430.17,1.00162,0.683435,0.30105,17532
2022-10-26 17:00:00,5429,46787.5,13116.1,1435.5,0.986477,0.701238,0.309662,17532
2022-10-26 18:00:00,5272,44447.2,12178.3,1443.25,0.986477,0.698853,0.300707,17532
2022-10-26 19:00:00,5301.5,48790,13630.6,1550.83,0.973766,0.689454,0.30239,17532
2022-10-26 20:00:00,5427,48692.4,14984.2,1647.08,0.97416,0.688666,0.309548,17532
2022-10-26 21:00:00,5454,45599.6,14624.7,1700.67,0.9605,0.684303,0.311088,17532
2022-10-26 22:00:00,5490,48513.9,14657.7,1776.67,0.959131,0.683884,0.313142,17532
2022-10-26 23:00:00,5598,51652.9,15228.5,1866.5,0.940323,0.702691,0.319302,17532
2022-10-27 00:00:00,5752,106747,25365.3,2258.75,0.901867,0.758287,0.328086,17532
2022-10-27 01:00:00,6076,108792,26881,2281.67,0.898761,0.764392,0.346566,17532
2022-10-27 02:00:00,6018,90593.6,24090.3,2166.25,0.898761,0.764392,0.343258,17532
2022-10-27 03:00:00,5841,80321.8,23054.7,2089.92,0.898761,0.764392,0.333162,17532
2022-10-27 04:00:00,5974,81300,21708.8,2086.5,0.898761,0.764392,0.340748,17532
2022-10-27 05:00:00,6025,85183.4,22355.9,2114.17,0.898761,0.764392,0.343657,17532
2022-10-27 06:00:00,5707,99687.9,24655.3,2599.5,0.898761,0.764392,0.325519,17532
2022-10-27 07:00:00,5626,99193.5,22386.7,2330.25,0.918463,0.759045,0.320899,17532
2022-10-27 08:00:00,5077,62940.2,17815.2,1876.83,0.955658,0.745306,0.289585,17532
2022-10-27 09:00:00,4887,50536.4,17254.1,1799.08,0.973925,0.714933,0.278747,17532
2022-10-27 10:00:00,4795,35653.1,12799.7,1439.33,0.999901,0.687163,0.2735,17532
2022-10-27 11:00:00,4764,30338.4,10765.4,1429.42,1.00139,0.684181,0.271732,17532
2022-10-27 12:00:00,4737,60654.9,18481.7,1712.75,0.960039,0.742558,0.270192,17532
2022-10-27 13:00:00,4871,59236.4,18224.9,1673.83,0.959245,0.744147,0.277835,17532
2022-10-27 14:00:00,4686,43757.1,14607.4,1450.92,1.00037,0.685749,0.267283,17532
2022-10-27 15:00:00,4630,31492.5,11238.7,1048.5,1.00179,0.68339,0.264089,17532
2022-10-27 16:00:00,8529.5,16596.3,6273.02,400.167,1.00191,0.683136,0.48651,17532
2022-10-27 17:00:00,8529.5,16612.6,13819.8,401.583,1.00191,0.683136,0.48651,17532
2022-10-27 18:00:00,4761,47391.6,13754,1624.08,0.986477,0.698853,0.271561,17532
2022-10-27 19:00:00,4738,53995.6,17425.2,1911.92,0.975236,0.687693,0.270249,17532
2022-10-27 20:00:00,5243,49519.8,17356.8,2102.25,0.97416,0.688666,0.299053,17532
2022-10-27 21:00:00,5663,52386.1,18259.7,2270.33,0.960497,0.684272,0.323009,17532
2022-10-27 22:00:00,5440,55438.7,19436.8,2417.5,0.959131,0.683884,0.31029,17532
2022-10-27 23:00:00,5564.5,57110.3,20197.6,2557.67,0.940424,0.70259,0.317391,17532
2022-10-28 00:00:00,5730,112393,28654.5,2954.67,0.901603,0.76155,0.326831,17532
2022-10-28 01:00:00,6105,114159,31673.8,2992.33,0.898761,0.764392,0.34822,17532
2022-10-28 02:00:00,5954,97220.9,29864.1,2888.33,0.898761,0.764319,0.339608,17532
2022-10-28 03:00:00,5957,87834.6,28084,2808.33,0.898761,0.764501,0.339779,17532
2022-10-28 04:00:00,5964,86148.6,27564.1,2780.08,0.898761,0.764501,0.340178,17532
2022-10-28 05:00:00,5961,94343.9,26510.2,2832.42,0.898761,0.764501,0.340007,17532
2022-10-28 06:00:00,5932,101802,26944.8,2840.75,0.898761,0.764501,0.338353,17532
2022-10-28 07:00:00,5788,95134.2,22486.7,2485.17,0.918139,0.759275,0.330139,17532
2022-10-28 08:00:00,5190,61745.8,17925.9,2000.67,0.955974,0.745459,0.29603,17532
2022-10-28 09:00:00,7480,44357.1,18074.2,1826.33,0.973732,0.715253,0.426648,17532
2022-10-28 10:00:00,5334,38404.4,16424,1832.5,0.999507,0.686212,0.304244,17532
2022-10-28 11:00:00,5196,37273.8,16533,1818.58,1.00172,0.670975,0.296372,17532
2022-10-28 12:00:00,5025,67726.2,20376.1,2014.92,0.960707,0.741368,0.286619,17532
2022-10-28 13:00:00,5119,69840.9,22154.6,2011.17,0.959245,0.744075,0.29198,17532
2022-10-28 14:00:00,5142.5,60014.3,19715.8,1882.67,0.999164,0.687227,0.293321,17532
2022-10-28 15:00:00,4960,49618,16003,1801.42,1.00191,0.683063,0.282911,17532
2022-10-28 16:00:00,4900,50139.1,15831.3,1791.08,1.00191,0.683063,0.279489,17532
2022-10-28 17:00:00,4977,56281,17461.4,1851.5,0.986477,0.699689,0.283881,17532
2022-10-28 18:00:00,5059,52979.8,16214.2,1837,0.986477,0.69878,0.288558,17532
2022-10-28 19:00:00,5297,51618.9,16926.4,1991.75,0.978349,0.685959,0.302133,17532
2022-10-28 20:00:00,5157,52869.4,18676.2,2183.17,0.97416,0.688775,0.294148,17532
2022-10-28 21:00:00,5340,52772.6,19543.5,2343.58,0.960949,0.684927,0.304586,17532
2022-10-28 22:00:00,5508,52398.8,20661.3,2464.33,0.959131,0.683993,0.314168,17532
2022-10-28 23:00:00,5807,55318.1,20737.8,2607.5,0.94037,0.702753,0.331223,17532
2022-10-29 00:00:00,5936,107974,29842.6,3040.92,0.900698,0.762564,0.338581,17532
2022-10-29 01:00:00,6198,115107,32020.4,3101.92,0.898761,0.764501,0.353525,17532
2022-10-29 02:00:00,6055,96297.2,28455.4,2980.5,0.898761,0.764501,0.345368,17532
2022-10-29 03:00:00,6250,88321.7,29416.3,2945.75,0.898761,0.764501,0.356491,17532
2022-10-29 04:00:00,6058,91500.8,29793.2,2960.5,0.898761,0.764501,0.34554,17532
2022-10-29 05:00:00,6022,91278.8,26309.1,2951.25,0.898761,0.764501,0.343486,17532
2022-10-29 06:00:00,6238,100587,27404.4,2979.17,0.898761,0.764501,0.355807,17532
2022-10-29 07:00:00,6171,109735,25942.6,2931.75,0.915078,0.760864,0.351985,17532
2022-10-29 08:00:00,5815,79569.6,22986.2,2544.17,0.955486,0.745322,0.331679,17532
2022-10-29 09:00:00,5399,57591.6,20918,2227.42,0.972943,0.716779,0.307951,17532
2022-10-29 10:00:00,5259,47018.1,17520.9,2073.67,0.999665,0.686145,0.299966,17532
2022-10-29 11:00:00,5112,43278.1,16885.2,1982.75,1.00037,0.672307,0.291581,17532
2022-10-29 12:00:00,5160,61876,20786.1,2093.58,0.960516,0.742893,0.294319,17532
2022-10-29 13:00:00,5217,60175.3,20145.7,1995.58,0.959245,0.744075,0.29757,17532
2022-10-29 14:00:00,5235,49963.1,18390.6,1956.08,1.00109,0.684707,0.298597,17532
2022-10-29 15:00:00,4989,47685.9,17605.5,1879.58,1.00191,0.683063,0.284565,17532
2022-10-29 16:00:00,4928,46519.8,17409,1835.83,1.00191,0.683063,0.281086,17532
2022-10-29 17:00:00,4882,51580.7,15984.2,1854.75,0.986477,0.698789,0.278462,17532
2022-10-29 18:00:00,4968,51497.2,16067.4,1904.42,0.986477,0.69878,0.283368,17532
2022-10-29 19:00:00,5048,50232.9,17294.2,2042.58,0.97595,0.687089,0.287931,17532
2022-10-29 20:00:00,5184,49978.8,18673.7,2164.17,0.97416,0.688775,0.295688,17532
2022-10-29 21:00:00,5407,50462.1,18990.1,2269.58,0.959478,0.68408,0.308407,17532
2022-10-29 22:00:00,5677,52262.7,19243,2407.75,0.959131,0.683993,0.323808,17532
2022-10-29 23:00:00,5624,58251.1,20227.9,2552.67,0.942141,0.700982,0.320785,17532
2022-10-30 00:00:00,5881,100666,29915.4,2884.83,0.903274,0.75837,0.335444,17532
2022-10-30 01:00:00,6001,105930,30673.9,2946.67,0.898761,0.764501,0.342288,17532
2022-10-30 02:00:00,5904,89349.8,28675.7,2841.75,0.898761,0.764723,0.336756,17532
2022-10-30 03:00:00,5933,83864.2,27067.4,2796.08,0.898761,0.764723,0.33841,17532
2022-10-30 04:00:00,5809,81520.6,26381.7,2789,0.898761,0.764723,0.331337,17532
2022-10-30 05:00:00,5870,84982.7,25210.8,2798.67,0.898761,0.764723,0.334816,17532
2022-10-30 06:00:00,5987,96130.8,26256.9,2850.08,0.898761,0.764723,0.34149,17532
2022-10-30 07:00:00,5950,108323,25985.2,2872.67,0.918533,0.759399,0.339379,17532
2022-10-30 08:00:00,5797,73169.9,21924.5,2543.33,0.956011,0.745617,0.330653,17532
2022-10-30 09:00:00,5434,52742.7,19502.5,2303.33,0.973917,0.715043,0.309948,17532
2022-10-30 10:00:00,5256,43741.2,16995.5,2119,0.998225,0.686872,0.299795,17532
2022-10-30 11:00:00,5204,44097.6,16101.7,2023.17,1.00053,0.671017,0.296829,17532
2022-10-30 12:00:00,5049,55997.1,19277.3,2101.75,0.961553,0.739627,0.287988,17532
2022-10-30 13:00:00,5188,54476.9,20911.8,2069.5,0.959245,0.744243,0.295916,17532
2022-10-30 14:00:00,5265,45885,17701.6,1982.17,0.999304,0.686417,0.300308,17532
2022-10-30 15:00:00,5059,48020.3,17607.4,1964.75,1.00207,0.682464,0.288558,17532
2022-10-30 16:00:00,5031,49361.5,17396.7,1953.25,1.00207,0.682464,0.286961,17532
2022-10-30 17:00:00,5018,52501.5,17995.2,2006.92,0.987077,0.698043,0.286219,17532
2022-10-30 18:00:00,5355,49117.7,17193.4,2071.08,0.987077,0.698043,0.305441,17532
2022-10-30 19:00:00,5149,53597.6,18609,2214.83,0.973855,0.690242,0.293692,17532
2022-10-30 20:00:00,5314,55095.7,18501.9,2333.67,0.97416,0.688997,0.303103,17532
2022-10-30 21:00:00,5613,53337.7,18678.2,2417.83,0.959766,0.684331,0.320157,17532
2022-10-30 22:00:00,5506,58502.4,20019.4,2532.92,0.959131,0.684214,0.314054,17532
2022-10-30 23:00:00,5603,62709.9,20803.4,2605.08,0.940771,0.702573,0.319587,17532
2022-10-31 00:00:00,5788,100902,29504.3,2929.33,0.902477,0.76017,0.330139,17532
2022-10-31 01:00:00,6043,101442,30947.8,2971.58,0.898761,0.764723,0.344684,17532
2022-10-31 02:00:00,5917,89608.1,28889.8,2890.67,0.898761,0.764723,0.337497,17532
2022-10-31 03:00:00,5891,79958.4,28452,2832.08,0.898761,0.764723,0.336014,17532
2022-10-31 04:00:00,5843,79027.5,27738.3,2821.42,0.898761,0.764723,0.333276,17532
2022-10-31 05:00:00,5925,88296.2,26951.9,2881.58,0.898761,0.764723,0.337953,17532
2022-10-31 06:00:00,5933,95401.9,26104.9,2871.25,0.898761,0.764723,0.33841,17532
2022-10-31 07:00:00,5853,93418.3,24206.2,2544.83,0.917526,0.759558,0.333847,17532
2022-10-31 08:00:00,5241,62394.1,18506.1,2106.5,0.955889,0.745466,0.298939,17532
2022-10-31 09:00:00,5083,47093.4,18511.2,2029.67,0.971924,0.719041,0.289927,17532
2022-10-31 10:00:00,5061,42784.5,18093.7,2016.17,1.00182,0.683445,0.288672,17532
2022-10-31 11:00:00,5027,37650.2,17439.6,1924.92,1.00198,0.670176,0.286733,17532
2022-10-31 12:00:00,5131,67935.2,22342.9,2190.75,0.959418,0.743898,0.292665,17532
2022-10-31 13:00:00,5243,62888.2,21452.5,2103.67,0.959245,0.744243,0.299053,17532
2022-10-31 14:00:00,5098,47569.1,18387.1,1961,0.998296,0.689443,0.290783,17532
2022-10-31 15:00:00,5054,46377.4,18074.5,1925.67,1.00251,0.682326,0.288273,17532
2022-10-31 16:00:00,5016,49357.1,18401.5,1932,1.00251,0.682326,0.286105,17532
2022-10-31 17:00:00,5065,52467.1,18892.7,1975,0.987077,0.698714,0.2889,17532
2022-10-31 18:00:00,5155,51238.3,16198.2,2002.83,0.987077,0.698043,0.294034,17532
2022-10-31 19:00:00,5074,57380.9,18630.6,2257.5,0.973725,0.691613,0.289414,17532
2022-10-31 20:00:00,5571,53302,19355.1,2367.33,0.97416,0.688997,0.317762,17532
2022-10-31 21:00:00,5454,52896.2,18870.1,2418,0.959366,0.684276,0.311088,17532
2022-10-31 22:00:00,5536,54837,20636.4,2496.67,0.959131,0.684214,0.315765,17532
2022-10-31 23:00:00,5566,56957.1,19943.5,2586.08,0.939294,0.704051,0.317477,17532
2022-11-01 00:00:00,2896,100404,27495.2,2661,0.938974,0.704875,0.165184,17532
2022-11-01 01:00:00,3528,103800,29469.7,2711,0.897451,0.764723,0.201232,17532
2022-11-01 02:00:00,3434,93904.3,27777.1,2639.42,0.897342,0.764723,0.19587,17532
2022-11-01 03:00:00,3330,83185.8,26022.7,2565,0.897362,0.764764,0.189938,17532
2022-11-01 04:00:00,3445,82789.9,25175,2560.58,0.897362,0.764764,0.196498,17532
2022-11-01 05:00:00,3308,89213.9,24471.8,2593.17,0.897362,0.764764,0.188684,17532
2022-11-01 06:00:00,3330,98320.9,25082.4,2608.75,0.897362,0.764764,0.189938,17532
2022-11-01 07:00:00,3248,98448.3,22198,2328.92,0.916881,0.759457,0.185261,17532
2022-11-01 08:00:00,2776,62926.2,17048.5,1847.08,0.953127,0.745878,0.158339,17532
2022-11-01 09:00:00,2632,49771.8,17615.9,1765.33,0.972518,0.715084,0.150125,17532
2022-11-01 10:00:00,2479,42130.2,15067.3,1685.08,0.998346,0.685308,0.141399,17532
2022-11-01 11:00:00,2395,37845.6,14703,1626.75,0.999098,0.67195,0.136607,17532
2022-11-01 12:00:00,2378,58517.3,18810.9,1744.75,0.960185,0.739836,0.135638,17532
2022-11-01 13:00:00,2466,60161.4,18848,1711.83,0.957846,0.744285,0.140657,17532
2022-11-01 14:00:00,2322,45487,16287.8,1569.33,0.999074,0.685035,0.132444,17532
2022-11-01 15:00:00,2463,45292.1,16006.1,1529,1.00064,0.682489,0.140486,17532
2022-11-01 16:00:00,2264,49416.5,15987.9,1511.75,1.00064,0.682489,0.129135,17532
2022-11-01 17:00:00,2256,50830.9,14971.8,1495.25,0.985678,0.698584,0.128679,17532
2022-11-01 18:00:00,2210,44432.6,13089.9,1480,0.985678,0.698084,0.126055,17532
2022-11-01 19:00:00,2229,42459.6,12624.9,1557.67,0.974767,0.688286,0.127139,17532
2022-11-01 20:00:00,2470,50440.2,15228.4,1872.75,0.972761,0.689038,0.140885,17532
2022-11-01 21:00:00,2730,54321.9,16758.3,2040.25,0.957732,0.684255,0.155715,17532
2022-11-01 22:00:00,2959,57825.7,17776.5,2182.75,0.957732,0.684255,0.168777,17532
2022-11-01 23:00:00,3041,58627,18140.2,2264.25,0.939792,0.702194,0.173454,17532
2022-11-02 00:00:00,3109,106039,26503.1,2622.5,0.899571,0.762441,0.177333,17532
2022-11-02 01:00:00,3378,108097,29358.4,2659.67,0.897362,0.764764,0.192676,17532
2022-11-02 02:00:00,3439,90577.8,27024.4,2549.25,0.897362,0.764764,0.196156,17532
2022-11-02 03:00:00,3274,79090.9,25511.9,2477.67,0.897362,0.764764,0.186744,17532
2022-11-02 04:00:00,3327,80059.9,24061.5,2471.42,0.897362,0.764764,0.189767,17532
2022-11-02 05:00:00,3283,85214.4,23420.9,2498.67,0.897362,0.764764,0.187258,17532
2022-11-02 06:00:00,3223,94076.4,23854,2510.25,0.897362,0.764764,0.183835,17532
2022-11-02 07:00:00,3127,98235.9,21800.4,2205.92,0.91552,0.759798,0.17836,17532
2022-11-02 08:00:00,2616,67784.5,16354.8,1687.17,0.956318,0.74531,0.149213,17532
2022-11-02 09:00:00,2441,55038.7,16389.9,1631.33,0.972347,0.715428,0.139231,17532
2022-11-02 10:00:00,2461,49927.3,15123.3,1608.92,0.999975,0.684647,0.140372,17532
2022-11-02 11:00:00,2373,48065,15072.5,1605.25,1.00099,0.670982,0.135352,17532
2022-11-02 12:00:00,2387,67780.3,18876.4,1732.75,0.959792,0.74231,0.136151,17532
2022-11-02 13:00:00,2493,58443.7,17509.1,1606.83,0.957846,0.744285,0.142197,17532
2022-11-02 14:00:00,2473,51340.2,16211.8,1585.42,0.999829,0.684413,0.141056,17532
2022-11-02 15:00:00,2286,48247,15501.2,1514.25,1.00112,0.682367,0.13039,17532
2022-11-02 16:00:00,2222,49433.3,15265.5,1476.33,1.00112,0.682367,0.12674,17532
2022-11-02 17:00:00,2180,51544.4,15065.7,1474,0.985678,0.698084,0.124344,17532
2022-11-02 18:00:00,2272,47061.2,13911.7,1494.33,0.985678,0.698084,0.129592,17532
2022-11-02 19:00:00,2307,43408.8,14879.4,1699.33,0.972579,0.689574,0.131588,17532
2022-11-02 20:00:00,2553,50595.1,15503.2,1945.92,0.972761,0.689038,0.145619,17532
2022-11-02 21:00:00,2700,48532.8,17015,2078,0.958159,0.684361,0.154004,17532
2022-11-02 22:00:00,2822,51001.6,17995.5,2183.83,0.957732,0.684255,0.160963,17532
2022-11-02 23:00:00,3143,56487.5,18115.1,2285.33,0.938702,0.703284,0.179272,17532
2022-11-03 00:00:00,3139,107137,42365.1,2708.67,0.902509,0.759047,0.179044,17532
2022-11-03 01:00:00,6186,111738,42015.6,4632,0.896961,0.765653,0.352841,17532
2022-11-03 02:00:00,5840,105506,42976.9,4878.25,0.89749,0.765458,0.333105,17532
2022-11-03 03:00:00,6205,100846,42374.8,4966.5,0.897255,0.766539,0.353924,17532
2022-11-03 04:00:00,5944,100220,41972.6,4918.33,0.897498,0.766274,0.339037,17532
2022-11-03 05:00:00,6193,104336,39165.2,4853.83,0.897277,0.766409,0.35324,17532
2022-11-03 06:00:00,5636,111144,39441.4,4818.58,0.897562,0.765984,0.321469,17532
2022-11-03 07:00:00,5451,108533,34820.8,4199.92,0.91703,0.759137,0.310917,17532
2022-11-03 08:00:00,4612,76870.4,27902.1,3372.42,0.954803,0.748084,0.263062,17532
2022-11-03 09:00:00,4104,58122.9,26101.1,3103.92,0.972359,0.716115,0.234086,17532
2022-11-03 10:00:00,3882,41101.7,20915.1,2686.75,1.00555,0.700195,0.221424,17532
2022-11-03 11:00:00,3955,41392.5,21178.2,2712.83,1.00623,0.69813,0.225588,17532
2022-11-03 12:00:00,3962,75046,27565.2,3022.08,0.959976,0.744336,0.225987,17532
2022-11-03 13:00:00,4073,72501.4,27619.9,3057.92,0.957897,0.744907,0.232318,17532
2022-11-03 14:00:00,4073,51055.5,24094.7,2773.83,1.00391,0.70335,0.232318,17532
2022-11-03 15:00:00,3888,47649.3,23364.8,2686.83,1.015,0.678872,0.221766,17532
2022-11-03 16:00:00,7611,39017.2,18820.4,2572.92,1.00327,0.683407,0.43412,17532
2022-11-03 17:00:00,4105,52316,22623.2,2710.5,0.99142,0.698846,0.234143,17532
2022-11-03 18:00:00,4196,51434.4,23030.9,2953.75,0.988006,0.699661,0.239334,17532
2022-11-03 19:00:00,4247,63949.3,27673.7,3507.08,0.978221,0.686531,0.242243,17532
2022-11-03 20:00:00,5087,68170.7,30539,3959.08,0.973901,0.689302,0.290155,17532
2022-11-03 21:00:00,5272,67596.2,32302,4251.17,0.959187,0.684507,0.300707,17532
2022-11-03 22:00:00,5365,70415.4,33957.4,4474.42,0.958778,0.683362,0.306012,17532
2022-11-03 23:00:00,5906,74547.1,35058.5,4637.25,0.942317,0.701174,0.33687,17532
2022-11-04 00:00:00,5759,123230,44510.2,5034.08,0.901799,0.761543,0.328485,17532
2022-11-04 01:00:00,6044.5,121849,44904.9,5037.5,0.898488,0.764805,0.34477,17532
2022-11-04 02:00:00,5884,112044,45290,5025.25,0.897451,0.76432,0.335615,17532
2022-11-04 03:00:00,5981,100643,41610.1,4979.92,0.897453,0.766677,0.341148,17532
2022-11-04 04:00:00,6033,99519.8,41119,4892.83,0.897433,0.765468,0.344114,17532
2022-11-04 05:00:00,6265,105746,41798.1,5010.08,0.898576,0.765376,0.357347,17532
2022-11-04 06:00:00,5932,112462,40980.3,4937.83,0.897576,0.765687,0.338353,17532
2022-11-04 07:00:00,5824,108677,34884.6,4235.17,0.916823,0.761396,0.332193,17532
2022-11-04 08:00:00,5438,77585.5,28650.6,3516.08,0.95595,0.746449,0.310176,17532
2022-11-04 09:00:00,4555,53367.4,24725.9,2937.5,0.971172,0.717946,0.259811,17532
2022-11-04 10:00:00,4776.5,45424.6,23153,2859.83,1.00601,0.700884,0.272445,17532
2022-11-04 11:00:00,4735,42288.8,22414.6,2755.67,1.00618,0.678652,0.270078,17532
2022-11-04 12:00:00,7159.5,52193.1,26263.5,2707.92,0.98966,0.702407,0.408368,17532
2022-11-04 13:00:00,4377,80575.9,30011.4,3216.42,0.957374,0.745857,0.249658,17532
2022-11-04 14:00:00,4133,54363.1,25850.8,2933.58,1.00173,0.706905,0.23574,17532
2022-11-04 15:00:00,4058,51671.7,24867,2813.25,1.01428,0.678269,0.231462,17532
2022-11-04 16:00:00,3779,46706.5,24229.7,2795.17,1.00315,0.684556,0.215549,17532
2022-11-04 17:00:00,4014,49028,23288.7,2783.33,0.986892,0.702315,0.228953,17532
2022-11-04 18:00:00,3858,52495.4,22951.6,2998.5,0.989356,0.698263,0.220055,17532
2022-11-04 19:00:00,4051,60745.8,26797.9,3464.08,0.975368,0.689578,0.231063,17532
2022-11-04 20:00:00,4809,63349.1,30520.6,3910.42,0.972564,0.691227,0.274298,17532
2022-11-04 21:00:00,5045,67524.8,32420.8,4268.08,0.958297,0.685173,0.28776,17532
2022-11-04 22:00:00,5723,69800,33651.3,4513.5,0.957223,0.686621,0.326432,17532
2022-11-04 23:00:00,5540,72213.2,35111.2,4679.42,0.938206,0.704573,0.315994,17532
2022-11-05 00:00:00,6119,120054,45584.4,5153.42,0.899999,0.7635,0.349019,17532
2022-11-05 01:00:00,6225,122901,46790.6,5213.92,0.897394,0.765233,0.355065,17532
2022-11-05 02:00:00,6071,108046,45220.7,5140.25,0.897394,0.765337,0.346281,17532
2022-11-05 03:00:00,5942,99770,44548,5096.42,0.89745,0.765494,0.338923,17532
2022-11-05 04:00:00,5984,104661,44803.9,5114.67,0.89745,0.765494,0.341319,17532
2022-11-05 05:00:00,6121,108991,42804.9,5134.75,0.89745,0.765494,0.349133,17532
2022-11-05 06:00:00,5991,114008,42304.4,5111,0.89745,0.765494,0.341718,17532
2022-11-05 07:00:00,5926,111130,37976.7,4733.25,0.917032,0.760555,0.33801,17532
2022-11-05 08:00:00,5499,90570.4,34924.2,4400.92,0.955302,0.746238,0.313655,17532
2022-11-05 09:00:00,4998,66288.7,31976.6,3997.08,0.972632,0.715689,0.285079,17532
2022-11-05 10:00:00,4695,54509.1,28356.6,3693.33,0.994496,0.690747,0.267796,17532
2022-11-05 11:00:00,4511,52212.8,27266.8,3558.92,0.998098,0.673481,0.257301,17532
2022-11-05 12:00:00,4533,74755.9,31288.2,3709.08,0.959813,0.741183,0.258556,17532
2022-11-05 13:00:00,4606,76793.3,31536.9,3668.25,0.957925,0.744959,0.26272,17532
2022-11-05 14:00:00,4384,62104.5,27857.5,3433.17,0.998237,0.687217,0.250057,17532
2022-11-05 15:00:00,4256,57934.2,26777.8,3329.33,0.999707,0.68445,0.242756,17532
2022-11-05 16:00:00,4223,59615.2,26507.5,3270.17,0.999707,0.68445,0.240874,17532
2022-11-05 17:00:00,4145,61235.3,26127.1,3281.42,0.984274,0.701449,0.236425,17532
2022-11-05 18:00:00,4210,58660.1,27035.8,3400.75,0.984274,0.700344,0.240132,17532
2022-11-05 19:00:00,4353,56242.7,28600.7,3591.83,0.973082,0.690032,0.248289,17532
2022-11-05 20:00:00,4567,61139,29322.5,3782.92,0.97284,0.689777,0.260495,17532
2022-11-05 21:00:00,4848,61205.5,29241.5,3961.5,0.959308,0.686764,0.276523,17532
2022-11-05 22:00:00,5076,62384.8,31218.5,4188,0.957811,0.684995,0.289528,17532
2022-11-05 23:00:00,5176,68579.2,33104.3,4390.75,0.937974,0.704831,0.295232,17532
2022-11-06 00:00:00,5359,113166,42733.8,4799.92,0.900032,0.762254,0.30567,17532
2022-11-06 01:00:00,5755,116102,43809.3,4883.5,0.89745,0.765494,0.328257,17532
2022-11-06 02:00:00,5716,102191,42572,4817.67,0.89745,0.765494,0.326032,17532
2022-11-06 03:00:00,5653,90742.4,38316.3,4733.92,0.89745,0.765494,0.322439,17532
2022-11-06 04:00:00,5704,94921.5,37607.5,4757.83,0.89745,0.765494,0.325348,17532
2022-11-06 05:00:00,5717,100895,37663.2,4776.83,0.89745,0.765494,0.326089,17532
2022-11-06 06:00:00,5696,111437,40441.9,4816.58,0.89745,0.765494,0.324892,17532
2022-11-06 07:00:00,5667,113251,39175.6,4699.17,0.91759,0.760053,0.323238,17532
2022-11-06 08:00:00,5429,83320.2,34058.4,4265.08,0.952947,0.747234,0.309662,17532
2022-11-06 09:00:00,4918,63578.5,30069.8,3913.92,0.972566,0.715825,0.280516,17532
2022-11-06 10:00:00,4678,54819.9,27262.7,3600.25,0.996359,0.688322,0.266826,17532
2022-11-06 11:00:00,4568,54936.2,26671.2,3501.42,0.997726,0.673662,0.260552,17532
2022-11-06 12:00:00,4335,67057.6,28594.4,3549.75,0.959998,0.74146,0.247262,17532
2022-11-06 13:00:00,4537,73227.2,29781,3589.25,0.957925,0.744959,0.258784,17532
2022-11-06 14:00:00,4561.5,61260,26914,3417.75,0.996803,0.688626,0.260181,17532
2022-11-06 15:00:00,4292,58340.5,26053.5,3348.25,0.999707,0.68445,0.244809,17532
2022-11-06 16:00:00,4376,63891,26543.9,3333.58,0.999707,0.68445,0.249601,17532
2022-11-06 17:00:00,4253,65708.8,27628.5,3381.33,0.984274,0.700516,0.242585,17532
2022-11-06 18:00:00,4380,63561,28712.5,3555.58,0.984274,0.700344,0.249829,17532
2022-11-06 19:00:00,4537,62473.7,30785.4,3761.67,0.974184,0.691876,0.258784,17532
2022-11-06 20:00:00,4739,67094.5,30322,3931.33,0.97284,0.689777,0.270306,17532
2022-11-06 21:00:00,5051,67610.8,30823.5,4070.42,0.958841,0.685214,0.288102,17532
2022-11-06 22:00:00,5070,69540.2,31817.7,4189.67,0.957811,0.684995,0.289185,17532
2022-11-06 23:00:00,5131,66959.7,29193.5,3926.67,0.939073,0.703733,0.292665,17532
2022-11-07 00:00:00,5338,108038,40708.4,4616.33,0.899852,0.762825,0.304472,17532
2022-11-07 01:00:00,5546,105102,41320.4,4626.42,0.89745,0.765494,0.316336,17532
2022-11-07 02:00:00,5481,94925.6,40093.2,4560.08,0.89745,0.765494,0.312628,17532
2022-11-07 03:00:00,5396,86286.7,37747.2,4489.17,0.89745,0.765494,0.30778,17532
2022-11-07 04:00:00,5382,85636.8,35583.5,4472.25,0.89745,0.765494,0.306982,17532
2022-11-07 05:00:00,5414,92232.5,35613.8,4496.58,0.89745,0.765494,0.308807,17532
2022-11-07 06:00:00,5583,104691,37684.2,4486.92,0.89745,0.765494,0.318446,17532
2022-11-07 07:00:00,5191,100002,31390.9,3860.08,0.915688,0.76089,0.296087,17532
2022-11-07 08:00:00,4165,67060.9,25234.9,3076.67,0.951987,0.748064,0.237566,17532
2022-11-07 09:00:00,3944,57465,25944.3,3050.67,0.970205,0.720556,0.22496,17532
2022-11-07 10:00:00,3989,48629.5,23488.6,2990.25,0.996139,0.688828,0.227527,17532
2022-11-07 11:00:00,3958,51997.9,23667.3,3007.75,0.999382,0.671778,0.225759,17532
2022-11-07 12:00:00,4015,71605.2,27775.7,3127.75,0.960335,0.741992,0.22901,17532
2022-11-07 13:00:00,4069,72813.2,27328.8,3067.17,0.957925,0.744959,0.23209,17532
2022-11-07 14:00:00,3889,56655.3,25200.9,2879.58,0.998709,0.68635,0.221823,17532
2022-11-07 15:00:00,3753,55131,23459.3,2782.92,0.999707,0.68445,0.214066,17532
2022-11-07 16:00:00,3720,57873.2,23772.5,2791.17,0.999707,0.68445,0.212183,17532
2022-11-07 17:00:00,3753,53264.4,21889.5,2630.08,0.984274,0.700603,0.214066,17532
2022-11-07 18:00:00,3899,54511.3,23403.8,3013.25,0.984274,0.700344,0.222393,17532
2022-11-07 19:00:00,4277,60050.5,27885.3,3552.75,0.972608,0.693032,0.243954,17532
2022-11-07 20:00:00,4958.5,65060.1,30687.1,4047.33,0.97284,0.689777,0.282826,17532
2022-11-07 21:00:00,5076,68318.4,32686,4295.08,0.959896,0.687028,0.289528,17532
2022-11-07 22:00:00,5262,69471.5,34035.8,4467.17,0.957811,0.684995,0.300137,17532
2022-11-07 23:00:00,5473,69875.8,34800.7,4597.92,0.939593,0.703212,0.312172,17532
2022-11-08 00:00:00,5907,109573,41710.7,4965.08,0.901706,0.760172,0.336927,17532
2022-11-08 01:00:00,5937,115012,44616.8,5037.83,0.89745,0.765494,0.338638,17532
2022-11-08 02:00:00,5913,100559,42358.6,4944.33,0.89745,0.765494,0.337269,17532
2022-11-08 03:00:00,5775,89148.5,40720.6,4854.75,0.89745,0.765494,0.329398,17532
2022-11-08 04:00:00,5772,91924.4,40726.2,4862.17,0.897423,0.765494,0.329227,17532
2022-11-08 05:00:00,5926,95458.3,39787.1,4874.17,0.897423,0.765494,0.33801,17532
2022-11-08 06:00:00,5878,106018,39984.8,4851.08,0.897423,0.765494,0.335273,17532
2022-11-08 07:00:00,5533,101570,33571.1,4108.67,0.917595,0.760035,0.315594,17532
2022-11-08 08:00:00,4288,67938.2,25453.8,3103.17,0.956383,0.745579,0.244581,17532
2022-11-08 09:00:00,3936,58841.4,26212.2,3036.33,0.972385,0.716137,0.224504,17532
2022-11-08 10:00:00,3948,55695,25068.4,2969,0.996518,0.688831,0.225188,17532
2022-11-08 11:00:00,3866,56903,24843.5,2945.08,0.999557,0.671639,0.220511,17532
2022-11-08 12:00:00,3977,76042.8,28231.1,3103.42,0.958095,0.744564,0.226842,17532
2022-11-08 13:00:00,4031,73019.2,27624.1,3039.25,0.957898,0.744959,0.229922,17532
2022-11-08 14:00:00,3926,59077.8,24826.7,2821.42,0.994677,0.689877,0.223933,17532
2022-11-08 15:00:00,3649,50522,20535.5,2658.58,0.999557,0.684573,0.208134,17532
2022-11-08 16:00:00,3563,55004.5,20587.5,2652.17,0.999557,0.684573,0.203228,17532
2022-11-08 17:00:00,3716,59380.2,22712.4,2774,0.984315,0.70108,0.211955,17532
2022-11-08 18:00:00,3769,54465.9,23365,2964.08,0.984247,0.700344,0.214978,17532
2022-11-08 19:00:00,4224,61368.2,28161.2,3577.08,0.97395,0.689842,0.240931,17532
2022-11-08 20:00:00,4749,64517.1,30601.3,3997.5,0.972813,0.689777,0.270876,17532
2022-11-08 21:00:00,5109,67428.6,33286.7,4275.42,0.957784,0.684995,0.29141,17532
2022-11-08 22:00:00,5400,67519,34834.2,4465.58,0.957784,0.684995,0.308008,17532
2022-11-08 23:00:00,5488,73007.6,35304.1,4600.5,0.939515,0.703263,0.313028,17532
2022-11-09 00:00:00,5622,112888,42860.8,4956.92,0.90109,0.758179,0.320671,17532
2022-11-09 01:00:00,5935,115389,44669.1,5009.17,0.897423,0.765494,0.338524,17532
2022-11-09 02:00:00,5864,80954,38270.1,4526.5,0.897423,0.765494,0.334474,17532
2022-11-09 03:00:00,5786,76007.7,36548.5,4307.58,0.897423,0.765494,0.330025,17532
2022-11-09 04:00:00,5785,74128.8,33662.1,4274.33,0.897423,0.765494,0.329968,17532
2022-11-09 05:00:00,5777,77612.5,33786.5,4296.75,0.897423,0.765494,0.329512,17532
2022-11-09 06:00:00,5832,88119.3,36115,4303.42,0.897423,0.765494,0.332649,17532
2022-11-09 07:00:00,5583,82143.3,30014.4,3664.25,0.900647,0.764639,0.318446,17532
2022-11-09 08:00:00,4634,62178.9,25155.8,2934.58,0.933236,0.753899,0.264317,17532
2022-11-09 09:00:00,4324,54963.4,23623.8,2804.5,0.936625,0.748771,0.246635,17532
2022-11-09 10:00:00,4262,52173.5,21409.9,2712.5,0.957396,0.724761,0.243098,17532
2022-11-09 11:00:00,4254,51088.9,20862.2,2661.67,0.958113,0.71475,0.242642,17532
2022-11-09 12:00:00,4389.5,68690.8,26853.1,2802.75,0.935183,0.751486,0.250371,17532
2022-11-09 13:00:00,4178,70149.2,27996.7,2953.83,0.957898,0.744959,0.238307,17532
2022-11-09 14:00:00,3971,56131,23915.8,2722.67,0.996181,0.690781,0.2265,17532
2022-11-09 15:00:00,3795,54735.1,22961.2,2626.83,0.999557,0.684573,0.216461,17532
2022-11-09 16:00:00,3950,59975.5,23396.2,2654.25,0.999557,0.684573,0.225302,17532
2022-11-09 17:00:00,3838,58618.3,22023.8,2647.58,0.984247,0.702738,0.218914,17532
2022-11-09 18:00:00,3963,58836,23293.5,2888.75,0.984247,0.700344,0.226044,17532
2022-11-09 19:00:00,4199,61133.8,27064.7,3362.83,0.974224,0.689219,0.239505,17532
2022-11-09 20:00:00,4721,61776.1,29774.7,3759,0.972813,0.689777,0.269279,17532
2022-11-09 21:00:00,5073,65204.1,31142.7,4035.5,0.958722,0.685276,0.289357,17532
2022-11-09 22:00:00,5235,67214.2,32390.9,4211,0.957784,0.684995,0.298597,17532
2022-11-09 23:00:00,5439,63607.3,30256.6,3999.17,0.939339,0.703439,0.310233,17532
2022-11-10 00:00:00,5759,112036,42210,4749.58,0.900919,0.760715,0.328485,17532
2022-11-10 01:00:00,5951,112855,43785.3,4790,0.897423,0.765494,0.339436,17532
2022-11-10 02:00:00,5897,102329,43266.6,4732.83,0.897423,0.765494,0.336356,17532
2022-11-10 03:00:00,5820,94087.8,40959.4,4677.5,0.897423,0.765494,0.331964,17532
2022-11-10 04:00:00,5809,94151.8,39865.9,4656.58,0.897423,0.765494,0.331337,17532
2022-11-10 05:00:00,5776,98192.5,38152.7,4665,0.897423,0.765494,0.329455,17532
2022-11-10 06:00:00,5817,107994,39190.4,4653.83,0.897423,0.765494,0.331793,17532
2022-11-10 07:00:00,5627,103383,33521,3994.75,0.917793,0.760009,0.320956,17532
2022-11-10 08:00:00,4512,71153.9,26567.8,3178.83,0.951175,0.747372,0.257358,17532
2022-11-10 09:00:00,4228,56092.6,26462.4,3016.58,0.972388,0.716122,0.241159,17532
2022-11-10 10:00:00,4120,48040.7,22768.8,2876.33,0.998701,0.685909,0.234999,17532
2022-11-10 11:00:00,4463,47881.9,22737.6,2849.92,0.999557,0.671919,0.254563,17532
2022-11-10 12:00:00,4147,74840.9,28481.9,3038.33,0.960254,0.741022,0.236539,17532
2022-11-10 13:00:00,4245,69713,28005.8,2974.33,0.957898,0.744959,0.242129,17532
2022-11-10 14:00:00,4077,55067.5,25011.4,2799.5,0.996262,0.689837,0.232546,17532
2022-11-10 15:00:00,3904,51732.8,22817.5,2686.08,0.999557,0.684573,0.222679,17532
2022-11-10 16:00:00,3898,55572.2,22993.8,2675.75,0.999557,0.684573,0.222336,17532
2022-11-10 17:00:00,3923,60325.1,23588.1,2772.33,0.984315,0.700982,0.223762,17532
2022-11-10 18:00:00,4039,59210.3,24168.1,2964.58,0.984247,0.700344,0.230379,17532
2022-11-10 19:00:00,4334,62041.2,28331.1,3490.08,0.973475,0.689115,0.247205,17532
2022-11-10 20:00:00,4866,62903.9,29275.9,3844.83,0.972813,0.689777,0.27755,17532
2022-11-10 21:00:00,5274,63902.3,31100.9,4058.17,0.958139,0.685111,0.300821,17532
2022-11-10 22:00:00,5251,64572,32667.5,4219.42,0.957784,0.684995,0.299509,17532
2022-11-10 23:00:00,5441,65817.4,32711.7,4324.33,0.939528,0.703251,0.310347,17532
2022-11-11 00:00:00,5696,114629,42564.9,4786.33,0.89896,0.763328,0.324892,17532
2022-11-11 01:00:00,6092,117092,44254.5,4841.67,0.897423,0.765494,0.347479,17532
2022-11-11 02:00:00,5958,101262,42201.6,4734,0.897423,0.765494,0.339836,17532
2022-11-11 03:00:00,5832,92517.3,41954.4,4683.58,0.897423,0.765494,0.332649,17532
2022-11-11 04:00:00,6006,96317.4,41280.6,4683.58,0.897423,0.765494,0.342574,17532
2022-11-11 05:00:00,5863,100176,39775.8,4689.33,0.897423,0.765494,0.334417,17532
2022-11-11 06:00:00,5878,109291,39060.3,4681.33,0.897423,0.765494,0.335273,17532
2022-11-11 07:00:00,5797,106024,34244.1,4076,0.917297,0.760111,0.330653,17532
2022-11-11 08:00:00,4632,70512.9,27575.6,3274.33,0.957229,0.745483,0.264203,17532
2022-11-11 09:00:00,4341,56490.3,27596.7,3143.33,0.971373,0.718154,0.247604,17532
2022-11-11 10:00:00,4252,50281.2,24763.2,3026.08,0.995924,0.689118,0.242528,17532
2022-11-11 11:00:00,4180,45417,22287.8,2952.5,0.998139,0.673159,0.238421,17532
2022-11-11 12:00:00,4157,71472.3,28473.8,3126.08,0.958379,0.743996,0.237109,17532
2022-11-11 13:00:00,4484,69693.2,29062,3094.92,0.957898,0.744959,0.255761,17532
2022-11-11 14:00:00,4150,58309.6,26193.2,2950.75,0.998177,0.68719,0.23671,17532
2022-11-11 15:00:00,4089,54784.5,24697.5,2862.17,0.999557,0.684573,0.233231,17532
2022-11-11 16:00:00,4092,56291.6,23894,2837.42,0.999557,0.684573,0.233402,17532
2022-11-11 17:00:00,4098,61045.2,24012,2900.08,0.984247,0.702743,0.233744,17532
2022-11-11 18:00:00,4368,59912.4,24336.1,3018.92,0.984247,0.700344,0.249144,17532
2022-11-11 19:00:00,4312,58803.8,27251.4,3394.33,0.972044,0.692524,0.24595,17532
2022-11-11 20:00:00,4814,63305.1,29602.8,3823.92,0.972813,0.689777,0.274584,17532
2022-11-11 21:00:00,5067,59622.3,29253.5,3899.92,0.958279,0.68519,0.289014,17532
2022-11-11 22:00:00,5437,68116.5,33647.8,4331.17,0.957784,0.684995,0.310119,17532
2022-11-11 23:00:00,5525,71602.4,34360.8,4515.92,0.938206,0.704572,0.315138,17532
2022-11-12 00:00:00,5932,120167,43626.1,4963.17,0.897779,0.763557,0.338353,17532
2022-11-12 01:00:00,6131,119151,45368.9,5006.08,0.897423,0.765494,0.349703,17532
2022-11-12 02:00:00,6142,109282,44865,4951,0.897423,0.765494,0.350331,17532
2022-11-12 03:00:00,6016,98350,42534.1,4880.67,0.897398,0.765458,0.343144,17532
2022-11-12 04:00:00,5945,96092,41052.2,4860.67,0.897398,0.765458,0.339094,17532
2022-11-12 05:00:00,6001,101321,39946.3,4879.42,0.897398,0.765458,0.342288,17532
2022-11-12 06:00:00,6100,110097,41244.9,4896.83,0.897398,0.765458,0.347935,17532
2022-11-12 07:00:00,6009,116596,39215.5,4772,0.917348,0.760106,0.342745,17532
2022-11-12 08:00:00,5602,85022.1,34621.1,4226.92,0.956904,0.745638,0.31953,17532
2022-11-12 09:00:00,5057,62834.4,31780,3695.17,0.971258,0.718349,0.288444,17532
2022-11-12 10:00:00,4726,55083.2,27809.4,3433.75,0.997327,0.687423,0.269564,17532
2022-11-12 11:00:00,4704,54461.5,27200.6,3340.08,0.998889,0.672468,0.268309,17532
2022-11-12 12:00:00,4587,69077.7,29208.4,3476.83,0.961224,0.741522,0.261636,17532
2022-11-12 13:00:00,4794,71741.3,29600.9,3418.83,0.957873,0.74496,0.273443,17532
2022-11-12 14:00:00,4535,58883.9,27200,3225.75,0.994091,0.692314,0.25867,17532
2022-11-12 15:00:00,4318,53790.7,25774.5,3113.67,0.998416,0.685035,0.246292,17532
2022-11-12 16:00:00,4394,55674.5,25469.8,3086.25,0.998416,0.685035,0.250627,17532
2022-11-12 17:00:00,4305,62593.5,25954.5,3153.08,0.984019,0.701008,0.245551,17532
2022-11-12 18:00:00,4564,57274.2,25361.6,3248.83,0.984019,0.700547,0.260324,17532
2022-11-12 19:00:00,4627,61952,27936.7,3528.83,0.973067,0.691169,0.263917,17532
2022-11-12 20:00:00,4744,63745.8,29458.6,3729.42,0.972538,0.689804,0.270591,17532
2022-11-12 21:00:00,5141,64332.1,30942.3,3928.25,0.957509,0.685021,0.293235,17532
2022-11-12 22:00:00,5145,64243.7,31024.9,4096.67,0.957509,0.685021,0.293463,17532
2022-11-12 23:00:00,5341,69424.4,32711.7,4292.17,0.939731,0.702799,0.304643,17532
2022-11-13 00:00:00,5552,116109,41573.9,4715.33,0.902535,0.759282,0.316678,17532
2022-11-13 01:00:00,6137,118270,43086.4,4771.67,0.897398,0.765458,0.350046,17532
2022-11-13 02:00:00,5876,106025,41915.3,4723.83,0.897398,0.766826,0.335159,17532
2022-11-13 03:00:00,5807,97062.9,39233.6,4639.17,0.897398,0.766826,0.331223,17532
2022-11-13 04:00:00,5835,99374.4,39577.3,4658.92,0.897398,0.766826,0.33282,17532
2022-11-13 05:00:00,5987,98679.4,37238.8,4641.5,0.897398,0.766826,0.34149,17532
2022-11-13 06:00:00,5927,110886,39250.2,4687.92,0.897398,0.766826,0.338068,17532
2022-11-13 07:00:00,5887,116670,37880.9,4594,0.917482,0.761445,0.335786,17532
2022-11-13 08:00:00,5581,87249.9,35321.5,4184.5,0.950532,0.749543,0.318332,17532
2022-11-13 09:00:00,5132,60341.7,29559.1,3711.08,0.972017,0.718183,0.292722,17532
2022-11-13 10:00:00,4707,51185.5,26797,3437.75,0.998215,0.687733,0.26848,17532
2022-11-13 11:00:00,4518,52260.6,26123.4,3343.83,0.99933,0.673123,0.2577,17532
2022-11-13 12:00:00,4595,65887.2,27815.7,3437.33,0.963103,0.739762,0.262092,17532
2022-11-13 13:00:00,4624,62290.1,28158.5,3412,0.957873,0.746327,0.263746,17532
2022-11-13 14:00:00,4638,53275.6,26333.3,3320.67,0.998403,0.687996,0.264545,17532
2022-11-13 15:00:00,4537,54648.3,25226.1,3251.5,0.99933,0.686143,0.258784,17532
2022-11-13 16:00:00,4588,60470.5,25862.1,3259.5,0.99933,0.686143,0.261693,17532
2022-11-13 17:00:00,4521,66152,27207.7,3326,0.984201,0.702606,0.257871,17532
2022-11-13 18:00:00,4542,64132.2,27823.7,3460.42,0.984201,0.701551,0.259069,17532
2022-11-13 19:00:00,4679,67617.5,31045.1,3740.92,0.970221,0.696683,0.266883,17532
2022-11-13 20:00:00,5041,68476.5,30769.7,3910.25,0.972357,0.691353,0.287531,17532
2022-11-13 21:00:00,5175,66422,30643.7,4077,0.957766,0.686738,0.295175,17532
2022-11-13 22:00:00,5357,67479,31435.5,4245.58,0.957509,0.686674,0.305556,17532
2022-11-13 23:00:00,5562,64332.9,29556.5,4010.33,0.939297,0.704887,0.317248,17532
2022-11-14 00:00:00,5670.5,117676,42411.8,4770.5,0.899906,0.763997,0.323437,17532
2022-11-14 01:00:00,5981,121319,44520.5,4839.33,0.897398,0.766826,0.341148,17532
2022-11-14 02:00:00,5958,105443,41971.5,4740,0.897398,0.766826,0.339836,17532
2022-11-14 03:00:00,5899,98129.9,40874.8,4678.42,0.897398,0.766826,0.33647,17532
2022-11-14 04:00:00,5816,98957.9,40395.8,4675.5,0.897398,0.766826,0.331736,17532
2022-11-14 05:00:00,5958,103174,38049.3,4682.75,0.897398,0.766826,0.339836,17532
2022-11-14 06:00:00,5852,111204,39338.5,4670.33,0.897398,0.766826,0.33379,17532
2022-11-14 07:00:00,5627,102784,33257,3965.67,0.913913,0.76327,0.320956,17532
2022-11-14 08:00:00,4561,73538.1,27688.8,3247.75,0.953727,0.748138,0.260153,17532
2022-11-14 09:00:00,4462,57553.4,28053.9,3219.5,0.971872,0.718479,0.254506,17532
2022-11-14 10:00:00,4412,50971.7,25320,3140,0.998934,0.686934,0.251654,17532
2022-11-14 11:00:00,4289,47834.6,25090.2,3128.17,0.99933,0.673613,0.244638,17532
2022-11-14 12:00:00,4381,78591.6,29860,3334,0.959719,0.743596,0.249886,17532
2022-11-14 13:00:00,4505,72022,28315.3,3238.25,0.957873,0.746327,0.256959,17532
2022-11-14 14:00:00,4369,58675,24818.2,3023.67,0.994785,0.691909,0.249201,17532
2022-11-14 15:00:00,4142,54154.5,22891.9,2908.25,0.99933,0.686143,0.236254,17532
2022-11-14 16:00:00,4025,58984,22962.7,2877.25,0.99933,0.686143,0.22958,17532
2022-11-14 17:00:00,4065,64660.9,24294.4,2953.25,0.984201,0.702918,0.231862,17532
2022-11-14 18:00:00,4371,63533,24509.7,3177.08,0.984201,0.701551,0.249316,17532
2022-11-14 19:00:00,4483,66669.3,28935.6,3634.75,0.973384,0.691275,0.255704,17532
2022-11-14 20:00:00,5095,65943.3,29915.1,3936.92,0.972357,0.691353,0.290611,17532
2022-11-14 21:00:00,5380,66954.1,30748,4116.33,0.958397,0.687408,0.306867,17532
2022-11-14 22:00:00,5564,66532.6,31583,4281.5,0.957509,0.686674,0.317363,17532
2022-11-14 23:00:00,5840,72654.5,33032.3,4429.58,0.938881,0.705303,0.333105,17532
2022-11-15 00:00:00,5973,120686,42074,4832.83,0.899182,0.764509,0.340691,17532
2022-11-15 01:00:00,6091,118771,44815,4887.75,0.897398,0.766826,0.347422,17532
2022-11-15 02:00:00,5966,102082,42860.5,4775.33,0.897371,0.766853,0.340292,17532
2022-11-15 03:00:00,6043,94687.4,41422.8,4713.17,0.897371,0.766853,0.344684,17532
2022-11-15 04:00:00,5900,96786.6,41298.9,4722.33,0.897371,0.766853,0.336527,17532
2022-11-15 05:00:00,6019,98569.2,38852.3,4720.58,0.897371,0.766853,0.343315,17532
2022-11-15 06:00:00,5950,110126,39553.3,4703.17,0.897371,0.766853,0.339379,17532
2022-11-15 07:00:00,5692,102439,33646.1,4038.83,0.917321,0.7615,0.324663,17532
2022-11-15 08:00:00,4588,67032.6,26443.4,3190.08,0.955821,0.747392,0.261693,17532
2022-11-15 09:00:00,4260,51227.7,25650.5,3001.42,0.971596,0.71902,0.242984,17532
2022-11-15 10:00:00,4151,47495.5,23026,2890.12,0.993941,0.692165,0.236767,17532
2022-11-15 11:00:00,3981,45999.2,22396.6,2841,0.99751,0.674235,0.22707,17532
2022-11-15 12:00:00,4129,73535.3,28210.7,3040.17,0.959027,0.744168,0.235512,17532
2022-11-15 13:00:00,4411,69699.5,28183.8,2984.67,0.957852,0.746355,0.251597,17532
2022-11-15 14:00:00,4145,52302.2,24845.2,2763.08,0.996693,0.691094,0.236425,17532
2022-11-15 15:00:00,3952,49954.9,23203.2,2688.33,0.999309,0.686172,0.225416,17532
2022-11-15 16:00:00,3883,54498.4,23199.3,2687.83,0.999309,0.686172,0.221481,17532
2022-11-15 17:00:00,3951,54495.5,22102.8,2733.33,0.98418,0.701847,0.225359,17532
2022-11-15 18:00:00,4102,51154.7,22820.9,2909.42,0.98418,0.701579,0.233972,17532
2022-11-15 19:00:00,4498,61127.8,27287.2,3446.33,0.976031,0.688441,0.256559,17532
2022-11-15 20:00:00,4954,66761.7,29780.1,3826.5,0.972335,0.691374,0.282569,17532
2022-11-15 21:00:00,5268,67212.5,30712,4045.92,0.957488,0.686696,0.300479,17532
2022-11-15 22:00:00,5369,66414,31477.8,4257,0.957488,0.686696,0.30624,17532
2022-11-15 23:00:00,5702,73472.5,33286.4,4448.25,0.9393,0.704884,0.325234,17532
2022-11-16 00:00:00,5657,123551,42675.8,4873.92,0.89903,0.763994,0.322667,17532
2022-11-16 01:00:00,6112,125542,44851.1,4912.42,0.897371,0.766853,0.34862,17532
2022-11-16 02:00:00,5993,110299,43311.7,4833.83,0.897371,0.766731,0.341832,17532
2022-11-16 03:00:00,5940,99752.4,41614.4,4753.42,0.897444,0.766659,0.338809,17532
2022-11-16 04:00:00,5865,101068,41663.6,4744.25,0.897444,0.766659,0.334531,17532
2022-11-16 05:00:00,5892,103802,40042.4,4755.83,0.897444,0.766659,0.336071,17532
2022-11-16 06:00:00,6001,113064,40256.1,4727.83,0.897444,0.766659,0.342288,17532
2022-11-16 07:00:00,5554,103143,33481.8,4001.83,0.916513,0.761467,0.316792,17532
2022-11-16 08:00:00,4487,69830.1,26856.8,3173.42,0.956396,0.746695,0.255932,17532
2022-11-16 09:00:00,4206,54089.6,25594.1,3024.67,0.97137,0.719523,0.239904,17532
2022-11-16 10:00:00,4069,48574.1,23147.4,2899.42,0.996462,0.690916,0.23209,17532
2022-11-16 11:00:00,3973,42241,22512.5,2841.58,0.999686,0.67393,0.226614,17532
2022-11-16 12:00:00,4063,63672.9,26487.6,2980.42,0.961259,0.742506,0.231748,17532
2022-11-16 13:00:00,4288,67154.9,26770.8,2958.75,0.957925,0.746259,0.244581,17532
2022-11-16 14:00:00,4029,55652.5,24161.8,2748.5,0.999307,0.688221,0.229808,17532
2022-11-16 15:00:00,3800,50484.2,22714,2648,1.00006,0.686718,0.216747,17532
2022-11-16 16:00:00,3854,52654.4,22437.2,2633.17,1.00013,0.686581,0.219827,17532
2022-11-16 17:00:00,3777,55976,22611.8,2728.17,0.984998,0.703195,0.215435,17532
2022-11-16 18:00:00,3890,55322.4,22841.6,2904.92,0.984998,0.701989,0.22188,17532
2022-11-16 19:00:00,4351,61486.7,27845.6,3430.92,0.974233,0.690762,0.248175,17532
2022-11-16 20:00:00,4928,64427.8,29821.5,3878.08,0.972408,0.69118,0.281086,17532
2022-11-16 21:00:00,5137,62273.3,31155.1,4119.17,0.957985,0.686611,0.293007,17532
2022-11-16 22:00:00,5323.5,64103.9,31857.5,4309.75,0.957561,0.686501,0.303645,17532
2022-11-16 23:00:00,5579.5,68832,32952,4481.5,0.938548,0.705514,0.318247,17532
2022-11-17 00:00:00,8965,117855,39940.1,4552.42,0.93801,0.706052,0.511351,17532
2022-11-17 01:00:00,6100.5,124346,45402.2,4975.75,0.897444,0.766659,0.347964,17532
2022-11-17 02:00:00,6028.5,108694,42976.2,4868.42,0.897444,0.766659,0.343857,17532
2022-11-17 03:00:00,5950,106658,42426.1,4856.92,0.897444,0.766659,0.339379,17532
2022-11-17 04:00:00,6029,107457,42357.7,4840.83,0.897444,0.766659,0.343885,17532
2022-11-17 05:00:00,6066,109367,40653,4840.25,0.897444,0.766659,0.345996,17532
2022-11-17 06:00:00,5982,117018,40527,4803,0.897444,0.766659,0.341205,17532
2022-11-17 07:00:00,5686,106800,34070.9,4121.25,0.916175,0.761989,0.324321,17532
2022-11-17 08:00:00,4595,71332.3,26867.9,3247.08,0.952854,0.748574,0.262092,17532
2022-11-17 09:00:00,4306,56589.1,26153,3022.17,0.972415,0.717422,0.245608,17532
2022-11-17 10:00:00,4006,45633.1,22024.7,2815,0.998839,0.688218,0.228496,17532
2022-11-17 11:00:00,3975,44007,21383.8,2742.17,0.999731,0.674102,0.226728,17532
2022-11-17 12:00:00,3912,65692.8,26507.6,2871.17,0.961274,0.740401,0.223135,17532
2022-11-17 13:00:00,4119,74779.9,26983.3,2892.67,0.957925,0.746259,0.234942,17532
2022-11-17 14:00:00,3881.5,57925.8,24096.5,2711.58,0.99853,0.68893,0.221395,17532
2022-11-17 15:00:00,4065,53621.5,22506.9,2620.92,1.00006,0.68665,0.231862,17532
2022-11-17 16:00:00,3748,56630.4,22270,2622.17,1.00006,0.68665,0.213781,17532
2022-11-17 17:00:00,3903,58605.3,21873.5,2660.25,0.984998,0.702716,0.222621,17532
2022-11-17 18:00:00,3922,58612.8,23044.4,2914.5,0.984998,0.701989,0.223705,17532
2022-11-17 19:00:00,4244.5,57371.8,26735.5,3394,0.975205,0.689875,0.2421,17532
2022-11-17 20:00:00,4782,64388.2,29602.9,3821.17,0.972408,0.69118,0.272758,17532
2022-11-17 21:00:00,5208,67799,31098.7,4089.67,0.958815,0.687725,0.297057,17532
2022-11-17 22:00:00,5397,68563.4,33148.4,4311.17,0.957561,0.686501,0.307837,17532
2022-11-17 23:00:00,5541,58301.1,29076.2,3867.83,0.939323,0.704739,0.316051,17532
2022-11-18 00:00:00,6444.5,123926,45114.9,5076.08,0.901105,0.761882,0.367585,17532
2022-11-18 01:00:00,6149,124905,46132,5139.17,0.897443,0.766659,0.35073,17532
2022-11-18 02:00:00,5993,109106,44818.6,5032.75,0.897443,0.766659,0.341832,17532
2022-11-18 03:00:00,6001,103665,43048.8,4992,0.897443,0.766659,0.342288,17532
2022-11-18 04:00:00,5966,104816,41949.2,4981.08,0.897443,0.766659,0.340292,17532
2022-11-18 05:00:00,5902,108423,40808.1,4998.67,0.897443,0.766659,0.336642,17532
2022-11-18 06:00:00,5934,118651,41916.5,4994.92,0.897443,0.766659,0.338467,17532
2022-11-18 07:00:00,5757,110415,34855.9,4273.67,0.916989,0.76138,0.328371,17532
2022-11-18 08:00:00,4533,72995.8,27518.2,3380.58,0.955158,0.747994,0.258556,17532
2022-11-18 09:00:00,4214,57235.7,27330.5,3156.67,0.972048,0.718163,0.24036,17532
2022-11-18 10:00:00,4095,51524.8,25200.8,3110.5,0.99897,0.68892,0.233573,17532
2022-11-18 11:00:00,4019,50349,24902.4,3067.67,1.00168,0.67238,0.229238,17532
2022-11-18 12:00:00,4072,72951.2,29318.7,3204.75,0.961374,0.740216,0.232261,17532
2022-11-18 13:00:00,4231,75998.1,29836.3,3190,0.957924,0.74626,0.24133,17532
2022-11-18 14:00:00,4044,61046.1,27131.7,3006.67,0.996707,0.692055,0.230664,17532
2022-11-18 15:00:00,3965,55264.5,24869.4,2855,1.00101,0.685229,0.226158,17532
2022-11-18 16:00:00,3748,57424.7,24483.4,2816.08,1.00101,0.685229,0.213781,17532
2022-11-18 17:00:00,3759,59774.7,23574.6,2888.42,0.985946,0.70106,0.214408,17532
2022-11-18 18:00:00,3904,56048,22956.9,2991.83,0.985946,0.700568,0.222679,17532
2022-11-18 19:00:00,4154,58293.7,26809.3,3446.58,0.97512,0.689278,0.236938,17532
2022-11-18 20:00:00,4784,63378,31041.4,3994.5,0.972657,0.691118,0.272872,17532
2022-11-18 21:00:00,5016,65531.1,32960.6,4290.67,0.959767,0.686969,0.286105,17532
2022-11-18 22:00:00,5362,69993.9,33985.5,4563.75,0.95781,0.68644,0.305841,17532
2022-11-18 23:00:00,5591,70316.3,35618.3,4798.5,0.938841,0.705409,0.318903,17532
2022-11-19 00:00:00,6019,122152,45622.9,5272.92,0.901812,0.76229,0.343315,17532
2022-11-19 01:00:00,6299,131719,48246.5,5408.67,0.897443,0.766659,0.359286,17532
2022-11-19 02:00:00,6263,118944,47362.9,5332.83,0.897443,0.766659,0.357232,17532
2022-11-19 03:00:00,6205,103456,46544.4,5248.92,0.897443,0.766659,0.353924,17532
2022-11-19 04:00:00,6180,106703,45892.5,5238.58,0.897443,0.766659,0.352498,17532
2022-11-19 05:00:00,6148,107130,43850.3,5228.75,0.897443,0.766659,0.350673,17532
2022-11-19 06:00:00,6243,114332,43892.9,5251,0.897443,0.766659,0.356092,17532
2022-11-19 07:00:00,6120,112887,40873.2,5023.08,0.916303,0.761533,0.349076,17532
2022-11-19 08:00:00,5679.5,85243.3,35116.6,4415.83,0.95588,0.747552,0.32395,17532
2022-11-19 09:00:00,5110,60637.6,30673.2,3791.17,0.972068,0.717999,0.291467,17532
2022-11-19 10:00:00,4712,54558.9,28092.5,3621.42,0.999624,0.688228,0.268766,17532
2022-11-19 11:00:00,4442,52933.3,27604.2,3533.83,1.00153,0.672931,0.253365,17532
2022-11-19 12:00:00,4479,73056.9,31689.1,3650.92,0.958318,0.745357,0.255476,17532
2022-11-19 13:00:00,4690,71490.2,32536.1,3620.92,0.957838,0.746317,0.267511,17532
2022-11-19 14:00:00,4442,59053.1,28428.4,3399.83,0.999922,0.687569,0.253365,17532
2022-11-19 15:00:00,4290,54706.7,26403.4,3238,1.00119,0.685254,0.244695,17532
2022-11-19 16:00:00,4309,57135.2,26404.8,3218.75,1.00119,0.685254,0.245779,17532
2022-11-19 17:00:00,4375,60661.3,26461,3268.17,0.986129,0.701312,0.249544,17532
2022-11-19 18:00:00,4245,58800.1,25632.6,3376.83,0.986129,0.700621,0.242129,17532
2022-11-19 19:00:00,4417,62463,27285.6,3629.25,0.974885,0.691663,0.251939,17532
2022-11-19 20:00:00,4767,61753.2,28812.2,3847.67,0.972571,0.691204,0.271903,17532
2022-11-19 21:00:00,5018,62068.5,30778.9,4077.17,0.959312,0.688348,0.286219,17532
2022-11-19 22:00:00,5218,60644.6,31880.9,4308.58,0.957724,0.686526,0.297627,17532
2022-11-19 23:00:00,5409,64857.6,33723.6,4513.83,0.939548,0.704702,0.308522,17532
2022-11-20 00:00:00,5670,117141,43654.7,4977.25,0.899683,0.764161,0.323409,17532
2022-11-20 01:00:00,6110,119395,45171.1,5051.75,0.897443,0.766659,0.348506,17532
2022-11-20 02:00:00,6037,104399,44226.1,4965.5,0.897443,0.766659,0.344342,17532
2022-11-20 03:00:00,5907,100131,42761.7,4934.25,0.897443,0.766659,0.336927,17532
2022-11-20 04:00:00,6007,97722.9,40126.9,4899.5,0.897443,0.766659,0.342631,17532
2022-11-20 05:00:00,5839,99745.6,39388,4902.33,0.897443,0.766659,0.333048,17532
2022-11-20 06:00:00,6007,110536,41087.1,4949.83,0.897443,0.766659,0.342631,17532
2022-11-20 07:00:00,5853,114883,38903.2,4835.25,0.916063,0.762,0.333847,17532
2022-11-20 08:00:00,5597,88335.7,35147.5,4370.92,0.949513,0.750495,0.319245,17532
2022-11-20 09:00:00,5065,66729.5,30657.6,3964.17,0.970702,0.720734,0.2889,17532
2022-11-20 10:00:00,4731,55367.1,27315,3635.33,0.999656,0.687533,0.269849,17532
2022-11-20 11:00:00,4550.5,50515.4,25984.9,3430.33,1.00153,0.672339,0.259554,17532
2022-11-20 12:00:00,4463.5,62663.1,29269.3,3593.75,0.961006,0.740556,0.254592,17532
2022-11-20 13:00:00,4774,67237,31012.5,3640.42,0.957838,0.746317,0.272302,17532
2022-11-20 14:00:00,4554,57293.1,27297.2,3449.67,0.996553,0.693323,0.259754,17532
2022-11-20 15:00:00,4409,59235.6,26666.7,3380.75,1.00119,0.685254,0.251483,17532
2022-11-20 16:00:00,4391,61791.2,26896.2,3386.92,1.00119,0.685254,0.250456,17532
2022-11-20 17:00:00,4514,64802,28682.4,3455.5,0.986456,0.700492,0.257472,17532
2022-11-20 18:00:00,4606,63706.5,28592.3,3602.92,0.986129,0.700621,0.26272,17532
2022-11-20 19:00:00,4821,65947.2,31227,3869.92,0.974415,0.692015,0.274983,17532
2022-11-20 20:00:00,5096,65806.1,31855.3,4082.42,0.972571,0.691204,0.290668,17532
2022-11-20 21:00:00,5105,64378.6,31899,4218.42,0.957724,0.686526,0.291182,17532
2022-11-20 22:00:00,5315,65722,32704.4,4393.75,0.957724,0.686526,0.30316,17532
2022-11-20 23:00:00,5540,69320.1,33490.9,4501.75,0.9383,0.705949,0.315994,17532
2022-11-21 00:00:00,5835,114123,42513.8,4907.5,0.901782,0.76163,0.33282,17532
2022-11-21 01:00:00,5939,113052,44753.2,4950,0.897443,0.766659,0.338752,17532
2022-11-21 02:00:00,5907,98402.3,42917.5,4857.17,0.897443,0.766659,0.336927,17532
2022-11-21 03:00:00,5804,93693.8,42429,4832,0.897443,0.766659,0.331052,17532
2022-11-21 04:00:00,5819.5,94080.1,40108.7,4837.83,0.897443,0.766659,0.331936,17532
2022-11-21 05:00:00,5870,95793.3,38530.8,4827.08,0.897443,0.766659,0.334816,17532
2022-11-21 06:00:00,5859,105538,39927.8,4810.33,0.897443,0.766659,0.334189,17532
2022-11-21 07:00:00,5591,96702.3,34513.8,4089.42,0.916831,0.761477,0.318903,17532
2022-11-21 08:00:00,4557,70866.7,28627.1,3391.75,0.95511,0.747925,0.259925,17532
2022-11-21 09:00:00,4344,56935.9,28359.8,3329.83,0.972571,0.716996,0.247775,17532
2022-11-21 10:00:00,4349,52527.6,26112.7,3221.33,0.999923,0.686847,0.248061,17532
2022-11-21 11:00:00,4238,48532.1,25236.2,3097.08,1.00086,0.674241,0.241729,17532
2022-11-21 12:00:00,4248,74945,31199.2,3389.92,0.961484,0.74174,0.2423,17532
2022-11-21 13:00:00,4432,73936.1,30707.2,3313.83,0.957838,0.746317,0.252795,17532
2022-11-21 14:00:00,4229,57250.1,26704.6,3083,0.999431,0.687673,0.241216,17532
2022-11-21 15:00:00,4104,55207.8,24499.9,2877.75,1.00119,0.685254,0.234086,17532
2022-11-21 16:00:00,4018,56447.8,25148.8,2953,1.00119,0.685254,0.229181,17532
2022-11-21 17:00:00,3972,54626.7,23995.2,2875.92,0.986129,0.701618,0.226557,17532
2022-11-21 18:00:00,3963,53191.3,23867,3093.92,0.986129,0.700621,0.226044,17532
2022-11-21 19:00:00,4456,59475.9,28390,3658.83,0.975262,0.688513,0.254164,17532
2022-11-21 20:00:00,5010,65412.5,31525,4110.17,0.972571,0.691204,0.285763,17532
2022-11-21 21:00:00,5276,68155.7,32822,4341,0.958421,0.686701,0.300935,17532
2022-11-21 22:00:00,5436,67416.4,33302.7,4470.83,0.957724,0.686526,0.310062,17532
2022-11-21 23:00:00,5583.5,67295,34596.6,4605.17,0.943293,0.700957,0.318475,17532
2022-11-22 00:00:00,5724,113770,44382.3,5052.58,0.904494,0.758091,0.326489,17532
2022-11-22 01:00:00,6252,117034,46518.3,5113.33,0.897443,0.766659,0.356605,17532
2022-11-22 02:00:00,6049,103882,44335.6,5017,0.897443,0.766659,0.345026,17532
2022-11-22 03:00:00,5946,98081,44078.7,4987.17,0.897443,0.766659,0.339151,17532
2022-11-22 04:00:00,5952,97952.8,43621.9,4968.67,0.897443,0.766659,0.339493,17532
2022-11-22 05:00:00,6077,96922.5,39909.2,4941.67,0.897443,0.766659,0.346623,17532
2022-11-22 06:00:00,6074,108727,40986.8,4940.33,0.897443,0.766659,0.346452,17532
2022-11-22 07:00:00,5759,100363,33948.8,4211.92,0.912211,0.76342,0.328485,17532
2022-11-22 08:00:00,4441,71718.4,27207.8,3280.42,0.955107,0.74743,0.253308,17532
2022-11-22 09:00:00,4150,59940,26852.2,3126.5,0.971783,0.718491,0.23671,17532
2022-11-22 10:00:00,4012,51235,24396.9,2993,0.999373,0.688033,0.228839,17532
2022-11-22 11:00:00,3926,48740,23951.3,2961,1.00119,0.672179,0.223933,17532
2022-11-22 12:00:00,4122,76480.9,29175.3,3175.83,0.958698,0.744999,0.235113,17532
2022-11-22 13:00:00,4209,72532.4,29316.4,3133.67,0.957759,0.746396,0.240075,17532
2022-11-22 14:00:00,3976,52320.9,24325.6,2870.5,0.998291,0.690063,0.226785,17532
2022-11-22 15:00:00,3919.5,48668.2,22368.2,2721,1.00153,0.685154,0.223563,17532
2022-11-22 16:00:00,3772,49851.6,22538.2,2743.17,1.00153,0.685154,0.215149,17532
2022-11-22 17:00:00,3998,46115,21362.9,2619.75,0.986465,0.700798,0.22804,17532
2022-11-22 18:00:00,3806,50499.5,23709,3020.92,0.986465,0.700521,0.217089,17532
2022-11-22 19:00:00,4187,60670.3,28580.5,3619.58,0.971158,0.693951,0.23882,17532
2022-11-22 20:00:00,4909,67040.5,31619.4,4048.5,0.972492,0.691283,0.280002,17532
2022-11-22 21:00:00,5166.5,64713.1,31627,4257,0.958756,0.68688,0.29469,17532
2022-11-22 22:00:00,5356,63463.7,32521.4,4402.5,0.957645,0.686605,0.305499,17532
2022-11-22 23:00:00,5487,60109.8,31279.9,4145,0.941727,0.702522,0.312971,17532
2022-11-23 00:00:00,5595,114226,43619.3,4939.67,0.899593,0.764395,0.319131,17532
2022-11-23 01:00:00,6082,117037,45916.4,5019.08,0.897443,0.766659,0.346909,17532
2022-11-23 02:00:00,5968,100175,43370.1,4907.25,0.897443,0.766686,0.340406,17532
2022-11-23 03:00:00,5858,92536.2,42184.3,4838.58,0.897443,0.766686,0.334132,17532
2022-11-23 04:00:00,5860,92430.1,40568.3,4819.75,0.897443,0.766686,0.334246,17532
2022-11-23 05:00:00,5811,92319.3,38844.6,4825.75,0.897443,0.766686,0.331451,17532
2022-11-23 06:00:00,6004,107712,40869.2,4851.83,0.897443,0.766686,0.342459,17532
2022-11-23 07:00:00,5601,97979.7,33785.4,4076.75,0.917006,0.761392,0.319473,17532
2022-11-23 08:00:00,4520,70755,27110.9,3231.25,0.956258,0.747112,0.257814,17532
2022-11-23 09:00:00,4118,58958.4,25230.8,3017.5,0.972492,0.717065,0.234885,17532
2022-11-23 10:00:00,4133,49716.4,23422.6,2937.5,0.999118,0.687122,0.23574,17532
2022-11-23 11:00:00,3910,47558.7,22418.3,2821.83,0.99972,0.673281,0.223021,17532
2022-11-23 12:00:00,4022,75719,27982.2,3098.17,0.960822,0.741207,0.229409,17532
2022-11-23 13:00:00,4153,70236,27640.4,3037.92,0.957759,0.746387,0.236881,17532
2022-11-23 14:00:00,4018,60079.5,24639.9,2861.92,0.993397,0.693656,0.229181,17532
2022-11-23 15:00:00,3782,55619.5,21591.3,2542.83,0.998854,0.685961,0.21572,17532
2022-11-23 16:00:00,3672,58052.2,22706.8,2708.83,0.998854,0.685961,0.209446,17532
2022-11-23 17:00:00,3764,58344.8,23000.7,2752.58,0.983794,0.701647,0.214693,17532
2022-11-23 18:00:00,3880,57229.5,23406.8,2991.42,0.983794,0.701329,0.22131,17532
2022-11-23 19:00:00,4159,58110.2,27443.1,3489.08,0.971775,0.693216,0.237223,17532
2022-11-23 20:00:00,4775,63820,30199.3,3947.75,0.972492,0.691311,0.272359,17532
2022-11-23 21:00:00,5192,64189,31435.8,4210.92,0.95872,0.687391,0.296144,17532
2022-11-23 22:00:00,5332,64666.9,32495.6,4404.25,0.957645,0.686632,0.30413,17532
2022-11-23 23:00:00,5490,65963.1,33782.9,4528.5,0.938189,0.706088,0.313142,17532
2022-11-24 00:00:00,5673,111709,43119.7,4915.67,0.901094,0.761967,0.32358,17532
2022-11-24 01:00:00,5969,111110,45008.8,4948,0.897443,0.766686,0.340463,17532
2022-11-24 02:00:00,5871,97117.3,42917.2,4846.25,0.897443,0.766686,0.334873,17532
2022-11-24 03:00:00,5925,93368.1,42242.6,4821.5,0.897443,0.766686,0.337953,17532
2022-11-24 04:00:00,5954,95665.9,42470.4,4819.83,0.897443,0.766686,0.339608,17532
2022-11-24 05:00:00,5816,95593.4,40390.9,4818.83,0.897443,0.766686,0.331736,17532
2022-11-24 06:00:00,5894,104591,40309.1,4806.5,0.897443,0.766686,0.336185,17532
2022-11-24 07:00:00,5664,98997.2,33275.4,4095.75,0.916444,0.761468,0.323066,17532
2022-11-24 08:00:00,4633,70946.8,26901.9,3249.58,0.954803,0.748084,0.26426,17532
2022-11-24 09:00:00,4167,55047,24319.2,2942.92,0.97203,0.717988,0.23768,17532
2022-11-24 10:00:00,4015,48884.7,22933.2,2949.5,0.996377,0.690303,0.22901,17532
2022-11-24 11:00:00,3894,45884.5,21914.3,2826.92,1.00018,0.673078,0.222108,17532
2022-11-24 12:00:00,3967,66753.2,26402.8,3046.83,0.960541,0.741304,0.226272,17532
2022-11-24 13:00:00,4255,68187.4,26793.5,3005.33,0.957759,0.746387,0.242699,17532
2022-11-24 14:00:00,3888,53467.9,23972.4,2793.92,0.997572,0.688477,0.221766,17532
2022-11-24 15:00:00,3736,48138.5,21543.1,2651,0.99974,0.685682,0.213096,17532
2022-11-24 16:00:00,3616,51344.3,21702.4,2642.67,0.999893,0.685558,0.206251,17532
2022-11-24 17:00:00,3621,50778.4,21070.9,2616.25,0.985273,0.701595,0.206537,17532
2022-11-24 18:00:00,3705,48726.5,21404.4,2863.75,0.985273,0.700759,0.211328,17532
2022-11-24 19:00:00,4068,59321.8,26568.4,3452.75,0.974179,0.690041,0.232033,17532
2022-11-24 20:00:00,4693,61097.9,29378.1,3891.58,0.972645,0.691157,0.267682,17532
2022-11-24 21:00:00,4966,63599.8,31115.1,4161.58,0.957982,0.686571,0.283253,17532
2022-11-24 22:00:00,5336,67048.2,32377,4378.17,0.957798,0.686479,0.304358,17532
2022-11-24 23:00:00,5449,65853.9,33172.9,4491,0.938875,0.705401,0.310803,17532
2022-11-25 00:00:00,5667,112760,43068.7,4900.92,0.904737,0.75886,0.323238,17532
2022-11-25 01:00:00,6204,116732,44906.3,4972.25,0.897597,0.766533,0.353867,17532
2022-11-25 02:00:00,6097,100538,43466.4,4870.42,0.897597,0.766533,0.347764,17532
2022-11-25 03:00:00,5888,95818.9,41876,4840.83,0.897597,0.766533,0.335843,17532
2022-11-25 04:00:00,5780,96459.8,41123.8,4832.58,0.897597,0.766533,0.329683,17532
2022-11-25 05:00:00,5801,98308.3,39654.4,4827.58,0.897597,0.766533,0.330881,17532
2022-11-25 06:00:00,5857,111644,41304.5,4839.42,0.897597,0.766533,0.334075,17532
2022-11-25 07:00:00,5647,102868,33947.1,4132.92,0.916446,0.761453,0.322097,17532
2022-11-25 08:00:00,4489,76450.9,27243.3,3334.42,0.954144,0.748116,0.256046,17532
2022-11-25 09:00:00,4332,61208.7,26770.8,3204.17,0.972389,0.71743,0.247091,17532
2022-11-25 10:00:00,4131,53354.4,24574,3077.58,0.998652,0.687891,0.235626,17532
2022-11-25 11:00:00,4024.5,49881,23914,2976.67,0.999873,0.672955,0.229552,17532
2022-11-25 12:00:00,3956,76469.6,28528.1,3136.88,0.958858,0.744888,0.225645,17532
2022-11-25 13:00:00,4127,75581.1,28875,3106.58,0.957912,0.746234,0.235398,17532
2022-11-25 14:00:00,3954,65064.9,26064.9,2939.08,0.996517,0.692159,0.22553,17532
2022-11-25 15:00:00,3875,63185.2,24253.8,2843.67,1.00033,0.685391,0.221024,17532
2022-11-25 16:00:00,3741,59938.5,23255.9,2759.83,1.00033,0.685391,0.213381,17532
2022-11-25 17:00:00,3710,58260.3,23269.8,2800.75,0.985273,0.701549,0.211613,17532
2022-11-25 18:00:00,3757,56191.6,22573.9,2961.5,0.985273,0.700759,0.214294,17532
2022-11-25 19:00:00,4013,49820.1,24685.1,3247,0.976984,0.687005,0.228896,17532
2022-11-25 20:00:00,4504,57045.3,28582.2,3718.33,0.972645,0.691157,0.256902,17532
2022-11-25 21:00:00,4846,63245.5,30883.6,4062.92,0.958283,0.686539,0.276409,17532
2022-11-25 22:00:00,5197,66915.1,32638.5,4340.67,0.957798,0.686479,0.296429,17532
2022-11-25 23:00:00,5404,67927.2,34226.5,4540,0.940934,0.703343,0.308236,17532
2022-11-26 00:00:00,5585,115320,43635.6,4941.83,0.900997,0.762857,0.31856,17532
2022-11-26 01:00:00,5937,119787,45218.8,5019.5,0.897597,0.766533,0.338638,17532
2022-11-26 02:00:00,5911,107000,43503.3,4942.5,0.897597,0.766533,0.337155,17532
2022-11-26 03:00:00,5842,97186.6,42048.3,4884.75,0.897597,0.766533,0.333219,17532
2022-11-26 04:00:00,5808,100446,43193,4909.92,0.897597,0.766533,0.33128,17532
2022-11-26 05:00:00,5840,98920.7,39974.3,4878.42,0.897597,0.766533,0.333105,17532
2022-11-26 06:00:00,5884,105879,41030.5,4891.75,0.897597,0.766533,0.335615,17532
2022-11-26 07:00:00,5895,109449,37665.8,4693.25,0.912876,0.76323,0.336242,17532
2022-11-26 08:00:00,5535,87619.8,33605,4208.33,0.954982,0.746935,0.315708,17532
2022-11-26 09:00:00,4903,67760,30837.5,3789.67,0.971295,0.719632,0.27966,17532
2022-11-26 10:00:00,4943,58469.1,28758.9,3568.33,0.996788,0.687827,0.281942,17532
2022-11-26 11:00:00,4405,56362.4,27721.8,3406.17,1.00034,0.672776,0.251255,17532
2022-11-26 12:00:00,4409,69914.8,30669.3,3538.58,0.960562,0.742327,0.251483,17532
2022-11-26 13:00:00,4691,72697.4,29992.5,3568.92,0.957912,0.746263,0.267568,17532
2022-11-26 14:00:00,4450,61104.8,27942.4,3385.33,0.999016,0.687064,0.253822,17532
2022-11-26 15:00:00,4329,59659.9,26600.2,3296.92,1.00033,0.68542,0.24692,17532
2022-11-26 16:00:00,4281,59206.1,26216.8,3243.5,1.00033,0.68542,0.244182,17532
2022-11-26 17:00:00,4304,59623.7,26064.1,3250.33,0.985273,0.700887,0.245494,17532
2022-11-26 18:00:00,4462,54727.2,25212,3355.42,0.985273,0.700788,0.254506,17532
2022-11-26 19:00:00,4447,54059.8,27442.1,3589,0.974324,0.690471,0.25365,17532
2022-11-26 20:00:00,4723,56954.5,28892.4,3793.92,0.972645,0.691186,0.269393,17532
2022-11-26 21:00:00,4870,55389.6,29777.3,3964.75,0.958222,0.686724,0.277778,17532
2022-11-26 22:00:00,5020,54987,30348.1,4122.25,0.957798,0.686507,0.286334,17532
2022-11-26 23:00:00,5185,57220.9,31504.3,4280.67,0.939061,0.705245,0.295745,17532
2022-11-27 00:00:00,5315,103387,41373.6,4715.08,0.905389,0.757262,0.30316,17532
2022-11-27 01:00:00,5796,108807,42467.2,4810.92,0.897597,0.766562,0.330595,17532
2022-11-27 02:00:00,5754,98799.5,41612.1,4752,0.897597,0.766562,0.3282,17532
2022-11-27 03:00:00,5715,90933.2,38662.4,4688.17,0.897597,0.766562,0.325975,17532
2022-11-27 04:00:00,5643.5,93241.1,38316,4708.17,0.897597,0.766562,0.321897,17532
2022-11-27 05:00:00,5696,92383.1,37741.9,4678.33,0.897597,0.766562,0.324892,17532
2022-11-27 06:00:00,5643,102948,40098.2,4729.25,0.897597,0.766562,0.321869,17532
2022-11-27 07:00:00,5822,108631,39185.3,4657.92,0.917482,0.761207,0.332078,17532
2022-11-27 08:00:00,5443,84814.8,34151.3,4287.92,0.957519,0.746468,0.310461,17532
2022-11-27 09:00:00,5152,68839.2,30375.3,3942,0.969512,0.723208,0.293863,17532
2022-11-27 10:00:00,4783,58552.4,27576.6,3670.42,0.999437,0.687028,0.272815,17532
2022-11-27 11:00:00,4634,56803.1,26612.5,3574.58,1.00033,0.672928,0.264317,17532
2022-11-27 12:00:00,4549,66769.8,31053.8,3655.75,0.958214,0.745863,0.259468,17532
2022-11-27 13:00:00,4666,67955.4,31796.3,3642.08,0.957912,0.746263,0.266142,17532
2022-11-27 14:00:00,4535,59263.7,29109.4,3491,0.99785,0.689828,0.25867,17532
2022-11-27 15:00:00,4418,59410.7,27741.6,3412.75,1.00033,0.68542,0.251996,17532
2022-11-27 16:00:00,4601,60656.4,27679.1,3394.92,1.00033,0.68542,0.262434,17532
2022-11-27 17:00:00,4412,62255.3,27090,3417.5,0.985273,0.700788,0.251654,17532
2022-11-27 18:00:00,4512,56035.6,26904,3448.92,0.985273,0.700788,0.257358,17532
2022-11-27 19:00:00,4627,56693.9,28459.1,3741,0.97276,0.694374,0.263917,17532
2022-11-27 20:00:00,4928,62657.7,29474.8,3913.42,0.972645,0.691186,0.281086,17532
2022-11-27 21:00:00,4980,60037.5,29886.5,3977.33,0.958452,0.686681,0.284052,17532
2022-11-27 22:00:00,5054,61016.6,30281.2,4104.58,0.957798,0.686507,0.288273,17532
2022-11-27 23:00:00,5160,61699.4,31571.8,4209.17,0.938789,0.705516,0.294319,17532
2022-11-28 00:00:00,5365,102081,40270.5,4569.42,0.899285,0.763711,0.306012,17532
2022-11-28 01:00:00,5646,106941,41660,4623,0.897597,0.766562,0.32204,17532
2022-11-28 02:00:00,5627,95298.2,39036.7,4543.83,0.897597,0.766562,0.320956,17532
2022-11-28 03:00:00,5483,88384.3,36640,4500.75,0.897597,0.766562,0.312742,17532
2022-11-28 04:00:00,5503,87351.4,36708.6,4487.83,0.897597,0.766562,0.313883,17532
2022-11-28 05:00:00,5462,88276.5,35719.9,4486.67,0.897597,0.766562,0.311545,17532
2022-11-28 06:00:00,5506,102918,38795.2,4497.75,0.897597,0.766562,0.314054,17532
2022-11-28 07:00:00,5236,86550.4,31023.1,3748.08,0.916867,0.761376,0.298654,17532
2022-11-28 08:00:00,4224,67500.3,26110.4,3123.25,0.95587,0.746744,0.240931,17532
2022-11-28 09:00:00,4109,59186,27210.2,3154.92,0.972645,0.716941,0.234371,17532
2022-11-28 10:00:00,4144,51361.6,25238.7,3157.42,0.999525,0.686865,0.236368,17532
2022-11-28 11:00:00,4158,49216.1,25220.6,3173.17,1.00033,0.674356,0.237166,17532
2022-11-28 12:00:00,4259,73204.5,31303.8,3380.83,0.958379,0.74533,0.242927,17532
2022-11-28 13:00:00,4526,69475.8,29053.8,3293.5,0.957912,0.746263,0.258157,17532
2022-11-28 14:00:00,4224,57269.8,26262.3,3112.83,0.996482,0.688872,0.240931,17532
2022-11-28 15:00:00,4185,57211.9,25553.2,3061.75,0.999007,0.685837,0.238706,17532
2022-11-28 16:00:00,4000,55871.1,24822.5,3013.17,0.999007,0.685837,0.228154,17532
2022-11-28 17:00:00,4055,54370.2,24348.2,3059.08,0.983947,0.701567,0.231291,17532
2022-11-28 18:00:00,4135,52878.8,23979.4,3225.17,0.983947,0.701205,0.235854,17532
2022-11-28 19:00:00,4293,55299.3,28143.4,3650.92,0.971967,0.692549,0.244867,17532
2022-11-28 20:00:00,4885,58698.4,29959.7,4004.33,0.972645,0.691186,0.278633,17532
2022-11-28 21:00:00,5185,58349.4,30890.6,4175.33,0.957875,0.686527,0.295745,17532
2022-11-28 22:00:00,5270,58520.9,31797.3,4325.17,0.957798,0.686507,0.300593,17532
2022-11-28 23:00:00,5381,57481.7,30759.3,4091.67,0.939313,0.704993,0.306924,17532
2022-11-29 00:00:00,5634,113172,43220.9,4890.33,0.904142,0.757119,0.321355,17532
2022-11-29 01:00:00,5918,110244,44412.4,4891,0.897597,0.766562,0.337554,17532
2022-11-29 02:00:00,5813,96350.3,42323,4802.75,0.897597,0.766562,0.331565,17532
2022-11-29 03:00:00,5734,88403.9,40421.7,4739.75,0.897597,0.766562,0.327059,17532
2022-11-29 04:00:00,5739,88335.6,39127.8,4734.5,0.897597,0.766562,0.327344,17532
2022-11-29 05:00:00,5722,92136.6,38940.3,4755.92,0.897597,0.766562,0.326375,17532
2022-11-29 06:00:00,5835,102328,40120.9,4760.33,0.897597,0.766562,0.33282,17532
2022-11-29 07:00:00,5663,95955.1,34484.7,4133.25,0.915664,0.76157,0.323009,17532
2022-11-29 08:00:00,4539,65487.5,28510.9,3388.92,0.951181,0.749882,0.258898,17532
2022-11-29 09:00:00,4298,55351.4,28125.8,3226.83,0.971537,0.719171,0.245152,17532
2022-11-29 10:00:00,4133,48054.2,25044.8,3068.17,0.996149,0.690007,0.23574,17532
2022-11-29 11:00:00,4003,49332,24665.2,3019.17,1.00033,0.673022,0.228325,17532
2022-11-29 12:00:00,4027,69654.4,29273.6,3164.92,0.96036,0.742809,0.229694,17532
2022-11-29 13:00:00,4173,67235.5,27347.9,3073.25,0.957912,0.746263,0.238022,17532
2022-11-29 14:00:00,3961,51435.4,24737.5,2884.42,0.994629,0.692155,0.22593,17532
2022-11-29 15:00:00,3881,51072.2,23335.9,2803.92,1.00033,0.68542,0.221367,17532
2022-11-29 16:00:00,3988,52123,23110.8,2759,1.00033,0.68542,0.22747,17532
2022-11-29 17:00:00,3796,53282.4,22994.2,2816.58,0.9856,0.701785,0.216518,17532
2022-11-29 18:00:00,3891,51750.1,23399.7,3005.58,0.985273,0.700788,0.221937,17532
2022-11-29 19:00:00,4159,57136.2,28062.9,3536.17,0.974288,0.689785,0.237223,17532
2022-11-29 20:00:00,4845,61263,29458.4,3870.5,0.972645,0.691186,0.276352,17532
2022-11-29 21:00:00,4962,62206.5,31094.2,4081.83,0.957798,0.686507,0.283025,17532
2022-11-29 22:00:00,5215,66294.1,32581.4,4260.08,0.957798,0.686507,0.297456,17532
2022-11-29 23:00:00,5333,63175.6,33060.6,4370.75,0.939845,0.70446,0.304187,17532
2022-11-30 00:00:00,5486,113259,42700,4796.08,0.899551,0.763959,0.312914,17532
2022-11-30 01:00:00,5911,116298,44786.6,4873.17,0.897597,0.766562,0.337155,17532
2022-11-30 02:00:00,5852,102466,43140.1,4784.08,0.897597,0.766562,0.33379,17532
2022-11-30 03:00:00,5771,95812,42448.8,4728.33,0.897597,0.766562,0.32917,17532
2022-11-30 04:00:00,5720,94593.5,41615.6,4698.25,0.897597,0.766562,0.326261,17532
2022-11-30 05:00:00,5713,96066.3,40645,4696.67,0.897597,0.766562,0.325861,17532
2022-11-30 06:00:00,5733,103963,39875.4,4695.33,0.897597,0.766562,0.327002,17532
2022-11-30 07:00:00,5566,99387.7,33982.4,4052.83,0.914612,0.762208,0.317477,17532
2022-11-30 08:00:00,4683,70421.5,27936.5,3289.25,0.956311,0.747016,0.267112,17532
2022-11-30 09:00:00,4199,56378.1,26743.2,3139.42,0.972073,0.718086,0.239505,17532
2022-11-30 10:00:00,4053,46349.9,23839,3000.17,0.997726,0.688663,0.231177,17532
2022-11-30 11:00:00,3949,45335.9,21847,2931.83,0.998915,0.674028,0.225245,17532
2022-11-30 12:00:00,4036.5,62777.8,27161.6,3062.33,0.961393,0.740811,0.230236,17532
2022-11-30 13:00:00,4056,63009.8,26119.9,3026.75,0.957912,0.746263,0.231348,17532
2022-11-30 14:00:00,4038,50788.5,23988.8,2835.75,0.99638,0.689397,0.230322,17532
2022-11-30 15:00:00,3781,44914.6,20854.7,2731.33,0.999893,0.685558,0.215663,17532
2022-11-30 16:00:00,3800,47506.2,20362.2,2687.83,0.999893,0.685558,0.216747,17532
2022-11-30 17:00:00,3761,50308.5,22490.4,2741.67,0.985273,0.70097,0.214522,17532
2022-11-30 18:00:00,3830,48159,22645.1,2918.67,0.985273,0.700788,0.218458,17532
2022-11-30 19:00:00,4278,56012.2,27467,3432.42,0.97339,0.690596,0.244011,17532
2022-11-30 20:00:00,4628,57306,29336.2,3785.5,0.972645,0.691186,0.263974,17532
2022-11-30 21:00:00,4924,57556.2,30104.7,3987.17,0.957798,0.686507,0.280858,17532
2022-11-30 22:00:00,5083,57599.2,30626.4,4135.08,0.957798,0.686507,0.289927,17532
2022-11-30 23:00:00,5271,61437.2,31840.6,4255.17,0.938991,0.705315,0.30065,17532
2022-12-01 00:00:00,5209,113480,39904.9,4675.42,0.937695,0.707728,0.297114,17532
2022-12-01 01:00:00,5773,115014,43293.4,4757.33,0.897597,0.766562,0.329284,17532
2022-12-01 02:00:00,5682,99202.6,41282.7,4646.92,0.897733,0.766604,0.324093,17532
2022-12-01 03:00:00,5640,96520.6,41388.2,4624.25,0.897721,0.76664,0.321697,17532
2022-12-01 04:00:00,5622,95933.6,39760.5,4612,0.897721,0.76664,0.320671,17532
2022-12-01 05:00:00,5710,95980.6,38657.2,4611.17,0.897721,0.76664,0.32569,17532
2022-12-01 06:00:00,5740,104158,39162,4599.33,0.897721,0.76664,0.327401,17532
2022-12-01 07:00:00,5450,95973.5,32535.4,3959.17,0.917243,0.761397,0.31086,17532
2022-12-01 08:00:00,4376,70729.2,27597.8,3212.08,0.954319,0.748475,0.249601,17532
2022-12-01 09:00:00,4093,57948.7,26739,3074.33,0.971415,0.719606,0.233459,17532
2022-12-01 10:00:00,4023,49111.7,24084.1,2935.58,0.99836,0.687894,0.229466,17532
2022-12-01 11:00:00,3945,47902.1,23485,2873.42,0.998569,0.674904,0.225017,17532
2022-12-01 12:00:00,3956,72678.7,27723.1,3025.5,0.96067,0.740118,0.225645,17532
2022-12-01 13:00:00,4119,73686.5,27736,3016.83,0.957441,0.745669,0.234942,17532
2022-12-01 14:00:00,3928,56397.1,23077.5,2819.67,0.996894,0.690118,0.224047,17532
2022-12-01 15:00:00,3874.5,51982.5,21708.2,2731.17,0.999261,0.685452,0.220996,17532
2022-12-01 16:00:00,3905.5,54121.7,21617.2,2718.75,0.999261,0.685452,0.222764,17532
2022-12-01 17:00:00,3796,57055.7,22594.8,2809.67,0.984201,0.701072,0.216518,17532
2022-12-01 18:00:00,3904,58176.2,23024.8,3029.83,0.984201,0.700936,0.222679,17532
2022-12-01 19:00:00,4296,61017.2,28311.8,3546.17,0.974161,0.689681,0.245038,17532
2022-12-01 20:00:00,4876.5,63848.4,30522,3977.92,0.972174,0.691232,0.278149,17532
2022-12-01 21:00:00,5126.5,67089.3,31866.9,4242.25,0.957804,0.68716,0.292408,17532
2022-12-01 22:00:00,5415.5,64718.4,32673.5,4363.25,0.957327,0.686553,0.308892,17532
2022-12-01 23:00:00,5551,65470.9,33736.3,4491.83,0.93955,0.70433,0.316621,17532
2022-12-02 00:00:00,5621,110962,42861.7,4868.75,0.900483,0.76261,0.320614,17532
2022-12-02 01:00:00,6035,120029,45228.8,4964.08,0.897432,0.766352,0.344228,17532
2022-12-02 02:00:00,5922.5,109383,43978.6,4887.17,0.897416,0.766368,0.337811,17532
2022-12-02 03:00:00,5921.5,98279.7,41219.2,4812.33,0.897411,0.766485,0.337754,17532
2022-12-02 04:00:00,5868.5,100720,42318.7,4827.25,0.897411,0.766485,0.334731,17532
2022-12-02 05:00:00,5798.5,99840.4,39306.9,4802.92,0.897411,0.766485,0.330738,17532
2022-12-02 06:00:00,5810.5,108093,40556.9,4794.83,0.897411,0.766485,0.331423,17532
2022-12-02 07:00:00,5652.5,102936,35284.5,4143.92,0.914291,0.762502,0.32241,17532
2022-12-02 08:00:00,4676,76291.1,29461.4,3408.58,0.954221,0.746665,0.266712,17532
2022-12-02 09:00:00,4357,63198.3,29155.7,3292.42,0.972165,0.716459,0.248517,17532
2022-12-02 10:00:00,4406,50870.8,24929.2,3146.83,0.995549,0.689401,0.251312,17532
2022-12-02 11:00:00,4164,49391,24515,3094.83,0.997917,0.674324,0.237509,17532
2022-12-02 12:00:00,4276,73594.2,29148.5,3237.67,0.958696,0.744146,0.243897,17532
2022-12-02 13:00:00,4328,74380.5,28849,3182.58,0.957432,0.745781,0.246863,17532
2022-12-02 14:00:00,4120,61459.1,25702.5,2992.67,0.996557,0.690014,0.234999,17532
2022-12-02 15:00:00,3963,58937.6,24257.8,2922.75,0.999243,0.685573,0.226044,17532
2022-12-02 16:00:00,3929,58458.6,24221.4,2885.25,0.999243,0.685573,0.224104,17532
2022-12-02 17:00:00,3898,61181.7,23938.1,2911.17,0.984183,0.702774,0.222336,17532
2022-12-02 18:00:00,4082.5,63278.9,24309.4,3064.08,0.984183,0.701066,0.23286,17532
2022-12-02 19:00:00,4204,62812.8,28181.8,3530.17,0.970768,0.695286,0.23979,17532
2022-12-02 20:00:00,4862,63939.8,31452.9,3974.25,0.972165,0.691353,0.277321,17532
2022-12-02 21:00:00,5156,66521.5,32669,4293.92,0.958689,0.687885,0.294091,17532
2022-12-02 22:00:00,5456,68145.7,33507.6,4559.67,0.957318,0.686674,0.311202,17532
2022-12-02 23:00:00,5671,61855.7,32407,4332.5,0.940066,0.703926,0.323466,17532
2022-12-03 00:00:00,6132,122066,45558,5203.83,0.899939,0.763637,0.34976,17532
2022-12-03 01:00:00,6297,123482,46158.1,5246.33,0.897411,0.766485,0.359172,17532
2022-12-03 02:00:00,6227,113789,46157.3,5191.83,0.897411,0.766485,0.355179,17532
2022-12-03 03:00:00,6152,105541,44787.5,5137.42,0.897411,0.766485,0.350901,17532
2022-12-03 04:00:00,6187,105590,42930.4,5132,0.897411,0.766485,0.352898,17532
2022-12-03 05:00:00,6126,104458,41901.5,5108.75,0.897411,0.766485,0.349418,17532
2022-12-03 06:00:00,6137,112111,42864.2,5141.25,0.897411,0.766485,0.350046,17532
2022-12-03 07:00:00,6159,121040,41454.2,5042.58,0.917496,0.761104,0.3513,17532
2022-12-03 08:00:00,5788,89320.7,35253.5,4507,0.953682,0.747128,0.330139,17532
2022-12-03 09:00:00,5277,62309.1,30897,4037.08,0.972165,0.716459,0.300992,17532
2022-12-03 10:00:00,4852,52936,28441.2,3722.33,0.996958,0.688112,0.276751,17532
2022-12-03 11:00:00,4793,53422.2,27440.8,3588.67,0.999243,0.672241,0.273386,17532
2022-12-03 12:00:00,4611,71071.7,30587.9,3674.75,0.959985,0.741768,0.263005,17532
2022-12-03 13:00:00,4833,74201.1,30427.7,3680.42,0.957432,0.745781,0.275667,17532
2022-12-03 14:00:00,4616,62328.9,27769.3,3495.92,0.991642,0.695949,0.26329,17532
2022-12-03 15:00:00,4487,56895.1,26878.9,3362.83,0.999243,0.685028,0.255932,17532
2022-12-03 16:00:00,4455,56458.8,25937.4,3318.58,0.999243,0.685028,0.254107,17532
2022-12-03 17:00:00,4396,58246.7,26317.2,3378.08,0.984183,0.702422,0.250742,17532
2022-12-03 18:00:00,4503,58309.3,26970.7,3517.08,0.984183,0.701066,0.256845,17532
2022-12-03 19:00:00,4689,58453.1,28725.8,3755.42,0.971651,0.693009,0.267454,17532
2022-12-03 20:00:00,4890,59390.8,29254.3,3898.33,0.972165,0.691353,0.278919,17532
2022-12-03 21:00:00,5160.5,61694.1,30666.6,4079.17,0.958379,0.687429,0.294347,17532
2022-12-03 22:00:00,5213,60470,31237.6,4261.75,0.957318,0.686674,0.297342,17532
2022-12-03 23:00:00,5452,64304.8,32985.8,4456.42,0.938877,0.705115,0.310974,17532
2022-12-04 00:00:00,5587,117071,43142,4918.17,0.900617,0.761795,0.318674,17532
2022-12-04 01:00:00,6048,120918,44454.1,4965.75,0.897411,0.766485,0.344969,17532
2022-12-04 02:00:00,5942,103898,42466.7,4873.42,0.897411,0.766485,0.338923,17532
2022-12-04 03:00:00,5869,92380.6,40247.4,4805.25,0.897411,0.766485,0.334759,17532
2022-12-04 04:00:00,5886,95264.4,39372.2,4817.75,0.897411,0.766485,0.335729,17532
2022-12-04 05:00:00,5883,98518.8,39480.3,4840.67,0.897411,0.766485,0.335558,17532
2022-12-04 06:00:00,5880,105757,41430.8,4865.67,0.897411,0.766485,0.335387,17532
2022-12-04 07:00:00,5931,110425,39294.2,4787.42,0.917496,0.761104,0.338296,17532
2022-12-04 08:00:00,5748.5,85563.6,34886.6,4424.25,0.952919,0.747694,0.327886,17532
2022-12-04 09:00:00,5171,61922.2,30626.2,4002.67,0.970687,0.719415,0.294946,17532
2022-12-04 10:00:00,4857,54078.2,27901.2,3703.5,0.996224,0.688592,0.277036,17532
2022-12-04 11:00:00,4659,51447.8,26777,3586.5,0.999243,0.672503,0.265743,17532
2022-12-04 12:00:00,4700,61509.8,29053.4,3629.75,0.959199,0.74245,0.268081,17532
2022-12-04 13:00:00,4893.5,60754,28963.1,3592.33,0.957418,0.745795,0.279118,17532
2022-12-04 14:00:00,4548,55367.4,27023.5,3418.92,0.997387,0.687715,0.259411,17532
2022-12-04 15:00:00,4413,54419.3,26798.8,3321.67,0.998788,0.68518,0.251711,17532
2022-12-04 16:00:00,4302,54181.2,26861,3299.17,0.998788,0.68518,0.24538,17532
2022-12-04 17:00:00,4343,55355,26772.8,3381.58,0.984168,0.702208,0.247718,17532
2022-12-04 18:00:00,4487,54888.5,27336.1,3542.17,0.984168,0.701081,0.255932,17532
2022-12-04 19:00:00,4746,61095.2,29520.4,3822,0.973215,0.691021,0.270705,17532
2022-12-04 20:00:00,4938,59557.6,30359.9,3956.92,0.972165,0.691353,0.281656,17532
2022-12-04 21:00:00,5041,58044.4,30588.2,4082.42,0.957879,0.686754,0.287531,17532
2022-12-04 22:00:00,5292,60685.6,31548.9,4235.33,0.957318,0.686674,0.301848,17532
2022-12-04 23:00:00,5408,63552.8,32900.5,4343.33,0.938676,0.705315,0.308465,17532
2022-12-05 00:00:00,5688,110312,43058.6,4746.92,0.904952,0.755933,0.324435,17532
2022-12-05 01:00:00,5873,109700,42789.8,4769.58,0.897411,0.766485,0.334987,17532
2022-12-05 02:00:00,5854,97829.8,41420.7,4696,0.897411,0.766485,0.333904,17532
2022-12-05 03:00:00,5716,92661.2,40430.8,4674.17,0.897411,0.766485,0.326032,17532
2022-12-05 04:00:00,5704,94913.6,40362.8,4685.83,0.897411,0.766485,0.325348,17532
2022-12-05 05:00:00,5727,96660.6,39954.6,4674.17,0.897411,0.766485,0.32666,17532
2022-12-05 06:00:00,5682,104887,39022.3,4626,0.897411,0.766485,0.324093,17532
2022-12-05 07:00:00,5498,99042.5,33345.4,3982.67,0.915037,0.762322,0.313598,17532
2022-12-05 08:00:00,4507,72413.9,26752.1,3246.5,0.955336,0.746441,0.257073,17532
2022-12-05 09:00:00,4265,60298.3,27154.7,3207.5,0.971711,0.717368,0.243269,17532
2022-12-05 10:00:00,4216,47964,25034.7,3136.58,0.997453,0.687475,0.240475,17532
2022-12-05 11:00:00,4267,44570.8,23282.5,3065.25,0.999243,0.672489,0.243384,17532
2022-12-05 12:00:00,4216.5,69347.2,28641.8,3263.83,0.958453,0.743884,0.240503,17532
2022-12-05 13:00:00,4396,74628.3,28698,3286.92,0.957418,0.745795,0.250742,17532
2022-12-05 14:00:00,4233,57316.5,25829.9,3035.75,0.995524,0.690702,0.241444,17532
2022-12-05 15:00:00,4022,52777.2,24194,2920.42,0.999228,0.685042,0.229409,17532
2022-12-05 16:00:00,4089,53293,23738.9,2883.67,0.999228,0.685042,0.233231,17532
2022-12-05 17:00:00,4012,56758.1,23966.7,2938.67,0.984168,0.702714,0.228839,17532
2022-12-05 18:00:00,4136,58412.1,25014,3125,0.984168,0.701081,0.235911,17532
2022-12-05 19:00:00,4400,63474.5,29783.8,3670.5,0.972697,0.691748,0.25097,17532
2022-12-05 20:00:00,5032,62788.2,30878.4,4070.17,0.972165,0.691353,0.287018,17532
2022-12-05 21:00:00,5410,65773.2,33555.5,4325.25,0.958108,0.686878,0.308579,17532
2022-12-05 22:00:00,5554.5,64497.2,34292,4485.25,0.957318,0.686674,0.316821,17532
2022-12-05 23:00:00,5776,68129.3,34967.9,4628.42,0.94183,0.702162,0.329455,17532
2022-12-06 00:00:00,5750,124346,44450.8,5000,0.900628,0.760729,0.327972,17532
2022-12-06 01:00:00,6211,121648,46274,5102,0.897258,0.766609,0.354266,17532
2022-12-06 02:00:00,6160,111652,44723.6,5033.83,0.897258,0.766609,0.351358,17532
2022-12-06 03:00:00,6072,102796,42919.6,4956.08,0.897258,0.766609,0.346338,17532
2022-12-06 04:00:00,6058,99292.5,41704.9,4924.92,0.897258,0.766609,0.34554,17532
2022-12-06 05:00:00,6038,101724,40276.6,4939.58,0.897258,0.766609,0.344399,17532
2022-12-06 06:00:00,6180,113246,42204.5,4949.5,0.897258,0.766609,0.352498,17532
2022-12-06 07:00:00,5796,109999,36418.6,4300.08,0.916574,0.761374,0.330595,17532
2022-12-06 08:00:00,4751,86051.7,30178.1,3442.67,0.953664,0.747368,0.27099,17532
2022-12-06 09:00:00,4377,64038.4,26811.2,3148.42,0.97145,0.717706,0.249658,17532
2022-12-06 10:00:00,4129,51119.9,23332.3,2940.83,0.996167,0.688618,0.235512,17532
2022-12-06 11:00:00,3993,48544.6,22616.2,2888.42,0.99909,0.673298,0.227755,17532
2022-12-06 12:00:00,4087,75116.8,28548.5,3079.33,0.959644,0.742473,0.233117,17532
2022-12-06 13:00:00,4412,73029.6,28481.1,3054.83,0.957265,0.74592,0.251654,17532
2022-12-06 14:00:00,3963,54402.3,23920.2,2798.83,0.997976,0.687364,0.226044,17532
2022-12-06 15:00:00,3840,51818.9,22785.7,2715.5,0.999075,0.685166,0.219028,17532
2022-12-06 16:00:00,3786,52333.3,22483.6,2696.17,0.999075,0.685166,0.215948,17532
2022-12-06 17:00:00,3846,57823.7,23414.9,2792.33,0.984342,0.701042,0.21937,17532
2022-12-06 18:00:00,3987,58939,23809.6,3003.75,0.984015,0.701205,0.227413,17532
2022-12-06 19:00:00,4372,63283.5,28140.1,3542.42,0.974003,0.694159,0.249373,17532
2022-12-06 20:00:00,4973,66591.8,30968.7,3992.42,0.972012,0.691477,0.283653,17532
2022-12-06 21:00:00,5379,68359.2,31860.1,4267.33,0.957372,0.686809,0.30681,17532
2022-12-06 22:00:00,5643,70440.3,33657.3,4470.5,0.957165,0.686799,0.321869,17532
2022-12-06 23:00:00,5660,72162.2,35491.8,4638.08,0.938113,0.705851,0.322838,17532
2022-12-07 00:00:00,5844,118147,41228.7,5022.75,0.899418,0.763159,0.333333,17532
2022-12-07 01:00:00,6374,120809,40103.7,5070.17,0.897258,0.766609,0.363564,17532
2022-12-07 02:00:00,6337,105443,38076.6,4945.08,0.897258,0.766609,0.361453,17532
2022-12-07 03:00:00,6398,101407,37984.9,4926.5,0.897258,0.766609,0.364933,17532
2022-12-07 04:00:00,6228,100925,37904.5,4921.5,0.897258,0.766609,0.355236,17532
2022-12-07 05:00:00,6209,103826,37511.7,4931.83,0.897258,0.766609,0.354152,17532
2022-12-07 06:00:00,6249,110362,36220.6,4905.25,0.897258,0.766609,0.356434,17532
2022-12-07 07:00:00,6026,104365,31477.8,4197.17,0.916538,0.761384,0.343714,17532
2022-12-07 08:00:00,4904,81599.1,25222.4,3307,0.952746,0.747577,0.279717,17532
2022-12-07 09:00:00,4465,58724.8,22896.8,3078.33,0.970848,0.718911,0.254677,17532
2022-12-07 10:00:00,4293,49752.6,21248.2,2917.42,0.997755,0.686835,0.244867,17532
2022-12-07 11:00:00,4350,50432,21119.9,2877.58,0.99909,0.672241,0.248118,17532
2022-12-07 12:00:00,4437,71196.1,23731.9,3017.25,0.957901,0.744647,0.25308,17532
2022-12-07 13:00:00,4397,68616.8,23141.8,2951.33,0.957265,0.74592,0.250799,17532
2022-12-07 14:00:00,4190,54004.1,21848.2,2758.25,0.996047,0.68884,0.238992,17532
2022-12-07 15:00:00,4009,52640.2,20115.8,2652.25,0.999075,0.685166,0.228668,17532
2022-12-07 16:00:00,3995,52312.1,19656.8,2619,0.999075,0.685166,0.227869,17532
2022-12-07 17:00:00,4250,57696.7,20462.8,2725.25,0.984015,0.701569,0.242414,17532
2022-12-07 18:00:00,4157,57990.7,21384.7,2920.58,0.984015,0.701205,0.237109,17532
2022-12-07 19:00:00,4461,57351,24608.5,3407.58,0.971857,0.692985,0.254449,17532
2022-12-07 20:00:00,5060,61155.3,27832.2,3851.25,0.972012,0.691477,0.288615,17532
2022-12-07 21:00:00,5347,62989.1,29577.6,4117.75,0.957407,0.687344,0.304985,17532
2022-12-07 22:00:00,5642,68568.1,31743.3,4398.42,0.957165,0.686799,0.321812,17532
2022-12-07 23:00:00,5874,63453.4,32620.3,4528.17,0.937844,0.706119,0.335045,17532
2022-12-08 00:00:00,6194,112912,39184.7,4947.17,0.900605,0.762729,0.353297,17532
2022-12-08 01:00:00,6441,112534,39393.6,4993.08,0.897258,0.766609,0.367385,17532
2022-12-08 02:00:00,6289,101910,38778.1,4931.75,0.897258,0.766609,0.358716,17532
2022-12-08 03:00:00,6246,95974.3,37533.4,4866,0.897258,0.766609,0.356263,17532
2022-12-08 04:00:00,6203,99054.2,36411.2,4877.5,0.897258,0.766609,0.35381,17532
2022-12-08 05:00:00,6188,103037,35908.2,4888.42,0.897258,0.766609,0.352955,17532
2022-12-08 06:00:00,6194,108874,36076.5,4865.5,0.897258,0.766609,0.353297,17532
2022-12-08 07:00:00,5995,102625,31360.7,4183.08,0.916444,0.761397,0.341946,17532
2022-12-08 08:00:00,5009,77619.9,25369.2,3266.67,0.956403,0.746356,0.285706,17532
2022-12-08 09:00:00,4405,58533.9,22859.1,3029.75,0.971149,0.718249,0.251255,17532
2022-12-08 10:00:00,4385,46104.6,20638.9,2852.17,0.993881,0.692497,0.250114,17532
2022-12-08 11:00:00,4145,44793.5,20268,2785.75,0.997672,0.674941,0.236425,17532
2022-12-08 12:00:00,4232,66626.5,22360,2953.25,0.957654,0.74536,0.241387,17532
2022-12-08 13:00:00,4438,64323.4,23777.6,2958.58,0.957265,0.74592,0.253137,17532
2022-12-08 14:00:00,3925,48081,21955.4,2719.67,1.00172,0.692189,0.223876,17532
2022-12-08 15:00:00,3905,40549.3,18715.2,2555.5,1.00207,0.684289,0.222736,17532
2022-12-08 16:00:00,3907,42486.1,18598.6,2541.75,1.00207,0.684289,0.22285,17532
2022-12-08 17:00:00,4080,44335.8,19759,2638.58,0.987008,0.700683,0.232717,17532
2022-12-08 18:00:00,4104,45885.1,20868.2,2851.67,0.987008,0.700327,0.234086,17532
2022-12-08 19:00:00,4408,58311.8,25403.3,3455.25,0.973266,0.690459,0.251426,17532
2022-12-08 20:00:00,5147,60339.7,29015.4,3908.17,0.972165,0.691353,0.293577,17532
2022-12-08 21:00:00,5502,64381.8,31084.6,4221.75,0.958172,0.686886,0.313826,17532
2022-12-08 22:00:00,5728,64452.1,32386.3,4469.75,0.957318,0.686674,0.326717,17532
2022-12-08 23:00:00,5843,66478.3,33651.7,4654.08,0.939235,0.704756,0.333276,17532
2022-12-09 00:00:00,6223,112911,40140.3,5093.42,0.905248,0.75786,0.354951,17532
2022-12-09 01:00:00,6464,114793,41601.1,5152.5,0.897411,0.766485,0.368697,17532
2022-12-09 02:00:00,6377,102138,39317.6,5051.58,0.897411,0.766485,0.363735,17532
2022-12-09 03:00:00,6325,95984.1,37877.6,5005.33,0.897411,0.766485,0.360769,17532
2022-12-09 04:00:00,6273,98156.7,36969.6,5009.58,0.897411,0.766485,0.357803,17532
2022-12-09 05:00:00,6317,102029,37092.5,5017,0.897411,0.766485,0.360313,17532
2022-12-09 06:00:00,6404,109759,37297.4,5007.58,0.897411,0.766485,0.365275,17532
2022-12-09 07:00:00,6107,101813,32487.9,4328.92,0.917361,0.761132,0.348334,17532
2022-12-09 08:00:00,5074,77374,26408.3,3439.58,0.956772,0.746268,0.289414,17532
2022-12-09 09:00:00,4583,44357.2,18337.6,2423.5,0.971312,0.718173,0.261408,17532
2022-12-09 10:00:00,8899.5,9488.05,3515.51,470.25,0.985407,0.701901,0.507615,17532
2022-12-09 11:00:00,4693.5,15545.5,8541.74,1167,0.998295,0.674507,0.26771,17532
2022-12-09 12:00:00,7543,10178.4,5812.76,751.583,0.982064,0.70334,0.430242,17532
2022-12-09 13:00:00,9680.5,9767.01,5807.19,684.75,0.958826,0.741307,0.552162,17532
2022-12-09 14:00:00,5112,44239.5,21607.5,2755.75,0.996836,0.687893,0.291581,17532
2022-12-09 15:00:00,4276,39707.6,19537.5,2652.25,0.999143,0.685136,0.243897,17532
2022-12-09 16:00:00,4163,41905.3,19553.5,2650.67,0.999143,0.685136,0.237452,17532
2022-12-09 17:00:00,4200,43627.6,20123.6,2724.67,0.984083,0.702745,0.239562,17532
2022-12-09 18:00:00,4317,44867.1,21003.3,2902.5,0.984083,0.701175,0.246235,17532
2022-12-09 19:00:00,4414,52130.2,25243.9,3439.83,0.973459,0.692512,0.251768,17532
2022-12-09 20:00:00,5102,61336.4,28883,3969.5,0.972098,0.69142,0.291011,17532
2022-12-09 21:00:00,5712,62847.1,30830.7,4263.17,0.957355,0.686764,0.325804,17532
2022-12-09 22:00:00,5761,69100.9,32850.1,4559.42,0.957251,0.686741,0.328599,17532
2022-12-09 23:00:00,6103,68164,34844.6,4772.25,0.940095,0.703896,0.348106,17532
2022-12-10 00:00:00,6027,123190,45662.6,5282.33,0.900346,0.762053,0.343771,17532
2022-12-10 01:00:00,6475,124901,47644.4,5323.08,0.897344,0.766552,0.369325,17532
2022-12-10 02:00:00,6345,111736,45746.5,5234.5,0.897258,0.766609,0.36191,17532
2022-12-10 03:00:00,6279,109084,45520.7,5225.08,0.897258,0.766609,0.358145,17532
2022-12-10 04:00:00,6299,111140,45753.8,5249.17,0.897258,0.766609,0.359286,17532
2022-12-10 05:00:00,6450,109769,43889.1,5218.75,0.897258,0.766609,0.367899,17532
2022-12-10 06:00:00,6277,119159,43793.5,5241.58,0.897258,0.766609,0.358031,17532
2022-12-10 07:00:00,6283,128516,43673.6,5107.25,0.916486,0.761398,0.358373,17532
2022-12-10 08:00:00,5929,95335.2,36491.8,4529.33,0.956971,0.746008,0.338182,17532
2022-12-10 09:00:00,5299,72291.9,33135.2,4064.33,0.971671,0.71739,0.302247,17532
2022-12-10 10:00:00,4959,57766,29012.4,3677.5,0.996864,0.687813,0.282854,17532
2022-12-10 11:00:00,4769,56565.7,27682.2,3576.17,0.999243,0.672676,0.272017,17532
2022-12-10 12:00:00,4720,82507.3,31117.3,3738.08,0.959114,0.743014,0.269222,17532
2022-12-10 13:00:00,4810,79000.8,30783.1,3656.75,0.957351,0.745862,0.274355,17532
2022-12-10 14:00:00,4596,65811.5,27828.7,3408.42,0.997165,0.688051,0.262149,17532
2022-12-10 15:00:00,4427,64107.4,26377.6,3265,0.999228,0.685042,0.25251,17532
2022-12-10 16:00:00,4306,66530.5,25938,3207.5,0.999228,0.685042,0.245608,17532
2022-12-10 17:00:00,4309,69285.9,27289.5,3285.83,0.984168,0.701488,0.245779,17532
2022-12-10 18:00:00,4611,67171.3,27087.4,3430.67,0.984168,0.701052,0.263005,17532
2022-12-10 19:00:00,4551,63825.5,29295.2,3684,0.97467,0.691601,0.259582,17532
2022-12-10 20:00:00,4877,63296.4,30203.3,3953.25,0.972098,0.691391,0.278177,17532
2022-12-10 21:00:00,5167,64254.7,31092.7,4159.5,0.959369,0.688139,0.294718,17532
2022-12-10 22:00:00,5381,63948.9,31947.8,4384.92,0.957251,0.686712,0.306924,17532
2022-12-10 23:00:00,5542,67949,34128,4552.5,0.939318,0.704646,0.316108,17532
2022-12-11 00:00:00,5782,122672,44383.7,5008.42,0.898117,0.765227,0.329797,17532
2022-12-11 01:00:00,6326,127658,45861.9,5068.08,0.897258,0.766609,0.360826,17532
2022-12-11 02:00:00,6119,110240,43441.1,5001.92,0.897258,0.766609,0.349019,17532
2022-12-11 03:00:00,6052,104225,42494,4968.5,0.897258,0.766682,0.345197,17532
2022-12-11 04:00:00,6045,105603,41861.9,4969.5,0.897258,0.766682,0.344798,17532
2022-12-11 05:00:00,6054,106423,39507.6,4942.67,0.897258,0.766682,0.345311,17532
2022-12-11 06:00:00,6068,116096,41421.6,4973.17,0.897258,0.766682,0.34611,17532
2022-12-11 07:00:00,6074,123932,41528.1,4891.83,0.91702,0.761362,0.346452,17532
2022-12-11 08:00:00,5808,96385.9,36074.1,4515.17,0.95393,0.747465,0.33128,17532
2022-12-11 09:00:00,5474.5,70588.9,32481.2,4082.58,0.971856,0.716974,0.312258,17532
2022-12-11 10:00:00,5006,61408.2,29119,3792.83,0.998392,0.686351,0.285535,17532
2022-12-11 11:00:00,4799,62021.4,28507.9,3684.67,0.999243,0.671915,0.273728,17532
2022-12-11 12:00:00,4797,76118.9,31466.4,3776.5,0.959106,0.742863,0.273614,17532
2022-12-11 13:00:00,5144,79557.6,31782.1,3775.92,0.957351,0.745826,0.293406,17532
2022-12-11 14:00:00,4748,65667.1,28540.8,3544.92,0.996208,0.688965,0.270819,17532
2022-12-11 15:00:00,4637,64211.2,27888.6,3423.92,0.999228,0.685006,0.264488,17532
2022-12-11 16:00:00,4497,68271.8,28182.9,3408.5,0.999228,0.685006,0.256502,17532
2022-12-11 17:00:00,4556,69581.5,28768.8,3489.67,0.984168,0.701743,0.259868,17532
2022-12-11 18:00:00,4704.5,70254.4,30126.1,3681,0.984168,0.701016,0.268338,17532
2022-12-11 19:00:00,4900,71357.4,32584.2,3904.67,0.974042,0.689838,0.279489,17532
2022-12-11 20:00:00,5103,71542.1,31002.4,4082.92,0.972098,0.691464,0.291068,17532
2022-12-11 21:00:00,5271,68186.8,32349.8,4243.92,0.957782,0.686921,0.30065,17532
2022-12-11 22:00:00,5410,67972.8,32347.9,4370.83,0.957251,0.686785,0.308579,17532
2022-12-11 23:00:00,5549,72552.6,33457.1,4503.75,0.938023,0.706013,0.316507,17532
2022-12-12 00:00:00,5650,123070,43636.9,4904.5,0.899652,0.764029,0.322268,17532
2022-12-12 01:00:00,6066,122527,44802,4949.42,0.897258,0.766682,0.345996,17532
2022-12-12 02:00:00,6099,105823,42786.7,4833.92,0.897258,0.766682,0.347878,17532
2022-12-12 03:00:00,5883,95803.6,41168.6,4772.92,0.897258,0.766682,0.335558,17532
2022-12-12 04:00:00,5893,100899,40107.2,4789.42,0.897258,0.766682,0.336128,17532
2022-12-12 05:00:00,6053,106512,38839.8,4809.08,0.897258,0.766682,0.345254,17532
2022-12-12 06:00:00,6017,113431,39452.1,4772.83,0.897258,0.766682,0.343201,17532
2022-12-12 07:00:00,5729,106004,35096.3,4094.25,0.917343,0.761301,0.326774,17532
2022-12-12 08:00:00,4617,76263.5,28423.3,3320.42,0.954428,0.747552,0.263347,17532
2022-12-12 09:00:00,4362,61203.1,27259.5,3251.08,0.97087,0.718955,0.248802,17532
2022-12-12 10:00:00,4339,54107.1,25411.9,3178.75,0.997591,0.68697,0.24749,17532
2022-12-12 11:00:00,4255,52148,25125.5,3142.58,0.999243,0.672078,0.242699,17532
2022-12-12 12:00:00,4429.5,76804.7,29062.4,3314.75,0.96151,0.741641,0.252652,17532
2022-12-12 13:00:00,4534,86447.5,29294.2,3321.92,0.957351,0.745826,0.258613,17532
2022-12-12 14:00:00,4327,68327.8,25444.9,3087.5,0.994358,0.691409,0.246806,17532
2022-12-12 15:00:00,4297,65215.1,23659.6,2962.58,0.998901,0.68566,0.245095,17532
2022-12-12 16:00:00,4131,69437.8,24356.8,2951.67,0.999228,0.685006,0.235626,17532
2022-12-12 17:00:00,4099,70685.7,24784.2,3036.67,0.984168,0.703036,0.233801,17532
2022-12-12 18:00:00,4275,70933.7,25543.8,3209.17,0.984168,0.701016,0.24384,17532
2022-12-12 19:00:00,4592,64799.8,30200.7,3698.83,0.973107,0.69131,0.261921,17532
2022-12-12 20:00:00,5180,69960.9,32487.8,4170.58,0.972098,0.691464,0.29546,17532
2022-12-12 21:00:00,5368,67608.2,32970.7,4375.92,0.957858,0.68694,0.306183,17532
2022-12-12 22:00:00,5644,67118.4,33788.2,4571.17,0.957251,0.686785,0.321926,17532
2022-12-12 23:00:00,5741,71702.8,35791.7,4732.17,0.938665,0.705371,0.327458,17532
2022-12-13 00:00:00,6090,127539,45943.4,5201.92,0.900007,0.763819,0.347365,17532
2022-12-13 01:00:00,6408,127935,47621.2,5235.75,0.897258,0.766682,0.365503,17532
2022-12-13 02:00:00,6246,112205,44821,5120.58,0.897258,0.766682,0.356263,17532
2022-12-13 03:00:00,6244,104701,44671.3,5074.17,0.897258,0.766682,0.356149,17532
2022-12-13 04:00:00,6142,104512,44336,5067.5,0.897258,0.766682,0.350331,17532
2022-12-13 05:00:00,6134,103037,41160,5040.25,0.897258,0.766682,0.349875,17532
2022-12-13 06:00:00,6370,115201,41710.3,5056.17,0.897258,0.766682,0.363336,17532
2022-12-13 07:00:00,5928,112485,38039.8,4400.92,0.916789,0.761406,0.338125,17532
2022-12-13 08:00:00,4844,81358.8,30750.2,3464,0.957157,0.745944,0.276295,17532
2022-12-13 09:00:00,4386,57757.6,26901.6,3157.83,0.971436,0.717825,0.250171,17532
2022-12-13 10:00:00,4174,50550.6,24153.6,2988.5,0.9971,0.687952,0.238079,17532
2022-12-13 11:00:00,4137,48844.7,23820,2952.42,0.999243,0.672634,0.235969,17532
2022-12-13 12:00:00,4222,77244.2,29108.5,3164.75,0.958921,0.742685,0.240817,17532
2022-12-13 13:00:00,4282,78401,29023.1,3133.75,0.957351,0.745826,0.244239,17532
2022-12-13 14:00:00,4098,59746.9,25657.7,2894.75,0.997691,0.688085,0.233744,17532
2022-12-13 15:00:00,3888,56269.9,23967.4,2785.33,0.999228,0.685006,0.221766,17532
2022-12-13 16:00:00,3859,58529.4,23240.3,2736.75,0.999228,0.685006,0.220112,17532
2022-12-13 17:00:00,3896,62593,22595.1,2782.83,0.984168,0.702005,0.222222,17532
2022-12-13 18:00:00,3966,58194.7,22958.7,2946.25,0.984168,0.701016,0.226215,17532
2022-12-13 19:00:00,4329,60882.2,27639.8,3469.33,0.971263,0.693393,0.24692,17532
2022-12-13 20:00:00,4809,64719.5,30818.5,3947.42,0.972098,0.691464,0.274298,17532
2022-12-13 21:00:00,5196,67163.3,32422.7,4254.83,0.958491,0.687106,0.296372,17532
2022-12-13 22:00:00,5448,70005.9,32990.2,4458.58,0.957251,0.686785,0.310746,17532
2022-12-13 23:00:00,5582,72151.4,34032,4593.58,0.9377,0.706336,0.318389,17532
2022-12-14 00:00:00,5938,126599,44182.4,5033.33,0.899121,0.763265,0.338695,17532
2022-12-14 01:00:00,6175,128567,45603.8,5067,0.897258,0.766682,0.352213,17532
2022-12-14 02:00:00,6109,118746,44657.8,5006.08,0.897258,0.766682,0.348449,17532
2022-12-14 03:00:00,6020,111367,44495.9,4956.42,0.897258,0.766682,0.343372,17532
2022-12-14 04:00:00,6179,106868,42096.6,4898.5,0.897258,0.766682,0.352441,17532
2022-12-14 05:00:00,5949,105235,39721.1,4869.58,0.897258,0.766682,0.339322,17532
2022-12-14 06:00:00,5989,117055,40614.9,4897.67,0.897258,0.766682,0.341604,17532
2022-12-14 07:00:00,5744,109618,35915.3,4190,0.917343,0.761301,0.327629,17532
2022-12-14 08:00:00,4732,82887.7,28664.9,3326.75,0.952692,0.747401,0.269906,17532
2022-12-14 09:00:00,4307,67902.7,27816.3,3195.92,0.970926,0.718841,0.245665,17532
2022-12-14 10:00:00,4211,55427.6,25509.3,3065.67,0.994829,0.690041,0.240189,17532
2022-12-14 11:00:00,4225,55076,23942.1,3035.17,0.999243,0.674336,0.240988,17532
2022-12-14 12:00:00,4215,85937,28714.8,3237,0.959991,0.741245,0.240418,17532
2022-12-14 13:00:00,4415,88582.5,29699.3,3224.42,0.957351,0.745826,0.251825,17532
2022-12-14 14:00:00,4183,64153.6,25239.2,2931.17,0.997985,0.687236,0.238592,17532
2022-12-14 15:00:00,4144,61852.3,24529.7,2864.5,0.999228,0.685006,0.236368,17532
2022-12-14 16:00:00,4119,61852.3,23670.9,2840.08,0.999228,0.685006,0.234942,17532
2022-12-14 17:00:00,4031,64945.1,24937.4,2964.58,0.984168,0.701198,0.229922,17532
2022-12-14 18:00:00,4143,66494.1,25861.8,3193,0.984168,0.701016,0.236311,17532
2022-12-14 19:00:00,4670,73264,30965.6,3820.08,0.971573,0.693834,0.26637,17532
2022-12-14 20:00:00,5296,77250.3,34052.1,4303.08,0.972098,0.691464,0.302076,17532
2022-12-14 21:00:00,5553,76975.1,35036.6,4553.5,0.957678,0.686891,0.316735,17532
2022-12-14 22:00:00,5732,73230.5,35658.6,4694.42,0.957251,0.686785,0.326945,17532
2022-12-14 23:00:00,5858,78095.5,37173.9,4833.08,0.938396,0.70564,0.334132,17532
2022-12-15 00:00:00,6074,121104,45573.7,5195.17,0.900367,0.762868,0.346452,17532
2022-12-15 01:00:00,6437,124666,47852.6,5229,0.897258,0.766682,0.367157,17532
2022-12-15 02:00:00,6243,108685,43860.1,5122.42,0.897258,0.766682,0.356092,17532
2022-12-15 03:00:00,6167,103427,44137,5095.25,0.897259,0.766683,0.351757,17532
2022-12-15 04:00:00,6168,102681,44504.8,5087.92,0.897259,0.766683,0.351814,17532
2022-12-15 05:00:00,6195,103051,41377,5068.25,0.897259,0.766683,0.353354,17532
2022-12-15 06:00:00,6247,113395,42749.8,5065.75,0.897259,0.766683,0.35632,17532
2022-12-15 07:00:00,6050,109195,37403.8,4376.75,0.917112,0.761346,0.345083,17532
2022-12-15 08:00:00,4793,80328.2,28939.7,3367.25,0.953274,0.74773,0.273386,17532
2022-12-15 09:00:00,4488,67355.8,28178.2,3205.33,0.972099,0.716491,0.255989,17532
2022-12-15 10:00:00,4299,57367.7,24964.7,3059.5,0.997899,0.6873,0.245209,17532
2022-12-15 11:00:00,4161,55343,24029,2861.67,0.999243,0.671998,0.237337,17532
2022-12-15 12:00:00,5097.5,84235.6,29352.2,3122.42,0.961353,0.739789,0.290754,17532
2022-12-15 13:00:00,4426,88697.7,29334.8,3201.67,0.957351,0.745827,0.252453,17532
2022-12-15 14:00:00,4279,67865,26799.6,3064.42,0.993874,0.691242,0.244068,17532
2022-12-15 15:00:00,4328,64624.3,25626.5,3010.92,0.997903,0.685424,0.246863,17532
2022-12-15 16:00:00,4160,66157.6,24452.8,3001.5,0.997903,0.685424,0.23728,17532
2022-12-15 17:00:00,4224,64951.5,24798.4,3033.42,0.982843,0.703525,0.240931,17532
2022-12-15 18:00:00,4214,63366,24811.8,3101.67,0.982843,0.701434,0.24036,17532
2022-12-15 19:00:00,4310,64596.1,28624,3578.33,0.973534,0.690527,0.245836,17532
2022-12-15 20:00:00,5046,67927.4,30903.2,4023.25,0.972099,0.691465,0.287817,17532
2022-12-15 21:00:00,5252,70566.4,32645.7,4287,0.957692,0.687381,0.299567,17532
2022-12-15 22:00:00,5494,69594.7,33728.3,4456.33,0.957251,0.686786,0.31337,17532
2022-12-15 23:00:00,5779,59227.8,28742,3842.08,0.937701,0.706337,0.329626,17532
2022-12-16 00:00:00,6458,120405,44577.6,4986,0.901813,0.761668,0.368355,17532
2022-12-16 01:00:00,6164,123300,46257.8,5044.08,0.897259,0.766683,0.351586,17532
2022-12-16 02:00:00,6125,113170,44846.6,4983.5,0.897259,0.766683,0.349361,17532
2022-12-16 03:00:00,6016,103433,42953.8,4911.58,0.89726,0.766683,0.343144,17532
2022-12-16 04:00:00,5974,98266.2,42899.1,4879,0.89726,0.766683,0.340748,17532
2022-12-16 05:00:00,5984,103367,40740.6,4879,0.89726,0.766683,0.341319,17532
2022-12-16 06:00:00,6048,113094,40825.2,4896.67,0.89726,0.766683,0.344969,17532
2022-12-16 07:00:00,5847,105714,35460.7,4247.83,0.916823,0.761396,0.333504,17532
2022-12-16 08:00:00,4758,81071.8,29806.5,3452.5,0.95463,0.747699,0.271389,17532
2022-12-16 09:00:00,4517,69847.3,28719.4,3322,0.971129,0.718432,0.257643,17532
2022-12-16 10:00:00,4331,59591.8,26022.7,3177.5,0.996682,0.688167,0.247034,17532
2022-12-16 11:00:00,4264,56962,24935.1,3121,0.999245,0.67348,0.243212,17532
2022-12-16 12:00:00,4274,85801.2,29962.7,3310.5,0.958007,0.744518,0.243783,17532
2022-12-16 13:00:00,4502,84887.3,29369.5,3306.92,0.957353,0.745827,0.256788,17532
2022-12-16 14:00:00,4494.5,70562.5,26931.6,3110.5,0.996516,0.689457,0.25636,17532
2022-12-16 15:00:00,4195,69704,26537.2,3005,0.99923,0.685007,0.239277,17532
2022-12-16 16:00:00,4122,66509.9,24515.1,2955.58,0.99923,0.685007,0.235113,17532
2022-12-16 17:00:00,4145,69450.8,25187.7,3024.5,0.984497,0.701113,0.236425,17532
2022-12-16 18:00:00,4176,65291.2,25326.9,3129.25,0.98417,0.701017,0.238193,17532
2022-12-16 19:00:00,4342,64956.4,28829.2,3579.17,0.974808,0.688981,0.247661,17532
2022-12-16 20:00:00,4951,66245.5,31476.6,4008.25,0.9721,0.691465,0.282398,17532
2022-12-16 21:00:00,5264,64994.3,31954.5,4179,0.958349,0.687023,0.300251,17532
2022-12-16 22:00:00,5365,63601,32152.5,4304.83,0.957253,0.686787,0.306012,17532
2022-12-16 23:00:00,5501,70660.9,33856.8,4484,0.937998,0.706041,0.313769,17532
2022-12-17 00:00:00,5717,112299,42877.6,4863.58,0.899043,0.764497,0.326089,17532
2022-12-17 01:00:00,6129,118514,45623,4946.17,0.89726,0.766683,0.349589,17532
2022-12-17 02:00:00,6020,108469,43995.4,4887,0.89726,0.766683,0.343372,17532
2022-12-17 03:00:00,5932,99094.8,42197,4815.17,0.89726,0.766683,0.338353,17532
2022-12-17 04:00:00,5901,92438.3,40584.9,4754.75,0.89726,0.766683,0.336585,17532
2022-12-17 05:00:00,5896,92923.1,39485.6,4757.5,0.89726,0.766683,0.336299,17532
2022-12-17 06:00:00,5902,100694,39964.8,4783.17,0.89726,0.766683,0.336642,17532
2022-12-17 07:00:00,5884,109730,39280.9,4698.92,0.917345,0.761302,0.335615,17532
2022-12-17 08:00:00,5625,86188.5,34211.4,4259.92,0.95553,0.746196,0.320842,17532
2022-12-17 09:00:00,5234,67967.1,32896.9,3944.08,0.970835,0.719022,0.29854,17532
2022-12-17 10:00:00,4939,59723.6,29324.2,3731.33,0.996283,0.687373,0.281713,17532
2022-12-17 11:00:00,4805,57405.4,28946.4,3663.83,0.997919,0.673107,0.27407,17532
2022-12-17 12:00:00,4825,83884.9,34046.8,3833.83,0.959705,0.742368,0.275211,17532
2022-12-17 13:00:00,5073,85267.8,32573.9,3787,0.957353,0.745827,0.289357,17532
2022-12-17 14:00:00,4861,72428.6,30150.2,3590.08,0.996449,0.688596,0.277264,17532
2022-12-17 15:00:00,4776,70520.9,28744.5,3525.42,0.99923,0.685007,0.272416,17532
2022-12-17 16:00:00,4667,68927.3,28532.9,3523.33,0.99923,0.685007,0.266199,17532
2022-12-17 17:00:00,4768,72127.8,28246.5,3599.5,0.98417,0.702672,0.27196,17532
2022-12-17 18:00:00,4872,68953.1,28879.9,3719.5,0.98417,0.701017,0.277892,17532
2022-12-17 19:00:00,4855,66216.9,29809.3,3851.92,0.973679,0.692251,0.276922,17532
2022-12-17 20:00:00,5150,66548.7,30316.3,3969.5,0.9721,0.691465,0.293749,17532
2022-12-17 21:00:00,5145,67223.9,31196,4091.5,0.958435,0.687141,0.293463,17532
2022-12-17 22:00:00,5361,66137.8,31566.7,4159.5,0.957253,0.686787,0.305784,17532
2022-12-17 23:00:00,5308,67386.8,32604.9,4237.42,0.939333,0.704707,0.302761,17532
2022-12-18 00:00:00,5424,111530,40858.5,4596.42,0.900869,0.760944,0.309377,17532
2022-12-18 01:00:00,5789,110672,42430.2,4635.83,0.89726,0.766683,0.330196,17532
2022-12-18 02:00:00,5771,94576.1,39746.8,4541.5,0.89726,0.766683,0.32917,17532
2022-12-18 03:00:00,5665,92055.1,38247.2,4537.25,0.89726,0.766683,0.323123,17532
2022-12-18 04:00:00,5715,90630.6,37622.9,4534.33,0.89726,0.766683,0.325975,17532
2022-12-18 05:00:00,5690,86317.8,34833.3,4446.5,0.89726,0.766683,0.324549,17532
2022-12-18 06:00:00,5694,92567.8,35846.4,4481.33,0.89726,0.766683,0.324778,17532
2022-12-18 07:00:00,5676,103170,37741,4473.67,0.917126,0.761313,0.323751,17532
2022-12-18 08:00:00,5601,85261.7,34412.1,4208.5,0.953585,0.747595,0.319473,17532
2022-12-18 09:00:00,5252.5,67141,31415.3,3937.42,0.971056,0.718585,0.299595,17532
2022-12-18 10:00:00,4967,56605.3,28086.4,3681.08,0.995601,0.689255,0.283311,17532
2022-12-18 11:00:00,4784.5,54378,27155,3559.33,0.997827,0.675153,0.272901,17532
2022-12-18 12:00:00,4705,74303.1,30694.5,3680.75,0.957754,0.745026,0.268366,17532
2022-12-18 13:00:00,4866,73173.5,30397.7,3649.67,0.957353,0.745827,0.27755,17532
2022-12-18 14:00:00,4662,61940.4,27913.6,3492.5,0.998382,0.686619,0.265914,17532
2022-12-18 15:00:00,4717,61658,27730.3,3459.75,0.99923,0.685007,0.269051,17532
2022-12-18 16:00:00,4611,63453.9,28895.8,3488.58,0.99923,0.685007,0.263005,17532
2022-12-18 17:00:00,4684,66796.1,28908.4,3568.75,0.98417,0.702035,0.267169,17532
2022-12-18 18:00:00,4833.5,68073.8,29574.4,3725.08,0.98417,0.701017,0.275696,17532
2022-12-18 19:00:00,4975,66619,30049.6,3855.67,0.972923,0.692492,0.283767,17532
2022-12-18 20:00:00,5034,67304,30473.4,3895.33,0.9721,0.691465,0.287132,17532
2022-12-18 21:00:00,5226,65624.9,30605.6,3956,0.958288,0.687047,0.298084,17532
2022-12-18 22:00:00,5162,66934.5,31267.1,4043,0.957253,0.686787,0.294433,17532
2022-12-18 23:00:00,5229,68753.4,30990.7,4115.08,0.938351,0.705689,0.298255,17532
2022-12-19 00:00:00,5350,110825,39990.4,4456.75,0.899481,0.764063,0.305156,17532
2022-12-19 01:00:00,5688,110915,40845.5,4466.58,0.89726,0.766683,0.324435,17532
2022-12-19 02:00:00,5550,95484.7,38743.3,4364,0.89726,0.766683,0.316564,17532
2022-12-19 03:00:00,5481,93617.5,38600.1,4351.42,0.89726,0.766683,0.312628,17532
2022-12-19 04:00:00,5486,89882.8,36574,4329.58,0.89726,0.766683,0.312914,17532
2022-12-19 05:00:00,5494,92585.5,35616.1,4323.25,0.89726,0.766683,0.31337,17532
2022-12-19 06:00:00,5466,98691.3,35563.1,4312,0.89726,0.766683,0.311773,17532
2022-12-19 07:00:00,5319,94252.7,33058.2,3888.17,0.916166,0.761926,0.303388,17532
2022-12-19 08:00:00,4716,76371.9,29999.8,3449.5,0.955993,0.746366,0.268994,17532
2022-12-19 09:00:00,4517,58380.3,27749,3313.25,0.972024,0.716644,0.257643,17532
2022-12-19 10:00:00,4394,49921.6,24704.5,3216.25,0.995724,0.688629,0.250627,17532
2022-12-19 11:00:00,4350,49421.1,25288.5,3207.33,0.998805,0.672133,0.248118,17532
2022-12-19 12:00:00,4443,81748.8,30508.7,3440.5,0.960094,0.741109,0.253422,17532
2022-12-19 13:00:00,4661,84257.1,30989.2,3410.92,0.957353,0.745827,0.265857,17532
2022-12-19 14:00:00,4489,66902.4,27533.3,3193.67,0.996283,0.689145,0.256046,17532
2022-12-19 15:00:00,4315,61514,25874,3115.92,0.99923,0.685007,0.246121,17532
2022-12-19 16:00:00,4317,64029.6,25405.2,3126.67,0.99923,0.685007,0.246235,17532
2022-12-19 17:00:00,4300,67559,25739.3,3195.92,0.98417,0.701461,0.245266,17532
2022-12-19 18:00:00,4451,69019.5,26883.3,3422.25,0.98417,0.701017,0.253879,17532
2022-12-19 19:00:00,4782,75263.8,31258.3,3855.25,0.971463,0.69419,0.272758,17532
2022-12-19 20:00:00,5109,66334.6,30820.1,3997.83,0.9721,0.691465,0.29141,17532
2022-12-19 21:00:00,5209,61606.7,30336.1,4041.42,0.958438,0.687571,0.297114,17532
2022-12-19 22:00:00,5222,63377.2,30487,4119.92,0.957253,0.686787,0.297855,17532
2022-12-19 23:00:00,5322,65902.3,31485.3,4201.83,0.938324,0.705716,0.303559,17532
2022-12-20 00:00:00,5477,119077,41560.8,4594.75,0.900511,0.760196,0.3124,17532
2022-12-20 01:00:00,5830,114344,40734.3,4598.75,0.89726,0.766683,0.332535,17532
2022-12-20 02:00:00,5699,98492.5,39016.3,4491.33,0.89726,0.766683,0.325063,17532
2022-12-20 03:00:00,5620,92300.7,39168.1,4445.75,0.89726,0.766683,0.320557,17532
2022-12-20 04:00:00,5746,92404,38361.8,4428.58,0.89726,0.766683,0.327744,17532
2022-12-20 05:00:00,5615,95995.7,36686,4444.92,0.89726,0.766683,0.320271,17532
2022-12-20 06:00:00,5711,104976,37008.6,4460.08,0.89726,0.766683,0.325747,17532
2022-12-20 07:00:00,5578,101531,35815.4,4089.75,0.917082,0.761404,0.318161,17532
2022-12-20 08:00:00,4856,74306.1,30870.3,3514.33,0.955822,0.746132,0.276979,17532
2022-12-20 09:00:00,4508,57784.8,28587.7,3281.5,0.971917,0.716861,0.25713,17532
2022-12-20 10:00:00,4419,47596.4,24281.7,3147.25,0.997553,0.68731,0.252053,17532
2022-12-20 11:00:00,4281,49448,24687,3125.83,0.999245,0.672362,0.244182,17532
2022-12-20 12:00:00,4471,74629.4,29422.4,3311.5,0.960245,0.74059,0.255019,17532
2022-12-20 13:00:00,4700,72608.1,29011.2,3279.92,0.957353,0.745827,0.268081,17532
2022-12-20 14:00:00,4482,58471.4,25983.6,3120.17,0.995678,0.690256,0.255647,17532
2022-12-20 15:00:00,4250,57667.8,24297.5,3013.83,0.99923,0.685007,0.242414,17532
2022-12-20 16:00:00,4208,59662.8,24625.9,3022,0.99923,0.685007,0.240018,17532
2022-12-20 17:00:00,4219,64882,26593.9,3105.58,0.98417,0.701017,0.240646,17532
2022-12-20 18:00:00,4303,64107.9,26683,3254.67,0.98417,0.701017,0.245437,17532
2022-12-20 19:00:00,4618,65627.3,29573.4,3624.83,0.973021,0.690756,0.263404,17532
2022-12-20 20:00:00,4935.5,61481,29057.1,3801.42,0.9721,0.691465,0.281514,17532
2022-12-20 21:00:00,4988,59205.9,29604.4,3871.42,0.95792,0.687006,0.284508,17532
2022-12-20 22:00:00,5011,59618.5,29600.9,3921.83,0.957253,0.686787,0.28582,17532
2022-12-20 23:00:00,5070,63010.4,30565.7,3985.75,0.940308,0.703731,0.289185,17532
2022-12-21 00:00:00,5386,109604,38375.3,4333.17,0.898929,0.764106,0.30721,17532
2022-12-21 01:00:00,5565,111945,41143.2,4378.92,0.89726,0.766683,0.31742,17532
2022-12-21 02:00:00,5413,93224.4,37619.7,4252.67,0.89726,0.766683,0.30875,17532
2022-12-21 03:00:00,5334,90118.2,37947.6,4242.08,0.89726,0.766683,0.304244,17532
2022-12-21 04:00:00,5449,85927,36494.4,4207.25,0.89726,0.766683,0.310803,17532
2022-12-21 05:00:00,5347,88452,35150.8,4228.25,0.89726,0.766683,0.304985,17532
2022-12-21 06:00:00,5356,94572.1,34819.1,4225.08,0.89726,0.766683,0.305499,17532
2022-12-21 07:00:00,5287,96679,33327,3983.75,0.915412,0.761683,0.301563,17532
2022-12-21 08:00:00,4779,73225,28455,3458.25,0.956025,0.746288,0.272587,17532
2022-12-21 09:00:00,4476,56788.2,27344.9,3295.75,0.969226,0.722253,0.255305,17532
2022-12-21 10:00:00,4354,46902.6,24730.5,3172.42,0.995095,0.688743,0.248346,17532
2022-12-21 11:00:00,4429,46679.5,25067.2,3138.67,0.997919,0.673504,0.252624,17532
2022-12-21 12:00:00,4318,74221.5,29759.9,3328.17,0.959665,0.741678,0.246292,17532
2022-12-21 13:00:00,4636,72764.5,28078.8,3247.67,0.957353,0.745827,0.264431,17532
2022-12-21 14:00:00,4317,53866,24981.8,3061.33,0.993575,0.693791,0.246235,17532
2022-12-21 15:00:00,4211,51952,23494.3,2977.42,0.998903,0.685662,0.240189,17532
2022-12-21 16:00:00,4161,53608.8,22997.1,2993.75,0.99923,0.685007,0.237337,17532
2022-12-21 17:00:00,4316,60218.9,24459.9,3096.17,0.98417,0.703635,0.246178,17532
2022-12-21 18:00:00,4403,60551.3,25676.9,3215,0.98417,0.701017,0.251141,17532
2022-12-21 19:00:00,4600,60226.4,28134.9,3473.5,0.973407,0.691303,0.262377,17532
2022-12-21 20:00:00,4844,59308.5,27555.8,3635.92,0.9721,0.691465,0.276295,17532
2022-12-21 21:00:00,4802,56513.4,27848.6,3700.5,0.95768,0.686893,0.273899,17532
2022-12-21 22:00:00,4886,58042.8,28251.3,3756.33,0.957253,0.686787,0.27869,17532
2022-12-21 23:00:00,4954,63448.9,28862,3822.67,0.939131,0.704908,0.282569,17532
2022-12-22 00:00:00,5048,107164,34747.8,4103.25,0.900856,0.76244,0.287931,17532
2022-12-22 01:00:00,5286,108045,36033.6,4123.08,0.89726,0.766683,0.301506,17532
2022-12-22 02:00:00,5330,96422.7,34714.6,4027.58,0.89726,0.766683,0.304016,17532
2022-12-22 03:00:00,5129,86571.2,34480.1,3967.75,0.89737,0.766574,0.292551,17532
2022-12-22 04:00:00,5066,82232.2,33095.2,3938.83,0.89737,0.766574,0.288957,17532
2022-12-22 05:00:00,5069,84075.7,31318.2,3942.08,0.89737,0.766574,0.289128,17532
2022-12-22 06:00:00,5117,93133.3,32484.1,3983.92,0.89737,0.766574,0.291866,17532
2022-12-22 07:00:00,5082,93619.6,32283.6,3771.5,0.916531,0.761767,0.28987,17532
2022-12-22 08:00:00,4631,72974.2,29304.8,3372.33,0.952053,0.748091,0.264146,17532
2022-12-22 09:00:00,4421,57450.8,26776.5,3222,0.972391,0.7162,0.252167,17532
2022-12-22 10:00:00,4300,49947.7,24729,3118.75,0.995347,0.689854,0.245266,17532
2022-12-22 11:00:00,4328,50738.5,24439.4,3096.83,0.999718,0.673341,0.246863,17532
2022-12-22 12:00:00,4260,72609.5,28205.4,3228.75,0.959306,0.742758,0.242984,17532
2022-12-22 13:00:00,4602,74960.5,27825,3208.08,0.957644,0.745537,0.262491,17532
2022-12-22 14:00:00,4283,59317.9,24675.5,3059.42,0.997654,0.687408,0.244296,17532
2022-12-22 15:00:00,4203,57455,23962.9,2998.75,0.999703,0.684534,0.239733,17532
2022-12-22 16:00:00,4136,55466.7,23252.1,2978.25,0.999703,0.684534,0.235911,17532
2022-12-22 17:00:00,4181,59595.8,23725.2,3047,0.984643,0.701635,0.238478,17532
2022-12-22 18:00:00,4301,63136.7,25537.8,3233,0.984643,0.701635,0.245323,17532
2022-12-22 19:00:00,4510,62337.1,27637.4,3475.83,0.971098,0.694437,0.257244,17532
2022-12-22 20:00:00,4675,55646,27327.8,3555.08,0.972391,0.691174,0.266655,17532
2022-12-22 21:00:00,4744,55418.3,27842.7,3627.67,0.958389,0.68671,0.270591,17532
2022-12-22 22:00:00,4807,52320.3,26851.2,3627.92,0.957544,0.686496,0.274184,17532
2022-12-22 23:00:00,4790,58354.8,27487.6,3717.92,0.938689,0.70535,0.273215,17532
2022-12-23 00:00:00,5095,96727.3,33325.1,3995.83,0.901403,0.761163,0.290611,17532
2022-12-23 01:00:00,5195,100342,34651.5,4032.75,0.89737,0.766574,0.296315,17532
2022-12-23 02:00:00,5130,89152.2,32920.4,3943.33,0.89737,0.766574,0.292608,17532
2022-12-23 03:00:00,5072,85424.9,32625.3,3932.92,0.89737,0.766574,0.2893,17532
2022-12-23 04:00:00,5071,80525.3,31777.2,3903.67,0.89737,0.766574,0.289243,17532
2022-12-23 05:00:00,5013,83379.7,30716.7,3906.25,0.89737,0.766574,0.285934,17532
2022-12-23 06:00:00,5099,94953.9,32102.8,3977.92,0.89737,0.766574,0.29084,17532
2022-12-23 07:00:00,5094,95426.2,31318.5,3799.83,0.917236,0.761204,0.290554,17532
2022-12-23 08:00:00,4717,70756.9,28731.7,3430.42,0.954726,0.746699,0.269051,17532
2022-12-23 09:00:00,4498,56810,26948.1,3282.83,0.970472,0.720043,0.256559,17532
2022-12-23 10:00:00,4355,48265,24220.2,3141.92,0.997133,0.687523,0.248403,17532
2022-12-23 11:00:00,4290,51401.7,25760.6,3133.75,0.999718,0.67281,0.244695,17532
2022-12-23 12:00:00,4384,71545.9,28866.5,3272.5,0.958214,0.744395,0.250057,17532
2022-12-23 13:00:00,4468,70471.7,27072.1,3249.58,0.957644,0.745537,0.254848,17532
2022-12-23 14:00:00,4349,55380.2,24152.9,3094.75,0.997268,0.687297,0.248061,17532
2022-12-23 15:00:00,4248,56398.3,24282.1,3062.25,0.999703,0.684534,0.2423,17532
2022-12-23 16:00:00,4203,57900.5,24042.4,3055.33,0.999703,0.684534,0.239733,17532
2022-12-23 17:00:00,4280,61738.1,23889.8,3102.5,0.984643,0.702508,0.244125,17532
2022-12-23 18:00:00,4329.5,62522.8,24779.7,3203.17,0.984643,0.701635,0.246948,17532
2022-12-23 19:00:00,4378,56763.2,25766,3367.33,0.975302,0.688612,0.249715,17532
2022-12-23 20:00:00,4694,55629.6,26314.6,3465.25,0.972391,0.691174,0.267739,17532
2022-12-23 21:00:00,4631,56226.5,26783.9,3522.25,0.958214,0.687147,0.264146,17532
2022-12-23 22:00:00,4695,54710,26929.3,3559.42,0.957544,0.686496,0.267796,17532
2022-12-23 23:00:00,4788,57201.4,27028.5,3621.5,0.938806,0.705233,0.273101,17532
2022-12-24 00:00:00,5031,99684.4,33969.1,3927.5,0.902018,0.761925,0.286961,17532
2022-12-24 01:00:00,5227,97690.4,34334.2,3933.33,0.89737,0.766574,0.298141,17532
2022-12-24 02:00:00,5026,82735.5,33522.3,3858.42,0.89737,0.766574,0.286676,17532
2022-12-24 03:00:00,5003,77462.3,32583.3,3820.92,0.89737,0.766574,0.285364,17532
2022-12-24 04:00:00,5049,75009.4,31911.6,3806.58,0.89737,0.766574,0.287988,17532
2022-12-24 05:00:00,5086,77554.1,31216.4,3812.58,0.89737,0.766574,0.290098,17532
2022-12-24 06:00:00,5068,90663.9,32344.3,3866.25,0.89737,0.766574,0.289071,17532
2022-12-24 07:00:00,5055,96876.7,31301.2,3848.08,0.914205,0.76223,0.28833,17532
2022-12-24 08:00:00,4886,77633.6,29052.4,3621.5,0.954752,0.747172,0.27869,17532
2022-12-24 09:00:00,4709,60333.6,27235.9,3376.33,0.97186,0.717261,0.268595,17532
2022-12-24 10:00:00,4398,49974.6,23821.1,3182.5,0.99882,0.686054,0.250856,17532
2022-12-24 11:00:00,4261,50865.6,23503,3124.42,0.999718,0.673625,0.243041,17532
2022-12-24 12:00:00,4351,67155.8,26088.8,3222.17,0.959185,0.742453,0.248175,17532
2022-12-24 13:00:00,4453,63431.6,24740.8,3190.92,0.957644,0.745537,0.253993,17532
2022-12-24 14:00:00,4332,54540.6,23671.9,3118.08,0.996613,0.688337,0.247091,17532
2022-12-24 15:00:00,4378.5,54702.6,24141.5,3069.5,0.999703,0.684534,0.249743,17532
2022-12-24 16:00:00,4253,53930.2,23896.7,3055.08,0.999703,0.684534,0.242585,17532
2022-12-24 17:00:00,4345,59059.8,24649.2,3114.08,0.984643,0.702746,0.247833,17532
2022-12-24 18:00:00,4369,61139.1,26026.9,3214.67,0.984643,0.701635,0.249201,17532
2022-12-24 19:00:00,4398,55851.6,26515.8,3272.58,0.973577,0.689988,0.250856,17532
2022-12-24 20:00:00,4487,50018.8,24526.9,3283.08,0.972391,0.691174,0.255932,17532
2022-12-24 21:00:00,4529,50051.1,24462.3,3313.75,0.957544,0.686496,0.258328,17532
2022-12-24 22:00:00,4512,50315.2,24591.1,3371.33,0.957544,0.686496,0.257358,17532
2022-12-24 23:00:00,4611,56187.8,26030.9,3460.5,0.937993,0.706047,0.263005,17532
2022-12-25 00:00:00,4775,96545.3,31402.5,3738.5,0.89854,0.765403,0.272359,17532
2022-12-25 01:00:00,4935,90770.9,31311.4,3726.92,0.89737,0.766574,0.281485,17532
2022-12-25 02:00:00,4852,77264.4,29793.6,3641.58,0.89737,0.766574,0.276751,17532
2022-12-25 03:00:00,4929,70752.6,28318.4,3590.33,0.89737,0.766574,0.281143,17532
2022-12-25 04:00:00,4782,70452.6,28742.1,3609.33,0.89737,0.766574,0.272758,17532
2022-12-25 05:00:00,4760,74469.6,29121.3,3623.25,0.89737,0.766574,0.271504,17532
2022-12-25 06:00:00,4803,81853.4,29333.2,3655.5,0.89737,0.766574,0.273956,17532
2022-12-25 07:00:00,4852,94845.7,31084.1,3675.33,0.914691,0.762189,0.276751,17532
2022-12-25 08:00:00,4767,73242.2,27593.2,3464.33,0.952373,0.748409,0.271903,17532
2022-12-25 09:00:00,4554,53831.3,25389.3,3274.42,0.971997,0.716988,0.259754,17532
2022-12-25 10:00:00,4430,48530.2,24176.5,3162.83,0.997733,0.68715,0.252681,17532
2022-12-25 11:00:00,4343,49610.8,23328.6,3110.83,0.999515,0.673355,0.247718,17532
2022-12-25 12:00:00,4303,58704,24953.1,3184.75,0.960424,0.741556,0.245437,17532
2022-12-25 13:00:00,4452,57931.7,25014.6,3150.58,0.957644,0.745537,0.253936,17532
2022-12-25 14:00:00,4281,50635.6,23435.7,3037.58,0.995786,0.69044,0.244182,17532
2022-12-25 15:00:00,4261,50848.2,23409,3003.33,0.999703,0.684534,0.243041,17532
2022-12-25 16:00:00,4208,51739.9,23518.4,2999.5,0.999703,0.684534,0.240018,17532
2022-12-25 17:00:00,4286.5,54689.3,23987.1,3048.75,0.984643,0.703191,0.244496,17532
2022-12-25 18:00:00,4300,58926,24271.5,3174.08,0.984643,0.701635,0.245266,17532
2022-12-25 19:00:00,4426,56074.5,25060.8,3236.5,0.973001,0.691734,0.252453,17532
2022-12-25 20:00:00,4434,52259.3,24812,3250.5,0.972391,0.691174,0.252909,17532
2022-12-25 21:00:00,4512,52583.1,24592.8,3296.58,0.958289,0.686678,0.257358,17532
2022-12-25 22:00:00,4778,52436.3,24636.6,3335.83,0.957544,0.686496,0.27253,17532
2022-12-25 23:00:00,4578,53680.1,25102.3,3382.83,0.938211,0.705828,0.261123,17532
2022-12-26 00:00:00,4731,87086.2,30223.4,3615.17,0.899198,0.763217,0.269849,17532
2022-12-26 01:00:00,4854,91253.6,30746.5,3660.25,0.89737,0.766574,0.276865,17532
2022-12-26 02:00:00,4839,83947.5,28963.7,3629.33,0.89737,0.766574,0.27601,17532
2022-12-26 03:00:00,4846,77583.4,28970,3587.58,0.89737,0.766574,0.276409,17532
2022-12-26 04:00:00,4752,73972.7,28258,3560.75,0.89737,0.766574,0.271047,17532
2022-12-26 05:00:00,4838,77513.7,28519.2,3573.92,0.89737,0.766574,0.275953,17532
2022-12-26 06:00:00,4802,82733.6,28688.8,3590.83,0.89737,0.766574,0.273899,17532
2022-12-26 07:00:00,4837,92260.5,29567,3482.67,0.917454,0.761193,0.275896,17532
2022-12-26 08:00:00,4522,70529.3,27629.6,3174.58,0.954996,0.746403,0.257928,17532
2022-12-26 09:00:00,4334,56026.9,26656.9,3146.75,0.972391,0.7162,0.247205,17532
2022-12-26 10:00:00,4408,49870.1,25195.9,3087,0.996877,0.688518,0.251426,17532
2022-12-26 11:00:00,4349,47505.6,23388.1,3056.5,0.999718,0.672698,0.248061,17532
2022-12-26 12:00:00,4360,74367.5,27690.1,3234.25,0.958287,0.744249,0.248688,17532
2022-12-26 13:00:00,4434,66603.8,25887.6,3126,0.957644,0.745537,0.252909,17532
2022-12-26 14:00:00,4396,52081.6,23491.6,2983.58,0.993956,0.692765,0.250742,17532
2022-12-26 15:00:00,4305,54209.2,23343.5,2925.92,0.999703,0.684534,0.245551,17532
2022-12-26 16:00:00,4162,58078.4,23383.2,2959.33,0.999703,0.684534,0.237394,17532
2022-12-26 17:00:00,4226,57583.7,23148.7,3016.83,0.984643,0.70229,0.241045,17532
2022-12-26 18:00:00,4331,58099.1,24015,3139.33,0.984643,0.701635,0.247034,17532
2022-12-26 19:00:00,4437,60598.7,26712.8,3391.58,0.974374,0.692517,0.25308,17532
2022-12-26 20:00:00,4693,56737.4,26909.3,3478.67,0.972391,0.691174,0.267682,17532
2022-12-26 21:00:00,4718,55645.5,27214.2,3548.33,0.95946,0.686979,0.269108,17532
2022-12-26 22:00:00,4812,56360.8,27251.9,3592.75,0.957544,0.686496,0.27447,17532
2022-12-26 23:00:00,4875,60012.5,28003.9,3665.75,0.940946,0.703093,0.278063,17532
2022-12-27 00:00:00,5073,102554,33983.3,3979.75,0.901,0.761576,0.289357,17532
2022-12-27 01:00:00,5175,98106.4,34060.5,3970.67,0.89737,0.766574,0.295175,17532
2022-12-27 02:00:00,5089,86426.7,32397.5,3890.58,0.89737,0.766574,0.290269,17532
2022-12-27 03:00:00,5063,83813.3,32887.8,3863.5,0.89743,0.76592,0.288786,17532
2022-12-27 04:00:00,5172,79962.3,30599.2,3837.58,0.89743,0.76592,0.295003,17532
2022-12-27 05:00:00,5125,83243.9,30131.8,3846.25,0.89743,0.76592,0.292323,17532
2022-12-27 06:00:00,5145,89970,31656.2,3880.58,0.89743,0.76592,0.293463,17532
2022-12-27 07:00:00,5074,96690.4,31212.5,3745.58,0.915807,0.761463,0.289414,17532
2022-12-27 08:00:00,4666,73291.1,28053.1,3335.17,0.956272,0.745685,0.266142,17532
2022-12-27 09:00:00,4507,58665.4,26103.3,3198.75,0.97131,0.716869,0.257073,17532
2022-12-27 10:00:00,4374,52332,24065.3,3061.17,0.99689,0.6881,0.249487,17532
2022-12-27 11:00:00,4419,52144.8,23495.8,3008.5,0.998821,0.673876,0.252053,17532
2022-12-27 12:00:00,4312,75171.4,26810.3,3159.83,0.958822,0.744215,0.24595,17532
2022-12-27 13:00:00,4441,74104.4,25983.6,3126.08,0.957171,0.745161,0.253308,17532
2022-12-27 14:00:00,4241,58295.6,23726.2,2957.75,0.997357,0.686831,0.241901,17532
2022-12-27 15:00:00,4198,60521.5,23426.7,2924.58,0.998806,0.684837,0.239448,17532
2022-12-27 16:00:00,4149,60201.8,22866,2908,0.998806,0.684837,0.236653,17532
2022-12-27 17:00:00,4300,59756.1,22590.1,2957.17,0.98417,0.701517,0.245266,17532
2022-12-27 18:00:00,4305,61874.6,23503.1,3094.08,0.98417,0.70126,0.245551,17532
2022-12-27 19:00:00,4518,62668.2,25770.9,3390.58,0.974571,0.690012,0.2577,17532
2022-12-27 20:00:00,4771,57229.5,26540.7,3507.67,0.971494,0.691477,0.272131,17532
2022-12-27 21:00:00,4750,55620.5,26403.5,3546.67,0.957178,0.686401,0.270933,17532
2022-12-27 22:00:00,4885,58031,27018.9,3626.25,0.957071,0.686374,0.278633,17532
2022-12-27 23:00:00,4915,62699.8,28419.1,3729.58,0.93752,0.705925,0.280345,17532
2022-12-28 00:00:00,5143,102400,33442.5,4025.5,0.901299,0.758766,0.293349,17532
2022-12-28 01:00:00,5334,100954,34377.3,4028.92,0.89743,0.76592,0.304244,17532
2022-12-28 02:00:00,5166,88121.7,33520.5,3928,0.89743,0.76592,0.294661,17532
2022-12-28 03:00:00,5165,84272,33081.4,3900.75,0.89743,0.76592,0.294604,17532
2022-12-28 04:00:00,5087,80024.5,32502.2,3883,0.89743,0.76592,0.290155,17532
2022-12-28 05:00:00,5226,82034.5,30760.9,3881.75,0.89743,0.76592,0.298084,17532
2022-12-28 06:00:00,5181,93685.5,32627.6,3945.75,0.89743,0.76592,0.295517,17532
2022-12-28 07:00:00,5176,98388.6,30757.8,3782.08,0.914503,0.761646,0.295232,17532
2022-12-28 08:00:00,4776,75642.1,27913.3,3329.5,0.952171,0.747319,0.272416,17532
2022-12-28 09:00:00,4436,60491.8,25979.5,3178.75,0.969422,0.7206,0.253023,17532
2022-12-28 10:00:00,4345,52274.9,23750.1,3061.67,0.994261,0.68971,0.247833,17532
2022-12-28 11:00:00,4420,53298.3,24044.3,3041.92,0.995984,0.676374,0.25211,17532
2022-12-28 12:00:00,4397,71289.2,26863.1,3144,0.957687,0.744128,0.250799,17532
2022-12-28 13:00:00,4436,70813.4,25410.2,3064.25,0.957171,0.745161,0.253023,17532
2022-12-28 14:00:00,4200,55147,22332,2882.42,0.995297,0.69008,0.239562,17532
2022-12-28 15:00:00,4118,55888.6,22738.1,2841.33,0.998806,0.684837,0.234885,17532
2022-12-28 16:00:00,4089,59329.4,22343.9,2852.33,0.998806,0.684837,0.233231,17532
2022-12-28 17:00:00,4147,63160.4,23135.7,2950.5,0.98417,0.701441,0.236539,17532
2022-12-28 18:00:00,4267,67922.6,25254.9,3100.92,0.98417,0.70126,0.243384,17532
2022-12-28 19:00:00,4444,62265.7,26766.9,3365.58,0.973267,0.69245,0.253479,17532
2022-12-28 20:00:00,4704,61802,27191.3,3583.08,0.971494,0.691477,0.268309,17532
2022-12-28 21:00:00,4841,59512.7,27421.2,3657.92,0.957667,0.686507,0.276124,17532
2022-12-28 22:00:00,4903,57323.7,27662.6,3713.42,0.957071,0.686374,0.27966,17532
2022-12-28 23:00:00,5027,63028.6,28994.4,3826.67,0.939339,0.704107,0.286733,17532
2022-12-29 00:00:00,5175,90730.5,31228.3,3740.33,0.899112,0.763149,0.295175,17532
2022-12-29 01:00:00,5367,101533,35223.4,4123.92,0.89743,0.76592,0.306126,17532
2022-12-29 02:00:00,5280,90642.9,34450.7,4069.08,0.89743,0.76592,0.301164,17532
2022-12-29 03:00:00,5302,84698.1,34000.4,4026.08,0.89743,0.76592,0.302418,17532
2022-12-29 04:00:00,5186,81187,32799.3,4000,0.89743,0.76592,0.295802,17532
2022-12-29 05:00:00,5189,84863.5,31902.6,4013.5,0.89743,0.76592,0.295973,17532
2022-12-29 06:00:00,5386,96998.5,33211.6,4068.08,0.89743,0.76592,0.30721,17532
2022-12-29 07:00:00,5242,102579,32108.7,3886.33,0.916981,0.760817,0.298996,17532
2022-12-29 08:00:00,4798,76939.4,28271.5,3355.42,0.955847,0.745584,0.273671,17532
2022-12-29 09:00:00,4454,58290,25840,3176.08,0.970832,0.717838,0.25405,17532
2022-12-29 10:00:00,4308,50109,23706.3,3002.83,0.997169,0.686802,0.245722,17532
2022-12-29 11:00:00,4192,51084.9,23161.6,2980.17,0.998821,0.673001,0.239106,17532
2022-12-29 12:00:00,4223,75593.4,27070.4,3154,0.958116,0.74327,0.240874,17532
2022-12-29 13:00:00,4448,72491.7,25778.1,3071,0.957171,0.745161,0.253707,17532
2022-12-29 14:00:00,4171,50503.6,22358.1,2827.92,0.99783,0.686625,0.237908,17532
2022-12-29 15:00:00,4056,51962.5,22347.3,2775.92,0.998806,0.684837,0.231348,17532
2022-12-29 16:00:00,4016,52344,21776.9,2779.25,0.998806,0.684837,0.229067,17532
2022-12-29 17:00:00,4143,52651.3,21734.5,2870.5,0.98417,0.702314,0.236311,17532
2022-12-29 18:00:00,4234.5,57542.8,24507.3,3066.67,0.98417,0.70126,0.24153,17532
2022-12-29 19:00:00,4475,64982.3,28517,3509.58,0.971479,0.692413,0.255248,17532
2022-12-29 20:00:00,4915,66509.2,28638.5,3773.83,0.971494,0.691477,0.280345,17532
2022-12-29 21:00:00,5059,62119,29131,3868.17,0.957498,0.68648,0.288558,17532
2022-12-29 22:00:00,5143,63889.6,29665.8,3956.17,0.957071,0.686374,0.293349,17532
2022-12-29 23:00:00,5190,64628.1,29935.4,4017.58,0.942101,0.701345,0.29603,17532
2022-12-30 00:00:00,5529,105145,35638.4,4312,0.901534,0.76128,0.315366,17532
2022-12-30 01:00:00,5566,103624,36241.9,4319.33,0.89743,0.76592,0.317477,17532
2022-12-30 02:00:00,5451,92337.9,35438.6,4266.5,0.89743,0.76592,0.310917,17532
2022-12-30 03:00:00,5434,90233.7,35550.3,4252.5,0.89743,0.76592,0.309948,17532
2022-12-30 04:00:00,5500,89262.7,33904.9,4232.5,0.89743,0.76592,0.313712,17532
2022-12-30 05:00:00,5408,89580.9,33306.3,4235.42,0.89743,0.76592,0.308465,17532
2022-12-30 06:00:00,5480,102187,35054.6,4297.42,0.89743,0.76592,0.312571,17532
2022-12-30 07:00:00,5423,105496,33858.5,4058.75,0.915711,0.761054,0.30932,17532
2022-12-30 08:00:00,4979,78863.7,29605.8,3519,0.948952,0.748368,0.283995,17532
2022-12-30 09:00:00,4635,59980.5,27283.7,3338.67,0.969224,0.721038,0.264374,17532
2022-12-30 10:00:00,4485,53160.1,24592.2,3169.17,0.995812,0.688159,0.255818,17532
2022-12-30 11:00:00,4331.5,53839.7,24411.6,3129.75,0.998821,0.672974,0.247063,17532
2022-12-30 12:00:00,4412,79535.1,29210,3317,0.959038,0.741465,0.251654,17532
2022-12-30 13:00:00,4541,75306.5,27783.6,3248.17,0.957171,0.745161,0.259012,17532
2022-12-30 14:00:00,4345,61273.5,24640,3048,0.99613,0.690053,0.247833,17532
2022-12-30 15:00:00,4191,61762.3,24590.5,2960.83,0.998806,0.684837,0.239049,17532
2022-12-30 16:00:00,4184.5,62543,24518.3,2966.33,0.998806,0.684837,0.238678,17532
2022-12-30 17:00:00,4283,67040.2,23996.6,3064.5,0.98417,0.701601,0.244296,17532
2022-12-30 18:00:00,4314,67005,24095.7,3176.58,0.98417,0.70126,0.246064,17532
2022-12-30 19:00:00,4421,59973,26332.2,3443.5,0.972031,0.691751,0.252167,17532
2022-12-30 20:00:00,4782,59189.2,28281.2,3749,0.971494,0.691477,0.272758,17532
2022-12-30 21:00:00,5100,63027.4,29933.5,3989.83,0.958132,0.686586,0.290897,17532
2022-12-30 22:00:00,5266,66936.9,30983.8,4143.83,0.957071,0.686374,0.300365,17532
2022-12-30 23:00:00,5391,69921.7,31859.1,4271.33,0.937779,0.705666,0.307495,17532
2022-12-31 00:00:00,5763,118648,38353.8,4633.17,0.898635,0.763727,0.328713,17532
2022-12-31 01:00:00,5860,118094,39226.4,4670.08,0.89743,0.76592,0.334246,17532
2022-12-31 02:00:00,5747,104031,38180,4584.67,0.89743,0.76592,0.327801,17532
2022-12-31 03:00:00,5772,103525,38286.2,4577.08,0.89743,0.76592,0.329227,17532
2022-12-31 04:00:00,5710,96072,37842.3,4519.33,0.89743,0.76592,0.32569,17532
2022-12-31 05:00:00,5682,95467.3,36807.5,4506.17,0.89743,0.76592,0.324093,17532
2022-12-31 06:00:00,5694,102593,36678.6,4552.75,0.89743,0.76592,0.324778,17532
2022-12-31 07:00:00,5724,114735,36784.5,4540,0.91675,0.760861,0.326489,17532
2022-12-31 08:00:00,5571,94538.8,32382.3,4204.33,0.954538,0.745975,0.317762,17532
2022-12-31 09:00:00,5122,69209.8,29333.2,3812.67,0.971141,0.717211,0.292151,17532
2022-12-31 10:00:00,4851,53908.9,25961.7,3320.42,0.997326,0.686827,0.276694,17532
2022-12-31 11:00:00,5875,52003.6,24353.2,3000.83,0.998821,0.673528,0.335102,17532
2022-12-31 12:00:00,4330,69887.7,26714.4,3211.25,0.960207,0.744787,0.246977,17532
2022-12-31 13:00:00,4639,71005.8,27195.8,3344.58,0.957171,0.745161,0.264602,17532
2022-12-31 14:00:00,4518,59723.7,24354.5,3151.83,0.994827,0.691004,0.2577,17532
2022-12-31 15:00:00,4315,60812.9,24466.4,3079.25,0.998806,0.684837,0.246121,17532
2022-12-31 16:00:00,4284,56765.4,24084,3032.75,0.998806,0.684837,0.244353,17532
2022-12-31 17:00:00,4398,62819.4,24094.6,3145.58,0.98417,0.701414,0.250856,17532
2022-12-31 18:00:00,4487,61148.1,25093.7,3282.92,0.98417,0.70126,0.255932,17532
2022-12-31 19:00:00,4647,60629.1,27206.7,3435.5,0.973561,0.689938,0.265058,17532
2022-12-31 20:00:00,4711,60770.1,27833.9,3581,0.971494,0.691477,0.268709,17532
2022-12-31 21:00:00,4989,57658.8,28545,3699.92,0.957071,0.686374,0.284565,17532
2022-12-31 22:00:00,5046,56710.6,28535.1,3815,0.957071,0.686374,0.287817,17532
2022-12-31 23:00:00,5128,61380.5,29596.2,3951.42,0.939283,0.704163,0.292494,17532
2023-01-01 00:00:00,5038,97862,34738.1,4267,0.936754,0.708119,0.28736,17532
2023-01-01 01:00:00,5691,102146,36441.6,4388.83,0.89743,0.76592,0.324606,17532
2023-01-01 02:00:00,5590,96417.7,35208.3,4378.25,0.897501,0.76598,0.318846,17532
2023-01-01 03:00:00,5645.5,97009.7,34327.9,4396,0.897052,0.766721,0.322011,17532
2023-01-01 04:00:00,5722,99686.6,34572.9,4407.67,0.897052,0.766721,0.326375,17532
2023-01-01 05:00:00,5625,100025,35291.1,4412,0.897052,0.766721,0.320842,17532
2023-01-01 06:00:00,5741,103784,36371.2,4411.17,0.897052,0.766721,0.327458,17532
2023-01-01 07:00:00,5668,111104,36001.9,4379.67,0.915045,0.761931,0.323295,17532
2023-01-01 08:00:00,5463,85406.3,32011.6,4066.92,0.954887,0.746908,0.311602,17532
2023-01-01 09:00:00,5195,62816.5,28584.9,3749.33,0.971339,0.717561,0.296315,17532
2023-01-01 10:00:00,4892,55946.3,26670.8,3482.92,0.998476,0.686379,0.279033,17532
2023-01-01 11:00:00,4649,54074.3,25677.1,3289.08,0.998803,0.674921,0.265172,17532
2023-01-01 12:00:00,4505,62700.2,25956.1,3277.17,0.957645,0.745041,0.256959,17532
2023-01-01 13:00:00,4614,61504.7,25504.8,3200.83,0.957121,0.746022,0.263176,17532
2023-01-01 14:00:00,4384,54315.2,23646.2,3035.92,0.996847,0.689279,0.250057,17532
2023-01-01 15:00:00,4205,51416.5,22987.1,2962.83,0.998803,0.685725,0.239847,17532
2023-01-01 16:00:00,4199,54444.2,23550.6,3009.58,0.998803,0.685725,0.239505,17532
2023-01-01 17:00:00,4345,58830.8,24225.3,3146.25,0.984494,0.702663,0.247833,17532
2023-01-01 18:00:00,4443,60614,25100,3299,0.984167,0.702511,0.253422,17532
2023-01-01 19:00:00,4632,62166.3,25943.4,3450.58,0.971311,0.692776,0.264203,17532
2023-01-01 20:00:00,4734,57542.1,26458.7,3543.17,0.97143,0.692016,0.270021,17532
2023-01-01 21:00:00,4894,56399.1,27619.8,3673.08,0.95719,0.686959,0.279147,17532
2023-01-01 22:00:00,5045,57878.5,28188.3,3826.67,0.957007,0.686913,0.28776,17532
2023-01-01 23:00:00,5181,66421.6,29610.9,4005.08,0.940122,0.703798,0.295517,17532
2023-01-02 00:00:00,5427,104399,33639,4313.58,0.90007,0.763427,0.309548,17532
2023-01-02 01:00:00,5662,100897,34187.4,4336,0.897052,0.766721,0.322952,17532
2023-01-02 02:00:00,5497,86685.6,33835.8,4253.25,0.897052,0.766721,0.313541,17532
2023-01-02 03:00:00,5512,84285.6,33369.3,4239,0.897052,0.766721,0.314397,17532
2023-01-02 04:00:00,5494,87201.1,33036.9,4262.58,0.897629,0.768164,0.31337,17532
2023-01-02 05:00:00,5528,89468.9,33575.3,4255.67,0.897629,0.768164,0.315309,17532
2023-01-02 06:00:00,5493,94957.6,34881,4279,0.897629,0.768164,0.313313,17532
2023-01-02 07:00:00,5520,102854,34489.7,4242.92,0.916411,0.763207,0.314853,17532
2023-01-02 08:00:00,5329,80467.7,31000.7,3923.42,0.954663,0.749185,0.303958,17532
2023-01-02 09:00:00,5055,63241.9,29206.8,3676.25,0.972806,0.719819,0.28833,17532
2023-01-02 10:00:00,4779,54739.6,26416.2,3453.33,1.00145,0.686526,0.272587,17532
2023-01-02 11:00:00,4554,52182,25484.8,3319.92,1.00198,0.674101,0.259754,17532
2023-01-02 12:00:00,4649,67552.4,28070.7,3402.25,0.959402,0.746691,0.265172,17532
2023-01-02 13:00:00,4642,65673.4,27822.7,3357.58,0.959141,0.747176,0.264773,17532
2023-01-02 14:00:00,4491,50136.5,24400.6,3180.75,0.999765,0.689648,0.25616,17532
2023-01-02 15:00:00,4388,51508.8,24533.2,3126.75,1.00198,0.685676,0.250285,17532
2023-01-02 16:00:00,4365,56680.3,24709.7,3157.25,1.00198,0.685676,0.248973,17532
2023-01-02 17:00:00,4432,56499.1,24734.3,3227.83,0.987341,0.701651,0.252795,17532
2023-01-02 18:00:00,4569,62099.8,27191.6,3464.67,0.987341,0.701357,0.260609,17532
2023-01-02 19:00:00,4946,63003.8,28647.2,3712.33,0.97354,0.692622,0.282113,17532
2023-01-02 20:00:00,5042,64406.1,29448.4,3906.33,0.973449,0.692016,0.287588,17532
2023-01-02 21:00:00,5153,61817.8,29858.3,4021.92,0.95936,0.687482,0.29392,17532
2023-01-02 22:00:00,5361,66060.1,30906.6,4163.83,0.959026,0.686913,0.305784,17532
2023-01-02 23:00:00,5426,70530.2,32071.3,4294.58,0.940344,0.705596,0.309491,17532
2023-01-03 00:00:00,5686,113609,39175.6,4643.33,0.901966,0.76207,0.324321,17532
2023-01-03 01:00:00,5990,111962,38963.7,4658,0.897629,0.768164,0.341661,17532
2023-01-03 02:00:00,5808,101579,37908.3,4593.42,0.897629,0.768164,0.33128,17532
2023-01-03 03:00:00,5749,93887.9,36279.1,4538.25,0.897629,0.768164,0.327915,17532
2023-01-03 04:00:00,5750,95472.1,36264.8,4543.25,0.897629,0.768164,0.327972,17532
2023-01-03 05:00:00,5797,95406.5,36593.6,4544.92,0.897629,0.768164,0.330653,17532
2023-01-03 06:00:00,5881,103016,37271.9,4566.08,0.897629,0.768164,0.335444,17532
2023-01-03 07:00:00,5739,106793,35106.3,4206.83,0.915837,0.76332,0.327344,17532
2023-01-03 08:00:00,4904,73922.3,28670.1,3435.08,0.955023,0.748947,0.279717,17532
2023-01-03 09:00:00,4492,59953.2,27076.7,3255.83,0.972341,0.720763,0.256217,17532
2023-01-03 10:00:00,4346,51329.9,24835.3,3144.58,1.00129,0.68684,0.24789,17532
2023-01-03 11:00:00,4327,52106.3,24528.5,3127.75,1.00198,0.673222,0.246806,17532
2023-01-03 12:00:00,4369,79958.3,29002.6,3314.83,0.96337,0.742243,0.249201,17532
2023-01-03 13:00:00,4571,76142.5,27858.6,3248.42,0.959141,0.747176,0.260723,17532
2023-01-03 14:00:00,4316,57404,23728.3,2998.17,1.00015,0.688825,0.246178,17532
2023-01-03 15:00:00,4150,57038.4,23482.5,2932.25,1.00198,0.685676,0.23671,17532
2023-01-03 16:00:00,4125,60646.8,23065.5,2954.08,1.00198,0.685676,0.235284,17532
2023-01-03 17:00:00,4250,64577.7,23677.7,3049.75,0.987341,0.701892,0.242414,17532
2023-01-03 18:00:00,4429,66620.9,24842.2,3239.92,0.987341,0.701357,0.252624,17532
2023-01-03 19:00:00,4707,65153.4,29040.1,3635,0.97436,0.692415,0.26848,17532
2023-01-03 20:00:00,5072,65628.9,30735.4,4034.08,0.973449,0.692016,0.2893,17532
2023-01-03 21:00:00,5335,66450.4,31510.7,4268.08,0.96049,0.688737,0.304301,17532
2023-01-03 22:00:00,5556,67228.4,32752.2,4453.42,0.959026,0.686913,0.316906,17532
2023-01-03 23:00:00,5704,73968.2,33827.7,4614.5,0.940014,0.705926,0.325348,17532
2023-01-04 00:00:00,5928,117938,40432.3,4948,0.900054,0.764605,0.338125,17532
2023-01-04 01:00:00,6145,116922,41637,4964.83,0.897629,0.768164,0.350502,17532
2023-01-04 02:00:00,6048,103264,40258.1,4884.33,0.897629,0.768164,0.344969,17532
2023-01-04 03:00:00,6034.5,100002,40384.1,4856.17,0.897629,0.768164,0.344199,17532
2023-01-04 04:00:00,6049,97678.6,38684.9,4835.42,0.897629,0.768164,0.345026,17532
2023-01-04 05:00:00,6040,96375.2,36613.8,4810.92,0.897629,0.768164,0.344513,17532
2023-01-04 06:00:00,6042,108794,38651.1,4853.08,0.897629,0.768164,0.344627,17532
2023-01-04 07:00:00,6046,111121,36765.4,4421.92,0.915791,0.763354,0.344855,17532
2023-01-04 08:00:00,4964,73488.6,29313,3519.92,0.956494,0.748414,0.283139,17532
2023-01-04 09:00:00,4465,57277.4,27327.6,3206.25,0.973116,0.7192,0.254677,17532
2023-01-04 10:00:00,4255,47566.9,24243.2,2983.83,0.998064,0.689916,0.242699,17532
2023-01-04 11:00:00,4103,46914.6,22748.9,2932.5,1.00049,0.674731,0.234029,17532
2023-01-04 12:00:00,4136,74575.2,27454.5,3136.42,0.961235,0.7449,0.235911,17532
2023-01-04 13:00:00,4452,72989,26718.5,3097.83,0.959141,0.747176,0.253936,17532
2023-01-04 14:00:00,4140,54139.9,23821.8,2833.17,0.998237,0.690248,0.23614,17532
2023-01-04 15:00:00,3958,53920.2,23005.3,2721.92,1.00198,0.685676,0.225759,17532
2023-01-04 16:00:00,3892,54276.4,21754.7,2694.67,1.00198,0.685676,0.221994,17532
2023-01-04 17:00:00,3954,60768.8,22104.9,2794,0.987341,0.702388,0.22553,17532
2023-01-04 18:00:00,4053,59648.6,23534.5,2970.08,0.987341,0.701357,0.231177,17532
2023-01-04 19:00:00,4326,62033.6,27767.2,3417.08,0.974707,0.691761,0.246749,17532
2023-01-04 20:00:00,4893,61957,29010.4,3840,0.973449,0.692016,0.27909,17532
2023-01-04 21:00:00,5329,65366.9,30869.2,4161.17,0.959103,0.686932,0.303958,17532
2023-01-04 22:00:00,5498,68600,32436.6,4394.83,0.959026,0.686913,0.313598,17532
2023-01-04 23:00:00,5674,70935.9,33799.6,4544.83,0.9411,0.70484,0.323637,17532
2023-01-05 00:00:00,5992,118300,40662.6,4941.33,0.901364,0.763568,0.341775,17532
2023-01-05 01:00:00,6167,115206,40633.7,4948.33,0.897629,0.768164,0.351757,17532
2023-01-05 02:00:00,6138,101997,39730.5,4877.92,0.897629,0.768164,0.350103,17532
2023-01-05 03:00:00,6039,98483,39564,4853.92,0.897629,0.768164,0.344456,17532
2023-01-05 04:00:00,6070,96607.5,37945.8,4837.17,0.897629,0.768164,0.346224,17532
2023-01-05 05:00:00,6143,95645.8,37016.3,4823.75,0.897629,0.768164,0.350388,17532
2023-01-05 06:00:00,6053,108190,39038.4,4863.5,0.897629,0.768164,0.345254,17532
2023-01-05 07:00:00,5998,108164,35695.4,4409.58,0.915992,0.76331,0.342117,17532
2023-01-05 08:00:00,5017,73687.4,28596.3,3459.08,0.956128,0.74867,0.286162,17532
2023-01-05 09:00:00,4463,57195.6,27037.6,3153.67,0.972829,0.719771,0.254563,17532
2023-01-05 10:00:00,4229,41514.2,21025.5,2683.25,1.00019,0.687785,0.241216,17532
2023-01-05 11:00:00,4106,45549.8,22552.1,2877.08,1.00052,0.674404,0.2342,17532
2023-01-05 12:00:00,4162,75036.4,27111.7,3093.58,0.959593,0.746393,0.237394,17532
2023-01-05 13:00:00,4332,73502.6,26111.1,3039.5,0.959141,0.747176,0.247091,17532
2023-01-05 14:00:00,4104,53534.4,21640.3,2759.83,0.997539,0.690877,0.234086,17532
2023-01-05 15:00:00,3882,50505,19708.5,2447.17,1.00198,0.685676,0.221424,17532
2023-01-05 16:00:00,3910,56037.3,21490.2,2695.75,1.00198,0.685676,0.223021,17532
2023-01-05 17:00:00,3964,59054.8,22015.8,2800.67,0.987341,0.701647,0.226101,17532
2023-01-05 18:00:00,4130,59485.4,23361.7,2985.67,0.987341,0.701357,0.235569,17532
2023-01-05 19:00:00,4374,60390.2,27660.5,3410.83,0.973354,0.693267,0.249487,17532
2023-01-05 20:00:00,4971,59787.8,28824.8,3780,0.973449,0.692016,0.283539,17532
2023-01-05 21:00:00,5189,61031.1,30229.3,4017.42,0.959283,0.686984,0.295973,17532
2023-01-05 22:00:00,5437,66229.4,32794.8,4263.58,0.959026,0.686913,0.310119,17532
2023-01-05 23:00:00,5604,70054.6,33313.5,4421.83,0.93961,0.70633,0.319644,17532
2023-01-06 00:00:00,5892,114470,39688.8,4788.5,0.901624,0.763635,0.336071,17532
2023-01-06 01:00:00,6265,110910,39528,4810.25,0.897629,0.768164,0.357347,17532
2023-01-06 02:00:00,6088,100866,39538.1,4758.5,0.897629,0.768164,0.347251,17532
2023-01-06 03:00:00,6056,97725.8,39686.6,4739.08,0.897629,0.768164,0.345426,17532
2023-01-06 04:00:00,5964,97508.1,39125.6,4751,0.897629,0.768164,0.340178,17532
2023-01-06 05:00:00,5965,99032,38029.7,4755.25,0.897629,0.768164,0.340235,17532
2023-01-06 06:00:00,6208,109740,39225.6,4782,0.897629,0.768164,0.354095,17532
2023-01-06 07:00:00,6022,106938,35206.8,4334.17,0.916582,0.763216,0.343486,17532
2023-01-06 08:00:00,5038,73995.3,29780.9,3482.25,0.954207,0.748947,0.28736,17532
2023-01-06 09:00:00,4476,54742.5,26562.9,3168,0.972491,0.720458,0.255305,17532
2023-01-06 10:00:00,4306,46902.8,23762,2979.75,0.998674,0.689833,0.245608,17532
2023-01-06 11:00:00,4224,47186.3,23458.4,2927.33,1.00198,0.674826,0.240931,17532
2023-01-06 12:00:00,4240,65764.7,26651.8,3050.5,0.961632,0.744887,0.241843,17532
2023-01-06 13:00:00,4386,70158.1,26415.3,3053,0.959141,0.747176,0.250171,17532
2023-01-06 14:00:00,4201,50413.6,22803,2842.5,1.00043,0.688117,0.239619,17532
2023-01-06 15:00:00,4062,49749.5,22602.1,2760,1.00198,0.685676,0.231691,17532
2023-01-06 16:00:00,4008,53617,22886.4,2798.08,1.00198,0.685676,0.228611,17532
2023-01-06 17:00:00,4054,60018.1,23232.2,2889.75,0.987341,0.701829,0.231234,17532
2023-01-06 18:00:00,4144,57736.1,23416.7,2984.17,0.987341,0.701357,0.236368,17532
2023-01-06 19:00:00,4493,55606.8,26915,3383.58,0.973303,0.693922,0.256274,17532
2023-01-06 20:00:00,4851,60141.2,28856.2,3856.75,0.973449,0.692016,0.276694,17532
2023-01-06 21:00:00,5269,62631.6,30869.1,4169.08,0.959511,0.687097,0.300536,17532
2023-01-06 22:00:00,5498,65438.1,32887.9,4427.67,0.959026,0.686913,0.313598,17532
2023-01-06 23:00:00,5853,69867.4,34031.9,4644.42,0.942461,0.703479,0.333847,17532
2023-01-07 00:00:00,6157,120275,41571.6,5097.17,0.899951,0.764153,0.351186,17532
2023-01-07 01:00:00,6341,118670,42621.8,5160,0.897629,0.768164,0.361681,17532
2023-01-07 02:00:00,6302,103707,41954.7,5089.42,0.897629,0.768164,0.359457,17532
2023-01-07 03:00:00,6236,102979,41763.8,5063.75,0.897629,0.768164,0.355692,17532
2023-01-07 04:00:00,6259,103386,41258.1,5077.33,0.897629,0.768164,0.357004,17532
2023-01-07 05:00:00,6249,104344,39848.8,5066.33,0.897629,0.768164,0.356434,17532
2023-01-07 06:00:00,6282,109629,40705.1,5078.33,0.897629,0.768164,0.358316,17532
2023-01-07 07:00:00,6289,115306,39952.6,4928.92,0.916063,0.763317,0.358716,17532
2023-01-07 08:00:00,5857,83245.2,34562.2,4353.58,0.957184,0.748442,0.334075,17532
2023-01-07 09:00:00,5277,61912,31500.3,3921.58,0.973449,0.718533,0.300992,17532
2023-01-07 10:00:00,4919,51513.1,27734.9,3591.08,1.00087,0.687202,0.280573,17532
2023-01-07 11:00:00,4725,50396,26192.9,3413.83,1.00198,0.673967,0.269507,17532
2023-01-07 12:00:00,4567,70991.2,29646.6,3488.67,0.961238,0.744473,0.260495,17532
2023-01-07 13:00:00,4689,71118.4,29650.5,3439.25,0.959141,0.747176,0.267454,17532
2023-01-07 14:00:00,4492,60963.7,26844.1,3247.83,1.00022,0.68845,0.256217,17532
2023-01-07 15:00:00,4371,57372,26163.6,3118.92,1.00154,0.685814,0.249316,17532
2023-01-07 16:00:00,4242,57878.5,24988.4,3089.83,1.00154,0.685814,0.241958,17532
2023-01-07 17:00:00,4331,65862.7,25801,3165.75,0.987341,0.701493,0.247034,17532
2023-01-07 18:00:00,4574,64339.1,26078,3293.58,0.987341,0.701357,0.260894,17532
2023-01-07 19:00:00,4587,62129.9,29040.2,3525.17,0.974885,0.691308,0.261636,17532
2023-01-07 20:00:00,4859,60243.2,29185.9,3746.92,0.973449,0.692016,0.27715,17532
2023-01-07 21:00:00,5051,59860.2,30239.2,3943.5,0.959879,0.687127,0.288102,17532
2023-01-07 22:00:00,5311,59947.8,31396.4,4152.5,0.959026,0.686913,0.302932,17532
2023-01-07 23:00:00,5498,68486.8,33194.2,4389.75,0.942927,0.703012,0.313598,17532
2023-01-08 00:00:00,5797,112627,38254,4800.25,0.9021,0.762317,0.330653,17532
2023-01-08 01:00:00,6034,114342,39977.6,4876.42,0.897629,0.768164,0.344171,17532
2023-01-08 02:00:00,5972,97442.6,38608,4792,0.897629,0.768164,0.340634,17532
2023-01-08 03:00:00,5938,94225.8,36387.4,4762.25,0.897629,0.768164,0.338695,17532
2023-01-08 04:00:00,5954,94277.5,36664,4762.5,0.897629,0.768164,0.339608,17532
2023-01-08 05:00:00,6018,92380.1,36663.3,4733.75,0.897629,0.768164,0.343258,17532
2023-01-08 06:00:00,5910,103446,38714.1,4779.08,0.897629,0.768164,0.337098,17532
2023-01-08 07:00:00,5974,112842,37670.8,4704.83,0.91484,0.763512,0.340748,17532
2023-01-08 08:00:00,5676,84851.8,33082.9,4302.83,0.955354,0.748599,0.323751,17532
2023-01-08 09:00:00,5285,64026.6,30435.1,3904.42,0.971861,0.721709,0.301449,17532
2023-01-08 10:00:00,4963,56359.8,27444.4,3578.67,0.999363,0.687896,0.283082,17532
2023-01-08 11:00:00,4701,52877.1,25624.9,3399.25,1.00065,0.67347,0.268138,17532
2023-01-08 12:00:00,4645,67063.7,27576.6,3469.75,0.959439,0.746741,0.264944,17532
2023-01-08 13:00:00,4727,65330.3,27388.8,3423.17,0.959141,0.747176,0.269621,17532
2023-01-08 14:00:00,4557,56595.5,24889.8,3243.92,1.00019,0.688623,0.259925,17532
2023-01-08 15:00:00,4452,55350.4,24477.5,3139.33,1.00198,0.685676,0.253936,17532
2023-01-08 16:00:00,4385,58830.5,25349,3153.58,1.00198,0.685676,0.250114,17532
2023-01-08 17:00:00,4443,59523.8,25186,3221.42,0.987341,0.702169,0.253422,17532
2023-01-08 18:00:00,4576,61382.9,25996.2,3409.58,0.987341,0.701357,0.261008,17532
2023-01-08 19:00:00,4675,60640.4,28479,3610.5,0.973202,0.693214,0.266655,17532
2023-01-08 20:00:00,5034,60473.1,29081.3,3774.67,0.973449,0.692016,0.287132,17532
2023-01-08 21:00:00,5025,57852.4,28921.3,3911.58,0.959666,0.687074,0.286619,17532
2023-01-08 22:00:00,5316,63285.7,30896.7,4131.92,0.959026,0.686913,0.303217,17532
2023-01-08 23:00:00,5504,67738.5,32345.1,4331.17,0.940324,0.705616,0.31394,17532
2023-01-09 00:00:00,5639,108483,37226.7,4617.25,0.899585,0.766208,0.32164,17532
2023-01-09 01:00:00,6029,109429,38059,4704.08,0.897629,0.768164,0.343885,17532
2023-01-09 02:00:00,5802,92297.4,35769.3,4607.25,0.897629,0.768164,0.330938,17532
2023-01-09 03:00:00,5855,88848.8,35234,4570.42,0.897629,0.768164,0.333961,17532
2023-01-09 04:00:00,5816,85704.4,34790.4,4560.33,0.897629,0.768164,0.331736,17532
2023-01-09 05:00:00,5813,90470.3,35144.9,4556.17,0.897629,0.768164,0.331565,17532
2023-01-09 06:00:00,5865,100828,37865.9,4587.5,0.897629,0.768164,0.334531,17532
2023-01-09 07:00:00,5614,99008.2,33288.5,4098.25,0.916339,0.763224,0.320214,17532
2023-01-09 08:00:00,4753,67518.2,27498.7,3268.58,0.956563,0.748845,0.271104,17532
2023-01-09 09:00:00,4311,54465.3,26168.2,3098,0.971372,0.722701,0.245893,17532
2023-01-09 10:00:00,4300,50491.7,23311.7,2977.5,1.00011,0.687039,0.245266,17532
2023-01-09 11:00:00,4157,49851,22675.3,2919.17,1.00065,0.67467,0.237109,17532
2023-01-09 12:00:00,4361,69839.8,26137.4,3048.42,0.960922,0.745067,0.248745,17532
2023-01-09 13:00:00,4384,70136.8,25436.8,3010.17,0.959141,0.747176,0.250057,17532
2023-01-09 14:00:00,4154,52818.5,22649.4,2781.42,0.999056,0.68957,0.236938,17532
2023-01-09 15:00:00,3984,51418.6,21570.9,2687.33,1.00198,0.685676,0.227242,17532
2023-01-09 16:00:00,3957,51072.5,21221.9,2698.08,1.00198,0.685676,0.225702,17532
2023-01-09 17:00:00,4083,56769.8,21987.3,2812,0.987341,0.701567,0.232888,17532
2023-01-09 18:00:00,4192,58749.7,22766.1,2947.08,0.987341,0.701357,0.239106,17532
2023-01-09 19:00:00,4442,60304.1,26538.9,3397.08,0.972391,0.694768,0.253365,17532
2023-01-09 20:00:00,4885,62414.9,29635.3,3823,0.973449,0.692016,0.278633,17532
2023-01-09 21:00:00,5191,61394.8,30676.5,4052.83,0.959026,0.686913,0.296087,17532
2023-01-09 22:00:00,5370,64100.2,31897.4,4253.25,0.959026,0.686913,0.306297,17532
2023-01-09 23:00:00,5658,69139.2,32969.1,4416.67,0.940289,0.705651,0.322724,17532
2023-01-10 00:00:00,5740,109629,38739.5,4781,0.899148,0.763651,0.327401,17532
2023-01-10 01:00:00,6052,111146,40018,4831.67,0.897629,0.768164,0.345197,17532
2023-01-10 02:00:00,5977,96515.1,39579,4754.75,0.897629,0.768164,0.340919,17532
2023-01-10 03:00:00,5955,91261.4,38477.5,4722.75,0.897593,0.767909,0.339665,17532
2023-01-10 04:00:00,5941,89248.7,36167.4,4708.42,0.897593,0.767909,0.338866,17532
2023-01-10 05:00:00,5877,90117.2,36526.1,4700.17,0.897593,0.767909,0.335216,17532
2023-01-10 06:00:00,5987,102449,38588.1,4712.83,0.897593,0.767909,0.34149,17532
2023-01-10 07:00:00,5768,101495,34542.5,4263.08,0.916072,0.763018,0.328998,17532
2023-01-10 08:00:00,4987.5,72296.5,28085.7,3371.58,0.957313,0.747941,0.28448,17532
2023-01-10 09:00:00,4348,58096,25819.5,3052.17,0.973413,0.718133,0.248004,17532
2023-01-10 10:00:00,4171,50928.8,23252.6,2912.92,0.999726,0.688005,0.237908,17532
2023-01-10 11:00:00,4198,46292.1,22315.7,2840.54,1.0019,0.672756,0.239448,17532
2023-01-10 12:00:00,4047,67354.7,26452.1,2932.33,0.961586,0.743299,0.230835,17532
2023-01-10 13:00:00,4257,71892.8,26245.9,2904.17,0.959104,0.746776,0.242813,17532
2023-01-10 14:00:00,4016,58660.2,21736.8,2687.08,1.00011,0.687916,0.229067,17532
2023-01-10 15:00:00,3843,56565,21491.1,2597.83,1.0019,0.685313,0.219199,17532
2023-01-10 16:00:00,3851,53661.8,21137.2,2635.67,1.0019,0.685313,0.219655,17532
2023-01-10 17:00:00,3976,57528.8,21305.5,2668,0.987268,0.701188,0.226785,17532
2023-01-10 18:00:00,3925,55115.8,21781.7,2761.5,0.987268,0.700993,0.223876,17532
2023-01-10 19:00:00,4049,54705.3,24415.2,3092.92,0.976024,0.690117,0.230949,17532
2023-01-10 20:00:00,4634,62400.1,27718.9,3581.17,0.973413,0.691762,0.264317,17532
2023-01-10 21:00:00,4953,67324,30466.6,3920,0.959475,0.687265,0.282512,17532
2023-01-10 22:00:00,5342,68636.7,31744.2,4175.25,0.95899,0.686659,0.3047,17532
2023-01-10 23:00:00,5485,73263.3,33347.2,4394.92,0.940838,0.70481,0.312856,17532
2023-01-11 00:00:00,5747,109951,38823.9,4747.08,0.901947,0.759288,0.327801,17532
2023-01-11 01:00:00,6108,111501,39833.8,4834.25,0.897593,0.767909,0.348392,17532
2023-01-11 02:00:00,6034,93635.8,39215.7,4750.75,0.897593,0.767917,0.344171,17532
2023-01-11 03:00:00,6005,87327.4,38366.4,4712.42,0.897593,0.767917,0.342517,17532
2023-01-11 04:00:00,5915,85226.9,38485.8,4705.33,0.897593,0.767917,0.337383,17532
2023-01-11 05:00:00,5935,85631.6,37067.6,4700.58,0.897593,0.767917,0.338524,17532
2023-01-11 06:00:00,5934,95380.2,39009.9,4707.75,0.897593,0.767917,0.338467,17532
2023-01-11 07:00:00,5854,95008.3,34804.8,4221.42,0.914238,0.764162,0.333904,17532
2023-01-11 08:00:00,4808,67815.8,27476.2,3327.67,0.956288,0.74821,0.274241,17532
2023-01-11 09:00:00,4412,58126,25500.7,3053.58,0.97342,0.718198,0.251654,17532
2023-01-11 10:00:00,4072,50535.4,22739.8,2839.08,0.999577,0.688039,0.232261,17532
2023-01-11 11:00:00,4057,48643,21825.8,2753.08,1.00191,0.673123,0.231405,17532
2023-01-11 12:00:00,3972,68950.9,25306.8,2884.17,0.959372,0.746314,0.226557,17532
2023-01-11 13:00:00,4101,70720.4,25747,2857.83,0.959112,0.746842,0.233915,17532
2023-01-11 14:00:00,3958,52861.5,22035.2,2640.83,0.997082,0.692887,0.225759,17532
2023-01-11 15:00:00,3782,51577.3,21924.7,2589.92,1.00191,0.685378,0.21572,17532
2023-01-11 16:00:00,3836,52321.3,21192.7,2620.75,1.00191,0.685378,0.2188,17532
2023-01-11 17:00:00,3894,55027.2,21689.5,2751.25,0.987275,0.701149,0.222108,17532
2023-01-11 18:00:00,4050,53883.5,22631.4,2904,0.987275,0.701058,0.231006,17532
2023-01-11 19:00:00,4292,59614.6,26573.6,3367.42,0.973019,0.694005,0.244809,17532
2023-01-11 20:00:00,4856,63262.8,29252.4,3757.17,0.97342,0.691762,0.276979,17532
2023-01-11 21:00:00,5088,59968.6,30203.9,3980.17,0.961004,0.688141,0.290212,17532
2023-01-11 22:00:00,5494,61078.4,32253.4,4225.67,0.958997,0.686659,0.31337,17532
2023-01-11 23:00:00,5577,65141.5,33073.2,4418.08,0.94293,0.702726,0.318104,17532
2023-01-12 00:00:00,5928,101719,38965.4,4763.83,0.90013,0.76506,0.338125,17532
2023-01-12 01:00:00,6056,104612,40068.3,4867.08,0.897593,0.767917,0.345426,17532
2023-01-12 02:00:00,6126,93013.6,39449.9,4810.42,0.897593,0.767917,0.349418,17532
2023-01-12 03:00:00,6026,87463.2,38792.2,4771,0.897698,0.767915,0.343714,17532
2023-01-12 04:00:00,5979,84478.3,37168.5,4747.33,0.897698,0.767915,0.341034,17532
2023-01-12 05:00:00,5932,83243.6,36429.1,4726.42,0.897698,0.767915,0.338353,17532
2023-01-12 06:00:00,5967,94697.3,38493.6,4737.33,0.897698,0.767915,0.340349,17532
2023-01-12 07:00:00,5846,89704.3,33338.9,4258.75,0.913758,0.764194,0.333447,17532
2023-01-12 08:00:00,4942,66490.8,28348.2,3422.75,0.956869,0.747951,0.281885,17532
2023-01-12 09:00:00,4495,57041.7,27151.9,3206.25,0.972496,0.719227,0.256388,17532
2023-01-12 10:00:00,4314,47631.2,23460.5,3016.17,0.998667,0.688145,0.246064,17532
2023-01-12 11:00:00,4244,47133.2,22753.8,2925.25,0.999453,0.674605,0.242072,17532
2023-01-12 12:00:00,4124,62952.7,25563.7,2997.58,0.960206,0.745287,0.235227,17532
2023-01-12 13:00:00,4226,64875.1,25092.8,2927.83,0.958672,0.7469,0.241045,17532
2023-01-12 14:00:00,4067,55693.5,22180,2760.42,0.995845,0.693806,0.231976,17532
2023-01-12 15:00:00,3901,53342.9,21592.9,2667.42,1.00099,0.686407,0.222507,17532
2023-01-12 16:00:00,3881,54033.1,21316.1,2678.5,1.00099,0.686407,0.221367,17532
2023-01-12 17:00:00,3957,54509.9,21241.4,2712.92,0.986835,0.701378,0.225702,17532
2023-01-12 18:00:00,3971,53020.4,22479.1,2845,0.986835,0.701117,0.2265,17532
2023-01-12 19:00:00,4221,55480,25853.5,3264.33,0.974338,0.694977,0.24076,17532
2023-01-12 20:00:00,4743,57216.6,28153,3651.33,0.972496,0.69279,0.270534,17532
2023-01-12 21:00:00,4995,58648.2,29352.3,3931.25,0.959073,0.68788,0.284908,17532
2023-01-12 22:00:00,5323,56540.2,28646.7,3874.58,0.958558,0.687748,0.303616,17532
2023-01-12 23:00:00,5578,64134.4,33068,4443.17,0.941916,0.704389,0.318161,17532
2023-01-13 00:00:00,5854,97623.8,38901.5,4757.33,0.904273,0.760454,0.333904,17532
2023-01-13 01:00:00,6058,97359.6,39918.8,4813,0.897698,0.767915,0.34554,17532
2023-01-13 02:00:00,6087,86281,38663.4,4777.92,0.897698,0.767915,0.347194,17532
2023-01-13 03:00:00,6006,83428.8,38801.3,4755.5,0.897698,0.767915,0.342574,17532
2023-01-13 04:00:00,5942,83492.2,37033.5,4759.5,0.897698,0.767915,0.338923,17532
2023-01-13 05:00:00,5958,82380.1,36015,4724.67,0.897698,0.767915,0.339836,17532
2023-01-13 06:00:00,6102,88019.1,37914,4714.67,0.897698,0.767915,0.348049,17532
2023-01-13 07:00:00,5814,84465.4,33883.2,4228.33,0.916207,0.763008,0.331622,17532
2023-01-13 08:00:00,4858,59659.2,28224.2,3367.17,0.953409,0.748556,0.277093,17532
2023-01-13 09:00:00,4492,52640,26077.7,3132.08,0.972221,0.719775,0.256217,17532
2023-01-13 10:00:00,4310,46091.2,22773.3,2950.58,1.0001,0.687999,0.245836,17532
2023-01-13 11:00:00,4091,45705.2,21724.7,2836.92,1.00099,0.674061,0.233345,17532
2023-01-13 12:00:00,4158,60583.3,24885.4,2903.25,0.959752,0.745019,0.237166,17532
2023-01-13 13:00:00,4168,60779.3,25098.9,2894.75,0.958672,0.7469,0.237737,17532
2023-01-13 14:00:00,4019,52327.6,21392.3,2711.58,0.999872,0.688547,0.229238,17532
2023-01-13 15:00:00,3896,50729.1,21785.6,2613.67,1.00099,0.686407,0.222222,17532
2023-01-13 16:00:00,3784,49615.6,20686.1,2591.33,1.00099,0.686407,0.215834,17532
2023-01-13 17:00:00,3844,49958.6,20509.2,2635.67,0.986835,0.702317,0.219256,17532
2023-01-13 18:00:00,3876,47351.1,20515.8,2699.67,0.986835,0.701117,0.221081,17532
2023-01-13 19:00:00,4086,50993.3,24453.7,3086.83,0.972709,0.693645,0.23306,17532
2023-01-13 20:00:00,4517,53833.5,26618,3439.75,0.972496,0.69279,0.257643,17532
2023-01-13 21:00:00,4807,57668.3,27966.4,3763.17,0.958972,0.688317,0.274184,17532
2023-01-13 22:00:00,5126,56602.3,30293.4,4064.33,0.958558,0.687748,0.29238,17532
2023-01-13 23:00:00,5450,60609,32194.8,4335.67,0.939875,0.70643,0.31086,17532
2023-01-14 00:00:00,5714.5,95245.4,38222.8,4705.83,0.901855,0.763482,0.325947,17532
2023-01-14 01:00:00,6072,101991,40089.8,4835,0.897698,0.767915,0.346338,17532
2023-01-14 02:00:00,5998,88067.8,38249.4,4768.5,0.897698,0.767974,0.342117,17532
2023-01-14 03:00:00,5932,84142.5,38854.1,4757.25,0.897698,0.767974,0.338353,17532
2023-01-14 04:00:00,5957,80749.5,36319.8,4711.67,0.897698,0.767974,0.339779,17532
2023-01-14 05:00:00,5912,79359.7,35704.4,4662.33,0.897698,0.767974,0.337212,17532
2023-01-14 06:00:00,5970,86413.6,37372.3,4657.42,0.897698,0.767974,0.34052,17532
2023-01-14 07:00:00,5840,93136,35703.6,4476.42,0.916381,0.762993,0.333105,17532
2023-01-14 08:00:00,5448,68722.6,31527.5,4002.92,0.954255,0.749672,0.310746,17532
2023-01-14 09:00:00,5008,56319.3,30059,3682.25,0.972496,0.719293,0.285649,17532
2023-01-14 10:00:00,4722,48680.5,25691.1,3360.92,1.00058,0.6872,0.269336,17532
2023-01-14 11:00:00,4449,48438.5,24201.9,3206.17,1.00099,0.674,0.253765,17532
2023-01-14 12:00:00,4331,59705,25706.8,3196.42,0.95977,0.744808,0.247034,17532
2023-01-14 13:00:00,4405,58995.6,25410,3145.92,0.958672,0.746967,0.251255,17532
2023-01-14 14:00:00,4312,52396.2,23611.5,2963.25,0.999973,0.688492,0.24595,17532
2023-01-14 15:00:00,4289.5,52546,23106.9,2854.67,1.00099,0.686466,0.244667,17532
2023-01-14 16:00:00,4021,53672.2,22541.9,2869.33,1.00099,0.686466,0.229352,17532
2023-01-14 17:00:00,3416,53327.1,21766.4,2856.17,0.986762,0.701442,0.194844,17532
2023-01-14 18:00:00,4194.5,50920.1,23216.1,3032.5,0.987381,0.701115,0.239248,17532
2023-01-14 19:00:00,4349,50770.6,25226.8,3284.42,0.974477,0.692298,0.248061,17532
2023-01-14 20:00:00,4596,48934.6,26139,3460.08,0.973041,0.692789,0.262149,17532
2023-01-14 21:00:00,4790,48908.1,27217.5,3691.58,0.959345,0.688292,0.273215,17532
2023-01-14 22:00:00,5082,52397.4,29229.9,3942.17,0.959103,0.687746,0.28987,17532
2023-01-14 23:00:00,5312,60092.1,30963.1,4201,0.940617,0.706233,0.302989,17532
2023-01-15 00:00:00,5612,90913.1,34817.8,4547.42,0.901729,0.762053,0.3201,17532
2023-01-15 01:00:00,5773,87732,35207.2,4580.92,0.898244,0.767913,0.329284,17532
2023-01-15 02:00:00,5742,77493.6,34904.4,4532.42,0.898244,0.767913,0.327515,17532
2023-01-15 03:00:00,5767,74397.8,34719.7,4521.92,0.898244,0.767913,0.328941,17532
2023-01-15 04:00:00,5757,73557,34579.2,4509.17,0.898244,0.767913,0.328371,17532
2023-01-15 05:00:00,5728,74969.8,34466.2,4488,0.898244,0.767913,0.326717,17532
2023-01-15 06:00:00,5721,83343.3,36667.3,4509,0.898244,0.767913,0.326318,17532
2023-01-15 07:00:00,5687,84342.1,34619.7,4380.92,0.915624,0.76326,0.324378,17532
2023-01-15 08:00:00,5431,61621.5,30055.8,3969.08,0.957407,0.747567,0.309776,17532
2023-01-15 09:00:00,4974,51862.3,28175.8,3621.75,0.971762,0.7218,0.28371,17532
2023-01-15 10:00:00,4735,46221.4,25046.7,3275,0.999059,0.689424,0.270078,17532
2023-01-15 11:00:00,4353,44802.5,23366.6,3066.92,1.00153,0.673839,0.248289,17532
2023-01-15 12:00:00,4231,53066,24068.7,3060.17,0.959484,0.746372,0.24133,17532
2023-01-15 13:00:00,4316,55352.5,24135,3018.42,0.959217,0.746906,0.246178,17532
2023-01-15 14:00:00,4180,47790,22084,2898.58,0.996681,0.69405,0.238421,17532
2023-01-15 15:00:00,4074,47306.4,22402.1,2825.5,1.00153,0.686405,0.232375,17532
2023-01-15 16:00:00,4068,47782.9,22353.3,2843.08,1.00153,0.686405,0.232033,17532
2023-01-15 17:00:00,4189,48530.5,22709.7,2919.33,0.987381,0.702209,0.238935,17532
2023-01-15 18:00:00,4235,47933.8,23826.6,3096.33,0.987381,0.701115,0.241558,17532
2023-01-15 19:00:00,4404,49101.4,24658.7,3258.5,0.973407,0.693969,0.251198,17532
2023-01-15 20:00:00,4544,50881.9,25697.4,3403.5,0.973041,0.692789,0.259183,17532
2023-01-15 21:00:00,4858.5,49538.8,26585.7,3562.42,0.959635,0.688364,0.277122,17532
2023-01-15 22:00:00,4937,51942.1,28213,3790.75,0.959103,0.687746,0.281599,17532
2023-01-15 23:00:00,5188,57091.8,29619.3,3999.5,0.943524,0.703325,0.295916,17532
2023-01-16 00:00:00,5367,84714.6,33079.6,4282.08,0.903246,0.759759,0.306126,17532
2023-01-16 01:00:00,5529,85493.8,32935.5,4338,0.898244,0.767913,0.315366,17532
2023-01-16 02:00:00,5604,71774.5,32526.4,4255.5,0.898244,0.767913,0.319644,17532
2023-01-16 03:00:00,5444,65818.3,32086.1,4218.5,0.898244,0.767913,0.310518,17532
2023-01-16 04:00:00,5444,65334.9,32117.2,4213.17,0.898244,0.767913,0.310518,17532
2023-01-16 05:00:00,5397,64642.1,31791,4183.08,0.898244,0.767913,0.307837,17532
2023-01-16 06:00:00,5479,74947.1,33809.4,4196.75,0.898244,0.767913,0.312514,17532
2023-01-16 07:00:00,5331,74214.2,30703.5,3832.83,0.917249,0.762872,0.304073,17532
2023-01-16 08:00:00,4717,54123.6,26644.5,3172.33,0.958098,0.747662,0.269051,17532
2023-01-16 09:00:00,4242,46750.3,24293.5,2958.58,0.972456,0.720346,0.241958,17532
2023-01-16 10:00:00,4039,40893,21100.4,2778.08,0.998732,0.689532,0.230379,17532
2023-01-16 11:00:00,3922,42180.2,20895,2709.75,1.00153,0.673969,0.223705,17532
2023-01-16 12:00:00,3943,54658.1,23290.8,2757.42,0.96181,0.742798,0.224903,17532
2023-01-16 13:00:00,4052.5,56286.5,23089.2,2746.42,0.959217,0.746906,0.231149,17532
2023-01-16 14:00:00,3847.5,47448.8,20824.4,2552.58,0.999548,0.689304,0.219456,17532
2023-01-16 15:00:00,3752,47893.6,21213.5,2507.75,1.00153,0.686405,0.214009,17532
2023-01-16 16:00:00,3788,46888.5,19595.2,2512.5,1.00153,0.686405,0.216062,17532
2023-01-16 17:00:00,3771,44306.2,19593.3,2526.75,0.987381,0.701718,0.215092,17532
2023-01-16 18:00:00,3817,42204.8,20468,2608,0.987381,0.701115,0.217716,17532
2023-01-16 19:00:00,4117,46649,23421.3,2968.25,0.973671,0.693713,0.234828,17532
2023-01-16 20:00:00,4440,51825.6,25610.1,3283.42,0.973041,0.692789,0.253251,17532
2023-01-16 21:00:00,4631,50814.5,26174.8,3502.25,0.959622,0.687875,0.264146,17532
2023-01-16 22:00:00,4877,52875.5,28118.8,3761.08,0.959103,0.687746,0.278177,17532
2023-01-16 23:00:00,5124,55660.8,30252.9,3955.08,0.940631,0.706218,0.292266,17532
2023-01-17 00:00:00,5257,84731.3,34779.4,4251.75,0.901094,0.765063,0.299852,17532
2023-01-17 01:00:00,5587,81229.3,34559.3,4293.58,0.898244,0.767913,0.318674,17532
2023-01-17 02:00:00,5560,73195.6,32994.9,4256.83,0.898244,0.767913,0.317134,17532
2023-01-17 03:00:00,5544,68037,32467.8,4232.33,0.898244,0.767913,0.316222,17532
2023-01-17 04:00:00,5461,66502.6,32187.9,4204.25,0.898244,0.767913,0.311488,17532
2023-01-17 05:00:00,5453,64521.9,31985.7,4173.92,0.898244,0.767913,0.311031,17532
2023-01-17 06:00:00,5450,73251.8,33277.2,4172.08,0.898244,0.767913,0.31086,17532
2023-01-17 07:00:00,5338,74022.2,30916.3,3835.42,0.916347,0.76344,0.304472,17532
2023-01-17 08:00:00,4677,51424,25693.2,3133.75,0.958831,0.74706,0.266769,17532
2023-01-17 09:00:00,4188,42229.9,23498.8,2879.17,0.972799,0.719717,0.238877,17532
2023-01-17 10:00:00,4000,39693.8,22011.2,2669.42,0.999173,0.689484,0.228154,17532
2023-01-17 11:00:00,3892,39408.2,21534.7,2581.33,1.00153,0.674385,0.221994,17532
2023-01-17 12:00:00,3821,52061.2,23730.2,2650.75,0.96131,0.743388,0.217944,17532
2023-01-17 13:00:00,3898,57396.9,23251.4,2610.08,0.959217,0.746906,0.222336,17532
2023-01-17 14:00:00,3722,47260.7,20925.6,2408,0.9983,0.690234,0.212298,17532
2023-01-17 15:00:00,3574,44769.4,20496.7,2332.17,1.00153,0.686405,0.203856,17532
2023-01-17 16:00:00,3558,42683.1,18513.2,2315.42,1.00153,0.686405,0.202943,17532
2023-01-17 17:00:00,3643,42093.8,18504.4,2384.75,0.987381,0.703588,0.207791,17532
2023-01-17 18:00:00,3707,42085.8,18997.4,2523.17,0.987381,0.701115,0.211442,17532
2023-01-17 19:00:00,3896,45493.9,21993.6,2853.42,0.971933,0.696589,0.222222,17532
2023-01-17 20:00:00,4286,43172.8,23114.2,3095.25,0.973041,0.692789,0.244467,17532
2023-01-17 21:00:00,4493,45392.8,24493,3310.83,0.959284,0.687789,0.256274,17532
2023-01-17 22:00:00,4681,42590.4,25554.3,3499.08,0.959103,0.687746,0.266997,17532
2023-01-17 23:00:00,4904,48728.8,27753.7,3734.83,0.940098,0.706752,0.279717,17532
2023-01-18 00:00:00,5114,76960.6,32410,4017,0.902714,0.762008,0.291695,17532
2023-01-18 01:00:00,5290,79934.1,32876.9,4090.5,0.898244,0.767913,0.301734,17532
2023-01-18 02:00:00,5396,66515.5,31074.1,4024.58,0.898244,0.767913,0.30778,17532
2023-01-18 03:00:00,5277,66144.8,30965.7,4029.25,0.898244,0.767913,0.300992,17532
2023-01-18 04:00:00,5286,65129.7,30878.3,4003.33,0.898244,0.767913,0.301506,17532
2023-01-18 05:00:00,5261,61503,30346.8,3945.58,0.898244,0.767913,0.30008,17532
2023-01-18 06:00:00,5270,69215.5,31665.4,3930,0.898244,0.767913,0.300593,17532
2023-01-18 07:00:00,5111,66663.2,28937.5,3651.75,0.916924,0.762933,0.291524,17532
2023-01-18 08:00:00,4466,47630,24129.9,3064.75,0.955515,0.74876,0.254734,17532
2023-01-18 09:00:00,4123,42755.8,22144.8,2811.08,0.9728,0.719708,0.23517,17532
2023-01-18 10:00:00,3942,38882.8,19930,2576.08,1.00038,0.687882,0.224846,17532
2023-01-18 11:00:00,3770,38055,18437.8,2449.58,1.0012,0.675314,0.215035,17532
2023-01-18 12:00:00,3647,46027.3,19742.2,2436.75,0.963514,0.739761,0.20802,17532
2023-01-18 13:00:00,3651,47130.8,19839.3,2393.92,0.959296,0.746742,0.208248,17532
2023-01-18 14:00:00,3601,39799.4,17917,2231.83,0.997241,0.692442,0.205396,17532
2023-01-18 15:00:00,3407,38770.1,17497.2,2123.92,1.00021,0.686822,0.19433,17532
2023-01-18 16:00:00,3328,35566.2,16913.9,2103.25,1.00021,0.686822,0.189824,17532
2023-01-18 17:00:00,3369,36085.9,16834.9,2138.92,0.986055,0.702383,0.192163,17532
2023-01-18 18:00:00,3448,36487.5,17543.8,2314.17,0.986055,0.701532,0.196669,17532
2023-01-18 19:00:00,3702,38910.5,20007.2,2613.92,0.973165,0.692847,0.211157,17532
2023-01-18 20:00:00,3997,39861.3,21288.9,2829.5,0.97312,0.69271,0.227983,17532
2023-01-18 21:00:00,4157,39484.2,22238.1,3049.75,0.959898,0.687877,0.237109,17532
2023-01-18 22:00:00,4426,40475.2,24005.2,3301.25,0.959182,0.687667,0.252453,17532
2023-01-18 23:00:00,4639,44106.6,25919.7,3466.17,0.942049,0.704801,0.264602,17532
2023-01-19 00:00:00,4995,69282.4,30553.7,3714.33,0.902557,0.762515,0.284908,17532
2023-01-19 01:00:00,5039,69176.8,30419,3766.5,0.898244,0.767913,0.287417,17532
2023-01-19 02:00:00,4970,57154.4,28123.5,3715.17,0.898244,0.767913,0.283482,17532
2023-01-19 03:00:00,5075,56480.4,27915.5,3716.58,0.898244,0.767913,0.289471,17532
2023-01-19 04:00:00,4957,58908.9,27885,3724.25,0.898244,0.767913,0.28274,17532
2023-01-19 05:00:00,4959,56807.3,27959.1,3694.58,0.898244,0.767913,0.282854,17532
2023-01-19 06:00:00,4982,57744.1,29016.9,3653.58,0.898244,0.767913,0.284166,17532
2023-01-19 07:00:00,4884,60613.4,26481.1,3417.67,0.917019,0.762968,0.278576,17532
2023-01-19 08:00:00,4338,44679.4,23889.8,2889.17,0.955515,0.748241,0.247433,17532
2023-01-19 09:00:00,3993,40835,21374.4,2651.42,0.97129,0.72273,0.227755,17532
2023-01-19 10:00:00,3761,36502.8,19160.6,2417.33,1.00032,0.688159,0.214522,17532
2023-01-19 11:00:00,3541,34350.8,17585,2275.25,1.00153,0.674496,0.201974,17532
2023-01-19 12:00:00,3507,39702.3,18128.9,2268.5,0.959296,0.746742,0.200034,17532
2023-01-19 13:00:00,3713,43158.7,18362.6,2244.58,0.959296,0.746742,0.211784,17532
2023-01-19 14:00:00,3409,37478.5,17095.1,2092.75,0.997111,0.690978,0.194444,17532
2023-01-19 15:00:00,3281,35119.5,16651.4,2042,1.00021,0.686822,0.187144,17532
2023-01-19 16:00:00,3842,40289.2,17105.9,2205.58,0.997983,0.685855,0.219142,17532
2023-01-19 17:00:00,3686,42683.9,18607.2,2385,0.985842,0.712386,0.210244,17532
2023-01-19 18:00:00,4143,43540.8,19697.3,2565.25,0.982795,0.70236,0.236311,17532
2023-01-19 19:00:00,4287,43069.1,21807.4,2817.08,0.973755,0.690204,0.244524,17532
2023-01-19 20:00:00,4666,51088.7,25255.1,3294.17,0.972749,0.691233,0.266142,17532
2023-01-19 21:00:00,4674,49624.9,24737,3323.42,0.958251,0.686884,0.266598,17532
2023-01-19 22:00:00,5381.5,49587.6,26856.7,3627.92,0.959026,0.686913,0.306953,17532
2023-01-19 23:00:00,5728,49298.3,25774.3,3517.33,0.937519,0.706475,0.326717,17532
2023-01-20 00:00:00,4440,62499.9,27468.8,3396.25,0.899194,0.764115,0.253251,17532
2023-01-20 01:00:00,4688,61375.1,26950.1,3426.08,0.89762,0.767507,0.267397,17532
2023-01-20 02:00:00,4609,53563.5,26165,3397.17,0.89762,0.767507,0.262891,17532
2023-01-20 03:00:00,4622,53475.6,26452,3397.42,0.89762,0.767507,0.263632,17532
2023-01-20 04:00:00,4602,51387.5,25936.1,3376.33,0.89762,0.767507,0.262491,17532
2023-01-20 05:00:00,4619,51237.9,25713.2,3369.5,0.89762,0.767507,0.263461,17532
2023-01-20 06:00:00,4569,51762.4,25698.8,3323.75,0.89762,0.767507,0.260609,17532
2023-01-20 07:00:00,4518,53469.5,24392.5,3172.25,0.916087,0.762567,0.2577,17532
2023-01-20 08:00:00,4169,41395.8,21763.6,2770.5,0.955934,0.748096,0.237794,17532
2023-01-20 09:00:00,3864,36953.1,18959.1,2541.75,0.972154,0.719347,0.220397,17532
2023-01-20 10:00:00,4188,42733.1,20306.4,2609.67,0.996855,0.688601,0.238877,17532
2023-01-20 11:00:00,4093,36109.5,19647.2,2524.33,0.999153,0.67429,0.233459,17532
2023-01-20 12:00:00,3750,46723.7,23452.2,2623.92,0.987022,0.700624,0.213895,17532
2023-01-20 13:00:00,3528,54913.2,20005.8,2416,0.959075,0.746776,0.201232,17532
2023-01-20 14:00:00,3361,39659.4,15862.8,2034.25,0.999212,0.690612,0.191707,17532
2023-01-20 15:00:00,3224,39678.3,15674.3,1971.67,1.00145,0.686569,0.183892,17532
2023-01-20 16:00:00,3163,37052.4,16000.4,1938.5,1.00145,0.686569,0.180413,17532
2023-01-20 17:00:00,3191,37353.2,16302.8,1999.33,0.987302,0.701639,0.18201,17532
2023-01-20 18:00:00,3348,36892.4,16842.8,2178.5,0.987302,0.701279,0.190965,17532
2023-01-20 19:00:00,3516,31129.3,17136.3,2295.83,0.974079,0.69375,0.200548,17532
2023-01-20 20:00:00,3616,31598.4,17377.6,2381.67,0.973041,0.692873,0.206251,17532
2023-01-20 21:00:00,3680,32862.2,18376.4,2521.67,0.959103,0.687831,0.209902,17532
2023-01-20 22:00:00,3853,33921.1,19157.1,2648.5,0.959103,0.687831,0.21977,17532
2023-01-20 23:00:00,4011,35041.3,20314.2,2769.75,0.940636,0.706298,0.228782,17532
2023-01-21 00:00:00,4075,48531.5,21849.5,2914.58,0.899714,0.765304,0.232432,17532
2023-01-21 01:00:00,4249,47599.5,22497.5,2965.17,0.898165,0.768077,0.242357,17532
2023-01-21 02:00:00,4223,41539.4,22144.4,2949,0.898165,0.768077,0.240874,17532
2023-01-21 03:00:00,4260,40021.2,22127,2948.75,0.898165,0.769131,0.242984,17532
2023-01-21 04:00:00,4207,38954.6,21975.3,2933.5,0.898165,0.769131,0.239961,17532
2023-01-21 05:00:00,4270,38317.3,21879.5,2917.83,0.898165,0.769131,0.243555,17532
2023-01-21 06:00:00,4177,40368.6,22230.3,2888.33,0.898165,0.769131,0.23825,17532
2023-01-21 07:00:00,4168,44478.2,21437.9,2837.92,0.9162,0.764288,0.237737,17532
2023-01-21 08:00:00,4041,36067.2,19422.4,2648.75,0.95611,0.747186,0.230493,17532
2023-01-21 09:00:00,3836,29474.3,18202.1,2459.58,0.974613,0.71771,0.2188,17532
2023-01-21 10:00:00,3690,27048,16455.7,2278,0.999988,0.688836,0.210472,17532
2023-01-21 11:00:00,3555,27591.2,15669.3,2119,1.00145,0.675363,0.202772,17532
2023-01-21 12:00:00,3388,29630.1,15566.7,2106.92,0.959991,0.745318,0.193247,17532
2023-01-21 13:00:00,3409,29750.8,15332.3,2082.42,0.959217,0.746864,0.194444,17532
2023-01-21 14:00:00,3334,26728.4,14571.5,2002.25,0.999846,0.688462,0.190167,17532
2023-01-21 15:00:00,3315,26300.3,14319.8,1969.92,1.00145,0.686527,0.189083,17532
2023-01-21 16:00:00,3290,27014,14270.2,1967.42,1.00145,0.686527,0.187657,17532
2023-01-21 17:00:00,3288,28020.7,14773.3,2019.83,0.987302,0.701503,0.187543,17532
2023-01-21 18:00:00,3361,29544.3,15095,2063.92,0.987302,0.701238,0.191707,17532
2023-01-21 19:00:00,3382,26670,14788.7,2048.08,0.976053,0.690371,0.192904,17532
2023-01-21 20:00:00,3341,25608.6,15063.3,2058,0.973041,0.692681,0.190566,17532
2023-01-21 21:00:00,3401,26069.1,15500.5,2119.67,0.960138,0.688034,0.193988,17532
2023-01-21 22:00:00,3477,26122,15813,2184.33,0.959103,0.687639,0.198323,17532
2023-01-21 23:00:00,3622,27240.1,16162.5,2265.17,0.940794,0.705948,0.206594,17532
2023-01-22 00:00:00,3604,77287.4,32210.6,3716.67,0.902962,0.763851,0.205567,17532
2023-01-22 01:00:00,4054,42301.2,20987.7,2464.08,0.897638,0.769683,0.231234,17532
2023-01-22 02:00:00,4077,40957.2,20748.8,2474.5,0.897638,0.769683,0.232546,17532
2023-01-22 03:00:00,4083,38261.7,20449.1,2464.25,0.897638,0.769683,0.232888,17532
2023-01-22 04:00:00,4060,36670.8,20395.2,2452.25,0.897638,0.769683,0.231577,17532
2023-01-22 05:00:00,4059,36400.2,20374.2,2444.92,0.897638,0.769683,0.23152,17532
2023-01-22 06:00:00,4057,38244.8,20987.5,2451.42,0.897638,0.769683,0.231405,17532
2023-01-22 07:00:00,4068,40733.8,20884.2,2447.25,0.897638,0.769683,0.232033,17532
2023-01-22 08:00:00,4014,34537.5,19830.5,2358.83,0.91601,0.764797,0.228953,17532
2023-01-22 09:00:00,3912,31692.2,19004.9,2249.83,0.956258,0.747194,0.223135,17532
2023-01-22 10:00:00,3782,30340,18877.9,2088.17,0.969718,0.720248,0.21572,17532
2023-01-22 11:00:00,3637,27930.8,16879.3,1957.67,0.993483,0.694517,0.207449,17532
2023-01-22 12:00:00,3565,27746.4,16782,1896.42,0.98035,0.708299,0.203342,17532
2023-01-22 13:00:00,3545,32752.2,16612.2,1896.08,0.954595,0.748856,0.202202,17532
2023-01-22 14:00:00,3439,25792.7,15315.4,1775.92,0.954595,0.748856,0.196156,17532
2023-01-22 15:00:00,3398,25478,15269.9,1748.92,0.993483,0.694517,0.193817,17532
2023-01-22 16:00:00,3398,27237.6,15938.2,1773.83,0.99381,0.693862,0.193817,17532
2023-01-22 17:00:00,3456,24924.7,15881.7,1817.17,0.98035,0.720808,0.197125,17532
2023-01-22 18:00:00,3545,27586.3,16622.8,1953.67,0.980023,0.708178,0.202202,17532
2023-01-22 19:00:00,3702,27541.2,17661.4,2044.83,0.980023,0.708178,0.211157,17532
2023-01-22 20:00:00,3751,32839.4,18481.6,2161.75,0.968055,0.697691,0.213952,17532
2023-01-22 21:00:00,3852,34471.4,19354,2299.33,0.968055,0.697691,0.219713,17532
2023-01-22 22:00:00,4018,35265,20103,2418.92,0.954595,0.692805,0.229181,17532
2023-01-22 23:00:00,4136,35110,20613.8,2508.5,0.954595,0.692805,0.235911,17532
2023-01-23 00:00:00,4191,43598.1,21835.3,2622.42,0.936224,0.711176,0.239049,17532
2023-01-23 01:00:00,4291,44321.5,22464.5,2659.08,0.897638,0.769683,0.244752,17532
2023-01-23 02:00:00,4289,43669.4,22636.3,2663.33,0.897638,0.769683,0.244638,17532
2023-01-23 03:00:00,4299,42180,22459.4,2657.5,0.897638,0.769683,0.245209,17532
2023-01-23 04:00:00,4279,41037.1,22419.8,2650.67,0.897638,0.769683,0.244068,17532
2023-01-23 05:00:00,4282,41200.7,22637.8,2649.17,0.897638,0.769683,0.244239,17532
2023-01-23 06:00:00,4287,43916.3,22796.3,2653.25,0.897638,0.769683,0.244524,17532
2023-01-23 07:00:00,4292,46061,22644.8,2622.75,0.897638,0.769683,0.244809,17532
2023-01-23 08:00:00,4208,37574.6,21100.6,2489.33,0.91601,0.764797,0.240018,17532
2023-01-23 09:00:00,4033,33305.7,19774.6,2311.17,0.956258,0.747194,0.230037,17532
2023-01-23 10:00:00,3794,29512.1,17799.6,2054.58,0.969718,0.720248,0.216404,17532
2023-01-23 11:00:00,3595,28321.2,15826.5,1860.67,0.993483,0.694517,0.205054,17532
2023-01-23 12:00:00,3477,29746.1,16651.5,1802.33,0.98035,0.708299,0.198323,17532
2023-01-23 13:00:00,3454,32856,16513,1799,0.954595,0.748856,0.197011,17532
2023-01-23 14:00:00,3397,25543.5,15004.7,1706,0.954595,0.748856,0.19376,17532
2023-01-23 15:00:00,3328,24914.2,14262.6,1654.67,0.993483,0.694517,0.189824,17532
2023-01-23 16:00:00,3319,25121.4,14270.6,1668.58,0.99381,0.693862,0.189311,17532
2023-01-23 17:00:00,3354,24654.2,14586.3,1729.25,0.98035,0.720808,0.191307,17532
2023-01-23 18:00:00,3454,26120.4,15319,1831,0.980023,0.708178,0.197011,17532
2023-01-23 19:00:00,3553,26161,16508.5,1910.08,0.980023,0.708178,0.202658,17532
2023-01-23 20:00:00,3620,29580.7,17361.4,2026.92,0.968055,0.697691,0.20648,17532
2023-01-23 21:00:00,3729,31076.5,17925.1,2151.42,0.968055,0.697691,0.212697,17532
2023-01-23 22:00:00,3862,31895.5,19000.8,2288.08,0.954595,0.692805,0.220283,17532
2023-01-23 23:00:00,3988,33255.8,20126.9,2399.58,0.954595,0.692805,0.22747,17532
2023-01-24 00:00:00,4095,41881.5,21255.8,2520.75,0.936224,0.711176,0.233573,17532
2023-01-24 01:00:00,4208,44502.2,21443.6,2563.58,0.897638,0.769683,0.240018,17532
2023-01-24 02:00:00,4200,42484.1,21727.8,2575.25,0.897638,0.769683,0.239562,17532
2023-01-24 03:00:00,4218,41373.4,21443.6,2572.75,0.897638,0.769683,0.240589,17532
2023-01-24 04:00:00,4191,38908,21103.3,2553.92,0.897638,0.769683,0.239049,17532
2023-01-24 05:00:00,4212,39725.9,21219.2,2556.75,0.897638,0.769683,0.240246,17532
2023-01-24 06:00:00,4202,44131.4,22434.9,2580,0.897638,0.769683,0.239676,17532
2023-01-24 07:00:00,4230,46452.5,21849.5,2575.17,0.897638,0.769683,0.241273,17532
2023-01-24 08:00:00,4170,38629.9,20977.4,2459.67,0.91601,0.764797,0.237851,17532
2023-01-24 09:00:00,4040,34309,19191.5,2329.33,0.956258,0.747194,0.230436,17532
2023-01-24 10:00:00,3866,29757.7,17638.5,2116,0.969718,0.720248,0.220511,17532
2023-01-24 11:00:00,3688,28184.5,16336.4,1963.75,0.993483,0.694517,0.210358,17532
2023-01-24 12:00:00,3585,28775.3,16935.7,1906.17,0.98035,0.708299,0.204483,17532
2023-01-24 13:00:00,3580,34081.4,17131.2,1915.58,0.954595,0.748856,0.204198,17532
2023-01-24 14:00:00,3518,26963.2,15711,1806.92,0.954595,0.748856,0.200662,17532
2023-01-24 15:00:00,3456,25096.8,15345.6,1773.75,0.993483,0.694517,0.197125,17532
2023-01-24 16:00:00,3446,25094.4,15265.2,1784.67,0.99381,0.693862,0.196555,17532
2023-01-24 17:00:00,3487,26333.6,15939.3,1828.08,0.98035,0.720808,0.198893,17532
2023-01-24 18:00:00,3572,27024.9,16675.3,1929.33,0.980023,0.708178,0.203742,17532
2023-01-24 19:00:00,3658,28095,17716.2,2011.08,0.980023,0.708178,0.208647,17532
2023-01-24 20:00:00,3750,35334.9,18140.8,2154.67,0.968055,0.697691,0.213895,17532
2023-01-24 21:00:00,3859,34155.1,18811.8,2274.83,0.968055,0.697691,0.220112,17532
2023-01-24 22:00:00,4000,33758.6,19745.4,2403.42,0.954595,0.692805,0.228154,17532
2023-01-24 23:00:00,4100,35039.1,20162.4,2494.67,0.954595,0.692805,0.233858,17532
2023-01-25 00:00:00,4195,45431.5,21474.7,2621.25,0.936224,0.711176,0.239277,17532
2023-01-25 01:00:00,4332,49003.4,22503.9,2680.92,0.897638,0.769683,0.247091,17532
2023-01-25 02:00:00,4335,48105.1,22476.1,2689.92,0.897638,0.769683,0.247262,17532
2023-01-25 03:00:00,4343,44509,22188.4,2682.5,0.897638,0.769683,0.247718,17532
2023-01-25 04:00:00,4340,42887.4,22099.7,2674.75,0.897638,0.769683,0.247547,17532
2023-01-25 05:00:00,4317,44220.3,22391.6,2673.5,0.897638,0.769683,0.246235,17532
2023-01-25 06:00:00,4330,49064.7,23126.7,2703,0.897638,0.769683,0.246977,17532
2023-01-25 07:00:00,4363,52763.7,23090.4,2700.83,0.897638,0.769683,0.248859,17532
2023-01-25 08:00:00,4297,42954.5,21772.9,2553.83,0.91601,0.764797,0.245095,17532
2023-01-25 09:00:00,4153,37303.9,20446.7,2419.67,0.956258,0.747194,0.236881,17532
2023-01-25 10:00:00,3979,32654.5,18760.5,2228.42,0.969718,0.720248,0.226956,17532
2023-01-25 11:00:00,3826,28919.7,17392.1,2059.5,0.993483,0.694517,0.21823,17532
2023-01-25 12:00:00,3746,28991.2,18127.6,1989.25,0.98035,0.708299,0.213666,17532
2023-01-25 13:00:00,3696,35867.4,18174.5,1998.25,0.954595,0.748856,0.210815,17532
2023-01-25 14:00:00,3613,29088.7,16680.9,1887.75,0.954595,0.748856,0.20608,17532
2023-01-25 15:00:00,3579,29635.4,16586.8,1874.25,0.993483,0.694517,0.204141,17532
2023-01-25 16:00:00,3591,31720.5,16980.7,1909.83,0.99381,0.693862,0.204825,17532
2023-01-25 17:00:00,3654,29098.7,16901.9,1975.25,0.98035,0.720808,0.208419,17532
2023-01-25 18:00:00,3753,29246.3,17591.6,2081.25,0.980023,0.708178,0.214066,17532
2023-01-25 19:00:00,3855,29579.4,18553,2169.92,0.980023,0.708178,0.219884,17532
2023-01-25 20:00:00,3918,35206.4,19418.1,2288.42,0.968055,0.697691,0.223477,17532
2023-01-25 21:00:00,4056,35018.6,20203.2,2414.75,0.968055,0.697691,0.231348,17532
2023-01-25 22:00:00,4160,34595.8,21029.1,2559.17,0.954595,0.692805,0.23728,17532
2023-01-25 23:00:00,4315,36717.4,22116,2692.5,0.954595,0.692805,0.246121,17532
2023-01-26 00:00:00,4403,47074.2,23421.7,2840.75,0.936224,0.711176,0.251141,17532
2023-01-26 01:00:00,4577,54634.9,24464.5,2929.33,0.897638,0.769683,0.261065,17532
2023-01-26 02:00:00,4627,54644.7,24336.2,2964.83,0.897638,0.769683,0.263917,17532
2023-01-26 03:00:00,4636,51699.2,24571.8,2958.83,0.897638,0.769683,0.264431,17532
2023-01-26 04:00:00,4628,50385.4,24411.6,2955.25,0.897638,0.769683,0.263974,17532
2023-01-26 05:00:00,4625,49284.8,24676.5,2945.75,0.897638,0.769683,0.263803,17532
2023-01-26 06:00:00,4646,55140.2,25660,2987.08,0.897638,0.769683,0.265001,17532
2023-01-26 07:00:00,4690,58524.9,25689.3,2981.33,0.897638,0.769683,0.267511,17532
2023-01-26 08:00:00,4590,47674.3,23386.5,2831.58,0.91601,0.764797,0.261807,17532
2023-01-26 09:00:00,4422,43230.4,22485,2703.08,0.956258,0.747194,0.252225,17532
2023-01-26 10:00:00,4287,36358,20609.6,2492.75,0.969718,0.720248,0.244524,17532
2023-01-26 11:00:00,4078,32800.8,19105.4,2305.58,0.993483,0.694517,0.232603,17532
2023-01-26 12:00:00,3992,32369.6,19652.1,2247.5,0.98035,0.708299,0.227698,17532
2023-01-26 13:00:00,3962,40708.7,19406.4,2267.83,0.954595,0.748856,0.225987,17532
2023-01-26 14:00:00,3890,32889.5,18356.3,2143.08,0.954595,0.748856,0.22188,17532
2023-01-26 15:00:00,3827,31117.9,17939.1,2094.92,0.993483,0.694517,0.218287,17532
2023-01-26 16:00:00,3827,32091.4,18045.4,2118.67,0.99381,0.693862,0.218287,17532
2023-01-26 17:00:00,3881,32285.5,18347.2,2173.75,0.98035,0.720808,0.221367,17532
2023-01-26 18:00:00,3971,31599.8,19212.5,2271.33,0.980023,0.708178,0.2265,17532
2023-01-26 19:00:00,4062,30734.7,20463.4,2350.75,0.980023,0.708178,0.231691,17532
2023-01-26 20:00:00,4127,37830.6,21312.2,2511.58,0.968055,0.697691,0.235398,17532
2023-01-26 21:00:00,4258,38687.1,22032.3,2661,0.968055,0.697691,0.24287,17532
2023-01-26 22:00:00,4427,39629.2,22918.9,2820.67,0.954595,0.692805,0.25251,17532
2023-01-26 23:00:00,4586,41349.3,24105.9,2944.42,0.954595,0.692805,0.261579,17532
2023-01-27 00:00:00,4708,54112.6,25454.2,3121.58,0.936224,0.711176,0.268538,17532
2023-01-27 01:00:00,4865,56609.9,26648.8,3204.67,0.897638,0.769683,0.277493,17532
2023-01-27 02:00:00,4882,52757.2,26411.2,3214.92,0.897638,0.769683,0.278462,17532
2023-01-27 03:00:00,4896,51667.1,26283.4,3220.17,0.897638,0.769683,0.279261,17532
2023-01-27 04:00:00,4918,55599.4,26784.1,3248.33,0.897638,0.769683,0.280516,17532
2023-01-27 05:00:00,4934,57391.3,27088.9,3261.67,0.897638,0.769683,0.281428,17532
2023-01-27 06:00:00,4955,64522.8,29111.4,3308,0.897638,0.769683,0.282626,17532
2023-01-27 07:00:00,4990,65229.4,27885.9,3279,0.897638,0.769683,0.284622,17532
2023-01-27 08:00:00,4889,50377.9,25792,3106.83,0.91601,0.764797,0.278862,17532
2023-01-27 09:00:00,4679,44937.1,24697.5,2952.25,0.956258,0.747194,0.266883,17532
2023-01-27 10:00:00,4538,38816.3,23537.7,2780,0.969718,0.720248,0.258841,17532
2023-01-27 11:00:00,4399,34400.3,20901.9,2601.08,0.993483,0.694517,0.250913,17532
2023-01-27 12:00:00,4281,36093.3,22248,2540.83,0.98035,0.708299,0.244182,17532
2023-01-27 13:00:00,4293,46203.6,22332.9,2578.33,0.954595,0.748856,0.244867,17532
2023-01-27 14:00:00,4177,36713.1,20607.6,2444,0.954595,0.748856,0.23825,17532
2023-01-27 15:00:00,4135,36792.1,21130.7,2407.75,0.993483,0.694517,0.235854,17532
2023-01-27 16:00:00,4137,37732.7,21087.1,2434.25,0.99381,0.693862,0.235969,17532
2023-01-27 17:00:00,4150,35781.6,20440.9,2458.67,0.98035,0.720808,0.23671,17532
2023-01-27 18:00:00,4260,36186.5,21357.4,2557.83,0.980023,0.708178,0.242984,17532
2023-01-27 19:00:00,4346,35925.1,23070.1,2659.58,0.980023,0.708178,0.24789,17532
2023-01-27 20:00:00,4469,45281.5,23668,2829,0.968055,0.697691,0.254905,17532
2023-01-27 21:00:00,4558,44249.5,24083.1,2953.25,0.968055,0.697691,0.259982,17532
2023-01-27 22:00:00,4721,45947,24996.5,3090.5,0.954595,0.692805,0.269279,17532
2023-01-27 23:00:00,4839,45443.8,25756.3,3195.08,0.954595,0.692805,0.27601,17532
2023-01-28 00:00:00,4941,61074.4,28171.5,3365.08,0.936224,0.711176,0.281828,17532
2023-01-28 01:00:00,5121,62577.5,29335.1,3413.67,0.897638,0.769683,0.292094,17532
2023-01-28 02:00:00,5074,57550,28145.9,3399.92,0.897638,0.769683,0.289414,17532
2023-01-28 03:00:00,5109,60316.1,28704,3440.58,0.897638,0.768628,0.29141,17532
2023-01-28 04:00:00,5133,62384.1,29358.6,3463.67,0.897638,0.768628,0.292779,17532
2023-01-28 05:00:00,5173,64981.4,29852.3,3495.08,0.897638,0.768628,0.29506,17532
2023-01-28 06:00:00,5221,75220.7,31686.8,3553.08,0.897638,0.768628,0.297798,17532
2023-01-28 07:00:00,5225,74292,29593.7,3370.83,0.897638,0.768628,0.298026,17532
2023-01-28 08:00:00,4811,55238.6,25894.1,2976,0.91601,0.763742,0.274413,17532
2023-01-28 09:00:00,4567,50520.9,24466.5,2874.83,0.954595,0.748861,0.260495,17532
2023-01-28 10:00:00,4541,44231.1,23487.3,2755.67,0.968055,0.721915,0.259012,17532
2023-01-28 11:00:00,4444,36911,21883.3,2634.83,0.993483,0.694522,0.253479,17532
2023-01-28 12:00:00,4383,38295.8,23414.6,2590.17,0.98035,0.708304,0.25,17532
2023-01-28 13:00:00,4454,59402.9,23692.4,2709.58,0.954595,0.748861,0.25405,17532
2023-01-28 14:00:00,4290,42455.9,21356.4,2517.83,0.954595,0.748861,0.244695,17532
2023-01-28 15:00:00,4244,43088.5,21917.1,2489.08,0.993483,0.694522,0.242072,17532
2023-01-28 16:00:00,4265,44029.3,21986.1,2527.5,0.99381,0.693867,0.243269,17532
2023-01-28 17:00:00,4285,37738.2,21192.9,2520.25,0.98035,0.720813,0.24441,17532
2023-01-28 18:00:00,4313,36507.6,21248.5,2608.42,0.980023,0.708183,0.246007,17532
2023-01-28 19:00:00,4547,39486.5,24578.4,2882.17,0.980023,0.708183,0.259354,17532
2023-01-28 20:00:00,4775,50363.3,25849.2,3152.08,0.968055,0.697883,0.272359,17532
2023-01-28 21:00:00,4916,49757.6,27553.8,3315.83,0.968055,0.697883,0.280402,17532
2023-01-28 22:00:00,5070,50141.5,28086.8,3468.17,0.954595,0.692997,0.289185,17532
2023-01-28 23:00:00,5188,49784.8,28651.5,3564.08,0.954595,0.692997,0.295916,17532
2023-01-29 00:00:00,5357,71696.6,31159.2,3791.67,0.936224,0.711369,0.305556,17532
2023-01-29 01:00:00,5543,78162,32709.5,3875.83,0.897638,0.768628,0.316165,17532
2023-01-29 02:00:00,5514,68405.5,31788.2,3831.58,0.897638,0.768628,0.314511,17532
2023-01-29 03:00:00,5516,69075.4,32134,3853.42,0.897638,0.768628,0.314625,17532
2023-01-29 04:00:00,5539,70566.6,32604.2,3877.33,0.897638,0.768628,0.315937,17532
2023-01-29 05:00:00,5575,76394.9,33980.5,3917.5,0.897638,0.768628,0.31799,17532
2023-01-29 06:00:00,5600,83075.5,34819,3947.08,0.897638,0.768628,0.319416,17532
2023-01-29 07:00:00,5584,81736.9,32310.9,3721.33,0.897638,0.768628,0.318503,17532
2023-01-29 08:00:00,4964,56717.6,27001.8,3113.08,0.91601,0.763742,0.283139,17532
2023-01-29 09:00:00,4668,50428.3,24922.4,2946.5,0.954595,0.748861,0.266256,17532
2023-01-29 10:00:00,4539,43408.5,23245.5,2772.25,0.968055,0.721915,0.258898,17532
2023-01-29 11:00:00,4436,38828.9,21955.2,2639.5,0.993483,0.694522,0.253023,17532
2023-01-29 12:00:00,4411,41659.8,25343,2661.25,0.98035,0.708304,0.251597,17532
2023-01-29 13:00:00,4547,62495.6,25540.2,2807.92,0.954595,0.748861,0.259354,17532
2023-01-29 14:00:00,4391,42108.6,22459.3,2601.58,0.954595,0.748861,0.250456,17532
2023-01-29 15:00:00,4366,41619.1,22650.4,2581.92,0.993483,0.694522,0.24903,17532
2023-01-29 16:00:00,4345,39923.2,22495.5,2584.08,0.99381,0.693867,0.247833,17532
2023-01-29 17:00:00,4365,37428.7,21758.7,2609.92,0.98035,0.720813,0.248973,17532
2023-01-29 18:00:00,4454,40128.9,22268.4,2728.83,0.980023,0.708183,0.25405,17532
2023-01-29 19:00:00,4651,41718.1,25891.2,3040.67,0.980023,0.708183,0.265286,17532
2023-01-29 20:00:00,5013,58283.3,28078.2,3383.92,0.968055,0.697883,0.285934,17532
2023-01-29 21:00:00,5153,55042.3,28832.9,3539.75,0.968055,0.697883,0.29392,17532
2023-01-29 22:00:00,5325,53175.9,29783.9,3686.42,0.954595,0.692997,0.30373,17532
2023-01-29 23:00:00,5441,53954.5,30374.6,3800.75,0.954595,0.692997,0.310347,17532
2023-01-30 00:00:00,5603,76672,34137.6,4016.17,0.936224,0.711369,0.319587,17532
2023-01-30 01:00:00,5767,80738.1,34427.8,4087.5,0.897638,0.768628,0.328941,17532
2023-01-30 02:00:00,5762,72482.9,33269.1,4054.75,0.897638,0.768628,0.328656,17532
2023-01-30 03:00:00,5765,75395.1,33841.1,4092,0.897638,0.768628,0.328827,17532
2023-01-30 04:00:00,5786,78348.3,33895.2,4106.17,0.897638,0.768628,0.330025,17532
2023-01-30 05:00:00,5811,82258.5,34474.1,4123.42,0.897638,0.768628,0.331451,17532
2023-01-30 06:00:00,5853,92120.9,37383.2,4164.5,0.897638,0.768628,0.333847,17532
2023-01-30 07:00:00,5767,87407.6,33622.6,3821.58,0.897638,0.768628,0.328941,17532
2023-01-30 08:00:00,5009,60531.1,26770.8,3124.25,0.91601,0.763742,0.285706,17532
2023-01-30 09:00:00,4700,53642.3,24556.6,2954.33,0.954595,0.748861,0.268081,17532
2023-01-30 10:00:00,4600,46141.2,23440.2,2791.92,0.968055,0.721915,0.262377,17532
2023-01-30 11:00:00,4507,47751.8,23813,2763.5,0.986804,0.687152,0.257073,17532
2023-01-30 12:00:00,4503,54827.7,25173.1,2797.5,0.967275,0.725765,0.256845,17532
2023-01-30 13:00:00,4553,63748.6,25196.2,2834,0.954595,0.748861,0.259697,17532
2023-01-30 14:00:00,4425,54840.3,22865.2,2704.75,0.991706,0.697336,0.252396,17532
2023-01-30 15:00:00,4326,54070.1,22440.9,2639.42,0.993369,0.694005,0.246749,17532
2023-01-30 16:00:00,4285,54407.6,23114.3,2641.58,0.993369,0.694005,0.24441,17532
2023-01-30 17:00:00,4323,56215.1,22580.1,2690.92,0.980023,0.708687,0.246578,17532
2023-01-30 18:00:00,4375,54013.8,23171.6,2780.5,0.980023,0.708183,0.249544,17532
2023-01-30 19:00:00,4514,52491.1,26012.6,3108.67,0.969242,0.697438,0.257472,17532
2023-01-30 20:00:00,4945,54964.6,27921.4,3388.92,0.968055,0.697883,0.282056,17532
2023-01-30 21:00:00,5158,54698.4,28794.4,3560.33,0.956238,0.693414,0.294205,17532
2023-01-30 22:00:00,5260,54915.7,30073.1,3703.83,0.954595,0.692997,0.300023,17532
2023-01-30 23:00:00,5424,55709.5,31178,3831.92,0.93649,0.711102,0.309377,17532
2023-01-31 00:00:00,5640,82977.9,35657.5,4100.42,0.928618,0.735139,0.321697,17532
2023-01-31 01:00:00,5778,81716.4,35743.7,4125.25,0.897638,0.768628,0.329569,17532
2023-01-31 02:00:00,5763,75578.1,34667.5,4114,0.897638,0.768628,0.328713,17532
2023-01-31 03:00:00,5744,76692.9,34370.8,4129.5,0.897638,0.768628,0.327629,17532
2023-01-31 04:00:00,5775,80334.5,35174.3,4162.42,0.897638,0.768628,0.329398,17532
2023-01-31 05:00:00,5805,84103.8,35825.1,4181.33,0.897638,0.768628,0.331109,17532
2023-01-31 06:00:00,5849,93687.9,37271.5,4214.92,0.897638,0.768628,0.333619,17532
2023-01-31 07:00:00,5775,86602.8,33114.3,3865,0.910162,0.766059,0.329398,17532
2023-01-31 08:00:00,5104,61597.8,28044.6,3216.83,0.923158,0.760439,0.291125,17532
2023-01-31 09:00:00,4674,54199,25908.9,2999.42,0.967767,0.722492,0.266598,17532
2023-01-31 10:00:00,4572,48525.6,24510.1,2844.83,0.984955,0.70415,0.26078,17532
2023-01-31 11:00:00,4457,49950.1,24050.5,2775.83,0.991951,0.683096,0.254221,17532
2023-01-31 12:00:00,4376,57026.1,26079.7,2788.75,0.972253,0.717303,0.249601,17532
2023-01-31 13:00:00,4430,65194.1,25681.4,2815.08,0.954595,0.748861,0.252681,17532
2023-01-31 14:00:00,4330,56084.8,23555.3,2686.67,0.992055,0.696913,0.246977,17532
2023-01-31 15:00:00,4245,55049,23397.9,2630.33,0.99381,0.693867,0.242129,17532
2023-01-31 16:00:00,4237,56313.4,23884.4,2647.5,0.99381,0.693867,0.241672,17532
2023-01-31 17:00:00,4312,57734.4,24829.2,2704,0.980023,0.70899,0.24595,17532
2023-01-31 18:00:00,4328,56798.4,24416.8,2792.33,0.980023,0.708183,0.246863,17532
2023-01-31 19:00:00,4580,62481.4,27948.8,3188.75,0.979795,0.691657,0.261237,17532
2023-01-31 20:00:00,4970,60747.6,29306.1,3488.67,0.968055,0.697883,0.283482,17532
2023-01-31 21:00:00,5195,59879.2,29525.9,3648.33,0.957241,0.694559,0.296315,17532
2023-01-31 22:00:00,5362,57895.6,30527.2,3828.17,0.954595,0.692997,0.305841,17532
2023-01-31 23:00:00,5485,58746.7,31489.6,3954.33,0.939636,0.707956,0.312856,17532
2023-02-01 00:00:00,4118,75827.8,29497.2,3635.25,0.93942,0.711447,0.234885,17532
2023-02-01 01:00:00,4479,80890.6,30125.8,3700.58,0.900935,0.767582,0.255476,17532
2023-02-01 02:00:00,4454,75468.5,29324.4,3684.33,0.900935,0.767582,0.25405,17532
2023-02-01 03:00:00,4437,73534.7,29654.4,3683.17,0.900935,0.767582,0.25308,17532
2023-02-01 04:00:00,4457,73461.7,29806.9,3682.25,0.900935,0.767582,0.254221,17532
2023-02-01 05:00:00,4437,77413.1,30327.8,3694,0.900935,0.767582,0.25308,17532
2023-02-01 06:00:00,4507,87649.1,32021.9,3724.25,0.900935,0.767582,0.257073,17532
2023-02-01 07:00:00,4418,78824,27533.4,3345.75,0.916181,0.763322,0.251996,17532
2023-02-01 08:00:00,3655,50680.9,21078.6,2596.92,0.92412,0.760378,0.208476,17532
2023-02-01 09:00:00,3172,40499.6,18269,2339.83,0.969471,0.724639,0.180926,17532
2023-02-01 10:00:00,2986,31483.9,15921.1,2136.58,0.976393,0.715234,0.170317,17532
2023-02-01 11:00:00,2896,32056.7,15744.1,2087,0.994508,0.683185,0.165184,17532
2023-02-01 12:00:00,2906,40517.2,18038.3,2168.83,0.97617,0.715721,0.165754,17532
2023-02-01 13:00:00,3026,50109.7,18190,2187.67,0.957838,0.747797,0.172599,17532
2023-02-01 14:00:00,2862,38893,15914.9,2029.75,0.98064,0.712255,0.163244,17532
2023-02-01 15:00:00,2795,37126.7,15967,1990.58,0.996725,0.693457,0.159423,17532
2023-02-01 16:00:00,2771,38393.7,15944,2002.58,0.997053,0.692802,0.158054,17532
2023-02-01 17:00:00,2818,40900.8,16057.6,2059.92,0.983593,0.716549,0.160735,17532
2023-02-01 18:00:00,2921,40767.5,16634.2,2175.17,0.983265,0.707118,0.16661,17532
2023-02-01 19:00:00,3132,43385.7,20423,2528.42,0.987018,0.689511,0.178645,17532
2023-02-01 20:00:00,3538,48928.8,22205.4,2918.08,0.971298,0.696819,0.201802,17532
2023-02-01 21:00:00,3819,50745.1,23647.6,3146.33,0.960537,0.692624,0.21783,17532
2023-02-01 22:00:00,3973,48687.6,24757.3,3280.33,0.957838,0.691932,0.226614,17532
2023-02-01 23:00:00,4098,51808.6,25928.3,3411.58,0.942441,0.707329,0.233744,17532
2023-02-02 00:00:00,4308,84586.6,30597.8,3694.25,0.907593,0.759529,0.245722,17532
2023-02-02 01:00:00,4512,86561,30549.1,3747.08,0.900935,0.767509,0.257358,17532
2023-02-02 02:00:00,4481,82999.3,30116.8,3737.67,0.900935,0.767509,0.25559,17532
2023-02-02 03:00:00,4465,78908,30367.2,3713.67,0.900935,0.767509,0.254677,17532
2023-02-02 04:00:00,4465,78762.3,30710,3721.17,0.900935,0.767509,0.254677,17532
2023-02-02 05:00:00,4462,82999.7,30623.1,3736.33,0.900935,0.767509,0.254506,17532
2023-02-02 06:00:00,4516,93198,32479.6,3766.5,0.900935,0.767509,0.257586,17532
2023-02-02 07:00:00,4407,83884.9,27278.4,3338,0.900935,0.767509,0.251369,17532
2023-02-02 08:00:00,3600,53202.7,20194.2,2551.08,0.919307,0.762623,0.205339,17532
2023-02-02 09:00:00,3115,39883.4,18479.9,2290.58,0.969378,0.724698,0.177675,17532
2023-02-02 10:00:00,2965,29087.2,15771.7,2106.42,0.977165,0.71479,0.169119,17532
2023-02-02 11:00:00,2862,29030.2,15596.7,2060.5,0.996725,0.692943,0.163244,17532
2023-02-02 12:00:00,2871,39536.9,18000.8,2127.92,0.975922,0.716624,0.163758,17532
2023-02-02 13:00:00,2953,47959.4,17483,2162.92,0.957838,0.747797,0.168435,17532
2023-02-02 14:00:00,2846,35016.8,14745.3,1970.5,0.976154,0.717328,0.162332,17532
2023-02-02 15:00:00,2697,29872.6,14755.4,1863.83,0.997053,0.692802,0.153833,17532
2023-02-02 16:00:00,2672,34278.3,15680,1917.17,0.997053,0.692802,0.152407,17532
2023-02-02 17:00:00,2776,36487,15753.4,1989.33,0.983593,0.717317,0.158339,17532
2023-02-02 18:00:00,2830,39030.3,16426.5,2158.08,0.983265,0.707118,0.161419,17532
2023-02-02 19:00:00,3104,42914,20664.2,2569.42,0.985359,0.688576,0.177048,17532
2023-02-02 20:00:00,3584,49285.7,22388.7,2969.17,0.971298,0.696819,0.204426,17532
2023-02-02 21:00:00,3867,50114.6,23800.3,3224.17,0.96113,0.692838,0.220568,17532
2023-02-02 22:00:00,4091,51032.3,25057.6,3414.58,0.957838,0.691932,0.233345,17532
2023-02-02 23:00:00,4224,52161.9,26468.8,3555.83,0.942595,0.707175,0.240931,17532
2023-02-03 00:00:00,4406,84423.7,32379.2,3857.58,0.902628,0.765496,0.251312,17532
2023-02-03 01:00:00,4681,88199.5,32902.4,3930.92,0.900935,0.767509,0.266997,17532
2023-02-03 02:00:00,4655,82870.2,31046.8,3906.25,0.900935,0.767509,0.265514,17532
2023-02-03 03:00:00,4630,81402.7,30844.3,3893,0.901029,0.767509,0.264089,17532
2023-02-03 04:00:00,4611,79002.7,30636.4,3874.5,0.901029,0.767509,0.263005,17532
2023-02-03 05:00:00,4602,79722,31064.1,3873.92,0.901029,0.767509,0.262491,17532
2023-02-03 06:00:00,4651,93409.4,33523.2,3935.83,0.901029,0.767509,0.265286,17532
2023-02-03 07:00:00,4571,86331.2,28889.7,3517.75,0.916652,0.763203,0.260723,17532
2023-02-03 08:00:00,3821,53074.3,21519.2,2727,0.919401,0.762623,0.217944,17532
2023-02-03 09:00:00,3245,42590.4,19556.8,2464.17,0.968491,0.726661,0.18509,17532
2023-02-03 10:00:00,3103,31436.3,17160.3,2267.5,0.976386,0.715263,0.176991,17532
2023-02-03 11:00:00,3007,30107.9,16170,2185.5,0.995401,0.689446,0.171515,17532
2023-02-03 12:00:00,2969,38897.3,18923.6,2220.83,0.977549,0.714548,0.169347,17532
2023-02-03 13:00:00,3105,52170.7,19494.9,2292.17,0.957932,0.747797,0.177105,17532
2023-02-03 14:00:00,2972,36723.2,16460.8,2116.75,0.974877,0.719996,0.169519,17532
2023-02-03 15:00:00,2891,32573.1,15979.7,2053.33,0.99682,0.693457,0.164898,17532
2023-02-03 16:00:00,2866,35761.3,16647.9,2061.17,0.997147,0.692803,0.163473,17532
2023-02-03 17:00:00,2908,36847.9,16586.2,2121.33,0.983359,0.707329,0.165868,17532
2023-02-03 18:00:00,2990,37626.8,16996,2230.42,0.983359,0.707119,0.170545,17532
2023-02-03 19:00:00,3170,41193.1,20393.4,2576,0.987429,0.68836,0.180812,17532
2023-02-03 20:00:00,3537,48679.1,22344.7,2959,0.971392,0.696819,0.201745,17532
2023-02-03 21:00:00,3836,50121.8,24188.4,3205.33,0.960784,0.69271,0.2188,17532
2023-02-03 22:00:00,4079,52034.6,25340.6,3426.5,0.957932,0.691933,0.23266,17532
2023-02-03 23:00:00,4228,55227.2,26762.9,3609.92,0.944807,0.705058,0.241159,17532
2023-02-04 00:00:00,4491,91275.8,31932.6,3956.92,0.927921,0.737769,0.25616,17532
2023-02-04 01:00:00,4769,96995.9,32753.9,4046.5,0.901029,0.767509,0.272017,17532
2023-02-04 02:00:00,4745,92143.7,32296.8,4026.25,0.901029,0.767509,0.270648,17532
2023-02-04 03:00:00,4752,86191.8,32024,4003.17,0.901029,0.767509,0.271047,17532
2023-02-04 04:00:00,4724,85626.5,31993.3,4002.67,0.901029,0.767509,0.26945,17532
2023-02-04 05:00:00,4748,91928.1,33809.5,4036.08,0.901029,0.767509,0.270819,17532
2023-02-04 06:00:00,4772,99792.8,35262.6,4071,0.901029,0.767509,0.272188,17532
2023-02-04 07:00:00,4796,102023,33107.5,3949.5,0.91708,0.763093,0.273557,17532
2023-02-04 08:00:00,4429,70312.9,27108.6,3453.33,0.934534,0.756146,0.252624,17532
2023-02-04 09:00:00,3905,47706.3,23775.5,3056,0.968436,0.726776,0.222736,17532
2023-02-04 10:00:00,3620,37490.4,20869.4,2765.5,0.978677,0.713075,0.20648,17532
2023-02-04 11:00:00,3429,37249.9,19580.1,2612.5,0.996612,0.691241,0.195585,17532
2023-02-04 12:00:00,3348,40894.8,23722,2569.42,0.976751,0.716191,0.190965,17532
2023-02-04 13:00:00,4731,73474.1,30315.5,3519.08,0.959727,0.747535,0.269849,17532
2023-02-04 14:00:00,4616,59285.2,26951.1,3256.25,0.976738,0.718427,0.26329,17532
2023-02-04 15:00:00,4068,51351.8,23503.7,2996.17,1.00106,0.686913,0.232033,17532
2023-02-04 16:00:00,4230,47367.1,22897.1,2884.5,1.00184,0.6857,0.241273,17532
2023-02-04 17:00:00,4660,48920.7,23080.5,2975,0.984786,0.703086,0.2658,17532
2023-02-04 18:00:00,4428,49792.9,24096.5,3188.92,0.984023,0.700896,0.252567,17532
2023-02-04 19:00:00,4559,47042.2,22741.5,2925.5,0.992215,0.680496,0.260039,17532
2023-02-04 20:00:00,4773,50650.1,23428.2,3125.33,0.975453,0.690762,0.272245,17532
2023-02-04 21:00:00,4931,50808.4,24590.1,3313.42,0.963957,0.686378,0.281257,17532
2023-02-04 22:00:00,5149,51253.8,26046.3,3474,0.961993,0.685875,0.293692,17532
2023-02-04 23:00:00,5282,53905,27550.9,3635.42,0.946387,0.701481,0.301278,17532
2023-02-05 00:00:00,5481,85030.6,30756.7,3935.25,0.929964,0.733051,0.312628,17532
2023-02-05 01:00:00,5744,97105,32536.6,4062.5,0.90509,0.761452,0.327629,17532
2023-02-05 02:00:00,5794,91517.3,32733.1,4042.33,0.90509,0.761452,0.330481,17532
2023-02-05 03:00:00,5738,88379,33116.7,4013.08,0.90509,0.761452,0.327287,17532
2023-02-05 04:00:00,5753,88845.1,33733.4,4009.75,0.90509,0.761452,0.328143,17532
2023-02-05 05:00:00,5730,88678,33283.9,3998.75,0.90509,0.761452,0.326831,17532
2023-02-05 06:00:00,5749,97349.2,34308.3,4047.67,0.90509,0.761452,0.327915,17532
2023-02-05 07:00:00,5799,101315,32626.1,3967.17,0.920942,0.757062,0.330767,17532
2023-02-05 08:00:00,5546,74006.6,27884.5,3597.25,0.932627,0.753012,0.316336,17532
2023-02-05 09:00:00,5151,55622,25170.6,3293.08,0.973465,0.718621,0.293806,17532
2023-02-05 10:00:00,4881,43843.1,22091.6,2991.17,0.981663,0.708104,0.278405,17532
2023-02-05 11:00:00,4665,42963.8,21378.5,2836.33,1.00072,0.686257,0.266085,17532
2023-02-05 12:00:00,4530,48205.6,22355.4,2788.08,0.984129,0.705921,0.258385,17532
2023-02-05 13:00:00,4630,59718.1,23216.8,2843.67,0.961914,0.74174,0.264089,17532
2023-02-05 14:00:00,4486,43835.7,20139.2,2671.75,0.97959,0.712849,0.255875,17532
2023-02-05 15:00:00,4422,42754.3,20078.9,2621.92,1.00072,0.68748,0.252225,17532
2023-02-05 16:00:00,4405,42699.3,20621.2,2649.75,1.00105,0.686825,0.251255,17532
2023-02-05 17:00:00,4469,45436.4,21306,2743.92,0.987589,0.713335,0.254905,17532
2023-02-05 18:00:00,4597,48309.6,22642.4,2883.83,0.987261,0.701221,0.262206,17532
2023-02-05 19:00:00,4712,47854.1,23916,3033.08,0.99086,0.680924,0.268766,17532
2023-02-05 20:00:00,4840,48806.2,24166.1,3169.08,0.975374,0.690841,0.276067,17532
2023-02-05 21:00:00,4945,51302.3,24658.4,3308.58,0.964495,0.686644,0.282056,17532
2023-02-05 22:00:00,5125,52919.4,25649.3,3457.42,0.961914,0.685955,0.292323,17532
2023-02-05 23:00:00,5255,55816.5,26739.1,3579.08,0.948092,0.699776,0.299738,17532
2023-02-06 00:00:00,5410,81710.1,28758.5,3554.67,0.929445,0.735269,0.308579,17532
2023-02-06 01:00:00,5662,95584.4,31770.4,3933.58,0.90509,0.761452,0.322952,17532
2023-02-06 02:00:00,5633,89481.5,32098.3,3903.5,0.90509,0.761452,0.321298,17532
2023-02-06 03:00:00,5620,89775.9,32979.2,3902.5,0.90509,0.761452,0.320557,17532
2023-02-06 04:00:00,5618,86658,32824.2,3884.08,0.90509,0.761452,0.320443,17532
2023-02-06 05:00:00,5594,88418.7,33141.7,3889.33,0.90509,0.761452,0.319074,17532
2023-02-06 06:00:00,5660,95529.4,32892.7,3893.17,0.90509,0.761452,0.322838,17532
2023-02-06 07:00:00,5447,86713.8,27546.5,3327.17,0.920175,0.757292,0.310689,17532
2023-02-06 08:00:00,4562,59341.5,21431.5,2617.25,0.929346,0.754347,0.26021,17532
2023-02-06 09:00:00,4253,46239.8,20300,2533,0.973825,0.7179,0.242585,17532
2023-02-06 10:00:00,4243,38232.1,18816.7,2440.25,0.986317,0.704166,0.242015,17532
2023-02-06 11:00:00,4167,34363.4,18166.2,2402.25,1.00055,0.677838,0.23768,17532
2023-02-06 12:00:00,4228,60200.7,22084.1,2597.5,0.972867,0.721062,0.241159,17532
2023-02-06 13:00:00,4348,60183.8,21742.3,2551.42,0.961914,0.74174,0.248004,17532
2023-02-06 14:00:00,4174,42115,17981.7,2328.17,0.979761,0.711558,0.238079,17532
2023-02-06 15:00:00,4069,39632.2,17983.5,2282.5,1.00072,0.68748,0.23209,17532
2023-02-06 16:00:00,4063,41262.5,18597.5,2291.92,1.00105,0.686825,0.231748,17532
2023-02-06 17:00:00,4112,45251.3,18672.4,2398.67,0.987589,0.712547,0.234543,17532
2023-02-06 18:00:00,4261,49363.8,20323.1,2612.08,0.987261,0.701221,0.243041,17532
2023-02-06 19:00:00,4568,49688.9,24173.4,3013.08,0.990358,0.680443,0.260552,17532
2023-02-06 20:00:00,4974,57151.1,25135.3,3333,0.975374,0.690841,0.28371,17532
2023-02-06 21:00:00,5127,53137.1,25729.4,3445.83,0.964673,0.68671,0.292437,17532
2023-02-06 22:00:00,5264,55155.6,27778.3,3614,0.961914,0.685955,0.300251,17532
2023-02-06 23:00:00,5395,58639.7,28785.8,3737.5,0.949377,0.698491,0.307723,17532
2023-02-07 00:00:00,5568,93168,33452.2,4045.58,0.906445,0.758111,0.317591,17532
2023-02-07 01:00:00,5756,92851,33588.2,4073.42,0.90509,0.761452,0.328314,17532
2023-02-07 02:00:00,5750,88769.6,32516.9,4036.92,0.90509,0.761452,0.327972,17532
2023-02-07 03:00:00,5716,89712.4,33199.3,4040.25,0.90509,0.761452,0.326032,17532
2023-02-07 04:00:00,5722,91360.7,33968.2,4057,0.905174,0.761623,0.326375,17532
2023-02-07 05:00:00,5748,97752.1,34654.5,4088.75,0.905174,0.761623,0.327858,17532
2023-02-07 06:00:00,5797,106836,35552.3,4100.5,0.905174,0.761623,0.330653,17532
2023-02-07 07:00:00,5625,97481.1,29257.7,3520.33,0.9211,0.757256,0.320842,17532
2023-02-07 08:00:00,4681,59310.8,21522,2688.42,0.931037,0.753393,0.266997,17532
2023-02-07 09:00:00,4198,44489.1,19718.8,2475.5,0.973197,0.719855,0.239448,17532
2023-02-07 10:00:00,4058,35334,18363.6,2283.92,0.983958,0.705356,0.231462,17532
2023-02-07 11:00:00,3976,35375,17761.3,2257.33,0.999661,0.686836,0.226785,17532
2023-02-07 12:00:00,3974,45923.9,20707.8,2330,0.978051,0.713669,0.226671,17532
2023-02-07 13:00:00,4138,58895.1,20808.6,2411.75,0.962179,0.741911,0.236026,17532
2023-02-07 14:00:00,3985,44104.7,17481,2235.67,0.988057,0.701474,0.227299,17532
2023-02-07 15:00:00,3886,43417.7,17233.4,2186.92,0.999661,0.688068,0.221652,17532
2023-02-07 16:00:00,3874,44909,18192.2,2174.5,0.999988,0.687413,0.220967,17532
2023-02-07 17:00:00,3906,47868,17625.1,2253.17,0.986201,0.702536,0.222793,17532
2023-02-07 18:00:00,4012,51036.6,19446.2,2424.25,0.986201,0.701809,0.228839,17532
2023-02-07 19:00:00,4300,56545.9,22345.6,2866.75,0.989989,0.68269,0.245266,17532
2023-02-07 20:00:00,4722,55086,24056.9,3164.83,0.975639,0.690831,0.269336,17532
2023-02-07 21:00:00,4933,54688.1,25203.2,3374.25,0.96402,0.686412,0.281371,17532
2023-02-07 22:00:00,5180,55121.5,26500.8,3569.67,0.962179,0.685944,0.29546,17532
2023-02-07 23:00:00,5327,58020.7,27988.9,3724.5,0.946532,0.701591,0.303844,17532
2023-02-08 00:00:00,5536,96411.5,34233.8,4046.92,0.931147,0.733568,0.315765,17532
2023-02-08 01:00:00,5806,101023,34474.8,4136.58,0.905174,0.761623,0.331166,17532
2023-02-08 02:00:00,5781,94550.2,33346,4096.17,0.905174,0.761623,0.32974,17532
2023-02-08 03:00:00,5747,92968.1,32991.3,4077.08,0.905174,0.761623,0.327801,17532
2023-02-08 04:00:00,5738,93388.3,33261.8,4071.08,0.905174,0.761623,0.327287,17532
2023-02-08 05:00:00,5734,96949.1,33814.2,4096.75,0.905174,0.761623,0.327059,17532
2023-02-08 06:00:00,5805,108706,34578.8,4133.58,0.905174,0.761623,0.331109,17532
2023-02-08 07:00:00,5665,98383.8,29415.9,3580.67,0.920545,0.757374,0.323123,17532
2023-02-08 08:00:00,4688,61766.9,22468.3,2752.58,0.935211,0.751893,0.267397,17532
2023-02-08 09:00:00,4247,45982.2,20628.3,2524.42,0.973864,0.718518,0.242243,17532
2023-02-08 10:00:00,4087,34928.8,18425.8,2350.75,0.982351,0.707282,0.233117,17532
2023-02-08 11:00:00,4008,34512.2,17445.6,2301.42,0.999491,0.675662,0.228611,17532
2023-02-08 12:00:00,4008,52413.6,19882.1,2429.25,0.976549,0.715624,0.228611,17532
2023-02-08 13:00:00,4167,55377.8,20240.9,2429.42,0.962179,0.741911,0.23768,17532
2023-02-08 14:00:00,3945,39401.1,16852.8,2196,0.980234,0.711522,0.225017,17532
2023-02-08 15:00:00,3864,37450.1,16206.2,2148.33,0.999661,0.688068,0.220397,17532
2023-02-08 16:00:00,3862,40157,17158.8,2165.92,0.999988,0.687413,0.220283,17532
2023-02-08 17:00:00,3910,42887.3,17813,2241.25,0.986201,0.701809,0.223021,17532
2023-02-08 18:00:00,4020,44344.2,18988.2,2433.25,0.986201,0.701809,0.229295,17532
2023-02-08 19:00:00,4330,47917.7,22939.3,2862.25,0.99057,0.681358,0.246977,17532
2023-02-08 20:00:00,4797,53653.8,24338.9,3229.58,0.975639,0.690831,0.273614,17532
2023-02-08 21:00:00,5024,53764.1,25084.6,3432.92,0.96279,0.686143,0.286562,17532
2023-02-08 22:00:00,5191,56087.5,26738.6,3610.17,0.962179,0.685944,0.296087,17532
2023-02-08 23:00:00,5357,58571.1,28471.7,3759.83,0.945994,0.702129,0.305556,17532
2023-02-09 00:00:00,5559,104031,34834.9,4123.08,0.929629,0.73426,0.317077,17532
2023-02-09 01:00:00,5857,107878,35820.8,4185.33,0.905174,0.761623,0.334075,17532
2023-02-09 02:00:00,5805,97846.8,34929.9,4138.33,0.905174,0.761623,0.331109,17532
2023-02-09 03:00:00,5784,96811.7,34696.1,4127.92,0.905174,0.761623,0.329911,17532
2023-02-09 04:00:00,5782,95975,34922.1,4122.08,0.905174,0.761623,0.329797,17532
2023-02-09 05:00:00,5761,100053,34436,4142.83,0.905174,0.761623,0.328599,17532
2023-02-09 06:00:00,5834,107347,35002.9,4107,0.905174,0.761623,0.332763,17532
2023-02-09 07:00:00,5691,104232,33914.3,4108.75,0.913818,0.764104,0.324606,17532
2023-02-09 08:00:00,4806,72204,26800.8,3281.33,0.918806,0.761731,0.274127,17532
2023-02-09 09:00:00,4096,46210.2,20564.7,2622.33,0.968182,0.730901,0.23363,17532
2023-02-09 10:00:00,3996,39068.1,19459.5,2485.75,0.979673,0.713641,0.227926,17532
2023-02-09 11:00:00,3945,39985.3,18715.8,2466.92,0.997362,0.686523,0.225017,17532
2023-02-09 12:00:00,3961,49342.4,22209.3,2532.92,0.979874,0.712764,0.22593,17532
2023-02-09 13:00:00,4091,61815.9,22357.6,2613.08,0.95988,0.747513,0.233345,17532
2023-02-09 14:00:00,3948,42022.8,18255.8,2360.83,0.977046,0.718838,0.225188,17532
2023-02-09 15:00:00,3806,39836.5,18025.3,2288.5,0.997362,0.69367,0.217089,17532
2023-02-09 16:00:00,3792,45780.1,19577,2297.17,0.99769,0.693015,0.21629,17532
2023-02-09 17:00:00,3892,49863.1,21023.4,2421.67,0.98423,0.719436,0.221994,17532
2023-02-09 18:00:00,4019,51882.2,22547.9,2606.92,0.983902,0.707411,0.229238,17532
2023-02-09 19:00:00,4280,50371,25472.8,3000.83,0.988897,0.687308,0.244125,17532
2023-02-09 20:00:00,4691,55959.8,25699.5,3363.08,0.973341,0.696433,0.267568,17532
2023-02-09 21:00:00,4971,57595.5,27122.3,3594.67,0.961692,0.692013,0.283539,17532
2023-02-09 22:00:00,5187,59953.9,28862.8,3816.75,0.95988,0.691546,0.295859,17532
2023-02-09 23:00:00,5383,60503.2,29937.5,3980.42,0.943695,0.707731,0.307039,17532
2023-02-10 00:00:00,5550,107391,36844.7,4367.75,0.907016,0.762676,0.316564,17532
2023-02-10 01:00:00,5913,111587,38091.2,4425,0.902875,0.767225,0.337269,17532
2023-02-10 02:00:00,5849,102167,36895,4367.42,0.902875,0.767225,0.333619,17532
2023-02-10 03:00:00,5791,97611.2,35722.1,4343.42,0.902875,0.767225,0.33031,17532
2023-02-10 04:00:00,5790,94096,35959.6,4319.67,0.902875,0.767225,0.330253,17532
2023-02-10 05:00:00,5775,99986.3,35874.9,4339.67,0.902875,0.767225,0.329398,17532
2023-02-10 06:00:00,5834,112203,36523,4358.58,0.902875,0.767225,0.332763,17532
2023-02-10 07:00:00,5663,104001,32061.9,3852.08,0.916,0.76418,0.323009,17532
2023-02-10 08:00:00,4758,65298.2,24365.6,3017.17,0.92604,0.759976,0.271389,17532
2023-02-10 09:00:00,4292,50197.1,23023.2,2757.75,0.970464,0.726339,0.244809,17532
2023-02-10 10:00:00,4108,42087.3,20948.3,2581.92,0.980757,0.712426,0.234314,17532
2023-02-10 11:00:00,4035,41677.7,19834.3,2555,0.996752,0.681892,0.230151,17532
2023-02-10 12:00:00,4042,52272.7,22564.9,2623.17,0.976954,0.715636,0.23055,17532
2023-02-10 13:00:00,4183,63243.7,22774,2680.75,0.95988,0.747518,0.238592,17532
2023-02-10 14:00:00,4013,41027.4,19410.6,2457,0.977096,0.718756,0.228896,17532
2023-02-10 15:00:00,3953,42149.5,19991.4,2416.83,0.997362,0.693675,0.225473,17532
2023-02-10 16:00:00,3929,43631.8,20470,2397.17,0.99769,0.693021,0.224104,17532
2023-02-10 17:00:00,3967,45666.5,20614.9,2458.42,0.983902,0.708705,0.226272,17532
2023-02-10 18:00:00,4071,45601.8,21512.2,2612.83,0.983902,0.707416,0.232204,17532
2023-02-10 19:00:00,4308,50713.6,24590.5,3005.17,0.988985,0.689236,0.245722,17532
2023-02-10 20:00:00,4675,54107.4,25806.9,3368.25,0.973341,0.696433,0.266655,17532
2023-02-10 21:00:00,4999,56759.8,27682.3,3622.83,0.963501,0.693859,0.285136,17532
2023-02-10 22:00:00,5212,56802.3,29503.9,3838.17,0.95988,0.691546,0.297285,17532
2023-02-10 23:00:00,5447,59345.4,30540.6,4018.5,0.942575,0.708851,0.310689,17532
2023-02-11 00:00:00,5672,108143,37562.6,4444.25,0.919671,0.749315,0.323523,17532
2023-02-11 01:00:00,6022,111119,38671.8,4528.75,0.902875,0.767225,0.343486,17532
2023-02-11 02:00:00,6011,104200,36764.4,4495.42,0.902875,0.767225,0.342859,17532
2023-02-11 03:00:00,5988,102360,37149.6,4483.33,0.902875,0.767225,0.341547,17532
2023-02-11 04:00:00,5976,99359.6,36857.9,4457.92,0.902875,0.767225,0.340862,17532
2023-02-11 05:00:00,5942,101949,37407.2,4472,0.902875,0.767225,0.338923,17532
2023-02-11 06:00:00,6003,113433,38089.5,4534.17,0.902875,0.767225,0.342402,17532
2023-02-11 07:00:00,6017,116125,36694.1,4411.67,0.91585,0.764134,0.343201,17532
2023-02-11 08:00:00,5667,78912.8,30812.3,3873.83,0.921247,0.76234,0.323238,17532
2023-02-11 09:00:00,5079,55051.3,26979.3,3436.33,0.970748,0.725783,0.289699,17532
2023-02-11 10:00:00,4716,44409.2,23988.2,3055.17,0.982016,0.710691,0.268994,17532
2023-02-11 11:00:00,4479,43530.2,22567,2897,0.997362,0.693149,0.255476,17532
2023-02-11 12:00:00,4432,51034.9,24727.2,2954.83,0.978141,0.714779,0.252795,17532
2023-02-11 13:00:00,4628,65472.7,25411.6,3040.92,0.95988,0.747518,0.263974,17532
2023-02-11 14:00:00,4460,50310.5,22377.8,2797.75,0.977935,0.718091,0.254392,17532
2023-02-11 15:00:00,4282,48875.9,21564.2,2713.17,0.996922,0.693813,0.244239,17532
2023-02-11 16:00:00,4214,50322.5,22222,2701,0.997249,0.693158,0.24036,17532
2023-02-11 17:00:00,4293,54764.3,22422.7,2777.25,0.983789,0.71808,0.244867,17532
2023-02-11 18:00:00,4388,54475.8,23308.2,2906.17,0.983902,0.707416,0.250285,17532
2023-02-11 19:00:00,4520,49997.3,25028.6,3083.92,0.989153,0.686491,0.257814,17532
2023-02-11 20:00:00,4696,49798.3,26219,3267.17,0.973341,0.696433,0.267853,17532
2023-02-11 21:00:00,4842,49125.1,26489.4,3445.08,0.962781,0.692353,0.276181,17532
2023-02-11 22:00:00,5055,51696.5,27634,3653.92,0.95988,0.691546,0.28833,17532
2023-02-11 23:00:00,5249,55899.8,28857.3,3855.83,0.943157,0.70827,0.299395,17532
2023-02-12 00:00:00,5462,98653.8,33232.1,4234.92,0.932931,0.733994,0.311545,17532
2023-02-12 01:00:00,5822,105640,34962.4,4328.58,0.902875,0.767225,0.332078,17532
2023-02-12 02:00:00,5797,101681,36322.1,4325.33,0.902875,0.767225,0.330653,17532
2023-02-12 03:00:00,5813,99232.6,36792.6,4321.33,0.902875,0.767225,0.331565,17532
2023-02-12 04:00:00,5778,94996.8,36382.5,4292.08,0.902875,0.767225,0.329569,17532
2023-02-12 05:00:00,5777,99878.4,37044.6,4318.58,0.902875,0.767225,0.329512,17532
2023-02-12 06:00:00,5832,109017,37162.8,4359.25,0.902875,0.767225,0.332649,17532
2023-02-12 07:00:00,5822,112116,36164.4,4282.83,0.919589,0.762664,0.332078,17532
2023-02-12 08:00:00,5611,77834.1,31582.7,3894.83,0.928602,0.758835,0.320043,17532
2023-02-12 09:00:00,5154,55326.2,28216.1,3545.42,0.971431,0.7244,0.293977,17532
2023-02-12 10:00:00,4856,43100.7,24208.9,3191.08,0.981281,0.711365,0.276979,17532
2023-02-12 11:00:00,4622,42513.6,23450.7,3018.75,0.996866,0.685189,0.263632,17532
2023-02-12 12:00:00,4556,49593.4,25445.5,3021.17,0.97676,0.716308,0.259868,17532
2023-02-12 13:00:00,4630,61503.5,26248.7,3079.42,0.95988,0.747518,0.264089,17532
2023-02-12 14:00:00,4456,46664.7,22734.4,2859.5,0.994717,0.697056,0.254164,17532
2023-02-12 15:00:00,4313,43951.1,21488.7,2778,0.997362,0.693675,0.246007,17532
2023-02-12 16:00:00,4304,49733,22820.4,2812,0.99769,0.693021,0.245494,17532
2023-02-12 17:00:00,4389,52589.1,23495.7,2918.42,0.983902,0.717199,0.250342,17532
2023-02-12 18:00:00,4559,53186.4,23979.1,3096.33,0.983902,0.707416,0.260039,17532
2023-02-12 19:00:00,4754,56357.6,26466.2,3314.75,0.973923,0.696193,0.271161,17532
2023-02-12 20:00:00,4923,56972.9,26671.9,3464.83,0.973341,0.696433,0.280801,17532
2023-02-12 21:00:00,5022,55492.1,27374,3623.08,0.962783,0.692838,0.286448,17532
2023-02-12 22:00:00,5262,60025.6,28633.7,3820.25,0.95988,0.691546,0.300137,17532
2023-02-12 23:00:00,5419,67019,30658.6,3980.33,0.94475,0.706677,0.309092,17532
2023-02-13 00:00:00,5603,105502,36065.3,4289.08,0.932591,0.73237,0.319587,17532
2023-02-13 01:00:00,5856,110738,37490.5,4353.83,0.902875,0.767225,0.334018,17532
2023-02-13 02:00:00,5811,100664,36475.9,4294.67,0.902875,0.767225,0.331451,17532
2023-02-13 03:00:00,5775,96062.7,36450.3,4275.58,0.902875,0.767225,0.329398,17532
2023-02-13 04:00:00,5767,96224.7,36381.2,4269.75,0.902875,0.767225,0.328941,17532
2023-02-13 05:00:00,5766,100495,35818.6,4286.25,0.902875,0.767225,0.328884,17532
2023-02-13 06:00:00,5817,110189,36117.7,4275,0.902875,0.767225,0.331793,17532
2023-02-13 07:00:00,5614,100633,31678.4,3702.92,0.91906,0.762781,0.320214,17532
2023-02-13 08:00:00,4665,64295.1,24634.4,2914.33,0.921363,0.762315,0.266085,17532
2023-02-13 09:00:00,4285,48786.2,22285.6,2790.58,0.971603,0.724055,0.24441,17532
2023-02-13 10:00:00,4268,37644.5,20248.2,2691.33,0.979673,0.713646,0.243441,17532
2023-02-13 11:00:00,4258,38738.4,19716,2656.25,0.996752,0.681698,0.24287,17532
2023-02-13 12:00:00,4234,51602.5,23917.9,2726.67,0.97696,0.715624,0.241501,17532
2023-02-13 13:00:00,4350,62743.4,24321.4,2775.5,0.95988,0.747518,0.248118,17532
2023-02-13 14:00:00,4174,43913.4,20485.1,2554.83,0.97728,0.718211,0.238079,17532
2023-02-13 15:00:00,4069,44528.3,19797.1,2486.83,0.997249,0.693158,0.23209,17532
2023-02-13 16:00:00,4027,49029.5,20412,2484.5,0.997249,0.693158,0.229694,17532
2023-02-13 17:00:00,4094,51638.4,21336.1,2582.83,0.983902,0.708136,0.233516,17532
2023-02-13 18:00:00,4235,52607.5,21964,2762,0.983902,0.707416,0.241558,17532
2023-02-13 19:00:00,4516,50674.4,25783.7,3157.58,0.988331,0.689052,0.257586,17532
2023-02-13 20:00:00,4914,57150.4,26899.2,3494,0.973341,0.696433,0.280287,17532
2023-02-13 21:00:00,5130,58799.1,27896.7,3698.5,0.961722,0.692014,0.292608,17532
2023-02-13 22:00:00,5303,57226,29025,3865.33,0.95988,0.691546,0.302475,17532
2023-02-13 23:00:00,5448,63116.9,30646.3,4029.67,0.94663,0.704797,0.310746,17532
2023-02-14 00:00:00,5685,108429,37455.6,4397.17,0.932505,0.73544,0.324264,17532
2023-02-14 01:00:00,5937,106238,38359.1,4417.25,0.902875,0.767225,0.338638,17532
2023-02-14 02:00:00,5885,98933,37373.8,4365.92,0.902875,0.767225,0.335672,17532
2023-02-14 03:00:00,5808,95675.6,37003.4,4352.42,0.902875,0.767225,0.33128,17532
2023-02-14 04:00:00,5838,93866.8,36267.4,4316.83,0.902875,0.767225,0.332991,17532
2023-02-14 05:00:00,6141,93597.8,37455.9,4644.42,0.898163,0.768119,0.350274,17532
2023-02-14 06:00:00,6041,93936,36039.4,4398.42,0.897521,0.768498,0.34457,17532
2023-02-14 07:00:00,5781,97800.8,33322,4077.5,0.910223,0.765405,0.32974,17532
2023-02-14 08:00:00,4887,68467.2,26046.5,3178.5,0.928162,0.757777,0.278747,17532
2023-02-14 09:00:00,4453,49542.8,22666.2,2904.67,0.967355,0.72555,0.253993,17532
2023-02-14 10:00:00,4292,42867.5,21068.5,2753.58,0.982297,0.707956,0.244809,17532
2023-02-14 11:00:00,4225,43371.6,20179.7,2708.67,0.99387,0.681222,0.240988,17532
2023-02-14 12:00:00,4221,52552.1,24265.6,2699.67,0.973598,0.716578,0.24076,17532
2023-02-14 13:00:00,4173,64556.5,23135.2,2670.08,0.959522,0.747028,0.238022,17532
2023-02-14 14:00:00,4006,49984.5,20620.5,2486.33,0.993654,0.696746,0.228496,17532
2023-02-14 15:00:00,3918,47264.2,19231.6,2415.58,0.997331,0.692531,0.223477,17532
2023-02-14 16:00:00,3889,49540.5,19276.2,2409.25,0.997331,0.692531,0.221823,17532
2023-02-14 17:00:00,3922,53608.5,20110.4,2468.92,0.983544,0.709326,0.223705,17532
2023-02-14 18:00:00,3998,56272.3,21231.3,2594.5,0.983544,0.706926,0.22804,17532
2023-02-14 19:00:00,4240,51038.1,24429.9,2950.08,0.986102,0.689248,0.241843,17532
2023-02-14 20:00:00,4689,55980.2,25961.2,3354.5,0.972982,0.695943,0.267454,17532
2023-02-14 21:00:00,4969,56879.4,27363.8,3647.08,0.963064,0.69286,0.283425,17532
2023-02-14 22:00:00,5235,57228.4,28592.4,3848.5,0.959522,0.691056,0.298597,17532
2023-02-14 23:00:00,5377,63870.8,31861.1,4035.08,0.942501,0.708077,0.306696,17532
2023-02-15 00:00:00,5641,105713,37488,4394.67,0.932071,0.734369,0.321755,17532
2023-02-15 01:00:00,5934,115709,38392.4,4511.42,0.902517,0.766735,0.338467,17532
2023-02-15 02:00:00,5943,109576,37656.2,4472.75,0.902517,0.766735,0.33898,17532
2023-02-15 03:00:00,5872,99207.2,36806.8,4404.08,0.902517,0.766687,0.33493,17532
2023-02-15 04:00:00,5825,96407.3,36310.8,4379.25,0.902517,0.766687,0.33225,17532
2023-02-15 05:00:00,5813,102615,37002,4404.75,0.902517,0.766687,0.331565,17532
2023-02-15 06:00:00,5893,112299,37416.3,4415.67,0.902517,0.766687,0.336128,17532
2023-02-15 07:00:00,5707,106078,31878.4,3830.92,0.918176,0.762374,0.325519,17532
2023-02-15 08:00:00,4700,69241.2,24050.5,2919.17,0.930178,0.757399,0.268081,17532
2023-02-15 09:00:00,4160,50856.8,21369.4,2674.5,0.970831,0.724346,0.23728,17532
2023-02-15 10:00:00,4041,39620,19055.4,2496.08,0.980167,0.711679,0.230493,17532
2023-02-15 11:00:00,3993,42858.5,19100.8,2490.33,0.994976,0.682287,0.227755,17532
2023-02-15 12:00:00,4020,63882.7,22592.9,2639,0.970607,0.726059,0.229295,17532
2023-02-15 13:00:00,4167,69315.1,23347.2,2664.75,0.959522,0.74698,0.23768,17532
2023-02-15 14:00:00,4025,49751.2,20132.7,2456,0.984342,0.708022,0.22958,17532
2023-02-15 15:00:00,3914,46627.5,19619.8,2400.17,0.997004,0.693137,0.223249,17532
2023-02-15 16:00:00,3889,50093.2,19988.3,2389.83,0.997331,0.692482,0.221823,17532
2023-02-15 17:00:00,3936,55735.8,20688.2,2483.17,0.983544,0.70735,0.224504,17532
2023-02-15 18:00:00,4072,55294.4,21792.3,2673.58,0.983544,0.706877,0.232261,17532
2023-02-15 19:00:00,4368,53257.5,25567.6,3086.33,0.988278,0.686809,0.249144,17532
2023-02-15 20:00:00,4786,56343.3,26202,3478.58,0.972982,0.695894,0.272987,17532
2023-02-15 21:00:00,5061,59882.6,27763.6,3722.58,0.96126,0.691452,0.288672,17532
2023-02-15 22:00:00,5324,60546.6,29236,3936.58,0.959522,0.691008,0.303673,17532
2023-02-15 23:00:00,5511,61063,30693,4093.75,0.942476,0.708054,0.314339,17532
2023-02-16 00:00:00,5711,110630,38349.7,4484.33,0.905327,0.761728,0.325747,17532
2023-02-16 01:00:00,6022,105522,35944.8,4227.42,0.902517,0.766687,0.343486,17532
2023-02-16 02:00:00,5960,101640,37238.3,4494.08,0.902517,0.766687,0.33995,17532
2023-02-16 03:00:00,5901,98483.5,36456.1,4465.33,0.902517,0.766687,0.336585,17532
2023-02-16 04:00:00,5907,99892.6,36648.6,4469.92,0.902517,0.766687,0.336927,17532
2023-02-16 05:00:00,5919,103615,37309.6,4481.92,0.902517,0.766687,0.337611,17532
2023-02-16 06:00:00,5958,113510,38431.9,4498.67,0.902517,0.766687,0.339836,17532
2023-02-16 07:00:00,5805,108838,32856.6,3936.33,0.917911,0.76246,0.331109,17532
2023-02-16 08:00:00,4785,71462.8,24837.6,3005.17,0.922896,0.760702,0.272929,17532
2023-02-16 09:00:00,4253,50286.9,21626.8,2740.67,0.970924,0.724155,0.242585,17532
2023-02-16 10:00:00,4120,39947.6,19840.9,2555.5,0.982036,0.7106,0.234999,17532
2023-02-16 11:00:00,4006,39038.8,19479.5,2507,0.997004,0.692611,0.228496,17532
2023-02-16 12:00:00,4001,51777,22993,2594.83,0.977822,0.713949,0.228211,17532
2023-02-16 13:00:00,4189,67020.8,23196.1,2678.83,0.959522,0.74698,0.238935,17532
2023-02-16 14:00:00,3990,42128.9,18937.2,2384.92,0.976358,0.718955,0.227584,17532
2023-02-16 15:00:00,3872,41015.9,18808.8,2320,0.997004,0.693137,0.220853,17532
2023-02-16 16:00:00,3854,44381.3,19243.1,2333.5,0.997331,0.692482,0.219827,17532
2023-02-16 17:00:00,3915,46677.1,19308.7,2418.92,0.983544,0.706877,0.223306,17532
2023-02-16 18:00:00,4063,49807.7,20471.7,2628.5,0.983544,0.706877,0.231748,17532
2023-02-16 19:00:00,4332,53404.1,24817.9,3060.67,0.988813,0.685695,0.247091,17532
2023-02-16 20:00:00,4809,59357.7,26875.8,3484.33,0.972982,0.695894,0.274298,17532
2023-02-16 21:00:00,5076,60320,28330.5,3704,0.961532,0.691553,0.289528,17532
2023-02-16 22:00:00,5289,59789.5,29120.7,3912.17,0.959522,0.691008,0.301677,17532
2023-02-16 23:00:00,5456,65449.3,31090.5,4071.92,0.94397,0.70656,0.311202,17532
2023-02-17 00:00:00,5709,111595,37761.3,4446.42,0.906092,0.761786,0.325633,17532
2023-02-17 01:00:00,5977,113659,38560.3,4503.33,0.902517,0.766687,0.340919,17532
2023-02-17 02:00:00,5934,106628,37477.9,4462.75,0.902517,0.766687,0.338467,17532
2023-02-17 03:00:00,5885,99597.9,36164.7,4427.67,0.902517,0.766687,0.335672,17532
2023-02-17 04:00:00,5894,100564,36114,4429.17,0.902517,0.766687,0.336185,17532
2023-02-17 05:00:00,5891,105798,36820.9,4451.25,0.902517,0.766687,0.336014,17532
2023-02-17 06:00:00,5924,114498,37917.9,4458.17,0.902517,0.766687,0.337896,17532
2023-02-17 07:00:00,5708,106823,32242.6,3920.42,0.917891,0.762465,0.325576,17532
2023-02-17 08:00:00,4722,71086.8,24919.2,3058.83,0.938452,0.753345,0.269336,17532
2023-02-17 09:00:00,4346,52517.6,23431.9,2839.58,0.970817,0.724344,0.24789,17532
2023-02-17 10:00:00,4208,42953.4,20944.8,2642.75,0.980137,0.712249,0.240018,17532
2023-02-17 11:00:00,4102,44822.8,20052,2606.25,0.997004,0.692575,0.233972,17532
2023-02-17 12:00:00,4120,54969.2,23096.7,2706.58,0.976811,0.715869,0.234999,17532
2023-02-17 13:00:00,4303,69426.8,24505.8,2802.33,0.959522,0.746944,0.245437,17532
2023-02-17 14:00:00,4094,44001.5,20515.9,2531,0.976893,0.717936,0.233516,17532
2023-02-17 15:00:00,3995,41758.6,20244.2,2466.75,0.997004,0.6931,0.227869,17532
2023-02-17 16:00:00,3963,42895.6,20321.4,2462.75,0.997331,0.692446,0.226044,17532
2023-02-17 17:00:00,3947,47747.2,19937.7,2525.42,0.983544,0.707657,0.225131,17532
2023-02-17 18:00:00,4072,48005.5,20933.3,2705,0.983544,0.706841,0.232261,17532
2023-02-17 19:00:00,4362,52383.6,24657,3124,0.985313,0.6875,0.248802,17532
2023-02-17 20:00:00,4771,54500.9,26436,3488.5,0.972982,0.695894,0.272131,17532
2023-02-17 21:00:00,5037,55061.7,28013.4,3728.5,0.962311,0.693104,0.287303,17532
2023-02-17 22:00:00,5292,55635.8,29956.6,3973.67,0.959522,0.691008,0.301848,17532
2023-02-17 23:00:00,5491,62220.1,31803.6,4186.75,0.942968,0.707561,0.313199,17532
2023-02-18 00:00:00,5781,107927,37577.1,4607.17,0.926018,0.741004,0.32974,17532
2023-02-18 01:00:00,6115,113822,39800.2,4706.5,0.902517,0.766687,0.348791,17532
2023-02-18 02:00:00,6079,106041,38992.2,4664.67,0.902517,0.766687,0.346737,17532
2023-02-18 03:00:00,6058,104052,38840.4,4651.92,0.902517,0.766687,0.34554,17532
2023-02-18 04:00:00,6054,102888,39041.9,4634.33,0.902517,0.766687,0.345311,17532
2023-02-18 05:00:00,6045,107123,39349.2,4648,0.902517,0.766687,0.344798,17532
2023-02-18 06:00:00,6086,113018,39407.6,4666.67,0.902517,0.766687,0.347137,17532
2023-02-18 07:00:00,6071,116190,36438.6,4536.08,0.918292,0.762325,0.346281,17532
2023-02-18 08:00:00,5702,80281.6,30497.5,3948.67,0.928976,0.757873,0.325234,17532
2023-02-18 09:00:00,5056,57831.8,26778.1,3469.25,0.971141,0.723688,0.288387,17532
2023-02-18 10:00:00,4678,49953.2,23909.4,3160,0.995371,0.694733,0.266826,17532
2023-02-18 11:00:00,4459,47995,22388.1,3011.17,0.997004,0.690175,0.254335,17532
2023-02-18 12:00:00,4454,52005,23466.9,3014.92,0.977614,0.714471,0.25405,17532
2023-02-18 13:00:00,4528,64983.3,25151.7,3084.83,0.959522,0.746944,0.258271,17532
2023-02-18 14:00:00,4373,52017.7,23082.3,2875.33,0.976122,0.719463,0.24943,17532
2023-02-18 15:00:00,4271,49436,21855.8,2789.92,0.997004,0.6931,0.243612,17532
2023-02-18 16:00:00,4216,50448,21274.6,2776.58,0.997331,0.692446,0.240475,17532
2023-02-18 17:00:00,4261,56523.7,22614.8,2829.33,0.983871,0.707603,0.243041,17532
2023-02-18 18:00:00,4340,58823.6,24370.9,2960.08,0.983544,0.706841,0.247547,17532
2023-02-18 19:00:00,4483,56207.3,25299.5,3129.92,0.988287,0.687879,0.255704,17532
2023-02-18 20:00:00,4662,55577.6,25263.8,3348.92,0.972982,0.695894,0.265914,17532
2023-02-18 21:00:00,4913,55085.8,26617.2,3531.5,0.962112,0.692149,0.28023,17532
2023-02-18 22:00:00,5087,53951.2,28392.6,3749.5,0.959522,0.691008,0.290155,17532
2023-02-18 23:00:00,5334,61481.1,30023.1,3990.25,0.944033,0.706497,0.304244,17532
2023-02-19 00:00:00,5589.5,104666,34997,4393.25,0.905933,0.758689,0.318817,17532
2023-02-19 01:00:00,5897.5,113352,36860.4,4495.08,0.902517,0.766687,0.336385,17532
2023-02-19 02:00:00,5924.5,105989,37788.2,4462.08,0.902517,0.766687,0.337925,17532
2023-02-19 03:00:00,5836.5,95214,36329.9,4388.25,0.902517,0.766687,0.332906,17532
2023-02-19 04:00:00,5830,98837.2,36583.8,4396.42,0.902517,0.766687,0.332535,17532
2023-02-19 05:00:00,5816.5,99495.7,36828.7,4398.33,0.902517,0.766687,0.331765,17532
2023-02-19 06:00:00,5853,109387,37898.5,4437.92,0.902517,0.766687,0.333847,17532
2023-02-19 07:00:00,5851,113543,36065,4370.33,0.915072,0.763389,0.333733,17532
2023-02-19 08:00:00,5610,82119.4,30914.6,3973.42,0.930672,0.757771,0.319986,17532
2023-02-19 09:00:00,5192,59222.2,26987.1,3560.58,0.970142,0.72568,0.296144,17532
2023-02-19 10:00:00,4816,47694,24291.8,3249.25,0.983625,0.708852,0.274698,17532
2023-02-19 11:00:00,4649,47010.6,23598.2,3140.67,0.997004,0.692575,0.265172,17532
2023-02-19 12:00:00,4575,52114.7,24738.3,3125.58,0.976084,0.717323,0.260951,17532
2023-02-19 13:00:00,4613,57856.6,24729,3115.5,0.959522,0.746944,0.263119,17532
2023-02-19 14:00:00,4467,44390,22324.1,2915.75,0.976607,0.717766,0.254791,17532
2023-02-19 15:00:00,4322,42485.6,22017.6,2823,0.997331,0.692446,0.246521,17532
2023-02-19 16:00:00,4299,47680.2,22396,2871,0.997331,0.692446,0.245209,17532
2023-02-19 17:00:00,4403,51437.8,23106.1,2948.58,0.983871,0.718775,0.251141,17532
2023-02-19 18:00:00,4538,54993.6,24806.2,3129.33,0.983544,0.706841,0.258841,17532
2023-02-19 19:00:00,4716,51958.5,26806.7,3321.75,0.988412,0.686678,0.268994,17532
2023-02-19 20:00:00,4934,58421,27434.9,3558.25,0.972982,0.695894,0.281428,17532
2023-02-19 21:00:00,5107,58258.5,28136.7,3708.92,0.961593,0.691537,0.291296,17532
2023-02-19 22:00:00,5262,61057.3,29282.2,3889.17,0.959522,0.691008,0.300137,17532
2023-02-19 23:00:00,5444,67954.9,30685.6,4050.5,0.944392,0.706138,0.310518,17532
2023-02-20 00:00:00,5639,108461,36899.8,4371.67,0.941034,0.713064,0.32164,17532
2023-02-20 01:00:00,5881,108286,37507.9,4392.83,0.902517,0.766687,0.335444,17532
2023-02-20 02:00:00,5792,97794.2,36885.2,4324.58,0.902517,0.766687,0.330367,17532
2023-02-20 03:00:00,5754,91939.6,36452.5,4284.17,0.902517,0.766687,0.3282,17532
2023-02-20 04:00:00,5756,93935,36475.3,4283.25,0.902517,0.766687,0.328314,17532
2023-02-20 05:00:00,5739,99501.6,36611.4,4313.08,0.902517,0.766687,0.327344,17532
2023-02-20 06:00:00,5833,108812,37134.5,4317.33,0.902517,0.766687,0.332706,17532
2023-02-20 07:00:00,5618,95234.7,31564.1,3709.67,0.918702,0.762242,0.320443,17532
2023-02-20 08:00:00,4644,62093.2,23601.6,2940.83,0.929287,0.757671,0.264887,17532
2023-02-20 09:00:00,4255,49850,22376.3,2824,0.971245,0.723481,0.242699,17532
2023-02-20 10:00:00,4227,42199.7,20549.2,2728.08,0.978718,0.713358,0.241102,17532
2023-02-20 11:00:00,4197,43984.2,20783.4,2737.83,0.994939,0.682134,0.239391,17532
2023-02-20 12:00:00,4244,55656.4,24662.1,2832.67,0.975697,0.716857,0.242072,17532
2023-02-20 13:00:00,4388,71047,24533.4,2903.33,0.959522,0.746944,0.250285,17532
2023-02-20 14:00:00,4197,46966.9,20659.3,2638,0.978555,0.715121,0.239391,17532
2023-02-20 15:00:00,4086,44353.5,19663.5,2559,0.997331,0.692446,0.23306,17532
2023-02-20 16:00:00,4040,45156.8,19923.4,2536.58,0.997331,0.692446,0.230436,17532
2023-02-20 17:00:00,4063,50414.6,21435.6,2596.67,0.983544,0.707023,0.231748,17532
2023-02-20 18:00:00,4141,53695.7,22409.3,2791.58,0.983544,0.706841,0.236197,17532
2023-02-20 19:00:00,4499,59016.2,26318.8,3266.75,0.987083,0.692987,0.256616,17532
2023-02-20 20:00:00,4930,58080.4,27121.9,3558.83,0.972982,0.695894,0.2812,17532
2023-02-20 21:00:00,5124,59532.8,28614.6,3756.33,0.962218,0.691737,0.292266,17532
2023-02-20 22:00:00,5291,59584.6,29261.8,3904,0.959522,0.691008,0.301791,17532
2023-02-20 23:00:00,5432,65397.6,30795.1,4066,0.94511,0.70542,0.309833,17532
2023-02-21 00:00:00,5654,109305,37666,4422.83,0.903776,0.764799,0.322496,17532
2023-02-21 01:00:00,5938,110144,38405.8,4433,0.902517,0.766687,0.338695,17532
2023-02-21 02:00:00,5148,95008,37614.8,4682.5,0.897173,0.766886,0.293635,17532
2023-02-21 03:00:00,6061,92361.6,37327.4,4689.42,0.897836,0.767835,0.345711,17532
2023-02-21 04:00:00,5800,86540.4,34636,4360.75,0.897876,0.76782,0.330824,17532
2023-02-21 05:00:00,5816,79706.7,32536.9,4119.58,0.897732,0.767824,0.331736,17532
2023-02-21 06:00:00,5834,103995,38292.6,4611.67,0.895868,0.767847,0.332763,17532
2023-02-21 07:00:00,5784,90919.5,32229.1,3967.75,0.913316,0.764054,0.329911,17532
2023-02-21 08:00:00,5025,62051.2,24365.8,3014.92,0.925047,0.759578,0.286619,17532
2023-02-21 09:00:00,4505,46168,21485.6,2759,0.967436,0.725294,0.256959,17532
2023-02-21 10:00:00,4404,38035.8,20317.6,2603.67,0.977511,0.712715,0.251198,17532
2023-02-21 11:00:00,4313,37539.1,19053.8,2561.83,0.992932,0.682971,0.246007,17532
2023-02-21 12:00:00,4291,52666.5,21961.4,2642.42,0.971551,0.718888,0.244752,17532
2023-02-21 13:00:00,4487,64273.3,23264.4,2702.92,0.95606,0.748064,0.255932,17532
2023-02-21 14:00:00,4298,42549.3,18932.8,2453.5,0.973288,0.720183,0.245152,17532
2023-02-21 15:00:00,4192,41423.2,18529.9,2381.33,0.993542,0.694221,0.239106,17532
2023-02-21 16:00:00,4167,43762.5,19077.8,2380.08,0.99387,0.693567,0.23768,17532
2023-02-21 17:00:00,4211,48654.2,19097.7,2453.33,0.980082,0.715314,0.240189,17532
2023-02-21 18:00:00,4335,48345.3,20520,2599.17,0.980082,0.707962,0.247262,17532
2023-02-21 19:00:00,4968,50733.5,24399.9,3014.58,0.985202,0.689844,0.283368,17532
2023-02-21 20:00:00,5180,57198.5,26508,3437.17,0.96952,0.697015,0.29546,17532
2023-02-21 21:00:00,5334,58296.5,27880.7,3696.08,0.958054,0.692637,0.304244,17532
2023-02-21 22:00:00,5547,59635.5,29101.9,3884.08,0.95606,0.692129,0.316393,17532
2023-02-21 23:00:00,5728,65844.1,30458.7,4058.5,0.940409,0.707779,0.326717,17532
2023-02-22 00:00:00,5936,110345,37628.3,4430.25,0.901117,0.762582,0.338581,17532
2023-02-22 01:00:00,6195,112605,38020.7,4467.92,0.899055,0.767808,0.353354,17532
2023-02-22 02:00:00,6155,101974,36298.2,4406.25,0.899055,0.767808,0.351072,17532
2023-02-22 03:00:00,6082,98413.9,36287.6,4378,0.899055,0.767808,0.346909,17532
2023-02-22 04:00:00,6116,97393.8,36590.9,4372.67,0.899055,0.767808,0.348848,17532
2023-02-22 05:00:00,6101,102034,37148.8,4387.33,0.899055,0.767808,0.347992,17532
2023-02-22 06:00:00,6143,110591,37046.3,4382.92,0.899055,0.767808,0.350388,17532
2023-02-22 07:00:00,5945,102270,31780.9,3831.83,0.9149,0.763436,0.339094,17532
2023-02-22 08:00:00,4961,66791.2,24940.9,3010.67,0.928249,0.758023,0.282968,17532
2023-02-22 09:00:00,4568,49199.2,21923.4,2776.75,0.967783,0.724601,0.260552,17532
2023-02-22 10:00:00,4398,36861.4,19629.7,2561,0.974448,0.715779,0.250856,17532
2023-02-22 11:00:00,4319,37888.9,19342.2,2534.58,0.991514,0.68328,0.24635,17532
2023-02-22 12:00:00,4382,57604,23133.2,2664.5,0.969204,0.724041,0.249943,17532
2023-02-22 13:00:00,4510,68554.1,23967.7,2718.83,0.95606,0.748064,0.257244,17532
2023-02-22 14:00:00,4369,50238.8,20638,2524.75,0.976119,0.716523,0.249201,17532
2023-02-22 15:00:00,4260,48913.5,19624.6,2455.58,0.993542,0.694221,0.242984,17532
2023-02-22 16:00:00,4232,47302.5,19906.4,2457.58,0.99387,0.693567,0.241387,17532
2023-02-22 17:00:00,4320,50874.3,20721,2533,0.980082,0.718781,0.246407,17532
2023-02-22 18:00:00,4393,53020.5,21329.9,2716.92,0.980082,0.707962,0.25057,17532
2023-02-22 19:00:00,4645,56487.9,24969.5,3148.75,0.972158,0.697068,0.264944,17532
2023-02-22 20:00:00,5075,58285.5,26361.6,3474.17,0.96952,0.697015,0.289471,17532
2023-02-22 21:00:00,5316,56993.4,27896.7,3721,0.956759,0.692353,0.303217,17532
2023-02-22 22:00:00,5596,60288.9,29378.5,3935.67,0.95606,0.692129,0.319188,17532
2023-02-22 23:00:00,5776,64898.7,30902.1,4107.42,0.937688,0.7105,0.329455,17532
2023-02-23 00:00:00,5995,106949,36438.7,4459.08,0.900731,0.766132,0.341946,17532
2023-02-23 01:00:00,6273,113860,37912.1,4542.67,0.899055,0.767808,0.357803,17532
2023-02-23 02:00:00,6262,108280,37401.1,4506.33,0.899055,0.767808,0.357175,17532
2023-02-23 03:00:00,6201,100945,36457.1,4451.33,0.899055,0.767808,0.353696,17532
2023-02-23 04:00:00,6148,98737.5,36586.4,4439.58,0.899055,0.767808,0.350673,17532
2023-02-23 05:00:00,6158,103631,36980.8,4462.92,0.899055,0.767808,0.351243,17532
2023-02-23 06:00:00,6223,114434,37886.6,4473.67,0.899055,0.767808,0.354951,17532
2023-02-23 07:00:00,5985,106700,31773.2,3920.83,0.91524,0.763363,0.341376,17532
2023-02-23 08:00:00,5128,65837.6,24231.9,3065.67,0.917427,0.762922,0.292494,17532
2023-02-23 09:00:00,4593,48376.9,22836.2,2830.08,0.965589,0.728953,0.261978,17532
2023-02-23 10:00:00,4503,39336.3,20973.2,2663.75,0.97903,0.710342,0.256845,17532
2023-02-23 11:00:00,4427,40968.9,20495.7,2607.5,0.993429,0.681238,0.25251,17532
2023-02-23 12:00:00,4402,60745,22565.1,2744.33,0.956545,0.747058,0.251084,17532
2023-02-23 13:00:00,4521,65322.9,23447.6,2738.42,0.95606,0.748028,0.257871,17532
2023-02-23 14:00:00,4382,53944.6,20358.3,2545,0.988902,0.700681,0.249943,17532
2023-02-23 15:00:00,4275,52132.6,20023.8,2503.42,0.99387,0.69353,0.24384,17532
2023-02-23 16:00:00,4280,54711.1,20210.1,2517.5,0.99387,0.69353,0.244125,17532
2023-02-23 17:00:00,4297,60009.8,21323.9,2604.5,0.980409,0.716681,0.245095,17532
2023-02-23 18:00:00,4420,59847.2,22789.6,2769.83,0.980082,0.707925,0.25211,17532
2023-02-23 19:00:00,4630,53214.5,24968.2,3100.25,0.983051,0.688508,0.264089,17532
2023-02-23 20:00:00,5097,56402.7,26538.8,3492.75,0.96952,0.697015,0.290726,17532
2023-02-23 21:00:00,5331,58838.1,28324.9,3739.25,0.957889,0.692596,0.304073,17532
2023-02-23 22:00:00,5512,55815.6,29611.7,3909.33,0.95606,0.692129,0.314397,17532
2023-02-23 23:00:00,5715,63395.7,31370.6,4096.42,0.937887,0.710302,0.325975,17532
2023-02-24 00:00:00,5951,108088,37392.2,4467.92,0.90186,0.763246,0.339436,17532
2023-02-24 01:00:00,6235,110512,38762.1,4524.83,0.899055,0.767808,0.355635,17532
2023-02-24 02:00:00,6206,103442,37778,4484.67,0.899055,0.767808,0.353981,17532
2023-02-24 03:00:00,6130,98274.2,37570,4445.67,0.899055,0.767808,0.349646,17532
2023-02-24 04:00:00,6157,99371.7,37755.6,4447,0.899055,0.767808,0.351186,17532
2023-02-24 05:00:00,6164,103990,37828.8,4463.58,0.899055,0.767808,0.351586,17532
2023-02-24 06:00:00,6203,114701,38624.9,4482,0.899055,0.767808,0.35381,17532
2023-02-24 07:00:00,6017,107095,32901.2,3919.83,0.914338,0.763544,0.343201,17532
2023-02-24 08:00:00,5028,66681.3,24839.3,3082.83,0.927702,0.75829,0.28679,17532
2023-02-24 09:00:00,4647,49419.2,23094.2,2868.25,0.966517,0.726008,0.265058,17532
2023-02-24 10:00:00,4451,44557.2,21289.8,2720.67,0.990517,0.697519,0.253879,17532
2023-02-24 11:00:00,4368,40432.9,19792.5,2644.25,0.99136,0.685246,0.249144,17532
2023-02-24 12:00:00,4349,54002.7,23065.8,2726,0.973471,0.71562,0.248061,17532
2023-02-24 13:00:00,4488,63231.1,23640.2,2749,0.955454,0.748149,0.255989,17532
2023-02-24 14:00:00,4367,50334.5,20438.3,2599.08,0.988768,0.699269,0.249087,17532
2023-02-24 15:00:00,4252,49471.3,20946.6,2546.5,0.992451,0.695276,0.242528,17532
2023-02-24 16:00:00,4267,52138.9,21974,2563.5,0.992779,0.694621,0.243384,17532
2023-02-24 17:00:00,4330,55566.9,21670.8,2650.75,0.979476,0.708622,0.246977,17532
2023-02-24 18:00:00,4448,58784.9,22297.6,2806,0.979476,0.708047,0.253707,17532
2023-02-24 19:00:00,4623,58043,24378.6,3133.08,0.984061,0.688757,0.263689,17532
2023-02-24 20:00:00,4984,53276,25537.5,3382.08,0.968429,0.698106,0.28428,17532
2023-02-24 21:00:00,5183,53252.9,26843.9,3602.75,0.956527,0.69366,0.295631,17532
2023-02-24 22:00:00,5450,53521.4,28412.3,3858.83,0.955454,0.693341,0.31086,17532
2023-02-24 23:00:00,5695,58982.1,30501.2,4105.83,0.941142,0.707652,0.324835,17532
2023-02-25 00:00:00,5989,104369,37419,4515.67,0.928515,0.735305,0.341604,17532
2023-02-25 01:00:00,6323,114932,38904.8,4631.33,0.899055,0.767808,0.360655,17532
2023-02-25 02:00:00,6310,106877,38580.7,4607.58,0.899055,0.767808,0.359913,17532
2023-02-25 03:00:00,6256,99651.8,37129.1,4558.42,0.899055,0.767808,0.356833,17532
2023-02-25 04:00:00,6257,102561,37983.1,4576.25,0.899055,0.767808,0.35689,17532
2023-02-25 05:00:00,6265,105080,38034.8,4581.75,0.899055,0.767808,0.357347,17532
2023-02-25 06:00:00,6250,110941,38831.5,4590.25,0.899055,0.767808,0.356491,17532
2023-02-25 07:00:00,6254,112469,35930.3,4444.67,0.912985,0.7642,0.356719,17532
2023-02-25 08:00:00,5934,77781,30197.6,3857.92,0.916821,0.763043,0.338467,17532
2023-02-25 09:00:00,5256,55763.1,25447.2,3377.75,0.965564,0.726766,0.299795,17532
2023-02-25 10:00:00,4911,46743.8,23213.1,3086.08,0.97716,0.711249,0.280116,17532
2023-02-25 11:00:00,4751,46875,22427.2,2945.58,0.991597,0.69495,0.27099,17532
2023-02-25 12:00:00,4656,54161.2,25131.6,3003.67,0.972616,0.716184,0.265572,17532
2023-02-25 13:00:00,4854,67954.9,25328.8,3085.75,0.954599,0.748713,0.276865,17532
2023-02-25 14:00:00,4664,54947.2,23762.9,2886,0.989716,0.69896,0.266028,17532
2023-02-25 15:00:00,4581,53713,22079.2,2823.42,0.991924,0.695185,0.261294,17532
2023-02-25 16:00:00,4502,54660.4,22121.6,2802.25,0.991924,0.695185,0.256788,17532
2023-02-25 17:00:00,4593,59195.3,22660.8,2871.33,0.978949,0.720726,0.261978,17532
2023-02-25 18:00:00,4635,59905.5,23476.4,2980.25,0.978621,0.70861,0.264374,17532
2023-02-25 19:00:00,4806,56507.3,24638,3165.92,0.978621,0.707228,0.274127,17532
2023-02-25 20:00:00,4985,51379.6,25407.2,3353.5,0.967575,0.698961,0.284337,17532
2023-02-25 21:00:00,5201,53785.5,26845.6,3610.5,0.95661,0.69474,0.296658,17532
2023-02-25 22:00:00,5451,54488.9,28207.1,3833.5,0.954599,0.694195,0.310917,17532
2023-02-25 23:00:00,5659,59682.8,30264.3,4024.5,0.940587,0.708208,0.322781,17532
2023-02-26 00:00:00,5862,103629,36164.9,4403.42,0.90483,0.7615,0.33436,17532
2023-02-26 01:00:00,6200,109046,37751.9,4486.75,0.899055,0.767808,0.353639,17532
2023-02-26 02:00:00,6199,102104,36736.2,4450.83,0.899055,0.767808,0.353582,17532
2023-02-26 03:00:00,6125,96880.1,35430.2,4417.58,0.899055,0.767808,0.349361,17532
2023-02-26 04:00:00,6133,95880.9,34369.4,4411.92,0.899055,0.767808,0.349817,17532
2023-02-26 05:00:00,6117,96678.9,34964.6,4400.08,0.899055,0.767808,0.348905,17532
2023-02-26 06:00:00,6147,108422,37603.4,4454.08,0.899055,0.767808,0.350616,17532
2023-02-26 07:00:00,6161,112782,35706.1,4399.5,0.913308,0.764144,0.351415,17532
2023-02-26 08:00:00,6006,84545.6,31631.7,4019.92,0.924068,0.759888,0.342574,17532
2023-02-26 09:00:00,5458,57548.8,27445.2,3609.58,0.965595,0.726704,0.311316,17532
2023-02-26 10:00:00,5172,47991,24354.4,3295.58,0.972974,0.716259,0.295003,17532
2023-02-26 11:00:00,4944,46247.9,22919.8,3130.08,0.990179,0.696732,0.281999,17532
2023-02-26 12:00:00,4880,46524.7,24647.2,3088.5,0.973518,0.716125,0.278348,17532
2023-02-26 13:00:00,4921,57483.4,24941.2,3128.67,0.954599,0.748713,0.280687,17532
2023-02-26 14:00:00,4773,45931.8,22415.8,2957,0.973096,0.718658,0.272245,17532
2023-02-26 15:00:00,4706,45099.8,22500.4,2885.08,0.991597,0.695839,0.268423,17532
2023-02-26 16:00:00,4638,50175.2,23637.8,2915.92,0.991924,0.695185,0.264545,17532
2023-02-26 17:00:00,4727,55213.9,23861.8,3045.58,0.978949,0.720755,0.269621,17532
2023-02-26 18:00:00,4902,54870.2,24342.8,3223.83,0.978621,0.70861,0.279603,17532
2023-02-26 19:00:00,5120,54474.9,26760.7,3396.5,0.982038,0.690969,0.292037,17532
2023-02-26 20:00:00,5280,62131.8,27545.3,3654.33,0.967575,0.698961,0.301164,17532
2023-02-26 21:00:00,5464,59799.3,28250.2,3788.5,0.956549,0.694694,0.311659,17532
2023-02-26 22:00:00,5616,61860.6,29314.4,3957.92,0.954599,0.694195,0.320329,17532
2023-02-26 23:00:00,5734,64386.5,30144.7,4069.17,0.941141,0.707654,0.327059,17532
2023-02-27 00:00:00,5925,103858,35011.6,4390.75,0.920673,0.743149,0.337953,17532
2023-02-27 01:00:00,6181,107220,35514.9,4436.17,0.899055,0.767808,0.352555,17532
2023-02-27 02:00:00,6153,102214,35449.4,4404.92,0.899055,0.767808,0.350958,17532
2023-02-27 03:00:00,6091,94035.9,34691.1,4340.5,0.899055,0.767808,0.347422,17532
2023-02-27 04:00:00,6047,91823,34550.7,4328.67,0.899055,0.767808,0.344912,17532
2023-02-27 05:00:00,6052,98025.6,35464.5,4346.25,0.899055,0.767808,0.345197,17532
2023-02-27 06:00:00,6116,107860,36796.6,4337.25,0.899055,0.767808,0.348848,17532
2023-02-27 07:00:00,5879,99257.3,30736.4,3744.08,0.913501,0.764097,0.33533,17532
2023-02-27 08:00:00,4979,66325.8,23813.3,2995.83,0.916821,0.763043,0.283995,17532
2023-02-27 09:00:00,4608,51669.8,22517.2,2830.92,0.965292,0.72731,0.262834,17532
2023-02-27 10:00:00,4483.5,39285.2,20124.6,2710.92,0.973616,0.716295,0.255732,17532
2023-02-27 11:00:00,4489.5,43413.2,20404.6,2703.33,0.990987,0.684844,0.256075,17532
2023-02-27 12:00:00,4518.5,59095.3,24518.1,2820.08,0.971843,0.716769,0.257729,17532
2023-02-27 13:00:00,4734.5,68689.8,24334,2873.42,0.954599,0.748713,0.270049,17532
2023-02-27 14:00:00,4481,47292.6,20540.6,2645.08,0.971742,0.720157,0.25559,17532
2023-02-27 15:00:00,4439,45876.8,20799.2,2582.83,0.991597,0.695839,0.253194,17532
2023-02-27 16:00:00,4368,46386.2,20614.8,2562.75,0.991924,0.695185,0.249144,17532
2023-02-27 17:00:00,4428,52620.8,20017.1,2631.67,0.978621,0.713914,0.252567,17532
2023-02-27 18:00:00,4509,54361.5,21812.8,2834.83,0.978621,0.70861,0.257187,17532
2023-02-27 19:00:00,4851,51304.1,26699.9,3257.17,0.981927,0.691949,0.276694,17532
2023-02-27 20:00:00,5231,58352.2,27198.5,3601.08,0.967575,0.698961,0.298369,17532
2023-02-27 21:00:00,5442,57899.6,28379.5,3791.42,0.956337,0.69464,0.310404,17532
2023-02-27 22:00:00,5654,58886.5,29979.5,3987.25,0.954599,0.694195,0.322496,17532
2023-02-27 23:00:00,5801,62910.6,31358.1,4125.42,0.937954,0.710841,0.330881,17532
2023-02-28 00:00:00,5964,104953,37196.2,4451.25,0.925117,0.739325,0.340178,17532
2023-02-28 01:00:00,6249,106513,37207.3,4486.58,0.899055,0.767808,0.356434,17532
2023-02-28 02:00:00,6167,96756.7,34897.6,4432.75,0.899055,0.767808,0.351757,17532
2023-02-28 03:00:00,6124,90605.3,34980.7,4398.58,0.899055,0.767808,0.349304,17532
2023-02-28 04:00:00,6124,91410,34978.6,4404.75,0.899055,0.767808,0.349304,17532
2023-02-28 05:00:00,6133,100793,36207.9,4443,0.899055,0.767808,0.349817,17532
2023-02-28 06:00:00,6197,110976,37876.8,4454.58,0.899055,0.767808,0.353468,17532
2023-02-28 07:00:00,6035,96253.1,31826.9,3856.08,0.91357,0.763718,0.344228,17532
2023-02-28 08:00:00,5127,65763.8,24164.8,2994.33,0.92138,0.760833,0.292437,17532
2023-02-28 09:00:00,4560,50067.5,21379,2763,0.963549,0.727887,0.260096,17532
2023-02-28 10:00:00,4393,40456.1,19373.5,2579.58,0.969027,0.719716,0.25057,17532
2023-02-28 11:00:00,4314,41950,19122.4,2552.42,0.986276,0.697822,0.246064,17532
2023-02-28 12:00:00,4352,54913.2,22938,2660.25,0.970525,0.717911,0.248232,17532
2023-02-28 13:00:00,4516,62581,23084,2707.42,0.952659,0.749679,0.257586,17532
2023-02-28 14:00:00,4375,46882.1,19773.6,2472.75,0.96819,0.722813,0.249544,17532
2023-02-28 15:00:00,4266,45566.6,19728.8,2431.25,0.988135,0.698327,0.243326,17532
2023-02-28 16:00:00,4262,46273,19425.3,2429.83,0.988462,0.697673,0.243098,17532
2023-02-28 17:00:00,4270,47015.8,19520,2482.25,0.975487,0.72291,0.243555,17532
2023-02-28 18:00:00,4400,49152.7,20704.1,2691.75,0.975159,0.711127,0.25097,17532
2023-02-28 19:00:00,4696,51759.2,24354.7,3147.42,0.980034,0.692187,0.267853,17532
2023-02-28 20:00:00,5138,62159.1,26562.4,3527.58,0.965634,0.700901,0.293064,17532
2023-02-28 21:00:00,5366,61099,27997.9,3730.83,0.953391,0.696337,0.306069,17532
2023-02-28 22:00:00,5604,62476.4,29658.1,3968.33,0.952659,0.696136,0.319644,17532
2023-02-28 23:00:00,5797,67693.5,30499.4,4140.92,0.936782,0.712013,0.330653,17532
