target,horizon,fold,family,hour_of_day,n,mae,mase
occupancy,1,0,last_observation,0,3850,2.54416,0.551492
occupancy,1,0,last_observation,1,3850,2.57338,0.536903
occupancy,1,0,last_observation,2,3850,0.988052,0.207743
occupancy,1,0,last_observation,3,3850,0.786104,0.166133
occupancy,1,0,last_observation,4,3850,0.694675,0.135402
occupancy,1,0,last_observation,5,3850,0.750779,0.146031
occupancy,1,0,last_observation,6,3850,0.896364,0.172571
occupancy,1,0,last_observation,7,3850,1.5787,0.321722
occupancy,1,0,last_observation,8,3850,3.96974,0.834911
occupancy,1,0,last_observation,9,3850,3.68143,0.862425
occupancy,1,0,last_observation,10,3850,2.11403,0.51525
occupancy,1,0,last_observation,11,3850,1.47753,0.362858
occupancy,1,0,last_observation,12,3850,1.48662,0.384685
occupancy,1,0,last_observation,13,3850,1.90494,0.446607
occupancy,1,0,last_observation,14,3850,1.71234,0.410426
occupancy,1,0,last_observation,15,3850,1.46234,0.350097
occupancy,1,0,last_observation,16,3850,1.50584,0.365836
occupancy,1,0,last_observation,17,3850,1.54364,0.379811
occupancy,1,0,last_observation,18,3850,1.99429,0.492824
occupancy,1,0,last_observation,19,3850,2.98013,0.678792
occupancy,1,0,last_observation,20,3850,2.80792,0.623577
occupancy,1,0,last_observation,21,3850,2.03364,0.476854
occupancy,1,0,last_observation,22,3850,1.82208,0.439098
occupancy,1,0,last_observation,23,3850,1.50351,0.363107
occupancy,1,0,seasonal_naive_daily,0,3850,4.78104,1.23294
occupancy,1,0,seasonal_naive_daily,1,3850,3.08312,0.898911
occupancy,1,0,seasonal_naive_daily,2,3850,3.00286,0.878809
occupancy,1,0,seasonal_naive_daily,3,3850,3.04026,0.878738
occupancy,1,0,seasonal_naive_daily,4,3850,3.09065,0.881711
occupancy,1,0,seasonal_naive_daily,5,3850,3.16234,0.891492
occupancy,1,0,seasonal_naive_daily,6,3850,3.17039,0.900896
occupancy,1,0,seasonal_naive_daily,7,3850,3.15896,0.88757
occupancy,1,0,seasonal_naive_daily,8,3850,3.75117,0.978392
occupancy,1,0,seasonal_naive_daily,9,3850,4.1174,1.0617
occupancy,1,0,seasonal_naive_daily,10,3850,4.1174,1.07485
occupancy,1,0,seasonal_naive_daily,11,3850,4.10935,1.08014
occupancy,1,0,seasonal_naive_daily,12,3850,3.95532,1.04788
occupancy,1,0,seasonal_naive_daily,13,3850,3.86857,1.03204
occupancy,1,0,seasonal_naive_daily,14,3850,3.79688,1.01879
occupancy,1,0,seasonal_naive_daily,15,3850,3.80065,1.01927
occupancy,1,0,seasonal_naive_daily,16,3850,3.85792,1.01976
occupancy,1,0,seasonal_naive_daily,17,3850,3.73558,0.996862
occupancy,1,0,seasonal_naive_daily,18,3850,3.65896,0.970784
occupancy,1,0,seasonal_naive_daily,19,3850,3.33351,0.921202
occupancy,1,0,seasonal_naive_daily,20,3850,3.10286,0.898376
occupancy,1,0,seasonal_naive_daily,21,3850,3.22429,0.931645
occupancy,1,0,seasonal_naive_daily,22,3850,3.06104,0.892456
occupancy,1,0,seasonal_naive_daily,23,3850,3.09896,0.895871
occupancy,1,0,seasonal_naive_weekly,0,3850,5.42039,1.40043
occupancy,1,0,seasonal_naive_weekly,1,3850,4.02286,1.11815
occupancy,1,0,seasonal_naive_weekly,2,3850,3.63545,1.01669
occupancy,1,0,seasonal_naive_weekly,3,3850,3.96701,1.10231
occupancy,1,0,seasonal_naive_weekly,4,3850,3.72351,1.0244
occupancy,1,0,seasonal_naive_weekly,5,3850,4.15455,1.13514
occupancy,1,0,seasonal_naive_weekly,6,3850,4.03714,1.11705
occupancy,1,0,seasonal_naive_weekly,7,3850,3.86519,1.07319
occupancy,1,0,seasonal_naive_weekly,8,3850,3.99649,1.08999
occupancy,1,0,seasonal_naive_weekly,9,3850,3.77481,1.02654
occupancy,1,0,seasonal_naive_weekly,10,3850,4.10584,1.11994
occupancy,1,0,seasonal_naive_weekly,11,3850,4.39675,1.17995
occupancy,1,0,seasonal_naive_weekly,12,3850,4.89143,1.28529
occupancy,1,0,seasonal_naive_weekly,13,3850,3.80831,1.03683
occupancy,1,0,seasonal_naive_weekly,14,3850,3.97974,1.10473
occupancy,1,0,seasonal_naive_weekly,15,3850,3.9126,1.07247
occupancy,1,0,seasonal_naive_weekly,16,3850,4.82416,1.25358
occupancy,1,0,seasonal_naive_weekly,17,3850,3.95325,1.08351
occupancy,1,0,seasonal_naive_weekly,18,3850,4.07377,1.09965
occupancy,1,0,seasonal_naive_weekly,19,3850,4.03779,1.09862
occupancy,1,0,seasonal_naive_weekly,20,3850,3.91727,1.09017
occupancy,1,0,seasonal_naive_weekly,21,3850,3.85649,1.05367
occupancy,1,0,seasonal_naive_weekly,22,3850,3.93026,1.10185
occupancy,1,0,seasonal_naive_weekly,23,3850,3.73636,1.03626
occupancy,1,0,autoregressive,0,3850,2.43276,0.578456
occupancy,1,0,autoregressive,1,3850,1.98697,0.469811
occupancy,1,0,autoregressive,2,3850,1.1881,0.305526
occupancy,1,0,autoregressive,3,3850,1.09531,0.275099
occupancy,1,0,autoregressive,4,3850,1.11055,0.271379
occupancy,1,0,autoregressive,5,3850,1.18017,0.282716
occupancy,1,0,autoregressive,6,3850,1.40581,0.318253
occupancy,1,0,autoregressive,7,3850,1.62811,0.376476
occupancy,1,0,autoregressive,8,3850,2.9191,0.684961
occupancy,1,0,autoregressive,9,3850,2.72111,0.710785
occupancy,1,0,autoregressive,10,3850,2.06139,0.549271
occupancy,1,0,autoregressive,11,3850,1.75486,0.447527
occupancy,1,0,autoregressive,12,3850,1.69331,0.450461
occupancy,1,0,autoregressive,13,3850,1.83284,0.467104
occupancy,1,0,autoregressive,14,3850,1.64997,0.433301
occupancy,1,0,autoregressive,15,3850,1.61823,0.419038
occupancy,1,0,autoregressive,16,3850,1.69298,0.434527
occupancy,1,0,autoregressive,17,3850,1.68085,0.441193
occupancy,1,0,autoregressive,18,3850,1.87104,0.496684
occupancy,1,0,autoregressive,19,3850,2.16849,0.56474
occupancy,1,0,autoregressive,20,3850,1.97199,0.517022
occupancy,1,0,autoregressive,21,3850,1.78484,0.474991
occupancy,1,0,autoregressive,22,3850,1.58717,0.432619
occupancy,1,0,autoregressive,23,3850,1.60704,0.420381
occupancy,1,0,zone_ridge,0,3850,2.57157,0.610249
occupancy,1,0,zone_ridge,1,3850,1.95214,0.476283
occupancy,1,0,zone_ridge,2,3850,1.30575,0.337094
occupancy,1,0,zone_ridge,3,3850,1.25862,0.314591
occupancy,1,0,zone_ridge,4,3850,1.20515,0.300865
occupancy,1,0,zone_ridge,5,3850,1.32983,0.322005
occupancy,1,0,zone_ridge,6,3850,1.41637,0.339109
occupancy,1,0,zone_ridge,7,3850,1.52747,0.373691
occupancy,1,0,zone_ridge,8,3850,2.84698,0.660648
occupancy,1,0,zone_ridge,9,3850,2.62082,0.68055
occupancy,1,0,zone_ridge,10,3850,2.098,0.556487
occupancy,1,0,zone_ridge,11,3850,1.81603,0.474174
occupancy,1,0,zone_ridge,12,3850,1.76228,0.469676
occupancy,1,0,zone_ridge,13,3850,1.84581,0.478637
occupancy,1,0,zone_ridge,14,3850,1.73438,0.453266
occupancy,1,0,zone_ridge,15,3850,1.77335,0.451736
occupancy,1,0,zone_ridge,16,3850,1.88103,0.474907
occupancy,1,0,zone_ridge,17,3850,1.83593,0.478285
occupancy,1,0,zone_ridge,18,3850,1.916,0.505937
occupancy,1,0,zone_ridge,19,3850,2.15236,0.562243
occupancy,1,0,zone_ridge,20,3850,2.05268,0.536032
occupancy,1,0,zone_ridge,21,3850,1.86491,0.494249
occupancy,1,0,zone_ridge,22,3850,1.67837,0.456546
occupancy,1,0,zone_ridge,23,3850,1.69967,0.441834
occupancy,1,0,zone_gbm,0,3850,2.68081,0.660052
occupancy,1,0,zone_gbm,1,3850,1.72333,0.469593
occupancy,1,0,zone_gbm,2,3850,1.47129,0.403945
occupancy,1,0,zone_gbm,3,3850,1.44305,0.387157
occupancy,1,0,zone_gbm,4,3850,1.39992,0.376283
occupancy,1,0,zone_gbm,5,3850,1.46531,0.385243
occupancy,1,0,zone_gbm,6,3850,1.44185,0.381492
occupancy,1,0,zone_gbm,7,3850,1.66193,0.426017
occupancy,1,0,zone_gbm,8,3850,2.4604,0.622729
occupancy,1,0,zone_gbm,9,3850,2.31295,0.63801
occupancy,1,0,zone_gbm,10,3850,2.07017,0.574251
occupancy,1,0,zone_gbm,11,3850,1.94162,0.530132
occupancy,1,0,zone_gbm,12,3850,1.91909,0.528307
occupancy,1,0,zone_gbm,13,3850,1.99022,0.537429
occupancy,1,0,zone_gbm,14,3850,1.90619,0.523051
occupancy,1,0,zone_gbm,15,3850,1.88768,0.505119
occupancy,1,0,zone_gbm,16,3850,1.97886,0.530002
occupancy,1,0,zone_gbm,17,3850,1.89041,0.519698
occupancy,1,0,zone_gbm,18,3850,1.99701,0.545107
occupancy,1,0,zone_gbm,19,3850,2.14936,0.593577
occupancy,1,0,zone_gbm,20,3850,2.00662,0.559015
occupancy,1,0,zone_gbm,21,3850,1.9438,0.541708
occupancy,1,0,zone_gbm,22,3850,1.77426,0.508272
occupancy,1,0,zone_gbm,23,3850,1.78672,0.498283
occupancy,1,0,global_ridge,0,3850,2.76856,0.68377
occupancy,1,0,global_ridge,1,3850,2.37545,0.590101
occupancy,1,0,global_ridge,2,3850,1.41959,0.389991
occupancy,1,0,global_ridge,3,3850,1.33507,0.352842
occupancy,1,0,global_ridge,4,3850,1.27379,0.324441
occupancy,1,0,global_ridge,5,3850,1.38043,0.345523
occupancy,1,0,global_ridge,6,3850,1.45089,0.372403
occupancy,1,0,global_ridge,7,3850,1.58058,0.407373
occupancy,1,0,global_ridge,8,3850,2.82575,0.653058
occupancy,1,0,global_ridge,9,3850,2.94382,0.749123
occupancy,1,0,global_ridge,10,3850,2.25374,0.621418
occupancy,1,0,global_ridge,11,3850,1.9103,0.532291
occupancy,1,0,global_ridge,12,3850,1.87885,0.511939
occupancy,1,0,global_ridge,13,3850,2.01448,0.52335
occupancy,1,0,global_ridge,14,3850,1.81743,0.480009
occupancy,1,0,global_ridge,15,3850,1.7851,0.461637
occupancy,1,0,global_ridge,16,3850,1.92985,0.493321
occupancy,1,0,global_ridge,17,3850,1.79632,0.489755
occupancy,1,0,global_ridge,18,3850,1.96998,0.528902
occupancy,1,0,global_ridge,19,3850,2.37065,0.618878
occupancy,1,0,global_ridge,20,3850,2.26072,0.595277
occupancy,1,0,global_ridge,21,3850,1.99622,0.537985
occupancy,1,0,global_ridge,22,3850,1.8598,0.519271
occupancy,1,0,global_ridge,23,3850,1.71878,0.488861
occupancy,1,0,global_gbm,0,3850,2.82584,0.671481
occupancy,1,0,global_gbm,1,3850,1.60997,0.404413
occupancy,1,0,global_gbm,2,3850,1.21586,0.301274
occupancy,1,0,global_gbm,3,3850,1.16136,0.282157
occupancy,1,0,global_gbm,4,3850,1.10791,0.264168
occupancy,1,0,global_gbm,5,3850,1.20747,0.279329
occupancy,1,0,global_gbm,6,3850,1.2375,0.285894
occupancy,1,0,global_gbm,7,3850,1.40385,0.336139
occupancy,1,0,global_gbm,8,3850,2.39686,0.595341
occupancy,1,0,global_gbm,9,3850,2.56371,0.686144
occupancy,1,0,global_gbm,10,3850,1.92952,0.511691
occupancy,1,0,global_gbm,11,3850,1.68554,0.429965
occupancy,1,0,global_gbm,12,3850,2.03842,0.494785
occupancy,1,0,global_gbm,13,3850,1.82056,0.452238
occupancy,1,0,global_gbm,14,3850,1.68759,0.430156
occupancy,1,0,global_gbm,15,3850,1.67172,0.414766
occupancy,1,0,global_gbm,16,3850,1.92261,0.472873
occupancy,1,0,global_gbm,17,3850,1.56814,0.415797
occupancy,1,0,global_gbm,18,3850,1.80052,0.481636
occupancy,1,0,global_gbm,19,3850,2.15901,0.575179
occupancy,1,0,global_gbm,20,3850,1.93542,0.51921
occupancy,1,0,global_gbm,21,3850,1.81209,0.474197
occupancy,1,0,global_gbm,22,3850,1.63601,0.437882
occupancy,1,0,global_gbm,23,3850,1.58254,0.40532
occupancy,1,1,last_observation,0,3850,1.51403,0.344872
occupancy,1,1,last_observation,1,3850,1.99091,0.410191
occupancy,1,1,last_observation,2,3850,0.942727,0.206603
occupancy,1,1,last_observation,3,3850,0.80987,0.166633
occupancy,1,1,last_observation,4,3850,0.599091,0.124532
occupancy,1,1,last_observation,5,3850,0.528961,0.10824
occupancy,1,1,last_observation,6,3850,0.72987,0.146064
occupancy,1,1,last_observation,7,3850,1.56234,0.309474
occupancy,1,1,last_observation,8,3850,3.93403,0.808598
occupancy,1,1,last_observation,9,3850,3.62506,0.853963
occupancy,1,1,last_observation,10,3850,2.19481,0.554121
occupancy,1,1,last_observation,11,3850,1.59208,0.422664
occupancy,1,1,last_observation,12,3850,1.44506,0.371248
occupancy,1,1,last_observation,13,3850,1.78818,0.42772
occupancy,1,1,last_observation,14,3850,1.63701,0.382527
occupancy,1,1,last_observation,15,3850,1.35494,0.34719
occupancy,1,1,last_observation,16,3850,1.33429,0.336358
occupancy,1,1,last_observation,17,3850,1.35753,0.350589
occupancy,1,1,last_observation,18,3850,1.69831,0.454505
occupancy,1,1,last_observation,19,3850,2.81052,0.654834
occupancy,1,1,last_observation,20,3850,2.74013,0.608798
occupancy,1,1,last_observation,21,3850,2.01649,0.465691
occupancy,1,1,last_observation,22,3850,1.80364,0.420929
occupancy,1,1,last_observation,23,3850,1.40805,0.340353
occupancy,1,1,seasonal_naive_daily,0,3850,3.33714,0.934968
occupancy,1,1,seasonal_naive_daily,1,3850,3.12338,0.896842
occupancy,1,1,seasonal_naive_daily,2,3850,3.12675,0.890942
occupancy,1,1,seasonal_naive_daily,3,3850,3.03455,0.874802
occupancy,1,1,seasonal_naive_daily,4,3850,2.93532,0.849213
occupancy,1,1,seasonal_naive_daily,5,3850,3.03532,0.865471
occupancy,1,1,seasonal_naive_daily,6,3850,3.05117,0.867324
occupancy,1,1,seasonal_naive_daily,7,3850,3.26961,0.89656
occupancy,1,1,seasonal_naive_daily,8,3850,3.8387,0.985948
occupancy,1,1,seasonal_naive_daily,9,3850,3.94,1.04049
occupancy,1,1,seasonal_naive_daily,10,3850,4.03091,1.09043
occupancy,1,1,seasonal_naive_daily,11,3850,3.84416,1.03799
occupancy,1,1,seasonal_naive_daily,12,3850,3.86623,1.04866
occupancy,1,1,seasonal_naive_daily,13,3850,4.02104,1.05573
occupancy,1,1,seasonal_naive_daily,14,3850,3.86104,1.03045
occupancy,1,1,seasonal_naive_daily,15,3850,3.7313,1.00373
occupancy,1,1,seasonal_naive_daily,16,3850,3.83481,1.00466
occupancy,1,1,seasonal_naive_daily,17,3850,3.57974,0.970266
occupancy,1,1,seasonal_naive_daily,18,3850,3.50831,0.957657
occupancy,1,1,seasonal_naive_daily,19,3850,3.20909,0.900747
occupancy,1,1,seasonal_naive_daily,20,3850,3.05169,0.887502
occupancy,1,1,seasonal_naive_daily,21,3850,2.99026,0.869724
occupancy,1,1,seasonal_naive_daily,22,3850,2.95143,0.866981
occupancy,1,1,seasonal_naive_daily,23,3850,3.06779,0.886167
occupancy,1,1,seasonal_naive_weekly,0,3850,4.57935,1.2186
occupancy,1,1,seasonal_naive_weekly,1,3850,3.58792,1.02782
occupancy,1,1,seasonal_naive_weekly,2,3850,3.57195,1.02146
occupancy,1,1,seasonal_naive_weekly,3,3850,3.56013,1.02451
occupancy,1,1,seasonal_naive_weekly,4,3850,3.53662,1.01085
occupancy,1,1,seasonal_naive_weekly,5,3850,3.5713,1.01714
occupancy,1,1,seasonal_naive_weekly,6,3850,3.60688,1.02032
occupancy,1,1,seasonal_naive_weekly,7,3850,3.59026,1.00946
occupancy,1,1,seasonal_naive_weekly,8,3850,3.55818,0.983378
occupancy,1,1,seasonal_naive_weekly,9,3850,3.53039,0.992998
occupancy,1,1,seasonal_naive_weekly,10,3850,3.41039,0.980997
occupancy,1,1,seasonal_naive_weekly,11,3850,3.3487,0.959965
occupancy,1,1,seasonal_naive_weekly,12,3850,3.43442,0.981113
occupancy,1,1,seasonal_naive_weekly,13,3850,3.69909,1.02213
occupancy,1,1,seasonal_naive_weekly,14,3850,3.38377,0.970191
occupancy,1,1,seasonal_naive_weekly,15,3850,3.48857,0.985389
occupancy,1,1,seasonal_naive_weekly,16,3850,3.57286,0.982294
occupancy,1,1,seasonal_naive_weekly,17,3850,3.35325,0.956257
occupancy,1,1,seasonal_naive_weekly,18,3850,3.40636,0.973906
occupancy,1,1,seasonal_naive_weekly,19,3850,3.39338,0.982357
occupancy,1,1,seasonal_naive_weekly,20,3850,3.43,1.00679
occupancy,1,1,seasonal_naive_weekly,21,3850,3.4261,0.998914
occupancy,1,1,seasonal_naive_weekly,22,3850,3.41909,0.995078
occupancy,1,1,seasonal_naive_weekly,23,3850,3.50312,1.00985
occupancy,1,1,autoregressive,0,3850,1.5833,0.396994
occupancy,1,1,autoregressive,1,3850,1.63844,0.392734
occupancy,1,1,autoregressive,2,3850,1.14748,0.2863
occupancy,1,1,autoregressive,3,3850,1.03053,0.259407
occupancy,1,1,autoregressive,4,3850,0.991151,0.245861
occupancy,1,1,autoregressive,5,3850,1.01816,0.249075
occupancy,1,1,autoregressive,6,3850,1.32954,0.30007
occupancy,1,1,autoregressive,7,3850,1.62619,0.37143
occupancy,1,1,autoregressive,8,3850,2.90705,0.657033
occupancy,1,1,autoregressive,9,3850,2.57795,0.686168
occupancy,1,1,autoregressive,10,3850,2.05422,0.563003
occupancy,1,1,autoregressive,11,3850,1.71119,0.463663
occupancy,1,1,autoregressive,12,3850,1.6069,0.427403
occupancy,1,1,autoregressive,13,3850,1.75334,0.447857
occupancy,1,1,autoregressive,14,3850,1.54428,0.404314
occupancy,1,1,autoregressive,15,3850,1.50014,0.401558
occupancy,1,1,autoregressive,16,3850,1.59921,0.410624
occupancy,1,1,autoregressive,17,3850,1.52246,0.41672
occupancy,1,1,autoregressive,18,3850,1.69535,0.473706
occupancy,1,1,autoregressive,19,3850,2.04081,0.543829
occupancy,1,1,autoregressive,20,3850,1.83414,0.498709
occupancy,1,1,autoregressive,21,3850,1.60774,0.4369
occupancy,1,1,autoregressive,22,3850,1.53943,0.416623
occupancy,1,1,autoregressive,23,3850,1.42629,0.381824
occupancy,1,1,zone_ridge,0,3850,1.7252,0.426216
occupancy,1,1,zone_ridge,1,3850,1.55375,0.382584
occupancy,1,1,zone_ridge,2,3850,1.2865,0.318975
occupancy,1,1,zone_ridge,3,3850,1.19024,0.297598
occupancy,1,1,zone_ridge,4,3850,1.12218,0.279644
occupancy,1,1,zone_ridge,5,3850,1.16986,0.289598
occupancy,1,1,zone_ridge,6,3850,1.32767,0.318424
occupancy,1,1,zone_ridge,7,3850,1.52734,0.368092
occupancy,1,1,zone_ridge,8,3850,2.67927,0.616044
occupancy,1,1,zone_ridge,9,3850,2.38829,0.642529
occupancy,1,1,zone_ridge,10,3850,1.97045,0.554483
occupancy,1,1,zone_ridge,11,3850,1.69413,0.475032
occupancy,1,1,zone_ridge,12,3850,1.66039,0.449071
occupancy,1,1,zone_ridge,13,3850,1.84537,0.473714
occupancy,1,1,zone_ridge,14,3850,1.60767,0.42418
occupancy,1,1,zone_ridge,15,3850,1.58291,0.425541
occupancy,1,1,zone_ridge,16,3850,1.6949,0.432125
occupancy,1,1,zone_ridge,17,3850,1.60681,0.434542
occupancy,1,1,zone_ridge,18,3850,1.7548,0.489493
occupancy,1,1,zone_ridge,19,3850,2.04841,0.550985
occupancy,1,1,zone_ridge,20,3850,2.01019,0.527522
occupancy,1,1,zone_ridge,21,3850,1.74936,0.461581
occupancy,1,1,zone_ridge,22,3850,1.62501,0.432949
occupancy,1,1,zone_ridge,23,3850,1.57373,0.409162
occupancy,1,1,zone_gbm,0,3850,1.87196,0.466003
occupancy,1,1,zone_gbm,1,3850,1.59578,0.410211
occupancy,1,1,zone_gbm,2,3850,1.39143,0.358978
occupancy,1,1,zone_gbm,3,3850,1.31421,0.333579
occupancy,1,1,zone_gbm,4,3850,1.24423,0.314354
occupancy,1,1,zone_gbm,5,3850,1.19529,0.305337
occupancy,1,1,zone_gbm,6,3850,1.25198,0.314102
occupancy,1,1,zone_gbm,7,3850,1.60032,0.395124
occupancy,1,1,zone_gbm,8,3850,2.36057,0.588009
occupancy,1,1,zone_gbm,9,3850,2.16213,0.608944
occupancy,1,1,zone_gbm,10,3850,1.94332,0.554962
occupancy,1,1,zone_gbm,11,3850,1.77121,0.499999
occupancy,1,1,zone_gbm,12,3850,1.70912,0.471733
occupancy,1,1,zone_gbm,13,3850,1.90601,0.499683
occupancy,1,1,zone_gbm,14,3850,1.69898,0.458849
occupancy,1,1,zone_gbm,15,3850,1.66377,0.455061
occupancy,1,1,zone_gbm,16,3850,1.77523,0.465363
occupancy,1,1,zone_gbm,17,3850,1.67896,0.462962
occupancy,1,1,zone_gbm,18,3850,1.82241,0.512772
occupancy,1,1,zone_gbm,19,3850,2.02064,0.558131
occupancy,1,1,zone_gbm,20,3850,1.94751,0.534746
occupancy,1,1,zone_gbm,21,3850,1.76898,0.489008
occupancy,1,1,zone_gbm,22,3850,1.71649,0.468488
occupancy,1,1,zone_gbm,23,3850,1.65811,0.448009
occupancy,1,1,global_ridge,0,3850,1.88305,0.5239
occupancy,1,1,global_ridge,1,3850,1.91882,0.500127
occupancy,1,1,global_ridge,2,3850,1.41346,0.399925
occupancy,1,1,global_ridge,3,3850,1.32148,0.357754
occupancy,1,1,global_ridge,4,3850,1.1905,0.322709
occupancy,1,1,global_ridge,5,3850,1.15848,0.316025
occupancy,1,1,global_ridge,6,3850,1.28147,0.351209
occupancy,1,1,global_ridge,7,3850,1.63897,0.422092
occupancy,1,1,global_ridge,8,3850,2.83905,0.653162
occupancy,1,1,global_ridge,9,3850,2.85924,0.750167
occupancy,1,1,global_ridge,10,3850,2.28438,0.653516
occupancy,1,1,global_ridge,11,3850,1.81309,0.550036
occupancy,1,1,global_ridge,12,3850,1.73494,0.496518
occupancy,1,1,global_ridge,13,3850,2.00232,0.534379
occupancy,1,1,global_ridge,14,3850,1.75429,0.469315
occupancy,1,1,global_ridge,15,3850,1.62877,0.444475
occupancy,1,1,global_ridge,16,3850,1.67668,0.4422
occupancy,1,1,global_ridge,17,3850,1.61864,0.451203
occupancy,1,1,global_ridge,18,3850,1.68321,0.48573
occupancy,1,1,global_ridge,19,3850,2.15713,0.587064
occupancy,1,1,global_ridge,20,3850,2.14825,0.570017
occupancy,1,1,global_ridge,21,3850,1.90244,0.515175
occupancy,1,1,global_ridge,22,3850,1.81307,0.507415
occupancy,1,1,global_ridge,23,3850,1.60343,0.462514
occupancy,1,1,global_gbm,0,3850,2.20745,0.55787
occupancy,1,1,global_gbm,1,3850,2.11836,0.569887
occupancy,1,1,global_gbm,2,3850,1.34416,0.320843
occupancy,1,1,global_gbm,3,3850,1.32355,0.313667
occupancy,1,1,global_gbm,4,3850,1.23151,0.287394
occupancy,1,1,global_gbm,5,3850,1.19709,0.276171
occupancy,1,1,global_gbm,6,3850,1.30976,0.294259
occupancy,1,1,global_gbm,7,3850,1.61003,0.364873
occupancy,1,1,global_gbm,8,3850,2.32943,0.581328
occupancy,1,1,global_gbm,9,3850,2.46833,0.683743
occupancy,1,1,global_gbm,10,3850,1.97564,0.552447
occupancy,1,1,global_gbm,11,3850,1.7621,0.477564
occupancy,1,1,global_gbm,12,3850,1.72721,0.457815
occupancy,1,1,global_gbm,13,3850,1.90931,0.482695
occupancy,1,1,global_gbm,14,3850,1.60572,0.422884
occupancy,1,1,global_gbm,15,3850,1.52348,0.413494
occupancy,1,1,global_gbm,16,3850,1.55715,0.409794
occupancy,1,1,global_gbm,17,3850,1.49364,0.418343
occupancy,1,1,global_gbm,18,3850,1.71302,0.480481
occupancy,1,1,global_gbm,19,3850,2.19387,0.586021
occupancy,1,1,global_gbm,20,3850,2.00794,0.532596
occupancy,1,1,global_gbm,21,3850,1.79906,0.468951
occupancy,1,1,global_gbm,22,3850,1.67059,0.440982
occupancy,1,1,global_gbm,23,3850,1.57662,0.406108
occupancy,1,2,last_observation,0,3850,1.46156,0.33091
occupancy,1,2,last_observation,1,3850,1.90701,0.376222
occupancy,1,2,last_observation,2,3850,0.911948,0.182754
occupancy,1,2,last_observation,3,3850,0.755584,0.153837
occupancy,1,2,last_observation,4,3850,0.591169,0.115409
occupancy,1,2,last_observation,5,3850,0.607792,0.116038
occupancy,1,2,last_observation,6,3850,0.842078,0.159922
occupancy,1,2,last_observation,7,3850,1.45455,0.288372
occupancy,1,2,last_observation,8,3850,3.77558,0.790169
occupancy,1,2,last_observation,9,3850,3.55584,0.823562
occupancy,1,2,last_observation,10,3850,3.11701,0.719781
occupancy,1,2,last_observation,11,3850,2.52429,0.587154
occupancy,1,2,last_observation,12,3850,2.44234,0.598531
occupancy,1,2,last_observation,13,3850,2.7926,0.638272
occupancy,1,2,last_observation,14,3850,2.91065,0.685119
occupancy,1,2,last_observation,15,3850,1.83442,0.460895
occupancy,1,2,last_observation,16,3850,1.24208,0.309638
occupancy,1,2,last_observation,17,3850,1.35662,0.347926
occupancy,1,2,last_observation,18,3850,1.77636,0.446483
occupancy,1,2,last_observation,19,3850,2.81117,0.650422
occupancy,1,2,last_observation,20,3850,2.92636,0.635947
occupancy,1,2,last_observation,21,3850,1.98299,0.447257
occupancy,1,2,last_observation,22,3850,1.66052,0.387697
occupancy,1,2,last_observation,23,3850,1.29922,0.312185
occupancy,1,2,seasonal_naive_daily,0,3850,3.39039,0.934935
occupancy,1,2,seasonal_naive_daily,1,3850,3.10156,0.87943
occupancy,1,2,seasonal_naive_daily,2,3850,3.01117,0.862747
occupancy,1,2,seasonal_naive_daily,3,3850,2.98805,0.85692
occupancy,1,2,seasonal_naive_daily,4,3850,2.99896,0.847121
occupancy,1,2,seasonal_naive_daily,5,3850,3.09896,0.869864
occupancy,1,2,seasonal_naive_daily,6,3850,3.08597,0.866739
occupancy,1,2,seasonal_naive_daily,7,3850,3.10649,0.861352
occupancy,1,2,seasonal_naive_daily,8,3850,3.70831,0.953637
occupancy,1,2,seasonal_naive_daily,9,3850,3.8813,1.01519
occupancy,1,2,seasonal_naive_daily,10,3850,5.69766,1.4093
occupancy,1,2,seasonal_naive_daily,11,3850,4.17221,1.12409
occupancy,1,2,seasonal_naive_daily,12,3850,5.38987,1.36627
occupancy,1,2,seasonal_naive_daily,13,3850,5.95455,1.44949
occupancy,1,2,seasonal_naive_daily,14,3850,4.21818,1.13624
occupancy,1,2,seasonal_naive_daily,15,3850,3.80208,1.01136
occupancy,1,2,seasonal_naive_daily,16,3850,3.71377,1.01265
occupancy,1,2,seasonal_naive_daily,17,3850,3.7374,1.00574
occupancy,1,2,seasonal_naive_daily,18,3850,3.65351,0.988083
occupancy,1,2,seasonal_naive_daily,19,3850,3.4587,0.942325
occupancy,1,2,seasonal_naive_daily,20,3850,3.20117,0.896838
occupancy,1,2,seasonal_naive_daily,21,3850,3.11299,0.885791
occupancy,1,2,seasonal_naive_daily,22,3850,2.96156,0.857557
occupancy,1,2,seasonal_naive_daily,23,3850,2.99221,0.855627
occupancy,1,2,seasonal_naive_weekly,0,3850,4.01896,1.12679
occupancy,1,2,seasonal_naive_weekly,1,3850,3.88052,1.10062
occupancy,1,2,seasonal_naive_weekly,2,3850,3.74351,1.07595
occupancy,1,2,seasonal_naive_weekly,3,3850,3.77727,1.07915
occupancy,1,2,seasonal_naive_weekly,4,3850,3.7113,1.06836
occupancy,1,2,seasonal_naive_weekly,5,3850,3.85,1.08742
occupancy,1,2,seasonal_naive_weekly,6,3850,3.77701,1.07203
occupancy,1,2,seasonal_naive_weekly,7,3850,3.71442,1.05954
occupancy,1,2,seasonal_naive_weekly,8,3850,3.74506,1.05825
occupancy,1,2,seasonal_naive_weekly,9,3850,3.64818,1.03863
occupancy,1,2,seasonal_naive_weekly,10,3850,5.57143,1.4446
occupancy,1,2,seasonal_naive_weekly,11,3850,3.90792,1.13294
occupancy,1,2,seasonal_naive_weekly,12,3850,5.2287,1.3802
occupancy,1,2,seasonal_naive_weekly,13,3850,6.07857,1.53071
occupancy,1,2,seasonal_naive_weekly,14,3850,4.05234,1.15918
occupancy,1,2,seasonal_naive_weekly,15,3850,3.72325,1.06682
occupancy,1,2,seasonal_naive_weekly,16,3850,3.67156,1.05144
occupancy,1,2,seasonal_naive_weekly,17,3850,3.70831,1.05538
occupancy,1,2,seasonal_naive_weekly,18,3850,3.7,1.06837
occupancy,1,2,seasonal_naive_weekly,19,3850,3.74156,1.0694
occupancy,1,2,seasonal_naive_weekly,20,3850,3.73974,1.0703
occupancy,1,2,seasonal_naive_weekly,21,3850,3.80078,1.08894
occupancy,1,2,seasonal_naive_weekly,22,3850,3.7026,1.06954
occupancy,1,2,seasonal_naive_weekly,23,3850,3.80104,1.08131
occupancy,1,2,autoregressive,0,3850,1.59854,0.398693
occupancy,1,2,autoregressive,1,3850,1.65361,0.390769
occupancy,1,2,autoregressive,2,3850,1.23523,0.296327
occupancy,1,2,autoregressive,3,3850,1.16925,0.283943
occupancy,1,2,autoregressive,4,3850,1.0888,0.264649
occupancy,1,2,autoregressive,5,3850,1.16977,0.276912
occupancy,1,2,autoregressive,6,3850,1.40628,0.317334
occupancy,1,2,autoregressive,7,3850,1.56652,0.36292
occupancy,1,2,autoregressive,8,3850,2.77193,0.647756
occupancy,1,2,autoregressive,9,3850,2.56526,0.675689
occupancy,1,2,autoregressive,10,3850,3.0708,0.750936
occupancy,1,2,autoregressive,11,3850,2.38728,0.594505
occupancy,1,2,autoregressive,12,3850,2.61644,0.651131
occupancy,1,2,autoregressive,13,3850,2.80519,0.672099
occupancy,1,2,autoregressive,14,3850,2.61567,0.652948
occupancy,1,2,autoregressive,15,3850,1.97336,0.517712
occupancy,1,2,autoregressive,16,3850,1.61473,0.429598
occupancy,1,2,autoregressive,17,3850,1.66403,0.44452
occupancy,1,2,autoregressive,18,3850,1.75211,0.483557
occupancy,1,2,autoregressive,19,3850,2.10897,0.556662
occupancy,1,2,autoregressive,20,3850,2.03936,0.532459
occupancy,1,2,autoregressive,21,3850,1.72423,0.456068
occupancy,1,2,autoregressive,22,3850,1.59061,0.422253
occupancy,1,2,autoregressive,23,3850,1.47771,0.386507
occupancy,1,2,zone_ridge,0,3850,1.66694,0.409829
occupancy,1,2,zone_ridge,1,3850,1.55314,0.37561
occupancy,1,2,zone_ridge,2,3850,1.22764,0.305227
occupancy,1,2,zone_ridge,3,3850,1.14673,0.289034
occupancy,1,2,zone_ridge,4,3850,1.11301,0.273136
occupancy,1,2,zone_ridge,5,3850,1.23044,0.292142
occupancy,1,2,zone_ridge,6,3850,1.38467,0.321527
occupancy,1,2,zone_ridge,7,3850,1.38979,0.338012
occupancy,1,2,zone_ridge,8,3850,2.56376,0.60334
occupancy,1,2,zone_ridge,9,3850,2.30318,0.610418
occupancy,1,2,zone_ridge,10,3850,3.13618,0.756668
occupancy,1,2,zone_ridge,11,3850,2.43108,0.603721
occupancy,1,2,zone_ridge,12,3850,2.73972,0.67404
occupancy,1,2,zone_ridge,13,3850,2.90806,0.691664
occupancy,1,2,zone_ridge,14,3850,2.59299,0.647929
occupancy,1,2,zone_ridge,15,3850,1.94502,0.515199
occupancy,1,2,zone_ridge,16,3850,1.62488,0.435654
occupancy,1,2,zone_ridge,17,3850,1.67118,0.444273
occupancy,1,2,zone_ridge,18,3850,1.72997,0.480166
occupancy,1,2,zone_ridge,19,3850,2.0412,0.542358
occupancy,1,2,zone_ridge,20,3850,2.1244,0.541515
occupancy,1,2,zone_ridge,21,3850,1.78436,0.46176
occupancy,1,2,zone_ridge,22,3850,1.59294,0.421761
occupancy,1,2,zone_ridge,23,3850,1.55483,0.402726
occupancy,1,2,zone_gbm,0,3850,1.7396,0.449311
occupancy,1,2,zone_gbm,1,3850,1.49653,0.395623
occupancy,1,2,zone_gbm,2,3850,1.29305,0.348326
occupancy,1,2,zone_gbm,3,3850,1.23502,0.332629
occupancy,1,2,zone_gbm,4,3850,1.15952,0.310229
occupancy,1,2,zone_gbm,5,3850,1.19699,0.312845
occupancy,1,2,zone_gbm,6,3850,1.21596,0.321137
occupancy,1,2,zone_gbm,7,3850,1.38728,0.364179
occupancy,1,2,zone_gbm,8,3850,2.22668,0.583826
occupancy,1,2,zone_gbm,9,3850,2.09899,0.601048
occupancy,1,2,zone_gbm,10,3850,2.9374,0.755469
occupancy,1,2,zone_gbm,11,3850,2.03737,0.56943
occupancy,1,2,zone_gbm,12,3850,2.68119,0.703593
occupancy,1,2,zone_gbm,13,3850,2.88046,0.729594
occupancy,1,2,zone_gbm,14,3850,2.22953,0.619501
occupancy,1,2,zone_gbm,15,3850,1.9119,0.539554
occupancy,1,2,zone_gbm,16,3850,1.68693,0.480399
occupancy,1,2,zone_gbm,17,3850,1.73295,0.49059
occupancy,1,2,zone_gbm,18,3850,1.81791,0.529911
occupancy,1,2,zone_gbm,19,3850,2.04829,0.574229
occupancy,1,2,zone_gbm,20,3850,2.02596,0.56116
occupancy,1,2,zone_gbm,21,3850,1.81024,0.503836
occupancy,1,2,zone_gbm,22,3850,1.66602,0.469663
occupancy,1,2,zone_gbm,23,3850,1.62591,0.451744
occupancy,1,2,global_ridge,0,3850,1.81452,0.485752
occupancy,1,2,global_ridge,1,3850,1.93925,0.482008
occupancy,1,2,global_ridge,2,3850,1.36319,0.37015
occupancy,1,2,global_ridge,3,3850,1.30979,0.350129
occupancy,1,2,global_ridge,4,3850,1.21392,0.32239
occupancy,1,2,global_ridge,5,3850,1.2829,0.334778
occupancy,1,2,global_ridge,6,3850,1.41978,0.37521
occupancy,1,2,global_ridge,7,3850,1.53207,0.409806
occupancy,1,2,global_ridge,8,3850,2.70161,0.64541
occupancy,1,2,global_ridge,9,3850,2.76991,0.725922
occupancy,1,2,global_ridge,10,3850,3.55518,0.896305
occupancy,1,2,global_ridge,11,3850,2.519,0.688157
occupancy,1,2,global_ridge,12,3850,2.81525,0.737145
occupancy,1,2,global_ridge,13,3850,3.13102,0.767359
occupancy,1,2,global_ridge,14,3850,2.76276,0.711199
occupancy,1,2,global_ridge,15,3850,2.03585,0.541959
occupancy,1,2,global_ridge,16,3850,1.60419,0.450179
occupancy,1,2,global_ridge,17,3850,1.65859,0.465394
occupancy,1,2,global_ridge,18,3850,1.78164,0.503498
occupancy,1,2,global_ridge,19,3850,2.26126,0.606726
occupancy,1,2,global_ridge,20,3850,2.31986,0.604523
occupancy,1,2,global_ridge,21,3850,1.96874,0.525467
occupancy,1,2,global_ridge,22,3850,1.74955,0.496848
occupancy,1,2,global_ridge,23,3850,1.5889,0.461491
occupancy,1,2,global_gbm,0,3850,1.76725,0.430483
occupancy,1,2,global_gbm,1,3850,1.74271,0.418081
occupancy,1,2,global_gbm,2,3850,1.09899,0.268371
occupancy,1,2,global_gbm,3,3850,1.07686,0.26071
occupancy,1,2,global_gbm,4,3850,0.995753,0.237122
occupancy,1,2,global_gbm,5,3850,1.04072,0.242969
occupancy,1,2,global_gbm,6,3850,1.11622,0.256941
occupancy,1,2,global_gbm,7,3850,1.25858,0.301515
occupancy,1,2,global_gbm,8,3850,2.14446,0.549638
occupancy,1,2,global_gbm,9,3850,2.27105,0.628661
occupancy,1,2,global_gbm,10,3850,2.90008,0.721825
occupancy,1,2,global_gbm,11,3850,1.81889,0.50087
occupancy,1,2,global_gbm,12,3850,2.59187,0.644403
occupancy,1,2,global_gbm,13,3850,2.84736,0.668866
occupancy,1,2,global_gbm,14,3850,2.14458,0.581816
occupancy,1,2,global_gbm,15,3850,1.75977,0.47018
occupancy,1,2,global_gbm,16,3850,1.38443,0.374771
occupancy,1,2,global_gbm,17,3850,1.45397,0.392595
occupancy,1,2,global_gbm,18,3850,1.60096,0.447859
occupancy,1,2,global_gbm,19,3850,2.11588,0.558051
occupancy,1,2,global_gbm,20,3850,2.029,0.528426
occupancy,1,2,global_gbm,21,3850,1.67504,0.441328
occupancy,1,2,global_gbm,22,3850,1.52022,0.40032
occupancy,1,2,global_gbm,23,3850,1.39775,0.362334
occupancy,1,3,last_observation,0,3850,1.28416,0.26519
occupancy,1,3,last_observation,1,3850,1.35974,0.267147
occupancy,1,3,last_observation,2,3850,0.801818,0.152115
occupancy,1,3,last_observation,3,3850,0.612338,0.121322
occupancy,1,3,last_observation,4,3850,0.589221,0.111084
occupancy,1,3,last_observation,5,3850,0.565455,0.106354
occupancy,1,3,last_observation,6,3850,0.695325,0.136513
occupancy,1,3,last_observation,7,3850,0.994545,0.203672
occupancy,1,3,last_observation,8,3850,1.92909,0.42293
occupancy,1,3,last_observation,9,3850,2.60987,0.599664
occupancy,1,3,last_observation,10,3850,1.62,0.395313
occupancy,1,3,last_observation,11,3850,1.46403,0.359564
occupancy,1,3,last_observation,12,3850,1.79156,0.450263
occupancy,1,3,last_observation,13,3850,1.74545,0.417868
occupancy,1,3,last_observation,14,3850,1.4387,0.342229
occupancy,1,3,last_observation,15,3850,1.15883,0.296542
occupancy,1,3,last_observation,16,3850,1.07221,0.281424
occupancy,1,3,last_observation,17,3850,1.22649,0.314169
occupancy,1,3,last_observation,18,3850,1.50325,0.390069
occupancy,1,3,last_observation,19,3850,2.27584,0.536123
occupancy,1,3,last_observation,20,3850,1.92857,0.433788
occupancy,1,3,last_observation,21,3850,1.33065,0.322689
occupancy,1,3,last_observation,22,3850,1.16416,0.275694
occupancy,1,3,last_observation,23,3850,0.971169,0.226512
occupancy,1,3,seasonal_naive_daily,0,3850,2.95455,0.789762
occupancy,1,3,seasonal_naive_daily,1,3850,2.64156,0.732214
occupancy,1,3,seasonal_naive_daily,2,3850,2.46,0.706736
occupancy,1,3,seasonal_naive_daily,3,3850,2.59714,0.731503
occupancy,1,3,seasonal_naive_daily,4,3850,2.63792,0.733651
occupancy,1,3,seasonal_naive_daily,5,3850,2.66026,0.740662
occupancy,1,3,seasonal_naive_daily,6,3850,2.60935,0.734377
occupancy,1,3,seasonal_naive_daily,7,3850,2.51091,0.718613
occupancy,1,3,seasonal_naive_daily,8,3850,2.63532,0.725875
occupancy,1,3,seasonal_naive_daily,9,3850,3.03948,0.833977
occupancy,1,3,seasonal_naive_daily,10,3850,3.08701,0.852926
occupancy,1,3,seasonal_naive_daily,11,3850,3.69273,0.971592
occupancy,1,3,seasonal_naive_daily,12,3850,3.17195,0.875955
occupancy,1,3,seasonal_naive_daily,13,3850,3.19974,0.86386
occupancy,1,3,seasonal_naive_daily,14,3850,3.12312,0.858708
occupancy,1,3,seasonal_naive_daily,15,3850,3.07584,0.844621
occupancy,1,3,seasonal_naive_daily,16,3850,2.97429,0.837873
occupancy,1,3,seasonal_naive_daily,17,3850,3.11169,0.85477
occupancy,1,3,seasonal_naive_daily,18,3850,2.82364,0.793433
occupancy,1,3,seasonal_naive_daily,19,3850,2.71558,0.75843
occupancy,1,3,seasonal_naive_daily,20,3850,2.53623,0.732435
occupancy,1,3,seasonal_naive_daily,21,3850,2.59091,0.732632
occupancy,1,3,seasonal_naive_daily,22,3850,2.63403,0.728894
occupancy,1,3,seasonal_naive_daily,23,3850,2.52364,0.717549
occupancy,1,3,seasonal_naive_weekly,0,3850,4.31974,1.11058
occupancy,1,3,seasonal_naive_weekly,1,3850,4.16883,1.09216
occupancy,1,3,seasonal_naive_weekly,2,3850,3.99117,1.06769
occupancy,1,3,seasonal_naive_weekly,3,3850,4.04792,1.07838
occupancy,1,3,seasonal_naive_weekly,4,3850,4.21662,1.09382
occupancy,1,3,seasonal_naive_weekly,5,3850,4.17091,1.09894
occupancy,1,3,seasonal_naive_weekly,6,3850,4.14468,1.08751
occupancy,1,3,seasonal_naive_weekly,7,3850,3.93403,1.0509
occupancy,1,3,seasonal_naive_weekly,8,3850,3.73792,1.00378
occupancy,1,3,seasonal_naive_weekly,9,3850,3.79961,1.04071
occupancy,1,3,seasonal_naive_weekly,10,3850,3.85455,1.05296
occupancy,1,3,seasonal_naive_weekly,11,3850,4.22675,1.13624
occupancy,1,3,seasonal_naive_weekly,12,3850,4.05442,1.12041
occupancy,1,3,seasonal_naive_weekly,13,3850,4.08883,1.11605
occupancy,1,3,seasonal_naive_weekly,14,3850,3.95545,1.09086
occupancy,1,3,seasonal_naive_weekly,15,3850,3.92468,1.07457
occupancy,1,3,seasonal_naive_weekly,16,3850,3.87753,1.07482
occupancy,1,3,seasonal_naive_weekly,17,3850,3.98909,1.09023
occupancy,1,3,seasonal_naive_weekly,18,3850,3.88675,1.05896
occupancy,1,3,seasonal_naive_weekly,19,3850,3.85351,1.05127
occupancy,1,3,seasonal_naive_weekly,20,3850,3.6687,1.02747
occupancy,1,3,seasonal_naive_weekly,21,3850,3.86701,1.03877
occupancy,1,3,seasonal_naive_weekly,22,3850,3.88909,1.02692
occupancy,1,3,seasonal_naive_weekly,23,3850,3.91584,1.03679
occupancy,1,3,autoregressive,0,3850,1.40422,0.319798
occupancy,1,3,autoregressive,1,3850,1.26385,0.289478
occupancy,1,3,autoregressive,2,3850,0.977919,0.229339
occupancy,1,3,autoregressive,3,3850,1.00825,0.234619
occupancy,1,3,autoregressive,4,3850,0.984216,0.224854
occupancy,1,3,autoregressive,5,3850,1.02732,0.232866
occupancy,1,3,autoregressive,6,3850,1.12406,0.253118
occupancy,1,3,autoregressive,7,3850,1.25928,0.284402
occupancy,1,3,autoregressive,8,3850,1.63637,0.392422
occupancy,1,3,autoregressive,9,3850,2.01459,0.509285
occupancy,1,3,autoregressive,10,3850,1.59265,0.418245
occupancy,1,3,autoregressive,11,3850,1.72499,0.43213
occupancy,1,3,autoregressive,12,3850,1.68718,0.446838
occupancy,1,3,autoregressive,13,3850,1.639,0.417044
occupancy,1,3,autoregressive,14,3850,1.40595,0.363649
occupancy,1,3,autoregressive,15,3850,1.37229,0.358135
occupancy,1,3,autoregressive,16,3850,1.31266,0.352126
occupancy,1,3,autoregressive,17,3850,1.43864,0.374341
occupancy,1,3,autoregressive,18,3850,1.42935,0.390942
occupancy,1,3,autoregressive,19,3850,1.87956,0.485221
occupancy,1,3,autoregressive,20,3850,1.55582,0.40573
occupancy,1,3,autoregressive,21,3850,1.39392,0.359161
occupancy,1,3,autoregressive,22,3850,1.30124,0.327602
occupancy,1,3,autoregressive,23,3850,1.14704,0.29248
occupancy,1,3,zone_ridge,0,3850,1.62392,0.373784
occupancy,1,3,zone_ridge,1,3850,1.43419,0.329499
occupancy,1,3,zone_ridge,2,3850,1.23513,0.284508
occupancy,1,3,zone_ridge,3,3850,1.15309,0.26972
occupancy,1,3,zone_ridge,4,3850,1.14223,0.260123
occupancy,1,3,zone_ridge,5,3850,1.16254,0.26493
occupancy,1,3,zone_ridge,6,3850,1.22331,0.277199
occupancy,1,3,zone_ridge,7,3850,1.26336,0.293796
occupancy,1,3,zone_ridge,8,3850,1.54043,0.376513
occupancy,1,3,zone_ridge,9,3850,1.75559,0.463801
occupancy,1,3,zone_ridge,10,3850,1.5708,0.411361
occupancy,1,3,zone_ridge,11,3850,1.91318,0.46843
occupancy,1,3,zone_ridge,12,3850,1.87758,0.479717
occupancy,1,3,zone_ridge,13,3850,1.75737,0.439935
occupancy,1,3,zone_ridge,14,3850,1.43972,0.377618
occupancy,1,3,zone_ridge,15,3850,1.42187,0.375838
occupancy,1,3,zone_ridge,16,3850,1.41387,0.376818
occupancy,1,3,zone_ridge,17,3850,1.54743,0.408142
occupancy,1,3,zone_ridge,18,3850,1.49611,0.412092
occupancy,1,3,zone_ridge,19,3850,1.83452,0.480085
occupancy,1,3,zone_ridge,20,3850,1.69434,0.434028
occupancy,1,3,zone_ridge,21,3850,1.62434,0.406634
occupancy,1,3,zone_ridge,22,3850,1.6159,0.389984
occupancy,1,3,zone_ridge,23,3850,1.56397,0.371718
occupancy,1,3,zone_gbm,0,3850,1.62113,0.36661
occupancy,1,3,zone_gbm,1,3850,1.3277,0.315748
occupancy,1,3,zone_gbm,2,3850,1.14116,0.269864
occupancy,1,3,zone_gbm,3,3850,1.11238,0.261229
occupancy,1,3,zone_gbm,4,3850,1.11898,0.255742
occupancy,1,3,zone_gbm,5,3850,1.11251,0.254153
occupancy,1,3,zone_gbm,6,3850,1.09963,0.249728
occupancy,1,3,zone_gbm,7,3850,1.25907,0.29339
occupancy,1,3,zone_gbm,8,3850,1.76456,0.422405
occupancy,1,3,zone_gbm,9,3850,1.92751,0.501426
occupancy,1,3,zone_gbm,10,3850,1.68336,0.446794
occupancy,1,3,zone_gbm,11,3850,1.93917,0.485586
occupancy,1,3,zone_gbm,12,3850,1.86005,0.484004
occupancy,1,3,zone_gbm,13,3850,1.81214,0.462342
occupancy,1,3,zone_gbm,14,3850,1.58102,0.41102
occupancy,1,3,zone_gbm,15,3850,1.54673,0.402387
occupancy,1,3,zone_gbm,16,3850,1.51232,0.399321
occupancy,1,3,zone_gbm,17,3850,1.66284,0.427374
occupancy,1,3,zone_gbm,18,3850,1.60652,0.427341
occupancy,1,3,zone_gbm,19,3850,1.94943,0.497537
occupancy,1,3,zone_gbm,20,3850,1.74896,0.449249
occupancy,1,3,zone_gbm,21,3850,1.71319,0.421663
occupancy,1,3,zone_gbm,22,3850,1.64308,0.396695
occupancy,1,3,zone_gbm,23,3850,1.54206,0.372699
occupancy,1,3,global_ridge,0,3850,1.71133,0.461534
occupancy,1,3,global_ridge,1,3850,1.60986,0.418407
occupancy,1,3,global_ridge,2,3850,1.2643,0.344279
occupancy,1,3,global_ridge,3,3850,1.18435,0.309988
occupancy,1,3,global_ridge,4,3850,1.19758,0.299827
occupancy,1,3,global_ridge,5,3850,1.1786,0.301771
occupancy,1,3,global_ridge,6,3850,1.22053,0.332696
occupancy,1,3,global_ridge,7,3850,1.32077,0.370572
occupancy,1,3,global_ridge,8,3850,1.62875,0.441196
occupancy,1,3,global_ridge,9,3850,2.11752,0.581932
occupancy,1,3,global_ridge,10,3850,1.74579,0.504003
occupancy,1,3,global_ridge,11,3850,1.96397,0.548524
occupancy,1,3,global_ridge,12,3850,1.89867,0.529625
occupancy,1,3,global_ridge,13,3850,1.85522,0.496387
occupancy,1,3,global_ridge,14,3850,1.58584,0.430111
occupancy,1,3,global_ridge,15,3850,1.49125,0.409737
occupancy,1,3,global_ridge,16,3850,1.41697,0.408445
occupancy,1,3,global_ridge,17,3850,1.54562,0.442744
occupancy,1,3,global_ridge,18,3850,1.53537,0.45269
occupancy,1,3,global_ridge,19,3850,1.97669,0.551842
occupancy,1,3,global_ridge,20,3850,1.82432,0.51679
occupancy,1,3,global_ridge,21,3850,1.64275,0.464793
occupancy,1,3,global_ridge,22,3850,1.54564,0.442561
occupancy,1,3,global_ridge,23,3850,1.43765,0.421287
occupancy,1,3,global_gbm,0,3850,1.53799,0.355996
occupancy,1,3,global_gbm,1,3850,1.4153,0.332525
occupancy,1,3,global_gbm,2,3850,0.952585,0.227935
occupancy,1,3,global_gbm,3,3850,0.949015,0.222834
occupancy,1,3,global_gbm,4,3850,0.972417,0.217947
occupancy,1,3,global_gbm,5,3850,0.953368,0.218328
occupancy,1,3,global_gbm,6,3850,0.960414,0.223759
occupancy,1,3,global_gbm,7,3850,1.09634,0.257071
occupancy,1,3,global_gbm,8,3850,1.44708,0.363023
occupancy,1,3,global_gbm,9,3850,1.85774,0.491839
occupancy,1,3,global_gbm,10,3850,1.42785,0.387803
occupancy,1,3,global_gbm,11,3850,1.67379,0.41568
occupancy,1,3,global_gbm,12,3850,1.6513,0.434709
occupancy,1,3,global_gbm,13,3850,1.6368,0.423838
occupancy,1,3,global_gbm,14,3850,1.36852,0.357766
occupancy,1,3,global_gbm,15,3850,1.27073,0.337298
occupancy,1,3,global_gbm,16,3850,1.21687,0.330635
occupancy,1,3,global_gbm,17,3850,1.36951,0.362662
occupancy,1,3,global_gbm,18,3850,1.34882,0.381857
occupancy,1,3,global_gbm,19,3850,1.83948,0.487486
occupancy,1,3,global_gbm,20,3850,1.54676,0.411637
occupancy,1,3,global_gbm,21,3850,1.42439,0.366422
occupancy,1,3,global_gbm,22,3850,1.31568,0.329439
occupancy,1,3,global_gbm,23,3850,1.17083,0.297245
occupancy,1,4,last_observation,0,3850,1.5074,0.341715
occupancy,1,4,last_observation,1,3850,1.48455,0.325009
occupancy,1,4,last_observation,2,3850,0.996364,0.210606
occupancy,1,4,last_observation,3,3850,0.781948,0.15923
occupancy,1,4,last_observation,4,3850,0.604545,0.124799
occupancy,1,4,last_observation,5,3850,0.58961,0.121929
occupancy,1,4,last_observation,6,3850,0.792727,0.153272
occupancy,1,4,last_observation,7,3850,1.28078,0.267319
occupancy,1,4,last_observation,8,3850,3.48351,0.753097
occupancy,1,4,last_observation,9,3850,3.58221,0.829501
occupancy,1,4,last_observation,10,3850,2.02416,0.513304
occupancy,1,4,last_observation,11,3850,1.44701,0.377335
occupancy,1,4,last_observation,12,3850,1.39844,0.366556
occupancy,1,4,last_observation,13,3850,1.65519,0.420415
occupancy,1,4,last_observation,14,3850,1.45714,0.385879
occupancy,1,4,last_observation,15,3850,1.31117,0.359907
occupancy,1,4,last_observation,16,3850,1.24273,0.340728
occupancy,1,4,last_observation,17,3850,1.4561,0.404887
occupancy,1,4,last_observation,18,3850,1.86714,0.492065
occupancy,1,4,last_observation,19,3850,2.56662,0.636432
occupancy,1,4,last_observation,20,3850,2.47584,0.563932
occupancy,1,4,last_observation,21,3850,1.90403,0.453996
occupancy,1,4,last_observation,22,3850,1.79701,0.431638
occupancy,1,4,last_observation,23,3850,1.54208,0.362983
occupancy,1,4,seasonal_naive_daily,0,3850,3.09195,0.900916
occupancy,1,4,seasonal_naive_daily,1,3850,3.06571,0.89387
occupancy,1,4,seasonal_naive_daily,2,3850,3.02701,0.885289
occupancy,1,4,seasonal_naive_daily,3,3850,2.99714,0.868294
occupancy,1,4,seasonal_naive_daily,4,3850,2.87818,0.864335
occupancy,1,4,seasonal_naive_daily,5,3850,2.9787,0.874297
occupancy,1,4,seasonal_naive_daily,6,3850,3.07818,0.888452
occupancy,1,4,seasonal_naive_daily,7,3850,2.97636,0.88124
occupancy,1,4,seasonal_naive_daily,8,3850,3.40727,0.932803
occupancy,1,4,seasonal_naive_daily,9,3850,3.51948,0.969117
occupancy,1,4,seasonal_naive_daily,10,3850,3.57662,0.994557
occupancy,1,4,seasonal_naive_daily,11,3850,3.58935,0.979912
occupancy,1,4,seasonal_naive_daily,12,3850,3.46597,0.965975
occupancy,1,4,seasonal_naive_daily,13,3850,3.38026,0.947962
occupancy,1,4,seasonal_naive_daily,14,3850,3.31195,0.937868
occupancy,1,4,seasonal_naive_daily,15,3850,3.28753,0.931995
occupancy,1,4,seasonal_naive_daily,16,3850,3.22208,0.921969
occupancy,1,4,seasonal_naive_daily,17,3850,3.33221,0.950993
occupancy,1,4,seasonal_naive_daily,18,3850,3.16753,0.910032
occupancy,1,4,seasonal_naive_daily,19,3850,3.19558,0.885014
occupancy,1,4,seasonal_naive_daily,20,3850,3,0.864857
occupancy,1,4,seasonal_naive_daily,21,3850,2.96494,0.863445
occupancy,1,4,seasonal_naive_daily,22,3850,2.96753,0.868143
occupancy,1,4,seasonal_naive_daily,23,3850,3.02597,0.879143
occupancy,1,4,seasonal_naive_weekly,0,3850,4.10403,1.11783
occupancy,1,4,seasonal_naive_weekly,1,3850,4.06416,1.11436
occupancy,1,4,seasonal_naive_weekly,2,3850,4.00156,1.11023
occupancy,1,4,seasonal_naive_weekly,3,3850,3.96013,1.09549
occupancy,1,4,seasonal_naive_weekly,4,3850,3.91377,1.09354
occupancy,1,4,seasonal_naive_weekly,5,3850,4.02026,1.10447
occupancy,1,4,seasonal_naive_weekly,6,3850,4.04182,1.1114
occupancy,1,4,seasonal_naive_weekly,7,3850,3.87325,1.08127
occupancy,1,4,seasonal_naive_weekly,8,3850,3.74753,1.04482
occupancy,1,4,seasonal_naive_weekly,9,3850,3.6961,1.06065
occupancy,1,4,seasonal_naive_weekly,10,3850,3.67636,1.05818
occupancy,1,4,seasonal_naive_weekly,11,3850,3.92377,1.10759
occupancy,1,4,seasonal_naive_weekly,12,3850,3.67403,1.05891
occupancy,1,4,seasonal_naive_weekly,13,3850,3.81494,1.08158
occupancy,1,4,seasonal_naive_weekly,14,3850,3.69571,1.06713
occupancy,1,4,seasonal_naive_weekly,15,3850,3.70273,1.07382
occupancy,1,4,seasonal_naive_weekly,16,3850,3.70506,1.05822
occupancy,1,4,seasonal_naive_weekly,17,3850,3.83429,1.08926
occupancy,1,4,seasonal_naive_weekly,18,3850,3.77039,1.07678
occupancy,1,4,seasonal_naive_weekly,19,3850,3.81221,1.06009
occupancy,1,4,seasonal_naive_weekly,20,3850,3.74234,1.06012
occupancy,1,4,seasonal_naive_weekly,21,3850,3.72195,1.05314
occupancy,1,4,seasonal_naive_weekly,22,3850,3.82442,1.07136
occupancy,1,4,seasonal_naive_weekly,23,3850,3.86494,1.07509
occupancy,1,4,autoregressive,0,3850,1.3475,0.353512
occupancy,1,4,autoregressive,1,3850,1.37252,0.346115
occupancy,1,4,autoregressive,2,3850,1.1317,0.282067
occupancy,1,4,autoregressive,3,3850,1.03523,0.252624
occupancy,1,4,autoregressive,4,3850,0.947254,0.2405
occupancy,1,4,autoregressive,5,3850,1.02601,0.248826
occupancy,1,4,autoregressive,6,3850,1.25874,0.284994
occupancy,1,4,autoregressive,7,3850,1.45501,0.347897
occupancy,1,4,autoregressive,8,3850,2.39773,0.581662
occupancy,1,4,autoregressive,9,3850,2.48039,0.648151
occupancy,1,4,autoregressive,10,3850,1.82611,0.50802
occupancy,1,4,autoregressive,11,3850,1.5854,0.427199
occupancy,1,4,autoregressive,12,3850,1.51008,0.413569
occupancy,1,4,autoregressive,13,3850,1.54288,0.420174
occupancy,1,4,autoregressive,14,3850,1.4589,0.407674
occupancy,1,4,autoregressive,15,3850,1.49708,0.415186
occupancy,1,4,autoregressive,16,3850,1.43591,0.398575
occupancy,1,4,autoregressive,17,3850,1.65068,0.460904
occupancy,1,4,autoregressive,18,3850,1.70056,0.478339
occupancy,1,4,autoregressive,19,3850,1.95087,0.534626
occupancy,1,4,autoregressive,20,3850,1.73381,0.475534
occupancy,1,4,autoregressive,21,3850,1.57224,0.427742
occupancy,1,4,autoregressive,22,3850,1.53195,0.420494
occupancy,1,4,autoregressive,23,3850,1.44161,0.385099
occupancy,1,4,zone_ridge,0,3850,1.43127,0.3725
occupancy,1,4,zone_ridge,1,3850,1.38645,0.352257
occupancy,1,4,zone_ridge,2,3850,1.21901,0.307125
occupancy,1,4,zone_ridge,3,3850,1.13937,0.279308
occupancy,1,4,zone_ridge,4,3850,1.03392,0.262775
occupancy,1,4,zone_ridge,5,3850,1.15649,0.279249
occupancy,1,4,zone_ridge,6,3850,1.27921,0.300858
occupancy,1,4,zone_ridge,7,3850,1.2475,0.324704
occupancy,1,4,zone_ridge,8,3850,2.27917,0.555452
occupancy,1,4,zone_ridge,9,3850,2.26506,0.601159
occupancy,1,4,zone_ridge,10,3850,1.77206,0.500733
occupancy,1,4,zone_ridge,11,3850,1.54492,0.430282
occupancy,1,4,zone_ridge,12,3850,1.49849,0.420541
occupancy,1,4,zone_ridge,13,3850,1.53899,0.426312
occupancy,1,4,zone_ridge,14,3850,1.47859,0.41576
occupancy,1,4,zone_ridge,15,3850,1.55529,0.427762
occupancy,1,4,zone_ridge,16,3850,1.54575,0.423633
occupancy,1,4,zone_ridge,17,3850,1.79398,0.491169
occupancy,1,4,zone_ridge,18,3850,1.74498,0.492803
occupancy,1,4,zone_ridge,19,3850,1.89116,0.525657
occupancy,1,4,zone_ridge,20,3850,1.79581,0.488849
occupancy,1,4,zone_ridge,21,3850,1.63046,0.441021
occupancy,1,4,zone_ridge,22,3850,1.58095,0.43185
occupancy,1,4,zone_ridge,23,3850,1.50956,0.402669
occupancy,1,4,zone_gbm,0,3850,1.45914,0.373173
occupancy,1,4,zone_gbm,1,3850,1.37956,0.347091
occupancy,1,4,zone_gbm,2,3850,1.21787,0.300107
occupancy,1,4,zone_gbm,3,3850,1.12179,0.272276
occupancy,1,4,zone_gbm,4,3850,0.994541,0.249381
occupancy,1,4,zone_gbm,5,3850,1.06139,0.254441
occupancy,1,4,zone_gbm,6,3850,1.14128,0.267055
occupancy,1,4,zone_gbm,7,3850,1.29403,0.327292
occupancy,1,4,zone_gbm,8,3850,2.03625,0.51846
occupancy,1,4,zone_gbm,9,3850,2.03557,0.551334
occupancy,1,4,zone_gbm,10,3850,1.74208,0.495681
occupancy,1,4,zone_gbm,11,3850,1.67908,0.454516
occupancy,1,4,zone_gbm,12,3850,1.6283,0.446884
occupancy,1,4,zone_gbm,13,3850,1.58956,0.442175
occupancy,1,4,zone_gbm,14,3850,1.5712,0.439856
occupancy,1,4,zone_gbm,15,3850,1.61474,0.446855
occupancy,1,4,zone_gbm,16,3850,1.55,0.426402
occupancy,1,4,zone_gbm,17,3850,1.71546,0.479788
occupancy,1,4,zone_gbm,18,3850,1.70883,0.48991
occupancy,1,4,zone_gbm,19,3850,1.94997,0.533282
occupancy,1,4,zone_gbm,20,3850,1.82369,0.496161
occupancy,1,4,zone_gbm,21,3850,1.71682,0.460022
occupancy,1,4,zone_gbm,22,3850,1.61508,0.442743
occupancy,1,4,zone_gbm,23,3850,1.54286,0.409742
occupancy,1,4,global_ridge,0,3850,1.67295,0.470592
occupancy,1,4,global_ridge,1,3850,1.68795,0.456661
occupancy,1,4,global_ridge,2,3850,1.42666,0.392644
occupancy,1,4,global_ridge,3,3850,1.34411,0.354722
occupancy,1,4,global_ridge,4,3850,1.22838,0.337416
occupancy,1,4,global_ridge,5,3850,1.27094,0.345319
occupancy,1,4,global_ridge,6,3850,1.40881,0.378454
occupancy,1,4,global_ridge,7,3850,1.46119,0.413641
occupancy,1,4,global_ridge,8,3850,2.44227,0.596992
occupancy,1,4,global_ridge,9,3850,2.7189,0.705645
occupancy,1,4,global_ridge,10,3850,2.04306,0.588079
occupancy,1,4,global_ridge,11,3850,1.72611,0.501859
occupancy,1,4,global_ridge,12,3850,1.65986,0.484855
occupancy,1,4,global_ridge,13,3850,1.74537,0.499655
occupancy,1,4,global_ridge,14,3850,1.58184,0.458996
occupancy,1,4,global_ridge,15,3850,1.58819,0.458479
occupancy,1,4,global_ridge,16,3850,1.54434,0.44889
occupancy,1,4,global_ridge,17,3850,1.72859,0.504847
occupancy,1,4,global_ridge,18,3850,1.75071,0.518124
occupancy,1,4,global_ridge,19,3850,2.02812,0.571987
occupancy,1,4,global_ridge,20,3850,1.9551,0.538371
occupancy,1,4,global_ridge,21,3850,1.79058,0.503007
occupancy,1,4,global_ridge,22,3850,1.73785,0.494537
occupancy,1,4,global_ridge,23,3850,1.65811,0.469048
occupancy,1,4,global_gbm,0,3850,1.4011,0.359735
occupancy,1,4,global_gbm,1,3850,1.39505,0.345893
occupancy,1,4,global_gbm,2,3850,1.14423,0.282451
occupancy,1,4,global_gbm,3,3850,1.02866,0.247052
occupancy,1,4,global_gbm,4,3850,0.90985,0.229214
occupancy,1,4,global_gbm,5,3850,0.957448,0.229428
occupancy,1,4,global_gbm,6,3850,1.0421,0.244963
occupancy,1,4,global_gbm,7,3850,1.17075,0.294092
occupancy,1,4,global_gbm,8,3850,1.86476,0.492493
occupancy,1,4,global_gbm,9,3850,2.15671,0.60454
occupancy,1,4,global_gbm,10,3850,1.61455,0.471432
occupancy,1,4,global_gbm,11,3850,1.52766,0.41506
occupancy,1,4,global_gbm,12,3850,1.44211,0.402705
occupancy,1,4,global_gbm,13,3850,1.49663,0.413237
occupancy,1,4,global_gbm,14,3850,1.39199,0.391983
occupancy,1,4,global_gbm,15,3850,1.39034,0.390864
occupancy,1,4,global_gbm,16,3850,1.31447,0.374201
occupancy,1,4,global_gbm,17,3850,1.56161,0.441142
occupancy,1,4,global_gbm,18,3850,1.64399,0.470048
occupancy,1,4,global_gbm,19,3850,1.97049,0.541737
occupancy,1,4,global_gbm,20,3850,1.75151,0.476799
occupancy,1,4,global_gbm,21,3850,1.64295,0.433899
occupancy,1,4,global_gbm,22,3850,1.534,0.413436
occupancy,1,4,global_gbm,23,3850,1.39502,0.370065
occupancy,1,5,last_observation,0,3850,1.21247,0.297334
occupancy,1,5,last_observation,1,3850,0.973766,0.235118
occupancy,1,5,last_observation,2,3850,0.497403,0.114334
occupancy,1,5,last_observation,3,3850,0.41039,0.0874039
occupancy,1,5,last_observation,4,3850,0.323117,0.0720043
occupancy,1,5,last_observation,5,3850,0.336883,0.0779852
occupancy,1,5,last_observation,6,3850,0.385455,0.0895485
occupancy,1,5,last_observation,7,3850,0.605974,0.131761
occupancy,1,5,last_observation,8,3850,1.5213,0.328619
occupancy,1,5,last_observation,9,3850,1.6587,0.386037
occupancy,1,5,last_observation,10,3850,1.39299,0.359815
occupancy,1,5,last_observation,11,3850,1.20026,0.316804
occupancy,1,5,last_observation,12,3850,1.1587,0.316189
occupancy,1,5,last_observation,13,3850,1.0826,0.288831
occupancy,1,5,last_observation,14,3850,0.937662,0.244194
occupancy,1,5,last_observation,15,3850,0.820779,0.219193
occupancy,1,5,last_observation,16,3850,1.00104,0.282727
occupancy,1,5,last_observation,17,3850,1.03377,0.291831
occupancy,1,5,last_observation,18,3850,1.14182,0.305702
occupancy,1,5,last_observation,19,3850,1.4987,0.377614
occupancy,1,5,last_observation,20,3850,1.38052,0.336332
occupancy,1,5,last_observation,21,3850,1.26805,0.331551
occupancy,1,5,last_observation,22,3850,1.22662,0.31466
occupancy,1,5,last_observation,23,3850,1.1074,0.280955
occupancy,1,5,seasonal_naive_daily,0,3850,2.48182,0.693399
occupancy,1,5,seasonal_naive_daily,1,3850,2.41429,0.675369
occupancy,1,5,seasonal_naive_daily,2,3850,2.4174,0.674059
occupancy,1,5,seasonal_naive_daily,3,3850,2.46078,0.682761
occupancy,1,5,seasonal_naive_daily,4,3850,2.35584,0.663429
occupancy,1,5,seasonal_naive_daily,5,3850,2.40935,0.679452
occupancy,1,5,seasonal_naive_daily,6,3850,2.42519,0.674603
occupancy,1,5,seasonal_naive_daily,7,3850,2.34675,0.658857
occupancy,1,5,seasonal_naive_daily,8,3850,2.31974,0.649103
occupancy,1,5,seasonal_naive_daily,9,3850,2.26701,0.645401
occupancy,1,5,seasonal_naive_daily,10,3850,2.72156,0.76519
occupancy,1,5,seasonal_naive_daily,11,3850,2.74208,0.785244
occupancy,1,5,seasonal_naive_daily,12,3850,2.30364,0.650621
occupancy,1,5,seasonal_naive_daily,13,3850,2.29039,0.648344
occupancy,1,5,seasonal_naive_daily,14,3850,2.20831,0.63106
occupancy,1,5,seasonal_naive_daily,15,3850,2.16805,0.619866
occupancy,1,5,seasonal_naive_daily,16,3850,2.50987,0.723582
occupancy,1,5,seasonal_naive_daily,17,3850,2.33273,0.658905
occupancy,1,5,seasonal_naive_daily,18,3850,2.43247,0.68598
occupancy,1,5,seasonal_naive_daily,19,3850,2.55273,0.730018
occupancy,1,5,seasonal_naive_daily,20,3850,2.63532,0.757695
occupancy,1,5,seasonal_naive_daily,21,3850,2.56883,0.718996
occupancy,1,5,seasonal_naive_daily,22,3850,2.73039,0.74336
occupancy,1,5,seasonal_naive_daily,23,3850,2.88805,0.781153
occupancy,1,5,seasonal_naive_weekly,0,3850,5.65338,1.41134
occupancy,1,5,seasonal_naive_weekly,1,3850,5.62338,1.39771
occupancy,1,5,seasonal_naive_weekly,2,3850,5.62961,1.39539
occupancy,1,5,seasonal_naive_weekly,3,3850,5.52909,1.37589
occupancy,1,5,seasonal_naive_weekly,4,3850,5.51481,1.38056
occupancy,1,5,seasonal_naive_weekly,5,3850,5.52649,1.38465
occupancy,1,5,seasonal_naive_weekly,6,3850,5.70208,1.40509
occupancy,1,5,seasonal_naive_weekly,7,3850,5.40675,1.35186
occupancy,1,5,seasonal_naive_weekly,8,3850,4.38727,1.16659
occupancy,1,5,seasonal_naive_weekly,9,3850,4.37714,1.21021
occupancy,1,5,seasonal_naive_weekly,10,3850,4.61974,1.27266
occupancy,1,5,seasonal_naive_weekly,11,3850,4.68649,1.31606
occupancy,1,5,seasonal_naive_weekly,12,3850,4.36935,1.22666
occupancy,1,5,seasonal_naive_weekly,13,3850,4.59909,1.28268
occupancy,1,5,seasonal_naive_weekly,14,3850,4.43909,1.25106
occupancy,1,5,seasonal_naive_weekly,15,3850,4.42325,1.23611
occupancy,1,5,seasonal_naive_weekly,16,3850,4.51195,1.2611
occupancy,1,5,seasonal_naive_weekly,17,3850,4.11273,1.14083
occupancy,1,5,seasonal_naive_weekly,18,3850,4.20299,1.16995
occupancy,1,5,seasonal_naive_weekly,19,3850,4.2987,1.18365
occupancy,1,5,seasonal_naive_weekly,20,3850,4.83351,1.27701
occupancy,1,5,seasonal_naive_weekly,21,3850,4.97961,1.27715
occupancy,1,5,seasonal_naive_weekly,22,3850,5.17247,1.29714
occupancy,1,5,seasonal_naive_weekly,23,3850,5.40909,1.34851
occupancy,1,5,autoregressive,0,3850,1.31248,0.342845
occupancy,1,5,autoregressive,1,3850,1.10504,0.296646
occupancy,1,5,autoregressive,2,3850,0.885988,0.226273
occupancy,1,5,autoregressive,3,3850,0.831354,0.209206
occupancy,1,5,autoregressive,4,3850,0.76886,0.193705
occupancy,1,5,autoregressive,5,3850,0.795584,0.203619
occupancy,1,5,autoregressive,6,3850,0.865784,0.214666
occupancy,1,5,autoregressive,7,3850,0.946095,0.230551
occupancy,1,5,autoregressive,8,3850,1.23368,0.307925
occupancy,1,5,autoregressive,9,3850,1.40555,0.366258
occupancy,1,5,autoregressive,10,3850,1.44037,0.396827
occupancy,1,5,autoregressive,11,3850,1.31774,0.367612
occupancy,1,5,autoregressive,12,3850,1.29009,0.358993
occupancy,1,5,autoregressive,13,3850,1.22483,0.336664
occupancy,1,5,autoregressive,14,3850,1.10747,0.301575
occupancy,1,5,autoregressive,15,3850,1.09272,0.295386
occupancy,1,5,autoregressive,16,3850,1.28798,0.363962
occupancy,1,5,autoregressive,17,3850,1.19459,0.340778
occupancy,1,5,autoregressive,18,3850,1.23574,0.348005
occupancy,1,5,autoregressive,19,3850,1.40861,0.390881
occupancy,1,5,autoregressive,20,3850,1.30402,0.359136
occupancy,1,5,autoregressive,21,3850,1.30465,0.358586
occupancy,1,5,autoregressive,22,3850,1.29484,0.354735
occupancy,1,5,autoregressive,23,3850,1.21317,0.327726
occupancy,1,5,zone_ridge,0,3850,1.71101,0.418154
occupancy,1,5,zone_ridge,1,3850,1.48007,0.368897
occupancy,1,5,zone_ridge,2,3850,1.28922,0.303851
occupancy,1,5,zone_ridge,3,3850,1.16548,0.272831
occupancy,1,5,zone_ridge,4,3850,1.10161,0.257469
occupancy,1,5,zone_ridge,5,3850,1.14043,0.269025
occupancy,1,5,zone_ridge,6,3850,1.21056,0.283922
occupancy,1,5,zone_ridge,7,3850,1.19781,0.287348
occupancy,1,5,zone_ridge,8,3850,1.40437,0.349456
occupancy,1,5,zone_ridge,9,3850,1.54307,0.40349
occupancy,1,5,zone_ridge,10,3850,1.73565,0.465423
occupancy,1,5,zone_ridge,11,3850,1.58556,0.436052
occupancy,1,5,zone_ridge,12,3850,1.58173,0.425246
occupancy,1,5,zone_ridge,13,3850,1.44374,0.396147
occupancy,1,5,zone_ridge,14,3850,1.28716,0.34866
occupancy,1,5,zone_ridge,15,3850,1.29421,0.343609
occupancy,1,5,zone_ridge,16,3850,1.54889,0.418721
occupancy,1,5,zone_ridge,17,3850,1.44878,0.393491
occupancy,1,5,zone_ridge,18,3850,1.48499,0.396861
occupancy,1,5,zone_ridge,19,3850,1.64218,0.433659
occupancy,1,5,zone_ridge,20,3850,1.68188,0.43583
occupancy,1,5,zone_ridge,21,3850,1.69327,0.428824
occupancy,1,5,zone_ridge,22,3850,1.67452,0.42573
occupancy,1,5,zone_ridge,23,3850,1.69006,0.419523
occupancy,1,5,zone_gbm,0,3850,1.69233,0.427353
occupancy,1,5,zone_gbm,1,3850,1.41398,0.364018
occupancy,1,5,zone_gbm,2,3850,1.19662,0.291
occupancy,1,5,zone_gbm,3,3850,1.09611,0.264197
occupancy,1,5,zone_gbm,4,3850,1.05416,0.254374
occupancy,1,5,zone_gbm,5,3850,1.0644,0.259188
occupancy,1,5,zone_gbm,6,3850,1.08686,0.262159
occupancy,1,5,zone_gbm,7,3850,1.21183,0.296623
occupancy,1,5,zone_gbm,8,3850,1.59589,0.41219
occupancy,1,5,zone_gbm,9,3850,1.69779,0.473865
occupancy,1,5,zone_gbm,10,3850,1.7474,0.4941
occupancy,1,5,zone_gbm,11,3850,1.6125,0.464943
occupancy,1,5,zone_gbm,12,3850,1.62299,0.462008
occupancy,1,5,zone_gbm,13,3850,1.57269,0.438852
occupancy,1,5,zone_gbm,14,3850,1.42663,0.399928
occupancy,1,5,zone_gbm,15,3850,1.42096,0.395127
occupancy,1,5,zone_gbm,16,3850,1.59482,0.451327
occupancy,1,5,zone_gbm,17,3850,1.4976,0.423002
occupancy,1,5,zone_gbm,18,3850,1.54885,0.425046
occupancy,1,5,zone_gbm,19,3850,1.87237,0.493516
occupancy,1,5,zone_gbm,20,3850,1.90522,0.497519
occupancy,1,5,zone_gbm,21,3850,1.82183,0.464827
occupancy,1,5,zone_gbm,22,3850,1.74456,0.449729
occupancy,1,5,zone_gbm,23,3850,1.70064,0.437369
occupancy,1,5,global_ridge,0,3850,1.69938,0.490245
occupancy,1,5,global_ridge,1,3850,1.47138,0.429663
occupancy,1,5,global_ridge,2,3850,1.26853,0.357752
occupancy,1,5,global_ridge,3,3850,1.18855,0.319582
occupancy,1,5,global_ridge,4,3850,1.11349,0.302072
occupancy,1,5,global_ridge,5,3850,1.13621,0.312748
occupancy,1,5,global_ridge,6,3850,1.20663,0.338276
occupancy,1,5,global_ridge,7,3850,1.18927,0.350702
occupancy,1,5,global_ridge,8,3850,1.36891,0.399303
occupancy,1,5,global_ridge,9,3850,1.59785,0.472869
occupancy,1,5,global_ridge,10,3850,1.73681,0.535672
occupancy,1,5,global_ridge,11,3850,1.56725,0.500572
occupancy,1,5,global_ridge,12,3850,1.4759,0.448115
occupancy,1,5,global_ridge,13,3850,1.39536,0.4244
occupancy,1,5,global_ridge,14,3850,1.22826,0.367658
occupancy,1,5,global_ridge,15,3850,1.2048,0.353233
occupancy,1,5,global_ridge,16,3850,1.46609,0.436502
occupancy,1,5,global_ridge,17,3850,1.33141,0.403526
occupancy,1,5,global_ridge,18,3850,1.37966,0.422539
occupancy,1,5,global_ridge,19,3850,1.61948,0.483119
occupancy,1,5,global_ridge,20,3850,1.65559,0.487434
occupancy,1,5,global_ridge,21,3850,1.61651,0.472883
occupancy,1,5,global_ridge,22,3850,1.57809,0.461119
occupancy,1,5,global_ridge,23,3850,1.61086,0.465839
occupancy,1,5,global_gbm,0,3850,1.36664,0.357348
occupancy,1,5,global_gbm,1,3850,1.17346,0.312526
occupancy,1,5,global_gbm,2,3850,0.883625,0.223375
occupancy,1,5,global_gbm,3,3850,0.813289,0.201
occupancy,1,5,global_gbm,4,3850,0.749756,0.188374
occupancy,1,5,global_gbm,5,3850,0.790645,0.198964
occupancy,1,5,global_gbm,6,3850,0.826425,0.204169
occupancy,1,5,global_gbm,7,3850,0.85713,0.215275
occupancy,1,5,global_gbm,8,3850,1.14506,0.304169
occupancy,1,5,global_gbm,9,3850,1.32738,0.363642
occupancy,1,5,global_gbm,10,3850,1.4427,0.402918
occupancy,1,5,global_gbm,11,3850,1.26398,0.367231
occupancy,1,5,global_gbm,12,3850,1.24726,0.358077
occupancy,1,5,global_gbm,13,3850,1.20021,0.340436
occupancy,1,5,global_gbm,14,3850,1.02708,0.293532
occupancy,1,5,global_gbm,15,3850,1.00835,0.285985
occupancy,1,5,global_gbm,16,3850,1.2451,0.360671
occupancy,1,5,global_gbm,17,3850,1.13152,0.333098
occupancy,1,5,global_gbm,18,3850,1.2018,0.344055
occupancy,1,5,global_gbm,19,3850,1.41966,0.392337
occupancy,1,5,global_gbm,20,3850,1.40074,0.378936
occupancy,1,5,global_gbm,21,3850,1.35506,0.371925
occupancy,1,5,global_gbm,22,3850,1.28872,0.352553
occupancy,1,5,global_gbm,23,3850,1.24193,0.336941
occupancy,1,6,last_observation,0,3850,1.31532,0.328257
occupancy,1,6,last_observation,1,3850,1.20753,0.26413
occupancy,1,6,last_observation,2,3850,0.548312,0.129727
occupancy,1,6,last_observation,3,3850,0.451169,0.0996748
occupancy,1,6,last_observation,4,3850,0.350909,0.0798378
occupancy,1,6,last_observation,5,3850,0.567792,0.149755
occupancy,1,6,last_observation,6,3850,0.680779,0.171772
occupancy,1,6,last_observation,7,3850,1.17143,0.296153
occupancy,1,6,last_observation,8,3850,3.23325,0.719786
occupancy,1,6,last_observation,9,3850,3.22675,0.757596
occupancy,1,6,last_observation,10,3850,1.53818,0.377329
occupancy,1,6,last_observation,11,3850,0.937403,0.249421
occupancy,1,6,last_observation,12,3850,0.857143,0.232433
occupancy,1,6,last_observation,13,3850,1.70987,0.469098
occupancy,1,6,last_observation,14,3850,1.17818,0.314085
occupancy,1,6,last_observation,15,3850,1.15481,0.313366
occupancy,1,6,last_observation,16,3850,0.980519,0.28095
occupancy,1,6,last_observation,17,3850,1.07481,0.30537
occupancy,1,6,last_observation,18,3850,1.38779,0.37241
occupancy,1,6,last_observation,19,3850,2.19117,0.543314
occupancy,1,6,last_observation,20,3850,2.05922,0.456322
occupancy,1,6,last_observation,21,3850,1.44675,0.340826
occupancy,1,6,last_observation,22,3850,1.36805,0.324797
occupancy,1,6,last_observation,23,3850,1.06208,0.255843
occupancy,1,6,seasonal_naive_daily,0,3850,2.9026,0.837262
occupancy,1,6,seasonal_naive_daily,1,3850,2.75403,0.812883
occupancy,1,6,seasonal_naive_daily,2,3850,2.76883,0.816496
occupancy,1,6,seasonal_naive_daily,3,3850,2.77143,0.812722
occupancy,1,6,seasonal_naive_daily,4,3850,2.74935,0.811172
occupancy,1,6,seasonal_naive_daily,5,3850,2.88519,0.854642
occupancy,1,6,seasonal_naive_daily,6,3850,2.8239,0.840959
occupancy,1,6,seasonal_naive_daily,7,3850,2.98753,0.87382
occupancy,1,6,seasonal_naive_daily,8,3850,3.53273,0.977933
occupancy,1,6,seasonal_naive_daily,9,3850,3.67922,0.997094
occupancy,1,6,seasonal_naive_daily,10,3850,3.61403,1.00019
occupancy,1,6,seasonal_naive_daily,11,3850,3.49818,0.97912
occupancy,1,6,seasonal_naive_daily,12,3850,3.45065,0.960298
occupancy,1,6,seasonal_naive_daily,13,3850,3.59403,1.01669
occupancy,1,6,seasonal_naive_daily,14,3850,3.61299,1.0155
occupancy,1,6,seasonal_naive_daily,15,3850,3.48597,0.9847
occupancy,1,6,seasonal_naive_daily,16,3850,3.46078,0.98442
occupancy,1,6,seasonal_naive_daily,17,3850,3.61351,1.02325
occupancy,1,6,seasonal_naive_daily,18,3850,3.54078,1.00206
occupancy,1,6,seasonal_naive_daily,19,3850,3.27844,0.927895
occupancy,1,6,seasonal_naive_daily,20,3850,3.08078,0.900494
occupancy,1,6,seasonal_naive_daily,21,3850,2.98026,0.871305
occupancy,1,6,seasonal_naive_daily,22,3850,2.8813,0.854513
occupancy,1,6,seasonal_naive_daily,23,3850,2.87584,0.855107
occupancy,1,6,seasonal_naive_weekly,0,3850,5.40156,1.57889
occupancy,1,6,seasonal_naive_weekly,1,3850,5.5787,1.6152
occupancy,1,6,seasonal_naive_weekly,2,3850,5.51117,1.59969
occupancy,1,6,seasonal_naive_weekly,3,3850,5.4761,1.5922
occupancy,1,6,seasonal_naive_weekly,4,3850,5.48104,1.59479
occupancy,1,6,seasonal_naive_weekly,5,3850,5.49558,1.58867
occupancy,1,6,seasonal_naive_weekly,6,3850,5.51169,1.60155
occupancy,1,6,seasonal_naive_weekly,7,3850,5.51351,1.59712
occupancy,1,6,seasonal_naive_weekly,8,3850,5.36468,1.57858
occupancy,1,6,seasonal_naive_weekly,9,3850,5.46,1.60048
occupancy,1,6,seasonal_naive_weekly,10,3850,5.45844,1.60534
occupancy,1,6,seasonal_naive_weekly,11,3850,5.37377,1.58779
occupancy,1,6,seasonal_naive_weekly,12,3850,5.31896,1.57591
occupancy,1,6,seasonal_naive_weekly,13,3850,4.91766,1.46004
occupancy,1,6,seasonal_naive_weekly,14,3850,5.08052,1.50098
occupancy,1,6,seasonal_naive_weekly,15,3850,4.84753,1.44124
occupancy,1,6,seasonal_naive_weekly,16,3850,4.93714,1.47021
occupancy,1,6,seasonal_naive_weekly,17,3850,4.99922,1.46507
occupancy,1,6,seasonal_naive_weekly,18,3850,4.93974,1.46667
occupancy,1,6,seasonal_naive_weekly,19,3850,4.85013,1.4527
occupancy,1,6,seasonal_naive_weekly,20,3850,4.80727,1.4564
occupancy,1,6,seasonal_naive_weekly,21,3850,4.79714,1.449
occupancy,1,6,seasonal_naive_weekly,22,3850,4.83844,1.45404
occupancy,1,6,seasonal_naive_weekly,23,3850,4.86442,1.45405
occupancy,1,6,autoregressive,0,3850,1.46078,0.390166
occupancy,1,6,autoregressive,1,3850,1.23312,0.318198
occupancy,1,6,autoregressive,2,3850,0.944002,0.248324
occupancy,1,6,autoregressive,3,3850,0.89005,0.226425
occupancy,1,6,autoregressive,4,3850,0.839636,0.219563
occupancy,1,6,autoregressive,5,3850,1.068,0.28722
occupancy,1,6,autoregressive,6,3850,1.15331,0.300456
occupancy,1,6,autoregressive,7,3850,1.48454,0.383547
occupancy,1,6,autoregressive,8,3850,2.41648,0.600663
occupancy,1,6,autoregressive,9,3850,2.42084,0.631811
occupancy,1,6,autoregressive,10,3850,1.58165,0.426997
occupancy,1,6,autoregressive,11,3850,1.23231,0.344168
occupancy,1,6,autoregressive,12,3850,1.20929,0.335092
occupancy,1,6,autoregressive,13,3850,1.74319,0.492068
occupancy,1,6,autoregressive,14,3850,1.4517,0.400477
occupancy,1,6,autoregressive,15,3850,1.4004,0.389086
occupancy,1,6,autoregressive,16,3850,1.34649,0.378697
occupancy,1,6,autoregressive,17,3850,1.40378,0.395743
occupancy,1,6,autoregressive,18,3850,1.47369,0.417712
occupancy,1,6,autoregressive,19,3850,1.73259,0.482449
occupancy,1,6,autoregressive,20,3850,1.51174,0.408798
occupancy,1,6,autoregressive,21,3850,1.29281,0.354751
occupancy,1,6,autoregressive,22,3850,1.28242,0.350424
occupancy,1,6,autoregressive,23,3850,1.15092,0.312955
occupancy,1,6,zone_ridge,0,3850,1.66742,0.443803
occupancy,1,6,zone_ridge,1,3850,1.44019,0.368664
occupancy,1,6,zone_ridge,2,3850,1.2085,0.310692
occupancy,1,6,zone_ridge,3,3850,1.14224,0.283666
occupancy,1,6,zone_ridge,4,3850,1.12418,0.278205
occupancy,1,6,zone_ridge,5,3850,1.38764,0.349785
occupancy,1,6,zone_ridge,6,3850,1.42267,0.354396
occupancy,1,6,zone_ridge,7,3850,1.56229,0.406822
occupancy,1,6,zone_ridge,8,3850,2.3732,0.597528
occupancy,1,6,zone_ridge,9,3850,2.32903,0.616831
occupancy,1,6,zone_ridge,10,3850,1.65198,0.455449
occupancy,1,6,zone_ridge,11,3850,1.33541,0.376131
occupancy,1,6,zone_ridge,12,3850,1.33798,0.369793
occupancy,1,6,zone_ridge,13,3850,1.80932,0.511689
occupancy,1,6,zone_ridge,14,3850,1.4903,0.414065
occupancy,1,6,zone_ridge,15,3850,1.53038,0.417201
occupancy,1,6,zone_ridge,16,3850,1.48732,0.412017
occupancy,1,6,zone_ridge,17,3850,1.55074,0.434046
occupancy,1,6,zone_ridge,18,3850,1.57763,0.443517
occupancy,1,6,zone_ridge,19,3850,1.81499,0.504611
occupancy,1,6,zone_ridge,20,3850,1.75824,0.463967
occupancy,1,6,zone_ridge,21,3850,1.55809,0.416975
occupancy,1,6,zone_ridge,22,3850,1.48905,0.403906
occupancy,1,6,zone_ridge,23,3850,1.38613,0.373193
occupancy,1,6,zone_gbm,0,3850,1.73802,0.471811
occupancy,1,6,zone_gbm,1,3850,1.40305,0.377928
occupancy,1,6,zone_gbm,2,3850,1.2111,0.326899
occupancy,1,6,zone_gbm,3,3850,1.1312,0.298858
occupancy,1,6,zone_gbm,4,3850,1.06157,0.285169
occupancy,1,6,zone_gbm,5,3850,1.25299,0.344762
occupancy,1,6,zone_gbm,6,3850,1.19211,0.331308
occupancy,1,6,zone_gbm,7,3850,1.50748,0.414417
occupancy,1,6,zone_gbm,8,3850,2.17362,0.590805
occupancy,1,6,zone_gbm,9,3850,2.14647,0.608036
occupancy,1,6,zone_gbm,10,3850,1.73224,0.481153
occupancy,1,6,zone_gbm,11,3850,1.48732,0.416357
occupancy,1,6,zone_gbm,12,3850,1.48495,0.419449
occupancy,1,6,zone_gbm,13,3850,1.82278,0.523614
occupancy,1,6,zone_gbm,14,3850,1.60353,0.448084
occupancy,1,6,zone_gbm,15,3850,1.61082,0.447123
occupancy,1,6,zone_gbm,16,3850,1.55077,0.438599
occupancy,1,6,zone_gbm,17,3850,1.60108,0.453541
occupancy,1,6,zone_gbm,18,3850,1.66629,0.472251
occupancy,1,6,zone_gbm,19,3850,1.90464,0.539778
occupancy,1,6,zone_gbm,20,3850,1.7587,0.489984
occupancy,1,6,zone_gbm,21,3850,1.57021,0.44297
occupancy,1,6,zone_gbm,22,3850,1.51554,0.42837
occupancy,1,6,zone_gbm,23,3850,1.44428,0.40754
occupancy,1,6,global_ridge,0,3850,1.66251,0.483302
occupancy,1,6,global_ridge,1,3850,1.54153,0.426603
occupancy,1,6,global_ridge,2,3850,1.17997,0.342826
occupancy,1,6,global_ridge,3,3850,1.12988,0.322401
occupancy,1,6,global_ridge,4,3850,1.09786,0.319406
occupancy,1,6,global_ridge,5,3850,1.28726,0.379711
occupancy,1,6,global_ridge,6,3850,1.31389,0.395254
occupancy,1,6,global_ridge,7,3850,1.54326,0.462263
occupancy,1,6,global_ridge,8,3850,2.4817,0.650158
occupancy,1,6,global_ridge,9,3850,2.69482,0.722585
occupancy,1,6,global_ridge,10,3850,1.90706,0.560107
occupancy,1,6,global_ridge,11,3850,1.49717,0.474642
occupancy,1,6,global_ridge,12,3850,1.44946,0.45125
occupancy,1,6,global_ridge,13,3850,1.98047,0.595308
occupancy,1,6,global_ridge,14,3850,1.6341,0.484962
occupancy,1,6,global_ridge,15,3850,1.58039,0.453717
occupancy,1,6,global_ridge,16,3850,1.47085,0.437517
occupancy,1,6,global_ridge,17,3850,1.55944,0.466374
occupancy,1,6,global_ridge,18,3850,1.56828,0.472327
occupancy,1,6,global_ridge,19,3850,1.8544,0.546471
occupancy,1,6,global_ridge,20,3850,1.83551,0.517265
occupancy,1,6,global_ridge,21,3850,1.59946,0.461288
occupancy,1,6,global_ridge,22,3850,1.52324,0.450856
occupancy,1,6,global_ridge,23,3850,1.38379,0.415271
occupancy,1,6,global_gbm,0,3850,1.45613,0.401047
occupancy,1,6,global_gbm,1,3850,1.19553,0.322682
occupancy,1,6,global_gbm,2,3850,0.897494,0.245567
occupancy,1,6,global_gbm,3,3850,0.804932,0.217142
occupancy,1,6,global_gbm,4,3850,0.743473,0.206425
occupancy,1,6,global_gbm,5,3850,0.969388,0.271285
occupancy,1,6,global_gbm,6,3850,0.980179,0.272229
occupancy,1,6,global_gbm,7,3850,1.28634,0.355226
occupancy,1,6,global_gbm,8,3850,1.96357,0.539764
occupancy,1,6,global_gbm,9,3850,2.16043,0.606645
occupancy,1,6,global_gbm,10,3850,1.41203,0.408037
occupancy,1,6,global_gbm,11,3850,1.12737,0.32933
occupancy,1,6,global_gbm,12,3850,1.1128,0.326666
occupancy,1,6,global_gbm,13,3850,1.70683,0.499535
occupancy,1,6,global_gbm,14,3850,1.36662,0.387251
occupancy,1,6,global_gbm,15,3850,1.33442,0.383861
occupancy,1,6,global_gbm,16,3850,1.2215,0.366585
occupancy,1,6,global_gbm,17,3850,1.30153,0.387168
occupancy,1,6,global_gbm,18,3850,1.37265,0.409603
occupancy,1,6,global_gbm,19,3850,1.76087,0.502876
occupancy,1,6,global_gbm,20,3850,1.54273,0.435574
occupancy,1,6,global_gbm,21,3850,1.33585,0.375322
occupancy,1,6,global_gbm,22,3850,1.27189,0.363816
occupancy,1,6,global_gbm,23,3850,1.14675,0.326167
occupancy,1,7,last_observation,0,3850,1.06377,0.246754
occupancy,1,7,last_observation,1,3850,1.24519,0.27084
occupancy,1,7,last_observation,2,3850,0.913766,0.230615
occupancy,1,7,last_observation,3,3850,0.839481,0.209357
occupancy,1,7,last_observation,4,3850,0.632597,0.164799
occupancy,1,7,last_observation,5,3850,0.479351,0.123278
occupancy,1,7,last_observation,6,3850,0.623506,0.154064
occupancy,1,7,last_observation,7,3850,1.10286,0.25236
occupancy,1,7,last_observation,8,3850,3.20442,0.692962
occupancy,1,7,last_observation,9,3850,3.09195,0.707144
occupancy,1,7,last_observation,10,3850,1.58195,0.389515
occupancy,1,7,last_observation,11,3850,0.904416,0.242474
occupancy,1,7,last_observation,12,3850,0.904156,0.241747
occupancy,1,7,last_observation,13,3850,1.29325,0.335497
occupancy,1,7,last_observation,14,3850,1.08091,0.28553
occupancy,1,7,last_observation,15,3850,0.851948,0.240273
occupancy,1,7,last_observation,16,3850,0.756364,0.216005
occupancy,1,7,last_observation,17,3850,0.871688,0.235381
occupancy,1,7,last_observation,18,3850,1.17844,0.318151
occupancy,1,7,last_observation,19,3850,2.17532,0.51548
occupancy,1,7,last_observation,20,3850,2.15143,0.473825
occupancy,1,7,last_observation,21,3850,1.4813,0.355995
occupancy,1,7,last_observation,22,3850,1.42649,0.342377
occupancy,1,7,last_observation,23,3850,1.0774,0.265076
occupancy,1,7,seasonal_naive_daily,0,3850,2.53091,0.738172
occupancy,1,7,seasonal_naive_daily,1,3850,2.38338,0.709292
occupancy,1,7,seasonal_naive_daily,2,3850,2.67325,0.790154
occupancy,1,7,seasonal_naive_daily,3,3850,2.54494,0.765558
occupancy,1,7,seasonal_naive_daily,4,3850,2.46494,0.741708
occupancy,1,7,seasonal_naive_daily,5,3850,2.59532,0.766249
occupancy,1,7,seasonal_naive_daily,6,3850,2.52416,0.762953
occupancy,1,7,seasonal_naive_daily,7,3850,2.58234,0.765759
occupancy,1,7,seasonal_naive_daily,8,3850,2.93974,0.801
occupancy,1,7,seasonal_naive_daily,9,3850,3.06623,0.827793
occupancy,1,7,seasonal_naive_daily,10,3850,3.00675,0.81499
occupancy,1,7,seasonal_naive_daily,11,3850,2.89351,0.788628
occupancy,1,7,seasonal_naive_daily,12,3850,2.86442,0.799627
occupancy,1,7,seasonal_naive_daily,13,3850,2.84831,0.790227
occupancy,1,7,seasonal_naive_daily,14,3850,2.73532,0.757278
occupancy,1,7,seasonal_naive_daily,15,3850,2.71221,0.750621
occupancy,1,7,seasonal_naive_daily,16,3850,2.62883,0.742538
occupancy,1,7,seasonal_naive_daily,17,3850,2.64571,0.740518
occupancy,1,7,seasonal_naive_daily,18,3850,2.62182,0.736787
occupancy,1,7,seasonal_naive_daily,19,3850,2.71013,0.747752
occupancy,1,7,seasonal_naive_daily,20,3850,2.45584,0.696925
occupancy,1,7,seasonal_naive_daily,21,3850,2.44494,0.698062
occupancy,1,7,seasonal_naive_daily,22,3850,2.34208,0.669954
occupancy,1,7,seasonal_naive_daily,23,3850,2.29455,0.666056
occupancy,1,7,seasonal_naive_weekly,0,3850,3.74701,1.16652
occupancy,1,7,seasonal_naive_weekly,1,3850,3.62597,1.14606
occupancy,1,7,seasonal_naive_weekly,2,3850,3.79221,1.17017
occupancy,1,7,seasonal_naive_weekly,3,3850,3.63844,1.13993
occupancy,1,7,seasonal_naive_weekly,4,3850,3.56597,1.12589
occupancy,1,7,seasonal_naive_weekly,5,3850,3.60753,1.12438
occupancy,1,7,seasonal_naive_weekly,6,3850,3.55195,1.12153
occupancy,1,7,seasonal_naive_weekly,7,3850,3.60701,1.13376
occupancy,1,7,seasonal_naive_weekly,8,3850,3.46779,1.08231
occupancy,1,7,seasonal_naive_weekly,9,3850,3.52571,1.10509
occupancy,1,7,seasonal_naive_weekly,10,3850,3.54584,1.11724
occupancy,1,7,seasonal_naive_weekly,11,3850,3.53545,1.1025
occupancy,1,7,seasonal_naive_weekly,12,3850,3.55597,1.11399
occupancy,1,7,seasonal_naive_weekly,13,3850,3.58532,1.12448
occupancy,1,7,seasonal_naive_weekly,14,3850,3.59974,1.11979
occupancy,1,7,seasonal_naive_weekly,15,3850,3.56052,1.1074
occupancy,1,7,seasonal_naive_weekly,16,3850,3.51013,1.09818
occupancy,1,7,seasonal_naive_weekly,17,3850,3.53714,1.09855
occupancy,1,7,seasonal_naive_weekly,18,3850,3.66156,1.13087
occupancy,1,7,seasonal_naive_weekly,19,3850,3.85325,1.17106
occupancy,1,7,seasonal_naive_weekly,20,3850,3.75403,1.15756
occupancy,1,7,seasonal_naive_weekly,21,3850,3.66286,1.13399
occupancy,1,7,seasonal_naive_weekly,22,3850,3.57506,1.11277
occupancy,1,7,seasonal_naive_weekly,23,3850,3.57792,1.13109
occupancy,1,7,autoregressive,0,3850,1.08359,0.28516
occupancy,1,7,autoregressive,1,3850,1.0738,0.27048
occupancy,1,7,autoregressive,2,3850,1.09774,0.298713
occupancy,1,7,autoregressive,3,3850,1.0108,0.269715
occupancy,1,7,autoregressive,4,3850,0.909458,0.248162
occupancy,1,7,autoregressive,5,3850,0.884379,0.234849
occupancy,1,7,autoregressive,6,3850,1.07337,0.268576
occupancy,1,7,autoregressive,7,3850,1.22485,0.307009
occupancy,1,7,autoregressive,8,3850,2.24447,0.539093
occupancy,1,7,autoregressive,9,3850,2.06364,0.540006
occupancy,1,7,autoregressive,10,3850,1.38554,0.380736
occupancy,1,7,autoregressive,11,3850,1.13381,0.31247
occupancy,1,7,autoregressive,12,3850,1.08041,0.30211
occupancy,1,7,autoregressive,13,3850,1.25924,0.344079
occupancy,1,7,autoregressive,14,3850,1.12158,0.312392
occupancy,1,7,autoregressive,15,3850,1.04563,0.296995
occupancy,1,7,autoregressive,16,3850,0.989217,0.282306
occupancy,1,7,autoregressive,17,3850,1.0847,0.303528
occupancy,1,7,autoregressive,18,3850,1.20339,0.345002
occupancy,1,7,autoregressive,19,3850,1.61509,0.431899
occupancy,1,7,autoregressive,20,3850,1.44889,0.383036
occupancy,1,7,autoregressive,21,3850,1.24897,0.344657
occupancy,1,7,autoregressive,22,3850,1.17889,0.320563
occupancy,1,7,autoregressive,23,3850,1.06701,0.291076
occupancy,1,7,zone_ridge,0,3850,1.11613,0.300898
occupancy,1,7,zone_ridge,1,3850,1.03307,0.272622
occupancy,1,7,zone_ridge,2,3850,1.18115,0.320876
occupancy,1,7,zone_ridge,3,3850,1.03828,0.27718
occupancy,1,7,zone_ridge,4,3850,0.981514,0.262902
occupancy,1,7,zone_ridge,5,3850,1.0162,0.257041
occupancy,1,7,zone_ridge,6,3850,1.12787,0.282665
occupancy,1,7,zone_ridge,7,3850,1.16519,0.302029
occupancy,1,7,zone_ridge,8,3850,2.11016,0.516876
occupancy,1,7,zone_ridge,9,3850,1.96774,0.521184
occupancy,1,7,zone_ridge,10,3850,1.42435,0.396282
occupancy,1,7,zone_ridge,11,3850,1.18111,0.328432
occupancy,1,7,zone_ridge,12,3850,1.205,0.329529
occupancy,1,7,zone_ridge,13,3850,1.32365,0.364229
occupancy,1,7,zone_ridge,14,3850,1.15367,0.322717
occupancy,1,7,zone_ridge,15,3850,1.09081,0.306905
occupancy,1,7,zone_ridge,16,3850,1.06413,0.298028
occupancy,1,7,zone_ridge,17,3850,1.15237,0.320825
occupancy,1,7,zone_ridge,18,3850,1.22964,0.354636
occupancy,1,7,zone_ridge,19,3850,1.64806,0.442876
occupancy,1,7,zone_ridge,20,3850,1.55067,0.409401
occupancy,1,7,zone_ridge,21,3850,1.31871,0.368786
occupancy,1,7,zone_ridge,22,3850,1.29014,0.351742
occupancy,1,7,zone_ridge,23,3850,1.16928,0.321785
occupancy,1,7,zone_gbm,0,3850,1.11213,0.293478
occupancy,1,7,zone_gbm,1,3850,1.00617,0.26441
occupancy,1,7,zone_gbm,2,3850,1.18526,0.317513
occupancy,1,7,zone_gbm,3,3850,1.05811,0.282126
occupancy,1,7,zone_gbm,4,3850,0.942996,0.252925
occupancy,1,7,zone_gbm,5,3850,0.89315,0.236802
occupancy,1,7,zone_gbm,6,3850,0.910532,0.243378
occupancy,1,7,zone_gbm,7,3850,1.11461,0.29348
occupancy,1,7,zone_gbm,8,3850,1.83548,0.481054
occupancy,1,7,zone_gbm,9,3850,1.67848,0.468512
occupancy,1,7,zone_gbm,10,3850,1.41753,0.392496
occupancy,1,7,zone_gbm,11,3850,1.20847,0.336138
occupancy,1,7,zone_gbm,12,3850,1.15241,0.326888
occupancy,1,7,zone_gbm,13,3850,1.25733,0.353803
occupancy,1,7,zone_gbm,14,3850,1.18586,0.332611
occupancy,1,7,zone_gbm,15,3850,1.15259,0.326227
occupancy,1,7,zone_gbm,16,3850,1.07904,0.312509
occupancy,1,7,zone_gbm,17,3850,1.15321,0.327514
occupancy,1,7,zone_gbm,18,3850,1.25497,0.364394
occupancy,1,7,zone_gbm,19,3850,1.64535,0.445911
occupancy,1,7,zone_gbm,20,3850,1.49903,0.404545
occupancy,1,7,zone_gbm,21,3850,1.32107,0.371003
occupancy,1,7,zone_gbm,22,3850,1.28661,0.351585
occupancy,1,7,zone_gbm,23,3850,1.16458,0.32241
occupancy,1,7,global_ridge,0,3850,1.26048,0.375908
occupancy,1,7,global_ridge,1,3850,1.30908,0.366169
occupancy,1,7,global_ridge,2,3850,1.29919,0.380494
occupancy,1,7,global_ridge,3,3850,1.17062,0.342273
occupancy,1,7,global_ridge,4,3850,1.06121,0.317909
occupancy,1,7,global_ridge,5,3850,1.05341,0.3237
occupancy,1,7,global_ridge,6,3850,1.1303,0.360475
occupancy,1,7,global_ridge,7,3850,1.30565,0.407705
occupancy,1,7,global_ridge,8,3850,2.25612,0.592318
occupancy,1,7,global_ridge,9,3850,2.34824,0.646128
occupancy,1,7,global_ridge,10,3850,1.63361,0.505251
occupancy,1,7,global_ridge,11,3850,1.26777,0.419026
occupancy,1,7,global_ridge,12,3850,1.25967,0.403464
occupancy,1,7,global_ridge,13,3850,1.45488,0.44574
occupancy,1,7,global_ridge,14,3850,1.25351,0.381139
occupancy,1,7,global_ridge,15,3850,1.11521,0.336195
occupancy,1,7,global_ridge,16,3850,1.03901,0.321805
occupancy,1,7,global_ridge,17,3850,1.14257,0.346874
occupancy,1,7,global_ridge,18,3850,1.27628,0.395226
occupancy,1,7,global_ridge,19,3850,1.79604,0.507547
occupancy,1,7,global_ridge,20,3850,1.74458,0.482823
occupancy,1,7,global_ridge,21,3850,1.46883,0.432734
occupancy,1,7,global_ridge,22,3850,1.4014,0.413971
occupancy,1,7,global_ridge,23,3850,1.2328,0.378455
occupancy,1,7,global_gbm,0,3850,1.02503,0.2778
occupancy,1,7,global_gbm,1,3850,0.979593,0.255899
occupancy,1,7,global_gbm,2,3850,1.08642,0.29643
occupancy,1,7,global_gbm,3,3850,0.997775,0.269433
occupancy,1,7,global_gbm,4,3850,0.860694,0.238669
occupancy,1,7,global_gbm,5,3850,0.80183,0.218062
occupancy,1,7,global_gbm,6,3850,0.837059,0.228072
occupancy,1,7,global_gbm,7,3850,1.03572,0.276873
occupancy,1,7,global_gbm,8,3850,1.72451,0.477027
occupancy,1,7,global_gbm,9,3850,1.86691,0.521903
occupancy,1,7,global_gbm,10,3850,1.33468,0.378047
occupancy,1,7,global_gbm,11,3850,1.00148,0.288566
occupancy,1,7,global_gbm,12,3850,1.02426,0.291698
occupancy,1,7,global_gbm,13,3850,1.19525,0.337816
occupancy,1,7,global_gbm,14,3850,1.08156,0.307619
occupancy,1,7,global_gbm,15,3850,0.957497,0.285574
occupancy,1,7,global_gbm,16,3850,0.903666,0.270437
occupancy,1,7,global_gbm,17,3850,0.99588,0.285769
occupancy,1,7,global_gbm,18,3850,1.14182,0.337049
occupancy,1,7,global_gbm,19,3850,1.64428,0.446902
occupancy,1,7,global_gbm,20,3850,1.45314,0.396821
occupancy,1,7,global_gbm,21,3850,1.21606,0.345538
occupancy,1,7,global_gbm,22,3850,1.18757,0.330263
occupancy,1,7,global_gbm,23,3850,1.01957,0.28997
occupancy,6,0,last_observation,0,3850,8.89636,1.90487
occupancy,6,0,last_observation,1,3850,7.38208,1.57457
occupancy,6,0,last_observation,2,3850,5.12792,1.15889
occupancy,6,0,last_observation,3,3850,3.93377,0.9269
occupancy,6,0,last_observation,4,3850,3.08338,0.716239
occupancy,6,0,last_observation,5,3850,2.50468,0.561422
occupancy,6,0,last_observation,6,3850,2.79922,0.604371
occupancy,6,0,last_observation,7,3850,2.1539,0.448992
occupancy,6,0,last_observation,8,3850,5.02909,1.06342
occupancy,6,0,last_observation,9,3850,7.32234,1.57967
occupancy,6,0,last_observation,10,3850,8.55649,1.8555
occupancy,6,0,last_observation,11,3850,9.13597,1.9676
occupancy,6,0,last_observation,12,3850,9.09844,1.96565
occupancy,6,0,last_observation,13,3850,8.10078,1.77778
occupancy,6,0,last_observation,14,3850,5.48857,1.31159
occupancy,6,0,last_observation,15,3850,3.68558,0.929923
occupancy,6,0,last_observation,16,3850,3.21558,0.850019
occupancy,6,0,last_observation,17,3850,3.15026,0.837248
occupancy,6,0,last_observation,18,3850,3.3161,0.888746
occupancy,6,0,last_observation,19,3850,4.33208,1.11009
occupancy,6,0,last_observation,20,3850,5.71078,1.32818
occupancy,6,0,last_observation,21,3850,7.01013,1.56076
occupancy,6,0,last_observation,22,3850,7.78636,1.69865
occupancy,6,0,last_observation,23,3850,8.25403,1.79949
occupancy,6,0,seasonal_naive_daily,0,3850,4.78104,1.23294
occupancy,6,0,seasonal_naive_daily,1,3850,3.08312,0.898911
occupancy,6,0,seasonal_naive_daily,2,3850,3.00286,0.878809
occupancy,6,0,seasonal_naive_daily,3,3850,3.04026,0.878738
occupancy,6,0,seasonal_naive_daily,4,3850,3.09065,0.881711
occupancy,6,0,seasonal_naive_daily,5,3850,3.16234,0.891492
occupancy,6,0,seasonal_naive_daily,6,3850,3.17039,0.900896
occupancy,6,0,seasonal_naive_daily,7,3850,3.15896,0.88757
occupancy,6,0,seasonal_naive_daily,8,3850,3.75117,0.978392
occupancy,6,0,seasonal_naive_daily,9,3850,4.1174,1.0617
occupancy,6,0,seasonal_naive_daily,10,3850,4.1174,1.07485
occupancy,6,0,seasonal_naive_daily,11,3850,4.10935,1.08014
occupancy,6,0,seasonal_naive_daily,12,3850,3.95532,1.04788
occupancy,6,0,seasonal_naive_daily,13,3850,3.86857,1.03204
occupancy,6,0,seasonal_naive_daily,14,3850,3.79688,1.01879
occupancy,6,0,seasonal_naive_daily,15,3850,3.80065,1.01927
occupancy,6,0,seasonal_naive_daily,16,3850,3.85792,1.01976
occupancy,6,0,seasonal_naive_daily,17,3850,3.73558,0.996862
occupancy,6,0,seasonal_naive_daily,18,3850,3.65896,0.970784
occupancy,6,0,seasonal_naive_daily,19,3850,3.33351,0.921202
occupancy,6,0,seasonal_naive_daily,20,3850,3.10286,0.898376
occupancy,6,0,seasonal_naive_daily,21,3850,3.22429,0.931645
occupancy,6,0,seasonal_naive_daily,22,3850,3.06104,0.892456
occupancy,6,0,seasonal_naive_daily,23,3850,3.09896,0.895871
occupancy,6,0,seasonal_naive_weekly,0,3850,5.42039,1.40043
occupancy,6,0,seasonal_naive_weekly,1,3850,4.02286,1.11815
occupancy,6,0,seasonal_naive_weekly,2,3850,3.63545,1.01669
occupancy,6,0,seasonal_naive_weekly,3,3850,3.96701,1.10231
occupancy,6,0,seasonal_naive_weekly,4,3850,3.72351,1.0244
occupancy,6,0,seasonal_naive_weekly,5,3850,4.15455,1.13514
occupancy,6,0,seasonal_naive_weekly,6,3850,4.03714,1.11705
occupancy,6,0,seasonal_naive_weekly,7,3850,3.86519,1.07319
occupancy,6,0,seasonal_naive_weekly,8,3850,3.99649,1.08999
occupancy,6,0,seasonal_naive_weekly,9,3850,3.77481,1.02654
occupancy,6,0,seasonal_naive_weekly,10,3850,4.10584,1.11994
occupancy,6,0,seasonal_naive_weekly,11,3850,4.39675,1.17995
occupancy,6,0,seasonal_naive_weekly,12,3850,4.89143,1.28529
occupancy,6,0,seasonal_naive_weekly,13,3850,3.80831,1.03683
occupancy,6,0,seasonal_naive_weekly,14,3850,3.97974,1.10473
occupancy,6,0,seasonal_naive_weekly,15,3850,3.9126,1.07247
occupancy,6,0,seasonal_naive_weekly,16,3850,4.82416,1.25358
occupancy,6,0,seasonal_naive_weekly,17,3850,3.95325,1.08351
occupancy,6,0,seasonal_naive_weekly,18,3850,4.07377,1.09965
occupancy,6,0,seasonal_naive_weekly,19,3850,4.03779,1.09862
occupancy,6,0,seasonal_naive_weekly,20,3850,3.91727,1.09017
occupancy,6,0,seasonal_naive_weekly,21,3850,3.85649,1.05367
occupancy,6,0,seasonal_naive_weekly,22,3850,3.93026,1.10185
occupancy,6,0,seasonal_naive_weekly,23,3850,3.73636,1.03626
occupancy,6,0,autoregressive,0,3850,3.83713,0.98408
occupancy,6,0,autoregressive,1,3850,2.80701,0.771707
occupancy,6,0,autoregressive,2,3850,2.46388,0.698758
occupancy,6,0,autoregressive,3,3850,2.32772,0.656523
occupancy,6,0,autoregressive,4,3850,2.2563,0.623625
occupancy,6,0,autoregressive,5,3850,2.30219,0.612678
occupancy,6,0,autoregressive,6,3850,2.48852,0.643249
occupancy,6,0,autoregressive,7,3850,2.45642,0.62246
occupancy,6,0,autoregressive,8,3850,3.16141,0.781069
occupancy,6,0,autoregressive,9,3850,3.65659,0.907343
occupancy,6,0,autoregressive,10,3850,3.75425,0.954666
occupancy,6,0,autoregressive,11,3850,3.77668,0.961151
occupancy,6,0,autoregressive,12,3850,3.76368,0.968969
occupancy,6,0,autoregressive,13,3850,3.67144,0.952427
occupancy,6,0,autoregressive,14,3850,3.18799,0.86873
occupancy,6,0,autoregressive,15,3850,2.83994,0.768676
occupancy,6,0,autoregressive,16,3850,2.75733,0.745165
occupancy,6,0,autoregressive,17,3850,2.73166,0.73973
occupancy,6,0,autoregressive,18,3850,2.80252,0.757762
occupancy,6,0,autoregressive,19,3850,2.78584,0.776619
occupancy,6,0,autoregressive,20,3850,2.77938,0.782508
occupancy,6,0,autoregressive,21,3850,2.87883,0.803975
occupancy,6,0,autoregressive,22,3850,2.78542,0.78291
occupancy,6,0,autoregressive,23,3850,2.96583,0.815369
occupancy,6,0,zone_ridge,0,3850,4.02704,0.999386
occupancy,6,0,zone_ridge,1,3850,3.11575,0.818205
occupancy,6,0,zone_ridge,2,3850,2.76084,0.751886
occupancy,6,0,zone_ridge,3,3850,2.73662,0.732286
occupancy,6,0,zone_ridge,4,3850,2.68827,0.710554
occupancy,6,0,zone_ridge,5,3850,2.74504,0.712268
occupancy,6,0,zone_ridge,6,3850,3.17407,0.78057
occupancy,6,0,zone_ridge,7,3850,3.11754,0.760473
occupancy,6,0,zone_ridge,8,3850,3.23679,0.796694
occupancy,6,0,zone_ridge,9,3850,3.99647,0.955782
occupancy,6,0,zone_ridge,10,3850,4.30693,1.04193
occupancy,6,0,zone_ridge,11,3850,4.17441,1.02339
occupancy,6,0,zone_ridge,12,3850,3.88825,0.980125
occupancy,6,0,zone_ridge,13,3850,3.65292,0.948327
occupancy,6,0,zone_ridge,14,3850,3.34329,0.887861
occupancy,6,0,zone_ridge,15,3850,3.26225,0.839337
occupancy,6,0,zone_ridge,16,3850,3.31375,0.839096
occupancy,6,0,zone_ridge,17,3850,3.48912,0.880859
occupancy,6,0,zone_ridge,18,3850,3.34501,0.846471
occupancy,6,0,zone_ridge,19,3850,3.05652,0.812241
occupancy,6,0,zone_ridge,20,3850,2.99752,0.800095
occupancy,6,0,zone_ridge,21,3850,3.14885,0.829073
occupancy,6,0,zone_ridge,22,3850,3.19183,0.83708
occupancy,6,0,zone_ridge,23,3850,3.33388,0.868951
occupancy,6,0,zone_gbm,0,3850,4.11552,1.05261
occupancy,6,0,zone_gbm,1,3850,3.25554,0.880811
occupancy,6,0,zone_gbm,2,3850,3.08927,0.848664
occupancy,6,0,zone_gbm,3,3850,3.04541,0.824999
occupancy,6,0,zone_gbm,4,3850,3.00051,0.80481
occupancy,6,0,zone_gbm,5,3850,2.95767,0.778638
occupancy,6,0,zone_gbm,6,3850,2.8966,0.768136
occupancy,6,0,zone_gbm,7,3850,2.68617,0.719387
occupancy,6,0,zone_gbm,8,3850,2.98965,0.790784
occupancy,6,0,zone_gbm,9,3850,3.26825,0.866349
occupancy,6,0,zone_gbm,10,3850,3.39047,0.914232
occupancy,6,0,zone_gbm,11,3850,3.47189,0.934376
occupancy,6,0,zone_gbm,12,3850,3.375,0.920105
occupancy,6,0,zone_gbm,13,3850,3.18963,0.892048
occupancy,6,0,zone_gbm,14,3850,3.09515,0.869027
occupancy,6,0,zone_gbm,15,3850,3.0596,0.841068
occupancy,6,0,zone_gbm,16,3850,3.01995,0.833779
occupancy,6,0,zone_gbm,17,3850,2.96897,0.825164
occupancy,6,0,zone_gbm,18,3850,2.90694,0.801253
occupancy,6,0,zone_gbm,19,3850,2.8897,0.825222
occupancy,6,0,zone_gbm,20,3850,2.85473,0.825771
occupancy,6,0,zone_gbm,21,3850,2.99531,0.859712
occupancy,6,0,zone_gbm,22,3850,2.95214,0.857911
occupancy,6,0,zone_gbm,23,3850,3.07891,0.875878
occupancy,6,0,global_ridge,0,3850,5.08669,1.344
occupancy,6,0,global_ridge,1,3850,4.34353,1.23768
occupancy,6,0,global_ridge,2,3850,3.82238,1.20233
occupancy,6,0,global_ridge,3,3850,4.02728,1.24429
occupancy,6,0,global_ridge,4,3850,4.20303,1.21662
occupancy,6,0,global_ridge,5,3850,4.37167,1.16156
occupancy,6,0,global_ridge,6,3850,4.66071,1.13751
occupancy,6,0,global_ridge,7,3850,3.99901,0.968357
occupancy,6,0,global_ridge,8,3850,3.67128,0.899221
occupancy,6,0,global_ridge,9,3850,4.24009,1.0216
occupancy,6,0,global_ridge,10,3850,4.93696,1.22363
occupancy,6,0,global_ridge,11,3850,5.24517,1.33574
occupancy,6,0,global_ridge,12,3850,5.15923,1.37241
occupancy,6,0,global_ridge,13,3850,4.74484,1.37713
occupancy,6,0,global_ridge,14,3850,4.26736,1.3153
occupancy,6,0,global_ridge,15,3850,4.04597,1.2166
occupancy,6,0,global_ridge,16,3850,4.37279,1.1776
occupancy,6,0,global_ridge,17,3850,4.77977,1.22963
occupancy,6,0,global_ridge,18,3850,4.41497,1.11452
occupancy,6,0,global_ridge,19,3850,3.571,0.946377
occupancy,6,0,global_ridge,20,3850,3.17225,0.871098
occupancy,6,0,global_ridge,21,3850,3.63093,0.949615
occupancy,6,0,global_ridge,22,3850,3.98474,1.02037
occupancy,6,0,global_ridge,23,3850,4.24839,1.10529
occupancy,6,0,global_gbm,0,3850,4.28403,1.07625
occupancy,6,0,global_gbm,1,3850,3.38868,0.881774
occupancy,6,0,global_gbm,2,3850,2.99128,0.803913
occupancy,6,0,global_gbm,3,3850,2.96446,0.785034
occupancy,6,0,global_gbm,4,3850,2.81886,0.731423
occupancy,6,0,global_gbm,5,3850,2.70568,0.686675
occupancy,6,0,global_gbm,6,3850,2.65644,0.668653
occupancy,6,0,global_gbm,7,3850,2.37788,0.609256
occupancy,6,0,global_gbm,8,3850,2.89738,0.73386
occupancy,6,0,global_gbm,9,3850,3.43697,0.894748
occupancy,6,0,global_gbm,10,3850,3.66118,0.983834
occupancy,6,0,global_gbm,11,3850,3.80196,1.01838
occupancy,6,0,global_gbm,12,3850,4.19862,1.10742
occupancy,6,0,global_gbm,13,3850,3.58774,0.982505
occupancy,6,0,global_gbm,14,3850,3.21781,0.902451
occupancy,6,0,global_gbm,15,3850,3.11395,0.853039
occupancy,6,0,global_gbm,16,3850,3.19128,0.866998
occupancy,6,0,global_gbm,17,3850,2.99307,0.838879
occupancy,6,0,global_gbm,18,3850,2.81032,0.775214
occupancy,6,0,global_gbm,19,3850,2.82586,0.780147
occupancy,6,0,global_gbm,20,3850,2.8938,0.81066
occupancy,6,0,global_gbm,21,3850,3.02308,0.846397
occupancy,6,0,global_gbm,22,3850,3.04655,0.853939
occupancy,6,0,global_gbm,23,3850,3.21288,0.887126
occupancy,6,1,last_observation,0,3850,7.73442,1.67327
occupancy,6,1,last_observation,1,3850,7.25974,1.52695
occupancy,6,1,last_observation,2,3850,5.1013,1.11761
occupancy,6,1,last_observation,3,3850,3.83143,0.87487
occupancy,6,1,last_observation,4,3850,2.96623,0.681068
occupancy,6,1,last_observation,5,3850,2.31649,0.520763
occupancy,6,1,last_observation,6,3850,2.09753,0.46663
occupancy,6,1,last_observation,7,3850,2.06948,0.427688
occupancy,6,1,last_observation,8,3850,4.95792,1.01626
occupancy,6,1,last_observation,9,3850,7.05416,1.51198
occupancy,6,1,last_observation,10,3850,8.29974,1.80535
occupancy,6,1,last_observation,11,3850,8.78416,1.89289
occupancy,6,1,last_observation,12,3850,8.86403,1.9017
occupancy,6,1,last_observation,13,3850,7.96831,1.73082
occupancy,6,1,last_observation,14,3850,5.41519,1.28464
occupancy,6,1,last_observation,15,3850,3.71,0.933877
occupancy,6,1,last_observation,16,3850,3.36377,0.876846
occupancy,6,1,last_observation,17,3850,2.94169,0.811543
occupancy,6,1,last_observation,18,3850,3.05701,0.867693
occupancy,6,1,last_observation,19,3850,4.45286,1.12007
occupancy,6,1,last_observation,20,3850,5.62091,1.32102
occupancy,6,1,last_observation,21,3850,6.85805,1.54237
occupancy,6,1,last_observation,22,3850,7.78299,1.69656
occupancy,6,1,last_observation,23,3850,8.15091,1.76271
occupancy,6,1,seasonal_naive_daily,0,3850,3.33714,0.934968
occupancy,6,1,seasonal_naive_daily,1,3850,3.12338,0.896842
occupancy,6,1,seasonal_naive_daily,2,3850,3.12675,0.890942
occupancy,6,1,seasonal_naive_daily,3,3850,3.03455,0.874802
occupancy,6,1,seasonal_naive_daily,4,3850,2.93532,0.849213
occupancy,6,1,seasonal_naive_daily,5,3850,3.03532,0.865471
occupancy,6,1,seasonal_naive_daily,6,3850,3.05117,0.867324
occupancy,6,1,seasonal_naive_daily,7,3850,3.26961,0.89656
occupancy,6,1,seasonal_naive_daily,8,3850,3.8387,0.985948
occupancy,6,1,seasonal_naive_daily,9,3850,3.94,1.04049
occupancy,6,1,seasonal_naive_daily,10,3850,4.03091,1.09043
occupancy,6,1,seasonal_naive_daily,11,3850,3.84416,1.03799
occupancy,6,1,seasonal_naive_daily,12,3850,3.86623,1.04866
occupancy,6,1,seasonal_naive_daily,13,3850,4.02104,1.05573
occupancy,6,1,seasonal_naive_daily,14,3850,3.86104,1.03045
occupancy,6,1,seasonal_naive_daily,15,3850,3.7313,1.00373
occupancy,6,1,seasonal_naive_daily,16,3850,3.83481,1.00466
occupancy,6,1,seasonal_naive_daily,17,3850,3.57974,0.970266
occupancy,6,1,seasonal_naive_daily,18,3850,3.50831,0.957657
occupancy,6,1,seasonal_naive_daily,19,3850,3.20909,0.900747
occupancy,6,1,seasonal_naive_daily,20,3850,3.05169,0.887502
occupancy,6,1,seasonal_naive_daily,21,3850,2.99026,0.869724
occupancy,6,1,seasonal_naive_daily,22,3850,2.95143,0.866981
occupancy,6,1,seasonal_naive_daily,23,3850,3.06779,0.886167
occupancy,6,1,seasonal_naive_weekly,0,3850,4.57935,1.2186
occupancy,6,1,seasonal_naive_weekly,1,3850,3.58792,1.02782
occupancy,6,1,seasonal_naive_weekly,2,3850,3.57195,1.02146
occupancy,6,1,seasonal_naive_weekly,3,3850,3.56013,1.02451
occupancy,6,1,seasonal_naive_weekly,4,3850,3.53662,1.01085
occupancy,6,1,seasonal_naive_weekly,5,3850,3.5713,1.01714
occupancy,6,1,seasonal_naive_weekly,6,3850,3.60688,1.02032
occupancy,6,1,seasonal_naive_weekly,7,3850,3.59026,1.00946
occupancy,6,1,seasonal_naive_weekly,8,3850,3.55818,0.983378
occupancy,6,1,seasonal_naive_weekly,9,3850,3.53039,0.992998
occupancy,6,1,seasonal_naive_weekly,10,3850,3.41039,0.980997
occupancy,6,1,seasonal_naive_weekly,11,3850,3.3487,0.959965
occupancy,6,1,seasonal_naive_weekly,12,3850,3.43442,0.981113
occupancy,6,1,seasonal_naive_weekly,13,3850,3.69909,1.02213
occupancy,6,1,seasonal_naive_weekly,14,3850,3.38377,0.970191
occupancy,6,1,seasonal_naive_weekly,15,3850,3.48857,0.985389
occupancy,6,1,seasonal_naive_weekly,16,3850,3.57286,0.982294
occupancy,6,1,seasonal_naive_weekly,17,3850,3.35325,0.956257
occupancy,6,1,seasonal_naive_weekly,18,3850,3.40636,0.973906
occupancy,6,1,seasonal_naive_weekly,19,3850,3.39338,0.982357
occupancy,6,1,seasonal_naive_weekly,20,3850,3.43,1.00679
occupancy,6,1,seasonal_naive_weekly,21,3850,3.4261,0.998914
occupancy,6,1,seasonal_naive_weekly,22,3850,3.41909,0.995078
occupancy,6,1,seasonal_naive_weekly,23,3850,3.50312,1.00985
occupancy,6,1,autoregressive,0,3850,2.93937,0.808349
occupancy,6,1,autoregressive,1,3850,2.78852,0.763455
occupancy,6,1,autoregressive,2,3850,2.49207,0.687249
occupancy,6,1,autoregressive,3,3850,2.31285,0.641293
occupancy,6,1,autoregressive,4,3850,2.17867,0.594369
occupancy,6,1,autoregressive,5,3850,2.0554,0.563106
occupancy,6,1,autoregressive,6,3850,2.18782,0.584641
occupancy,6,1,autoregressive,7,3850,2.45127,0.62468
occupancy,6,1,autoregressive,8,3850,3.13039,0.760942
occupancy,6,1,autoregressive,9,3850,3.51447,0.878483
occupancy,6,1,autoregressive,10,3850,3.66781,0.947192
occupancy,6,1,autoregressive,11,3850,3.53092,0.914607
occupancy,6,1,autoregressive,12,3850,3.63421,0.935234
occupancy,6,1,autoregressive,13,3850,3.75795,0.955601
occupancy,6,1,autoregressive,14,3850,3.15887,0.854421
occupancy,6,1,autoregressive,15,3850,2.75649,0.756545
occupancy,6,1,autoregressive,16,3850,2.74372,0.738179
occupancy,6,1,autoregressive,17,3850,2.59709,0.723271
occupancy,6,1,autoregressive,18,3850,2.63125,0.742011
occupancy,6,1,autoregressive,19,3850,2.7288,0.768136
occupancy,6,1,autoregressive,20,3850,2.6771,0.769806
occupancy,6,1,autoregressive,21,3850,2.73457,0.779679
occupancy,6,1,autoregressive,22,3850,2.73966,0.781642
occupancy,6,1,autoregressive,23,3850,2.76869,0.788628
occupancy,6,1,zone_ridge,0,3850,3.30633,0.847412
occupancy,6,1,zone_ridge,1,3850,3.03076,0.792856
occupancy,6,1,zone_ridge,2,3850,2.67548,0.71732
occupancy,6,1,zone_ridge,3,3850,2.59138,0.694756
occupancy,6,1,zone_ridge,4,3850,2.53659,0.673625
occupancy,6,1,zone_ridge,5,3850,2.56931,0.675562
occupancy,6,1,zone_ridge,6,3850,3.00186,0.749085
occupancy,6,1,zone_ridge,7,3850,3.2116,0.798782
occupancy,6,1,zone_ridge,8,3850,3.17799,0.801274
occupancy,6,1,zone_ridge,9,3850,3.54074,0.885825
occupancy,6,1,zone_ridge,10,3850,3.78487,0.968728
occupancy,6,1,zone_ridge,11,3850,3.56362,0.925732
occupancy,6,1,zone_ridge,12,3850,3.50399,0.915901
occupancy,6,1,zone_ridge,13,3850,3.57438,0.926329
occupancy,6,1,zone_ridge,14,3850,3.10204,0.850509
occupancy,6,1,zone_ridge,15,3850,2.91982,0.79973
occupancy,6,1,zone_ridge,16,3850,3.06579,0.796357
occupancy,6,1,zone_ridge,17,3850,3.05936,0.807172
occupancy,6,1,zone_ridge,18,3850,2.99578,0.803808
occupancy,6,1,zone_ridge,19,3850,3.00452,0.812904
occupancy,6,1,zone_ridge,20,3850,2.96898,0.817578
occupancy,6,1,zone_ridge,21,3850,3.07412,0.825694
occupancy,6,1,zone_ridge,22,3850,3.15617,0.834377
occupancy,6,1,zone_ridge,23,3850,3.23959,0.855569
occupancy,6,1,zone_gbm,0,3850,3.23854,0.869718
occupancy,6,1,zone_gbm,1,3850,2.95834,0.822189
occupancy,6,1,zone_gbm,2,3850,2.87662,0.800872
occupancy,6,1,zone_gbm,3,3850,2.76824,0.771688
occupancy,6,1,zone_gbm,4,3850,2.70599,0.744857
occupancy,6,1,zone_gbm,5,3850,2.58425,0.709767
occupancy,6,1,zone_gbm,6,3850,2.56077,0.698614
occupancy,6,1,zone_gbm,7,3850,2.63527,0.70615
occupancy,6,1,zone_gbm,8,3850,2.97933,0.793082
occupancy,6,1,zone_gbm,9,3850,3.01012,0.82841
occupancy,6,1,zone_gbm,10,3850,3.02944,0.852401
occupancy,6,1,zone_gbm,11,3850,2.97139,0.836881
occupancy,6,1,zone_gbm,12,3850,3.03554,0.850645
occupancy,6,1,zone_gbm,13,3850,3.14343,0.866256
occupancy,6,1,zone_gbm,14,3850,2.92083,0.830893
occupancy,6,1,zone_gbm,15,3850,2.806,0.800095
occupancy,6,1,zone_gbm,16,3850,2.87429,0.794048
occupancy,6,1,zone_gbm,17,3850,2.7364,0.784283
occupancy,6,1,zone_gbm,18,3850,2.783,0.79901
occupancy,6,1,zone_gbm,19,3850,2.91925,0.830835
occupancy,6,1,zone_gbm,20,3850,2.89724,0.84355
occupancy,6,1,zone_gbm,21,3850,2.99057,0.853786
occupancy,6,1,zone_gbm,22,3850,2.99641,0.853206
occupancy,6,1,zone_gbm,23,3850,3.10503,0.879427
occupancy,6,1,global_ridge,0,3850,4.22811,1.23411
occupancy,6,1,global_ridge,1,3850,4.35668,1.28671
occupancy,6,1,global_ridge,2,3850,3.92806,1.26165
occupancy,6,1,global_ridge,3,3850,3.98265,1.27704
occupancy,6,1,global_ridge,4,3850,4.17207,1.23656
occupancy,6,1,global_ridge,5,3850,4.30428,1.20108
occupancy,6,1,global_ridge,6,3850,4.42988,1.1237
occupancy,6,1,global_ridge,7,3850,3.99899,1.00451
occupancy,6,1,global_ridge,8,3850,3.60818,0.877962
occupancy,6,1,global_ridge,9,3850,4.19583,1.01541
occupancy,6,1,global_ridge,10,3850,4.84538,1.22521
occupancy,6,1,global_ridge,11,3850,5.05439,1.30473
occupancy,6,1,global_ridge,12,3850,5.04056,1.35597
occupancy,6,1,global_ridge,13,3850,4.78983,1.38411
occupancy,6,1,global_ridge,14,3850,4.21962,1.30812
occupancy,6,1,global_ridge,15,3850,3.91716,1.20404
occupancy,6,1,global_ridge,16,3850,4.40661,1.18565
occupancy,6,1,global_ridge,17,3850,4.65291,1.22012
occupancy,6,1,global_ridge,18,3850,4.42687,1.13423
occupancy,6,1,global_ridge,19,3850,3.65324,0.96178
occupancy,6,1,global_ridge,20,3850,3.17523,0.889962
occupancy,6,1,global_ridge,21,3850,3.67109,0.958855
occupancy,6,1,global_ridge,22,3850,4.09549,1.06011
occupancy,6,1,global_ridge,23,3850,4.26973,1.13731
occupancy,6,1,global_gbm,0,3850,3.51469,0.978869
occupancy,6,1,global_gbm,1,3850,3.26995,0.886897
occupancy,6,1,global_gbm,2,3850,3.09939,0.840042
occupancy,6,1,global_gbm,3,3850,2.94761,0.798397
occupancy,6,1,global_gbm,4,3850,2.85858,0.761432
occupancy,6,1,global_gbm,5,3850,2.74032,0.726385
occupancy,6,1,global_gbm,6,3850,2.66169,0.693313
occupancy,6,1,global_gbm,7,3850,2.54158,0.656475
occupancy,6,1,global_gbm,8,3850,2.96697,0.753087
occupancy,6,1,global_gbm,9,3850,3.10715,0.862777
occupancy,6,1,global_gbm,10,3850,3.29748,0.949939
occupancy,6,1,global_gbm,11,3850,3.20445,0.931025
occupancy,6,1,global_gbm,12,3850,3.22242,0.934211
occupancy,6,1,global_gbm,13,3850,3.39335,0.963988
occupancy,6,1,global_gbm,14,3850,3.05081,0.881417
occupancy,6,1,global_gbm,15,3850,2.85605,0.820054
occupancy,6,1,global_gbm,16,3850,3.03881,0.845542
occupancy,6,1,global_gbm,17,3850,2.83917,0.823335
occupancy,6,1,global_gbm,18,3850,2.71037,0.797283
occupancy,6,1,global_gbm,19,3850,2.84874,0.814471
occupancy,6,1,global_gbm,20,3850,2.89572,0.839832
occupancy,6,1,global_gbm,21,3850,3.05141,0.878357
occupancy,6,1,global_gbm,22,3850,3.15935,0.911123
occupancy,6,1,global_gbm,23,3850,3.26745,0.936502
occupancy,6,2,last_observation,0,3850,7.81766,1.69333
occupancy,6,2,last_observation,1,3850,7.2974,1.5419
occupancy,6,2,last_observation,2,3850,4.96675,1.11692
occupancy,6,2,last_observation,3,3850,3.69688,0.850681
occupancy,6,2,last_observation,4,3850,2.87455,0.662014
occupancy,6,2,last_observation,5,3850,2.33377,0.52894
occupancy,6,2,last_observation,6,3850,2.03013,0.436809
occupancy,6,2,last_observation,7,3850,1.94701,0.398319
occupancy,6,2,last_observation,8,3850,4.71974,0.985919
occupancy,6,2,last_observation,9,3850,6.97091,1.49055
occupancy,6,2,last_observation,10,3850,8.45364,1.84281
occupancy,6,2,last_observation,11,3850,8.75403,1.91357
occupancy,6,2,last_observation,12,3850,8.65636,1.9128
occupancy,6,2,last_observation,13,3850,8.07078,1.78605
occupancy,6,2,last_observation,14,3850,5.53545,1.31983
occupancy,6,2,last_observation,15,3850,3.74078,0.929634
occupancy,6,2,last_observation,16,3850,4.1713,1.03089
occupancy,6,2,last_observation,17,3850,3.16675,0.853092
occupancy,6,2,last_observation,18,3850,4.05195,1.05475
occupancy,6,2,last_observation,19,3850,5.31338,1.31532
occupancy,6,2,last_observation,20,3850,5.78883,1.36625
occupancy,6,2,last_observation,21,3850,6.84208,1.50699
occupancy,6,2,last_observation,22,3850,7.48857,1.6333
occupancy,6,2,last_observation,23,3850,7.75429,1.68003
occupancy,6,2,seasonal_naive_daily,0,3850,3.39039,0.934935
occupancy,6,2,seasonal_naive_daily,1,3850,3.10156,0.87943
occupancy,6,2,seasonal_naive_daily,2,3850,3.01117,0.862747
occupancy,6,2,seasonal_naive_daily,3,3850,2.98805,0.85692
occupancy,6,2,seasonal_naive_daily,4,3850,2.99896,0.847121
occupancy,6,2,seasonal_naive_daily,5,3850,3.09896,0.869864
occupancy,6,2,seasonal_naive_daily,6,3850,3.08597,0.866739
occupancy,6,2,seasonal_naive_daily,7,3850,3.10649,0.861352
occupancy,6,2,seasonal_naive_daily,8,3850,3.70831,0.953637
occupancy,6,2,seasonal_naive_daily,9,3850,3.8813,1.01519
occupancy,6,2,seasonal_naive_daily,10,3850,5.69766,1.4093
occupancy,6,2,seasonal_naive_daily,11,3850,4.17221,1.12409
occupancy,6,2,seasonal_naive_daily,12,3850,5.38987,1.36627
occupancy,6,2,seasonal_naive_daily,13,3850,5.95455,1.44949
occupancy,6,2,seasonal_naive_daily,14,3850,4.21818,1.13624
occupancy,6,2,seasonal_naive_daily,15,3850,3.80208,1.01136
occupancy,6,2,seasonal_naive_daily,16,3850,3.71377,1.01265
occupancy,6,2,seasonal_naive_daily,17,3850,3.7374,1.00574
occupancy,6,2,seasonal_naive_daily,18,3850,3.65351,0.988083
occupancy,6,2,seasonal_naive_daily,19,3850,3.4587,0.942325
occupancy,6,2,seasonal_naive_daily,20,3850,3.20117,0.896838
occupancy,6,2,seasonal_naive_daily,21,3850,3.11299,0.885791
occupancy,6,2,seasonal_naive_daily,22,3850,2.96156,0.857557
occupancy,6,2,seasonal_naive_daily,23,3850,2.99221,0.855627
occupancy,6,2,seasonal_naive_weekly,0,3850,4.01896,1.12679
occupancy,6,2,seasonal_naive_weekly,1,3850,3.88052,1.10062
occupancy,6,2,seasonal_naive_weekly,2,3850,3.74351,1.07595
occupancy,6,2,seasonal_naive_weekly,3,3850,3.77727,1.07915
occupancy,6,2,seasonal_naive_weekly,4,3850,3.7113,1.06836
occupancy,6,2,seasonal_naive_weekly,5,3850,3.85,1.08742
occupancy,6,2,seasonal_naive_weekly,6,3850,3.77701,1.07203
occupancy,6,2,seasonal_naive_weekly,7,3850,3.71442,1.05954
occupancy,6,2,seasonal_naive_weekly,8,3850,3.74506,1.05825
occupancy,6,2,seasonal_naive_weekly,9,3850,3.64818,1.03863
occupancy,6,2,seasonal_naive_weekly,10,3850,5.57143,1.4446
occupancy,6,2,seasonal_naive_weekly,11,3850,3.90792,1.13294
occupancy,6,2,seasonal_naive_weekly,12,3850,5.2287,1.3802
occupancy,6,2,seasonal_naive_weekly,13,3850,6.07857,1.53071
occupancy,6,2,seasonal_naive_weekly,14,3850,4.05234,1.15918
occupancy,6,2,seasonal_naive_weekly,15,3850,3.72325,1.06682
occupancy,6,2,seasonal_naive_weekly,16,3850,3.67156,1.05144
occupancy,6,2,seasonal_naive_weekly,17,3850,3.70831,1.05538
occupancy,6,2,seasonal_naive_weekly,18,3850,3.7,1.06837
occupancy,6,2,seasonal_naive_weekly,19,3850,3.74156,1.0694
occupancy,6,2,seasonal_naive_weekly,20,3850,3.73974,1.0703
occupancy,6,2,seasonal_naive_weekly,21,3850,3.80078,1.08894
occupancy,6,2,seasonal_naive_weekly,22,3850,3.7026,1.06954
occupancy,6,2,seasonal_naive_weekly,23,3850,3.80104,1.08131
occupancy,6,2,autoregressive,0,3850,3.17311,0.859641
occupancy,6,2,autoregressive,1,3850,3.10523,0.829723
occupancy,6,2,autoregressive,2,3850,2.6713,0.73977
occupancy,6,2,autoregressive,3,3850,2.37302,0.668296
occupancy,6,2,autoregressive,4,3850,2.24859,0.623356
occupancy,6,2,autoregressive,5,3850,2.27771,0.612906
occupancy,6,2,autoregressive,6,3850,2.35115,0.621628
occupancy,6,2,autoregressive,7,3850,2.40329,0.627911
occupancy,6,2,autoregressive,8,3850,2.91097,0.745361
occupancy,6,2,autoregressive,9,3850,3.33415,0.857353
occupancy,6,2,autoregressive,10,3850,4.58014,1.13904
occupancy,6,2,autoregressive,11,3850,3.67836,0.987463
occupancy,6,2,autoregressive,12,3850,4.43833,1.12947
occupancy,6,2,autoregressive,13,3850,4.8268,1.19189
occupancy,6,2,autoregressive,14,3850,3.40356,0.935717
occupancy,6,2,autoregressive,15,3850,2.9497,0.798299
occupancy,6,2,autoregressive,16,3850,3.11513,0.836541
occupancy,6,2,autoregressive,17,3850,2.90566,0.801239
occupancy,6,2,autoregressive,18,3850,3.15182,0.854945
occupancy,6,2,autoregressive,19,3850,3.30878,0.896909
occupancy,6,2,autoregressive,20,3850,2.94931,0.830356
occupancy,6,2,autoregressive,21,3850,2.85002,0.807773
occupancy,6,2,autoregressive,22,3850,2.86765,0.812047
occupancy,6,2,autoregressive,23,3850,2.9297,0.815724
occupancy,6,2,zone_ridge,0,3850,3.47517,0.891486
occupancy,6,2,zone_ridge,1,3850,3.27459,0.846857
occupancy,6,2,zone_ridge,2,3850,2.765,0.753887
occupancy,6,2,zone_ridge,3,3850,2.58652,0.716562
occupancy,6,2,zone_ridge,4,3850,2.5257,0.690445
occupancy,6,2,zone_ridge,5,3850,2.70777,0.712831
occupancy,6,2,zone_ridge,6,3850,3.17013,0.787857
occupancy,6,2,zone_ridge,7,3850,3.31848,0.813298
occupancy,6,2,zone_ridge,8,3850,2.99122,0.784432
occupancy,6,2,zone_ridge,9,3850,3.43112,0.873974
occupancy,6,2,zone_ridge,10,3850,4.49133,1.12167
occupancy,6,2,zone_ridge,11,3850,3.55258,0.953262
occupancy,6,2,zone_ridge,12,3850,4.13824,1.07171
occupancy,6,2,zone_ridge,13,3850,4.66317,1.16032
occupancy,6,2,zone_ridge,14,3850,3.39923,0.924547
occupancy,6,2,zone_ridge,15,3850,3.08739,0.829936
occupancy,6,2,zone_ridge,16,3850,3.16113,0.845772
occupancy,6,2,zone_ridge,17,3850,3.02543,0.818412
occupancy,6,2,zone_ridge,18,3850,3.19882,0.868582
occupancy,6,2,zone_ridge,19,3850,3.33588,0.899457
occupancy,6,2,zone_ridge,20,3850,3.11651,0.857702
occupancy,6,2,zone_ridge,21,3850,3.2085,0.858568
occupancy,6,2,zone_ridge,22,3850,3.19937,0.85817
occupancy,6,2,zone_ridge,23,3850,3.25724,0.868363
occupancy,6,2,zone_gbm,0,3850,3.06118,0.877116
occupancy,6,2,zone_gbm,1,3850,2.95158,0.851164
occupancy,6,2,zone_gbm,2,3850,2.79832,0.817194
occupancy,6,2,zone_gbm,3,3850,2.65097,0.778239
occupancy,6,2,zone_gbm,4,3850,2.54972,0.74447
occupancy,6,2,zone_gbm,5,3850,2.5225,0.725976
occupancy,6,2,zone_gbm,6,3850,2.45014,0.704895
occupancy,6,2,zone_gbm,7,3850,2.38429,0.691858
occupancy,6,2,zone_gbm,8,3850,2.70225,0.786051
occupancy,6,2,zone_gbm,9,3850,2.84636,0.830994
occupancy,6,2,zone_gbm,10,3850,3.93684,1.07005
occupancy,6,2,zone_gbm,11,3850,3.0702,0.908822
occupancy,6,2,zone_gbm,12,3850,3.79635,1.0605
occupancy,6,2,zone_gbm,13,3850,4.16908,1.12594
occupancy,6,2,zone_gbm,14,3850,3.07687,0.917125
occupancy,6,2,zone_gbm,15,3850,2.84532,0.843744
occupancy,6,2,zone_gbm,16,3850,2.85849,0.83914
occupancy,6,2,zone_gbm,17,3850,2.84834,0.83991
occupancy,6,2,zone_gbm,18,3850,2.88818,0.859437
occupancy,6,2,zone_gbm,19,3850,3.05823,0.891673
occupancy,6,2,zone_gbm,20,3850,2.97346,0.876617
occupancy,6,2,zone_gbm,21,3850,3.00199,0.886633
occupancy,6,2,zone_gbm,22,3850,2.91196,0.87896
occupancy,6,2,zone_gbm,23,3850,2.99617,0.882821
occupancy,6,2,global_ridge,0,3850,4.28874,1.22698
occupancy,6,2,global_ridge,1,3850,4.42389,1.28622
occupancy,6,2,global_ridge,2,3850,3.91596,1.25009
occupancy,6,2,global_ridge,3,3850,3.93399,1.25433
occupancy,6,2,global_ridge,4,3850,4.20219,1.2421
occupancy,6,2,global_ridge,5,3850,4.36385,1.17656
occupancy,6,2,global_ridge,6,3850,4.39888,1.09287
occupancy,6,2,global_ridge,7,3850,3.91599,0.966901
occupancy,6,2,global_ridge,8,3850,3.38638,0.875861
occupancy,6,2,global_ridge,9,3850,4.11015,1.0248
occupancy,6,2,global_ridge,10,3850,5.58485,1.4042
occupancy,6,2,global_ridge,11,3850,5.11616,1.35241
occupancy,6,2,global_ridge,12,3850,5.58325,1.53809
occupancy,6,2,global_ridge,13,3850,5.73585,1.64278
occupancy,6,2,global_ridge,14,3850,4.45238,1.39912
occupancy,6,2,global_ridge,15,3850,4.12831,1.27198
occupancy,6,2,global_ridge,16,3850,4.70837,1.28699
occupancy,6,2,global_ridge,17,3850,4.78531,1.26338
occupancy,6,2,global_ridge,18,3850,4.63554,1.21013
occupancy,6,2,global_ridge,19,3850,4.19446,1.08576
occupancy,6,2,global_ridge,20,3850,3.53067,0.964306
occupancy,6,2,global_ridge,21,3850,4.06004,1.01661
occupancy,6,2,global_ridge,22,3850,3.99433,1.03899
occupancy,6,2,global_ridge,23,3850,4.15666,1.13051
occupancy,6,2,global_gbm,0,3850,3.10819,0.871017
occupancy,6,2,global_gbm,1,3850,3.01328,0.828379
occupancy,6,2,global_gbm,2,3850,2.70536,0.756315
occupancy,6,2,global_gbm,3,3850,2.54034,0.71503
occupancy,6,2,global_gbm,4,3850,2.42284,0.658808
occupancy,6,2,global_gbm,5,3850,2.36917,0.631873
occupancy,6,2,global_gbm,6,3850,2.29647,0.605424
occupancy,6,2,global_gbm,7,3850,2.18314,0.574117
occupancy,6,2,global_gbm,8,3850,2.59205,0.694925
occupancy,6,2,global_gbm,9,3850,2.85759,0.805341
occupancy,6,2,global_gbm,10,3850,4.08001,1.08938
occupancy,6,2,global_gbm,11,3850,3.27802,0.963812
occupancy,6,2,global_gbm,12,3850,4.058,1.09771
occupancy,6,2,global_gbm,13,3850,4.40887,1.14952
occupancy,6,2,global_gbm,14,3850,3.2313,0.918699
occupancy,6,2,global_gbm,15,3850,2.81023,0.792833
occupancy,6,2,global_gbm,16,3850,3.19082,0.870408
occupancy,6,2,global_gbm,17,3850,2.98071,0.828076
occupancy,6,2,global_gbm,18,3850,2.88534,0.816328
occupancy,6,2,global_gbm,19,3850,3.04383,0.838889
occupancy,6,2,global_gbm,20,3850,2.8175,0.81218
occupancy,6,2,global_gbm,21,3850,2.83265,0.817336
occupancy,6,2,global_gbm,22,3850,2.87723,0.835139
occupancy,6,2,global_gbm,23,3850,2.94153,0.843596
occupancy,6,3,last_observation,0,3850,4.67351,1.05534
occupancy,6,3,last_observation,1,3850,4.12286,0.922471
occupancy,6,3,last_observation,2,3850,2.94403,0.697779
occupancy,6,3,last_observation,3,3850,2.45675,0.575436
occupancy,6,3,last_observation,4,3850,2.16104,0.479653
occupancy,6,3,last_observation,5,3850,1.82831,0.396189
occupancy,6,3,last_observation,6,3850,1.60935,0.344727
occupancy,6,3,last_observation,7,3850,1.32364,0.284588
occupancy,6,3,last_observation,8,3850,2.36831,0.523637
occupancy,6,3,last_observation,9,3850,4.00558,0.894657
occupancy,6,3,last_observation,10,3850,4.91195,1.10101
occupancy,6,3,last_observation,11,3850,5.58221,1.2549
occupancy,6,3,last_observation,12,3850,5.67403,1.29234
occupancy,6,3,last_observation,13,3850,5.16727,1.19053
occupancy,6,3,last_observation,14,3850,4.26286,1.01613
occupancy,6,3,last_observation,15,3850,3.2674,0.810524
occupancy,6,3,last_observation,16,3850,2.72688,0.720909
occupancy,6,3,last_observation,17,3850,2.98545,0.785898
occupancy,6,3,last_observation,18,3850,2.78078,0.766041
occupancy,6,3,last_observation,19,3850,3.71065,0.947206
occupancy,6,3,last_observation,20,3850,4.23325,1.02561
occupancy,6,3,last_observation,21,3850,4.79494,1.11533
occupancy,6,3,last_observation,22,3850,5.17701,1.17465
occupancy,6,3,last_observation,23,3850,5.14455,1.17464
occupancy,6,3,seasonal_naive_daily,0,3850,2.95455,0.789762
occupancy,6,3,seasonal_naive_daily,1,3850,2.64156,0.732214
occupancy,6,3,seasonal_naive_daily,2,3850,2.46,0.706736
occupancy,6,3,seasonal_naive_daily,3,3850,2.59714,0.731503
occupancy,6,3,seasonal_naive_daily,4,3850,2.63792,0.733651
occupancy,6,3,seasonal_naive_daily,5,3850,2.66026,0.740662
occupancy,6,3,seasonal_naive_daily,6,3850,2.60935,0.734377
occupancy,6,3,seasonal_naive_daily,7,3850,2.51091,0.718613
occupancy,6,3,seasonal_naive_daily,8,3850,2.63532,0.725875
occupancy,6,3,seasonal_naive_daily,9,3850,3.03948,0.833977
occupancy,6,3,seasonal_naive_daily,10,3850,3.08701,0.852926
occupancy,6,3,seasonal_naive_daily,11,3850,3.69273,0.971592
occupancy,6,3,seasonal_naive_daily,12,3850,3.17195,0.875955
occupancy,6,3,seasonal_naive_daily,13,3850,3.19974,0.86386
occupancy,6,3,seasonal_naive_daily,14,3850,3.12312,0.858708
occupancy,6,3,seasonal_naive_daily,15,3850,3.07584,0.844621
occupancy,6,3,seasonal_naive_daily,16,3850,2.97429,0.837873
occupancy,6,3,seasonal_naive_daily,17,3850,3.11169,0.85477
occupancy,6,3,seasonal_naive_daily,18,3850,2.82364,0.793433
occupancy,6,3,seasonal_naive_daily,19,3850,2.71558,0.75843
occupancy,6,3,seasonal_naive_daily,20,3850,2.53623,0.732435
occupancy,6,3,seasonal_naive_daily,21,3850,2.59091,0.732632
occupancy,6,3,seasonal_naive_daily,22,3850,2.63403,0.728894
occupancy,6,3,seasonal_naive_daily,23,3850,2.52364,0.717549
occupancy,6,3,seasonal_naive_weekly,0,3850,4.31974,1.11058
occupancy,6,3,seasonal_naive_weekly,1,3850,4.16883,1.09216
occupancy,6,3,seasonal_naive_weekly,2,3850,3.99117,1.06769
occupancy,6,3,seasonal_naive_weekly,3,3850,4.04792,1.07838
occupancy,6,3,seasonal_naive_weekly,4,3850,4.21662,1.09382
occupancy,6,3,seasonal_naive_weekly,5,3850,4.17091,1.09894
occupancy,6,3,seasonal_naive_weekly,6,3850,4.14468,1.08751
occupancy,6,3,seasonal_naive_weekly,7,3850,3.93403,1.0509
occupancy,6,3,seasonal_naive_weekly,8,3850,3.73792,1.00378
occupancy,6,3,seasonal_naive_weekly,9,3850,3.79961,1.04071
occupancy,6,3,seasonal_naive_weekly,10,3850,3.85455,1.05296
occupancy,6,3,seasonal_naive_weekly,11,3850,4.22675,1.13624
occupancy,6,3,seasonal_naive_weekly,12,3850,4.05442,1.12041
occupancy,6,3,seasonal_naive_weekly,13,3850,4.08883,1.11605
occupancy,6,3,seasonal_naive_weekly,14,3850,3.95545,1.09086
occupancy,6,3,seasonal_naive_weekly,15,3850,3.92468,1.07457
occupancy,6,3,seasonal_naive_weekly,16,3850,3.87753,1.07482
occupancy,6,3,seasonal_naive_weekly,17,3850,3.98909,1.09023
occupancy,6,3,seasonal_naive_weekly,18,3850,3.88675,1.05896
occupancy,6,3,seasonal_naive_weekly,19,3850,3.85351,1.05127
occupancy,6,3,seasonal_naive_weekly,20,3850,3.6687,1.02747
occupancy,6,3,seasonal_naive_weekly,21,3850,3.86701,1.03877
occupancy,6,3,seasonal_naive_weekly,22,3850,3.88909,1.02692
occupancy,6,3,seasonal_naive_weekly,23,3850,3.91584,1.03679
occupancy,6,3,autoregressive,0,3850,2.57412,0.678529
occupancy,6,3,autoregressive,1,3850,2.33669,0.615255
occupancy,6,3,autoregressive,2,3850,2.13438,0.565402
occupancy,6,3,autoregressive,3,3850,2.11654,0.55309
occupancy,6,3,autoregressive,4,3850,2.02909,0.527974
occupancy,6,3,autoregressive,5,3850,1.98822,0.516014
occupancy,6,3,autoregressive,6,3850,1.92467,0.512545
occupancy,6,3,autoregressive,7,3850,2.04493,0.528748
occupancy,6,3,autoregressive,8,3850,2.2477,0.575066
occupancy,6,3,autoregressive,9,3850,2.63416,0.674804
occupancy,6,3,autoregressive,10,3850,2.7825,0.722743
occupancy,6,3,autoregressive,11,3850,3.17725,0.813058
occupancy,6,3,autoregressive,12,3850,2.88683,0.765148
occupancy,6,3,autoregressive,13,3850,2.92593,0.765285
occupancy,6,3,autoregressive,14,3850,2.78189,0.737541
occupancy,6,3,autoregressive,15,3850,2.58586,0.69244
occupancy,6,3,autoregressive,16,3850,2.47806,0.67564
occupancy,6,3,autoregressive,17,3850,2.57723,0.699281
occupancy,6,3,autoregressive,18,3850,2.37146,0.661752
occupancy,6,3,autoregressive,19,3850,2.51916,0.689245
occupancy,6,3,autoregressive,20,3850,2.43264,0.676364
occupancy,6,3,autoregressive,21,3850,2.50926,0.685409
occupancy,6,3,autoregressive,22,3850,2.5117,0.680879
occupancy,6,3,autoregressive,23,3850,2.4555,0.674401
occupancy,6,3,zone_ridge,0,3850,3.41544,0.844091
occupancy,6,3,zone_ridge,1,3850,3.32107,0.804128
occupancy,6,3,zone_ridge,2,3850,3.27696,0.783529
occupancy,6,3,zone_ridge,3,3850,3.16997,0.763323
occupancy,6,3,zone_ridge,4,3850,2.91891,0.706082
occupancy,6,3,zone_ridge,5,3850,2.58669,0.64763
occupancy,6,3,zone_ridge,6,3850,2.37613,0.603212
occupancy,6,3,zone_ridge,7,3850,2.54741,0.626386
occupancy,6,3,zone_ridge,8,3850,2.50543,0.628888
occupancy,6,3,zone_ridge,9,3850,2.53991,0.6591
occupancy,6,3,zone_ridge,10,3850,2.79371,0.71039
occupancy,6,3,zone_ridge,11,3850,3.26338,0.809703
occupancy,6,3,zone_ridge,12,3850,3.16133,0.79095
occupancy,6,3,zone_ridge,13,3850,3.38591,0.829177
occupancy,6,3,zone_ridge,14,3850,3.03669,0.775267
occupancy,6,3,zone_ridge,15,3850,2.93749,0.75265
occupancy,6,3,zone_ridge,16,3850,2.70932,0.718708
occupancy,6,3,zone_ridge,17,3850,2.8066,0.739753
occupancy,6,3,zone_ridge,18,3850,2.5765,0.699666
occupancy,6,3,zone_ridge,19,3850,2.90429,0.756956
occupancy,6,3,zone_ridge,20,3850,2.89011,0.757374
occupancy,6,3,zone_ridge,21,3850,2.96786,0.766388
occupancy,6,3,zone_ridge,22,3850,3.11245,0.785209
occupancy,6,3,zone_ridge,23,3850,3.26268,0.810107
occupancy,6,3,zone_gbm,0,3850,3.41306,0.867109
occupancy,6,3,zone_gbm,1,3850,3.08491,0.807388
occupancy,6,3,zone_gbm,2,3850,2.93381,0.781524
occupancy,6,3,zone_gbm,3,3850,2.93053,0.767121
occupancy,6,3,zone_gbm,4,3850,2.91734,0.741227
occupancy,6,3,zone_gbm,5,3850,2.80829,0.710728
occupancy,6,3,zone_gbm,6,3850,2.72615,0.684928
occupancy,6,3,zone_gbm,7,3850,2.39378,0.61293
occupancy,6,3,zone_gbm,8,3850,2.68393,0.6793
occupancy,6,3,zone_gbm,9,3850,2.98037,0.776119
occupancy,6,3,zone_gbm,10,3850,3.03144,0.811255
occupancy,6,3,zone_gbm,11,3850,3.33561,0.891219
occupancy,6,3,zone_gbm,12,3850,3.18057,0.863005
occupancy,6,3,zone_gbm,13,3850,3.26517,0.873577
occupancy,6,3,zone_gbm,14,3850,3.09988,0.851795
occupancy,6,3,zone_gbm,15,3850,2.94459,0.812548
occupancy,6,3,zone_gbm,16,3850,2.77243,0.772486
occupancy,6,3,zone_gbm,17,3850,2.89484,0.792588
occupancy,6,3,zone_gbm,18,3850,2.88334,0.786764
occupancy,6,3,zone_gbm,19,3850,2.95144,0.804702
occupancy,6,3,zone_gbm,20,3850,2.84405,0.79372
occupancy,6,3,zone_gbm,21,3850,2.95602,0.809933
occupancy,6,3,zone_gbm,22,3850,3.08864,0.824195
occupancy,6,3,zone_gbm,23,3850,3.08824,0.827633
occupancy,6,3,global_ridge,0,3850,3.4538,1.10787
occupancy,6,3,global_ridge,1,3850,3.64863,1.18615
occupancy,6,3,global_ridge,2,3850,3.3871,1.17805
occupancy,6,3,global_ridge,3,3850,3.54223,1.2035
occupancy,6,3,global_ridge,4,3850,3.54223,1.14749
occupancy,6,3,global_ridge,5,3850,3.51326,1.07296
occupancy,6,3,global_ridge,6,3850,3.25833,0.927679
occupancy,6,3,global_ridge,7,3850,2.96239,0.79991
occupancy,6,3,global_ridge,8,3850,2.64674,0.69416
occupancy,6,3,global_ridge,9,3850,3.01272,0.796096
occupancy,6,3,global_ridge,10,3850,3.41437,0.929972
occupancy,6,3,global_ridge,11,3850,4.04119,1.12009
occupancy,6,3,global_ridge,12,3850,3.84486,1.13876
occupancy,6,3,global_ridge,13,3850,3.73226,1.1879
occupancy,6,3,global_ridge,14,3850,3.56568,1.16766
occupancy,6,3,global_ridge,15,3850,3.39928,1.09814
occupancy,6,3,global_ridge,16,3850,3.32177,1.02998
occupancy,6,3,global_ridge,17,3850,3.53281,1.05178
occupancy,6,3,global_ridge,18,3850,3.09391,0.930118
occupancy,6,3,global_ridge,19,3850,2.90658,0.843301
occupancy,6,3,global_ridge,20,3850,2.94376,0.814498
occupancy,6,3,global_ridge,21,3850,3.15191,0.848846
occupancy,6,3,global_ridge,22,3850,3.3188,0.921152
occupancy,6,3,global_ridge,23,3850,3.37688,1.00061
occupancy,6,3,global_gbm,0,3850,2.97527,0.764001
occupancy,6,3,global_gbm,1,3850,2.76276,0.704983
occupancy,6,3,global_gbm,2,3850,2.58503,0.671899
occupancy,6,3,global_gbm,3,3850,2.48844,0.639726
occupancy,6,3,global_gbm,4,3850,2.33591,0.579184
occupancy,6,3,global_gbm,5,3850,2.22932,0.541506
occupancy,6,3,global_gbm,6,3850,2.16889,0.527684
occupancy,6,3,global_gbm,7,3850,1.92009,0.48377
occupancy,6,3,global_gbm,8,3850,2.02613,0.528107
occupancy,6,3,global_gbm,9,3850,2.38895,0.646771
occupancy,6,3,global_gbm,10,3850,2.5356,0.699583
occupancy,6,3,global_gbm,11,3850,2.89446,0.784651
occupancy,6,3,global_gbm,12,3850,2.6804,0.748672
occupancy,6,3,global_gbm,13,3850,2.7637,0.753498
occupancy,6,3,global_gbm,14,3850,2.57721,0.717001
occupancy,6,3,global_gbm,15,3850,2.45512,0.67578
occupancy,6,3,global_gbm,16,3850,2.36701,0.666815
occupancy,6,3,global_gbm,17,3850,2.55123,0.69871
occupancy,6,3,global_gbm,18,3850,2.41948,0.666194
occupancy,6,3,global_gbm,19,3850,2.61351,0.707629
occupancy,6,3,global_gbm,20,3850,2.55979,0.712868
occupancy,6,3,global_gbm,21,3850,2.69763,0.734929
occupancy,6,3,global_gbm,22,3850,2.78435,0.746575
occupancy,6,3,global_gbm,23,3850,2.74814,0.738199
occupancy,6,4,last_observation,0,3850,7.66468,1.71782
occupancy,6,4,last_observation,1,3850,7.09455,1.54683
occupancy,6,4,last_observation,2,3850,5.28701,1.20592
occupancy,6,4,last_observation,3,3850,4.08727,0.951853
occupancy,6,4,last_observation,4,3850,3.01377,0.718985
occupancy,6,4,last_observation,5,3850,2.3213,0.545106
occupancy,6,4,last_observation,6,3850,1.82922,0.422434
occupancy,6,4,last_observation,7,3850,1.71403,0.395355
occupancy,6,4,last_observation,8,3850,4.1513,0.915367
occupancy,6,4,last_observation,9,3850,6.6274,1.47329
occupancy,6,4,last_observation,10,3850,7.92857,1.7917
occupancy,6,4,last_observation,11,3850,8.65974,1.93133
occupancy,6,4,last_observation,12,3850,8.77091,1.94883
occupancy,6,4,last_observation,13,3850,7.96974,1.78968
occupancy,6,4,last_observation,14,3850,5.84571,1.3809
occupancy,6,4,last_observation,15,3850,3.97026,1.01164
occupancy,6,4,last_observation,16,3850,3.17039,0.861663
occupancy,6,4,last_observation,17,3850,3.07195,0.845028
occupancy,6,4,last_observation,18,3850,2.97519,0.836979
occupancy,6,4,last_observation,19,3850,3.96065,1.06205
occupancy,6,4,last_observation,20,3850,5.10247,1.25796
occupancy,6,4,last_observation,21,3850,6.37169,1.48184
occupancy,6,4,last_observation,22,3850,7.28286,1.65416
occupancy,6,4,last_observation,23,3850,7.85247,1.76828
occupancy,6,4,seasonal_naive_daily,0,3850,3.09195,0.900916
occupancy,6,4,seasonal_naive_daily,1,3850,3.06571,0.89387
occupancy,6,4,seasonal_naive_daily,2,3850,3.02701,0.885289
occupancy,6,4,seasonal_naive_daily,3,3850,2.99714,0.868294
occupancy,6,4,seasonal_naive_daily,4,3850,2.87818,0.864335
occupancy,6,4,seasonal_naive_daily,5,3850,2.9787,0.874297
occupancy,6,4,seasonal_naive_daily,6,3850,3.07818,0.888452
occupancy,6,4,seasonal_naive_daily,7,3850,2.97636,0.88124
occupancy,6,4,seasonal_naive_daily,8,3850,3.40727,0.932803
occupancy,6,4,seasonal_naive_daily,9,3850,3.51948,0.969117
occupancy,6,4,seasonal_naive_daily,10,3850,3.57662,0.994557
occupancy,6,4,seasonal_naive_daily,11,3850,3.58935,0.979912
occupancy,6,4,seasonal_naive_daily,12,3850,3.46597,0.965975
occupancy,6,4,seasonal_naive_daily,13,3850,3.38026,0.947962
occupancy,6,4,seasonal_naive_daily,14,3850,3.31195,0.937868
occupancy,6,4,seasonal_naive_daily,15,3850,3.28753,0.931995
occupancy,6,4,seasonal_naive_daily,16,3850,3.22208,0.921969
occupancy,6,4,seasonal_naive_daily,17,3850,3.33221,0.950993
occupancy,6,4,seasonal_naive_daily,18,3850,3.16753,0.910032
occupancy,6,4,seasonal_naive_daily,19,3850,3.19558,0.885014
occupancy,6,4,seasonal_naive_daily,20,3850,3,0.864857
occupancy,6,4,seasonal_naive_daily,21,3850,2.96494,0.863445
occupancy,6,4,seasonal_naive_daily,22,3850,2.96753,0.868143
occupancy,6,4,seasonal_naive_daily,23,3850,3.02597,0.879143
occupancy,6,4,seasonal_naive_weekly,0,3850,4.10403,1.11783
occupancy,6,4,seasonal_naive_weekly,1,3850,4.06416,1.11436
occupancy,6,4,seasonal_naive_weekly,2,3850,4.00156,1.11023
occupancy,6,4,seasonal_naive_weekly,3,3850,3.96013,1.09549
occupancy,6,4,seasonal_naive_weekly,4,3850,3.91377,1.09354
occupancy,6,4,seasonal_naive_weekly,5,3850,4.02026,1.10447
occupancy,6,4,seasonal_naive_weekly,6,3850,4.04182,1.1114
occupancy,6,4,seasonal_naive_weekly,7,3850,3.87325,1.08127
occupancy,6,4,seasonal_naive_weekly,8,3850,3.74753,1.04482
occupancy,6,4,seasonal_naive_weekly,9,3850,3.6961,1.06065
occupancy,6,4,seasonal_naive_weekly,10,3850,3.67636,1.05818
occupancy,6,4,seasonal_naive_weekly,11,3850,3.92377,1.10759
occupancy,6,4,seasonal_naive_weekly,12,3850,3.67403,1.05891
occupancy,6,4,seasonal_naive_weekly,13,3850,3.81494,1.08158
occupancy,6,4,seasonal_naive_weekly,14,3850,3.69571,1.06713
occupancy,6,4,seasonal_naive_weekly,15,3850,3.70273,1.07382
occupancy,6,4,seasonal_naive_weekly,16,3850,3.70506,1.05822
occupancy,6,4,seasonal_naive_weekly,17,3850,3.83429,1.08926
occupancy,6,4,seasonal_naive_weekly,18,3850,3.77039,1.07678
occupancy,6,4,seasonal_naive_weekly,19,3850,3.81221,1.06009
occupancy,6,4,seasonal_naive_weekly,20,3850,3.74234,1.06012
occupancy,6,4,seasonal_naive_weekly,21,3850,3.72195,1.05314
occupancy,6,4,seasonal_naive_weekly,22,3850,3.82442,1.07136
occupancy,6,4,seasonal_naive_weekly,23,3850,3.86494,1.07509
occupancy,6,4,autoregressive,0,3850,2.81532,0.797326
occupancy,6,4,autoregressive,1,3850,2.7039,0.762535
occupancy,6,4,autoregressive,2,3850,2.47614,0.703241
occupancy,6,4,autoregressive,3,3850,2.29794,0.647214
occupancy,6,4,autoregressive,4,3850,2.06803,0.591983
occupancy,6,4,autoregressive,5,3850,2.03775,0.567728
occupancy,6,4,autoregressive,6,3850,2.10879,0.569339
occupancy,6,4,autoregressive,7,3850,2.25208,0.602471
occupancy,6,4,autoregressive,8,3850,2.64996,0.688217
occupancy,6,4,autoregressive,9,3850,3.10669,0.80893
occupancy,6,4,autoregressive,10,3850,3.25855,0.873899
occupancy,6,4,autoregressive,11,3850,3.30296,0.890188
occupancy,6,4,autoregressive,12,3850,3.27798,0.888357
occupancy,6,4,autoregressive,13,3850,3.25699,0.886116
occupancy,6,4,autoregressive,14,3850,2.99313,0.841185
occupancy,6,4,autoregressive,15,3850,2.67515,0.767605
occupancy,6,4,autoregressive,16,3850,2.50968,0.72709
occupancy,6,4,autoregressive,17,3850,2.63924,0.74897
occupancy,6,4,autoregressive,18,3850,2.51962,0.726024
occupancy,6,4,autoregressive,19,3850,2.70309,0.76024
occupancy,6,4,autoregressive,20,3850,2.64551,0.759716
occupancy,6,4,autoregressive,21,3850,2.65528,0.761137
occupancy,6,4,autoregressive,22,3850,2.69631,0.776638
occupancy,6,4,autoregressive,23,3850,2.82354,0.802942
occupancy,6,4,zone_ridge,0,3850,3.08576,0.832242
occupancy,6,4,zone_ridge,1,3850,3.04878,0.80784
occupancy,6,4,zone_ridge,2,3850,2.62744,0.731213
occupancy,6,4,zone_ridge,3,3850,2.61878,0.709183
occupancy,6,4,zone_ridge,4,3850,2.53582,0.685029
occupancy,6,4,zone_ridge,5,3850,2.64809,0.692164
occupancy,6,4,zone_ridge,6,3850,3.19516,0.771487
occupancy,6,4,zone_ridge,7,3850,3.33353,0.806552
occupancy,6,4,zone_ridge,8,3850,2.63016,0.704842
occupancy,6,4,zone_ridge,9,3850,3.16422,0.812561
occupancy,6,4,zone_ridge,10,3850,3.56121,0.915642
occupancy,6,4,zone_ridge,11,3850,3.58835,0.922765
occupancy,6,4,zone_ridge,12,3850,3.33896,0.883622
occupancy,6,4,zone_ridge,13,3850,2.99582,0.839595
occupancy,6,4,zone_ridge,14,3850,2.71972,0.787731
occupancy,6,4,zone_ridge,15,3850,2.75632,0.776512
occupancy,6,4,zone_ridge,16,3850,3.0089,0.800334
occupancy,6,4,zone_ridge,17,3850,3.42588,0.878894
occupancy,6,4,zone_ridge,18,3850,3.01065,0.8082
occupancy,6,4,zone_ridge,19,3850,2.89691,0.792283
occupancy,6,4,zone_ridge,20,3850,2.69582,0.773759
occupancy,6,4,zone_ridge,21,3850,2.8506,0.788372
occupancy,6,4,zone_ridge,22,3850,3.0593,0.822613
occupancy,6,4,zone_ridge,23,3850,3.19962,0.85841
occupancy,6,4,zone_gbm,0,3850,2.99876,0.835309
occupancy,6,4,zone_gbm,1,3850,2.93056,0.811905
occupancy,6,4,zone_gbm,2,3850,2.77361,0.776946
occupancy,6,4,zone_gbm,3,3850,2.64169,0.728938
occupancy,6,4,zone_gbm,4,3850,2.4491,0.67893
occupancy,6,4,zone_gbm,5,3850,2.31927,0.632938
occupancy,6,4,zone_gbm,6,3850,2.32732,0.623699
occupancy,6,4,zone_gbm,7,3850,2.23394,0.614812
occupancy,6,4,zone_gbm,8,3850,2.52269,0.686806
occupancy,6,4,zone_gbm,9,3850,2.65727,0.74434
occupancy,6,4,zone_gbm,10,3850,2.84817,0.800845
occupancy,6,4,zone_gbm,11,3850,3.0818,0.842946
occupancy,6,4,zone_gbm,12,3850,3.12425,0.855214
occupancy,6,4,zone_gbm,13,3850,3.03465,0.847378
occupancy,6,4,zone_gbm,14,3850,2.90849,0.825497
occupancy,6,4,zone_gbm,15,3850,2.91087,0.826098
occupancy,6,4,zone_gbm,16,3850,2.87378,0.806462
occupancy,6,4,zone_gbm,17,3850,2.98646,0.826063
occupancy,6,4,zone_gbm,18,3850,2.70457,0.77669
occupancy,6,4,zone_gbm,19,3850,3.00799,0.818545
occupancy,6,4,zone_gbm,20,3850,2.96641,0.833499
occupancy,6,4,zone_gbm,21,3850,2.96906,0.834288
occupancy,6,4,zone_gbm,22,3850,2.99745,0.841621
occupancy,6,4,zone_gbm,23,3850,2.98846,0.847304
occupancy,6,4,global_ridge,0,3850,3.92494,1.13277
occupancy,6,4,global_ridge,1,3850,4.03268,1.18726
occupancy,6,4,global_ridge,2,3850,3.75595,1.18861
occupancy,6,4,global_ridge,3,3850,3.83173,1.20968
occupancy,6,4,global_ridge,4,3850,3.94402,1.18446
occupancy,6,4,global_ridge,5,3850,4.09836,1.1534
occupancy,6,4,global_ridge,6,3850,4.18675,1.08008
occupancy,6,4,global_ridge,7,3850,3.93545,0.991504
occupancy,6,4,global_ridge,8,3850,2.97419,0.802183
occupancy,6,4,global_ridge,9,3850,3.53996,0.914469
occupancy,6,4,global_ridge,10,3850,4.31744,1.13041
occupancy,6,4,global_ridge,11,3850,4.70726,1.23556
occupancy,6,4,global_ridge,12,3850,4.72673,1.29646
occupancy,6,4,global_ridge,13,3850,4.30065,1.2953
occupancy,6,4,global_ridge,14,3850,3.91229,1.24572
occupancy,6,4,global_ridge,15,3850,3.69501,1.16586
occupancy,6,4,global_ridge,16,3850,3.94802,1.13429
occupancy,6,4,global_ridge,17,3850,4.46783,1.18874
occupancy,6,4,global_ridge,18,3850,4.08422,1.08434
occupancy,6,4,global_ridge,19,3850,3.42057,0.918786
occupancy,6,4,global_ridge,20,3850,2.91701,0.842894
occupancy,6,4,global_ridge,21,3850,3.18977,0.88402
occupancy,6,4,global_ridge,22,3850,3.61937,0.988726
occupancy,6,4,global_ridge,23,3850,3.84227,1.07654
occupancy,6,4,global_gbm,0,3850,3.02089,0.865659
occupancy,6,4,global_gbm,1,3850,2.94316,0.81964
occupancy,6,4,global_gbm,2,3850,2.67058,0.760079
occupancy,6,4,global_gbm,3,3850,2.54823,0.712937
occupancy,6,4,global_gbm,4,3850,2.34323,0.656836
occupancy,6,4,global_gbm,5,3850,2.23349,0.621699
occupancy,6,4,global_gbm,6,3850,2.14419,0.588124
occupancy,6,4,global_gbm,7,3850,2.09069,0.576024
occupancy,6,4,global_gbm,8,3850,2.38708,0.658683
occupancy,6,4,global_gbm,9,3850,2.69255,0.770817
occupancy,6,4,global_gbm,10,3850,3.32785,0.926499
occupancy,6,4,global_gbm,11,3850,3.59167,0.97998
occupancy,6,4,global_gbm,12,3850,3.74456,1.01058
occupancy,6,4,global_gbm,13,3850,3.68512,0.987143
occupancy,6,4,global_gbm,14,3850,3.25661,0.899016
occupancy,6,4,global_gbm,15,3850,2.94242,0.84634
occupancy,6,4,global_gbm,16,3850,2.88082,0.8364
occupancy,6,4,global_gbm,17,3850,2.9136,0.843285
occupancy,6,4,global_gbm,18,3850,2.63931,0.78217
occupancy,6,4,global_gbm,19,3850,2.91323,0.812306
occupancy,6,4,global_gbm,20,3850,2.934,0.830652
occupancy,6,4,global_gbm,21,3850,3.01483,0.844472
occupancy,6,4,global_gbm,22,3850,3.10746,0.874241
occupancy,6,4,global_gbm,23,3850,2.99047,0.861523
occupancy,6,5,last_observation,0,3850,4.06935,0.935012
occupancy,6,5,last_observation,1,3850,3.93377,0.923542
occupancy,6,5,last_observation,2,3850,3.23922,0.789031
occupancy,6,5,last_observation,3,3850,2.76857,0.678267
occupancy,6,5,last_observation,4,3850,2.22117,0.550627
occupancy,6,5,last_observation,5,3850,1.88649,0.481032
occupancy,6,5,last_observation,6,3850,1.3,0.320425
occupancy,6,5,last_observation,7,3850,0.909351,0.221473
occupancy,6,5,last_observation,8,3850,1.8387,0.410332
occupancy,6,5,last_observation,9,3850,3.00494,0.669478
occupancy,6,5,last_observation,10,3850,3.91117,0.898177
occupancy,6,5,last_observation,11,3850,4.50857,1.02998
occupancy,6,5,last_observation,12,3850,4.50779,1.00355
occupancy,6,5,last_observation,13,3850,4.44416,0.997877
occupancy,6,5,last_observation,14,3850,3.58935,0.836763
occupancy,6,5,last_observation,15,3850,2.74468,0.671544
occupancy,6,5,last_observation,16,3850,2.67584,0.705599
occupancy,6,5,last_observation,17,3850,2.21792,0.626184
occupancy,6,5,last_observation,18,3850,2.01766,0.568679
occupancy,6,5,last_observation,19,3850,2.45714,0.664964
occupancy,6,5,last_observation,20,3850,3.08701,0.766088
occupancy,6,5,last_observation,21,3850,3.59143,0.846126
occupancy,6,5,last_observation,22,3850,4.21156,0.963878
occupancy,6,5,last_observation,23,3850,4.51766,1.0172
occupancy,6,5,seasonal_naive_daily,0,3850,2.48182,0.693399
occupancy,6,5,seasonal_naive_daily,1,3850,2.41429,0.675369
occupancy,6,5,seasonal_naive_daily,2,3850,2.4174,0.674059
occupancy,6,5,seasonal_naive_daily,3,3850,2.46078,0.682761
occupancy,6,5,seasonal_naive_daily,4,3850,2.35584,0.663429
occupancy,6,5,seasonal_naive_daily,5,3850,2.40935,0.679452
occupancy,6,5,seasonal_naive_daily,6,3850,2.42519,0.674603
occupancy,6,5,seasonal_naive_daily,7,3850,2.34675,0.658857
occupancy,6,5,seasonal_naive_daily,8,3850,2.31974,0.649103
occupancy,6,5,seasonal_naive_daily,9,3850,2.26701,0.645401
occupancy,6,5,seasonal_naive_daily,10,3850,2.72156,0.76519
occupancy,6,5,seasonal_naive_daily,11,3850,2.74208,0.785244
occupancy,6,5,seasonal_naive_daily,12,3850,2.30364,0.650621
occupancy,6,5,seasonal_naive_daily,13,3850,2.29039,0.648344
occupancy,6,5,seasonal_naive_daily,14,3850,2.20831,0.63106
occupancy,6,5,seasonal_naive_daily,15,3850,2.16805,0.619866
occupancy,6,5,seasonal_naive_daily,16,3850,2.50987,0.723582
occupancy,6,5,seasonal_naive_daily,17,3850,2.33273,0.658905
occupancy,6,5,seasonal_naive_daily,18,3850,2.43247,0.68598
occupancy,6,5,seasonal_naive_daily,19,3850,2.55273,0.730018
occupancy,6,5,seasonal_naive_daily,20,3850,2.63532,0.757695
occupancy,6,5,seasonal_naive_daily,21,3850,2.56883,0.718996
occupancy,6,5,seasonal_naive_daily,22,3850,2.73039,0.74336
occupancy,6,5,seasonal_naive_daily,23,3850,2.88805,0.781153
occupancy,6,5,seasonal_naive_weekly,0,3850,5.65338,1.41134
occupancy,6,5,seasonal_naive_weekly,1,3850,5.62338,1.39771
occupancy,6,5,seasonal_naive_weekly,2,3850,5.62961,1.39539
occupancy,6,5,seasonal_naive_weekly,3,3850,5.52909,1.37589
occupancy,6,5,seasonal_naive_weekly,4,3850,5.51481,1.38056
occupancy,6,5,seasonal_naive_weekly,5,3850,5.52649,1.38465
occupancy,6,5,seasonal_naive_weekly,6,3850,5.70208,1.40509
occupancy,6,5,seasonal_naive_weekly,7,3850,5.40675,1.35186
occupancy,6,5,seasonal_naive_weekly,8,3850,4.38727,1.16659
occupancy,6,5,seasonal_naive_weekly,9,3850,4.37714,1.21021
occupancy,6,5,seasonal_naive_weekly,10,3850,4.61974,1.27266
occupancy,6,5,seasonal_naive_weekly,11,3850,4.68649,1.31606
occupancy,6,5,seasonal_naive_weekly,12,3850,4.36935,1.22666
occupancy,6,5,seasonal_naive_weekly,13,3850,4.59909,1.28268
occupancy,6,5,seasonal_naive_weekly,14,3850,4.43909,1.25106
occupancy,6,5,seasonal_naive_weekly,15,3850,4.42325,1.23611
occupancy,6,5,seasonal_naive_weekly,16,3850,4.51195,1.2611
occupancy,6,5,seasonal_naive_weekly,17,3850,4.11273,1.14083
occupancy,6,5,seasonal_naive_weekly,18,3850,4.20299,1.16995
occupancy,6,5,seasonal_naive_weekly,19,3850,4.2987,1.18365
occupancy,6,5,seasonal_naive_weekly,20,3850,4.83351,1.27701
occupancy,6,5,seasonal_naive_weekly,21,3850,4.97961,1.27715
occupancy,6,5,seasonal_naive_weekly,22,3850,5.17247,1.29714
occupancy,6,5,seasonal_naive_weekly,23,3850,5.40909,1.34851
occupancy,6,5,autoregressive,0,3850,2.41777,0.660135
occupancy,6,5,autoregressive,1,3850,2.32951,0.650046
occupancy,6,5,autoregressive,2,3850,2.30958,0.635772
occupancy,6,5,autoregressive,3,3850,2.26889,0.621685
occupancy,6,5,autoregressive,4,3850,2.19165,0.594625
occupancy,6,5,autoregressive,5,3850,2.17494,0.59153
occupancy,6,5,autoregressive,6,3850,1.99899,0.544397
occupancy,6,5,autoregressive,7,3850,1.90514,0.514557
occupancy,6,5,autoregressive,8,3850,1.92571,0.526299
occupancy,6,5,autoregressive,9,3850,2.10616,0.572225
occupancy,6,5,autoregressive,10,3850,2.41813,0.669383
occupancy,6,5,autoregressive,11,3850,2.53858,0.704392
occupancy,6,5,autoregressive,12,3850,2.44311,0.664791
occupancy,6,5,autoregressive,13,3850,2.49905,0.678075
occupancy,6,5,autoregressive,14,3850,2.47924,0.67371
occupancy,6,5,autoregressive,15,3850,2.3902,0.65309
occupancy,6,5,autoregressive,16,3850,2.60724,0.719699
occupancy,6,5,autoregressive,17,3850,2.46986,0.689125
occupancy,6,5,autoregressive,18,3850,2.36776,0.664635
occupancy,6,5,autoregressive,19,3850,2.43146,0.684481
occupancy,6,5,autoregressive,20,3850,2.48048,0.698095
occupancy,6,5,autoregressive,21,3850,2.41327,0.670709
occupancy,6,5,autoregressive,22,3850,2.46911,0.674367
occupancy,6,5,autoregressive,23,3850,2.49956,0.681621
occupancy,6,5,zone_ridge,0,3850,3.80978,0.923882
occupancy,6,5,zone_ridge,1,3850,3.65513,0.898998
occupancy,6,5,zone_ridge,2,3850,3.7432,0.902411
occupancy,6,5,zone_ridge,3,3850,3.6237,0.875158
occupancy,6,5,zone_ridge,4,3850,3.35209,0.813902
occupancy,6,5,zone_ridge,5,3850,3.10586,0.767079
occupancy,6,5,zone_ridge,6,3850,2.81309,0.699058
occupancy,6,5,zone_ridge,7,3850,2.7312,0.674198
occupancy,6,5,zone_ridge,8,3850,2.50774,0.650731
occupancy,6,5,zone_ridge,9,3850,2.69208,0.700497
occupancy,6,5,zone_ridge,10,3850,2.98795,0.78921
occupancy,6,5,zone_ridge,11,3850,3.03995,0.823374
occupancy,6,5,zone_ridge,12,3850,3.05981,0.816841
occupancy,6,5,zone_ridge,13,3850,3.10522,0.836465
occupancy,6,5,zone_ridge,14,3850,2.98734,0.814833
occupancy,6,5,zone_ridge,15,3850,2.84192,0.779023
occupancy,6,5,zone_ridge,16,3850,2.90555,0.799341
occupancy,6,5,zone_ridge,17,3850,2.78192,0.763207
occupancy,6,5,zone_ridge,18,3850,2.71988,0.737546
occupancy,6,5,zone_ridge,19,3850,2.83299,0.751694
occupancy,6,5,zone_ridge,20,3850,3.05116,0.794258
occupancy,6,5,zone_ridge,21,3850,3.24716,0.806761
occupancy,6,5,zone_ridge,22,3850,3.42139,0.834428
occupancy,6,5,zone_ridge,23,3850,3.67692,0.884551
occupancy,6,5,zone_gbm,0,3850,3.85367,0.98256
occupancy,6,5,zone_gbm,1,3850,3.70121,0.959712
occupancy,6,5,zone_gbm,2,3850,3.63348,0.93814
occupancy,6,5,zone_gbm,3,3850,3.45417,0.895459
occupancy,6,5,zone_gbm,4,3850,3.34622,0.859406
occupancy,6,5,zone_gbm,5,3850,3.28639,0.840592
occupancy,6,5,zone_gbm,6,3850,3.19341,0.797084
occupancy,6,5,zone_gbm,7,3850,2.70873,0.700793
occupancy,6,5,zone_gbm,8,3850,2.53942,0.703914
occupancy,6,5,zone_gbm,9,3850,2.78771,0.801423
occupancy,6,5,zone_gbm,10,3850,3.0121,0.87749
occupancy,6,5,zone_gbm,11,3850,3.1289,0.913456
occupancy,6,5,zone_gbm,12,3850,3.18304,0.914193
occupancy,6,5,zone_gbm,13,3850,3.25037,0.934026
occupancy,6,5,zone_gbm,14,3850,3.21263,0.920125
occupancy,6,5,zone_gbm,15,3850,3.09516,0.889788
occupancy,6,5,zone_gbm,16,3850,3.09329,0.89617
occupancy,6,5,zone_gbm,17,3850,2.96443,0.859058
occupancy,6,5,zone_gbm,18,3850,2.89858,0.840299
occupancy,6,5,zone_gbm,19,3850,3.05381,0.864535
occupancy,6,5,zone_gbm,20,3850,3.36618,0.932383
occupancy,6,5,zone_gbm,21,3850,3.45287,0.928796
occupancy,6,5,zone_gbm,22,3850,3.50253,0.92975
occupancy,6,5,zone_gbm,23,3850,3.53167,0.938272
occupancy,6,5,global_ridge,0,3850,3.13334,1.02938
occupancy,6,5,global_ridge,1,3850,3.21026,1.09844
occupancy,6,5,global_ridge,2,3850,3.24047,1.14842
occupancy,6,5,global_ridge,3,3850,3.27512,1.14875
occupancy,6,5,global_ridge,4,3850,3.27866,1.11816
occupancy,6,5,global_ridge,5,3850,3.17746,1.03791
occupancy,6,5,global_ridge,6,3850,2.95702,0.892738
occupancy,6,5,global_ridge,7,3850,2.67672,0.738705
occupancy,6,5,global_ridge,8,3850,2.10799,0.60579
occupancy,6,5,global_ridge,9,3850,2.36509,0.692256
occupancy,6,5,global_ridge,10,3850,2.90699,0.878987
occupancy,6,5,global_ridge,11,3850,3.25364,1.00755
occupancy,6,5,global_ridge,12,3850,3.2188,1.02674
occupancy,6,5,global_ridge,13,3850,3.17638,1.08017
occupancy,6,5,global_ridge,14,3850,3.09731,1.07294
occupancy,6,5,global_ridge,15,3850,3.09904,1.06502
occupancy,6,5,global_ridge,16,3850,3.2429,1.07403
occupancy,6,5,global_ridge,17,3850,3.23136,1.0289
occupancy,6,5,global_ridge,18,3850,2.8891,0.907993
occupancy,6,5,global_ridge,19,3850,2.578,0.807631
occupancy,6,5,global_ridge,20,3850,2.5171,0.752023
occupancy,6,5,global_ridge,21,3850,2.62893,0.749828
occupancy,6,5,global_ridge,22,3850,2.82567,0.810972
occupancy,6,5,global_ridge,23,3850,3.09783,0.927841
occupancy,6,5,global_gbm,0,3850,2.67178,0.700123
occupancy,6,5,global_gbm,1,3850,2.61091,0.696114
occupancy,6,5,global_gbm,2,3850,2.48703,0.661495
occupancy,6,5,global_gbm,3,3850,2.3294,0.626783
occupancy,6,5,global_gbm,4,3850,2.19394,0.580425
occupancy,6,5,global_gbm,5,3850,2.09564,0.562734
occupancy,6,5,global_gbm,6,3850,1.90797,0.496809
occupancy,6,5,global_gbm,7,3850,1.70401,0.456378
occupancy,6,5,global_gbm,8,3850,1.74483,0.485757
occupancy,6,5,global_gbm,9,3850,2.12612,0.583868
occupancy,6,5,global_gbm,10,3850,2.35147,0.659304
occupancy,6,5,global_gbm,11,3850,2.37331,0.681672
occupancy,6,5,global_gbm,12,3850,2.34011,0.656755
occupancy,6,5,global_gbm,13,3850,2.32682,0.665827
occupancy,6,5,global_gbm,14,3850,2.2354,0.648379
occupancy,6,5,global_gbm,15,3850,2.07506,0.603555
occupancy,6,5,global_gbm,16,3850,2.21265,0.658525
occupancy,6,5,global_gbm,17,3850,2.12341,0.632246
occupancy,6,5,global_gbm,18,3850,2.07707,0.612263
occupancy,6,5,global_gbm,19,3850,2.1524,0.632303
occupancy,6,5,global_gbm,20,3850,2.32373,0.663655
occupancy,6,5,global_gbm,21,3850,2.43743,0.666361
occupancy,6,5,global_gbm,22,3850,2.5044,0.678872
occupancy,6,5,global_gbm,23,3850,2.64581,0.707062
occupancy,6,6,last_observation,0,3850,6.55948,1.46033
occupancy,6,6,last_observation,1,3850,5.92442,1.3001
occupancy,6,6,last_observation,2,3850,4.53169,1.034
occupancy,6,6,last_observation,3,3850,3.56961,0.833359
occupancy,6,6,last_observation,4,3850,2.82442,0.674966
occupancy,6,6,last_observation,5,3850,2.3839,0.590994
occupancy,6,6,last_observation,6,3850,1.70052,0.402749
occupancy,6,6,last_observation,7,3850,1.57091,0.394254
occupancy,6,6,last_observation,8,3850,3.62935,0.81109
occupancy,6,6,last_observation,9,3850,6.05896,1.32656
occupancy,6,6,last_observation,10,3850,7.16675,1.57108
occupancy,6,6,last_observation,11,3850,7.67714,1.67484
occupancy,6,6,last_observation,12,3850,7.88,1.71886
occupancy,6,6,last_observation,13,3850,7.20234,1.61016
occupancy,6,6,last_observation,14,3850,5.15091,1.23029
occupancy,6,6,last_observation,15,3850,3.30078,0.837876
occupancy,6,6,last_observation,16,3850,2.72026,0.739474
occupancy,6,6,last_observation,17,3850,2.50701,0.714278
occupancy,6,6,last_observation,18,3850,2.61792,0.740847
occupancy,6,6,last_observation,19,3850,3.25195,0.854541
occupancy,6,6,last_observation,20,3850,4.56208,1.07446
occupancy,6,6,last_observation,21,3850,5.68519,1.28092
occupancy,6,6,last_observation,22,3850,6.34597,1.39698
occupancy,6,6,last_observation,23,3850,6.61117,1.44637
occupancy,6,6,seasonal_naive_daily,0,3850,2.9026,0.837262
occupancy,6,6,seasonal_naive_daily,1,3850,2.75403,0.812883
occupancy,6,6,seasonal_naive_daily,2,3850,2.76883,0.816496
occupancy,6,6,seasonal_naive_daily,3,3850,2.77143,0.812722
occupancy,6,6,seasonal_naive_daily,4,3850,2.74935,0.811172
occupancy,6,6,seasonal_naive_daily,5,3850,2.88519,0.854642
occupancy,6,6,seasonal_naive_daily,6,3850,2.8239,0.840959
occupancy,6,6,seasonal_naive_daily,7,3850,2.98753,0.87382
occupancy,6,6,seasonal_naive_daily,8,3850,3.53273,0.977933
occupancy,6,6,seasonal_naive_daily,9,3850,3.67922,0.997094
occupancy,6,6,seasonal_naive_daily,10,3850,3.61403,1.00019
occupancy,6,6,seasonal_naive_daily,11,3850,3.49818,0.97912
occupancy,6,6,seasonal_naive_daily,12,3850,3.45065,0.960298
occupancy,6,6,seasonal_naive_daily,13,3850,3.59403,1.01669
occupancy,6,6,seasonal_naive_daily,14,3850,3.61299,1.0155
occupancy,6,6,seasonal_naive_daily,15,3850,3.48597,0.9847
occupancy,6,6,seasonal_naive_daily,16,3850,3.46078,0.98442
occupancy,6,6,seasonal_naive_daily,17,3850,3.61351,1.02325
occupancy,6,6,seasonal_naive_daily,18,3850,3.54078,1.00206
occupancy,6,6,seasonal_naive_daily,19,3850,3.27844,0.927895
occupancy,6,6,seasonal_naive_daily,20,3850,3.08078,0.900494
occupancy,6,6,seasonal_naive_daily,21,3850,2.98026,0.871305
occupancy,6,6,seasonal_naive_daily,22,3850,2.8813,0.854513
occupancy,6,6,seasonal_naive_daily,23,3850,2.87584,0.855107
occupancy,6,6,seasonal_naive_weekly,0,3850,5.40156,1.57889
occupancy,6,6,seasonal_naive_weekly,1,3850,5.5787,1.6152
occupancy,6,6,seasonal_naive_weekly,2,3850,5.51117,1.59969
occupancy,6,6,seasonal_naive_weekly,3,3850,5.4761,1.5922
occupancy,6,6,seasonal_naive_weekly,4,3850,5.48104,1.59479
occupancy,6,6,seasonal_naive_weekly,5,3850,5.49558,1.58867
occupancy,6,6,seasonal_naive_weekly,6,3850,5.51169,1.60155
occupancy,6,6,seasonal_naive_weekly,7,3850,5.51351,1.59712
occupancy,6,6,seasonal_naive_weekly,8,3850,5.36468,1.57858
occupancy,6,6,seasonal_naive_weekly,9,3850,5.46,1.60048
occupancy,6,6,seasonal_naive_weekly,10,3850,5.45844,1.60534
occupancy,6,6,seasonal_naive_weekly,11,3850,5.37377,1.58779
occupancy,6,6,seasonal_naive_weekly,12,3850,5.31896,1.57591
occupancy,6,6,seasonal_naive_weekly,13,3850,4.91766,1.46004
occupancy,6,6,seasonal_naive_weekly,14,3850,5.08052,1.50098
occupancy,6,6,seasonal_naive_weekly,15,3850,4.84753,1.44124
occupancy,6,6,seasonal_naive_weekly,16,3850,4.93714,1.47021
occupancy,6,6,seasonal_naive_weekly,17,3850,4.99922,1.46507
occupancy,6,6,seasonal_naive_weekly,18,3850,4.93974,1.46667
occupancy,6,6,seasonal_naive_weekly,19,3850,4.85013,1.4527
occupancy,6,6,seasonal_naive_weekly,20,3850,4.80727,1.4564
occupancy,6,6,seasonal_naive_weekly,21,3850,4.79714,1.449
occupancy,6,6,seasonal_naive_weekly,22,3850,4.83844,1.45404
occupancy,6,6,seasonal_naive_weekly,23,3850,4.86442,1.45405
occupancy,6,6,autoregressive,0,3850,2.74386,0.786138
occupancy,6,6,autoregressive,1,3850,2.54449,0.73718
occupancy,6,6,autoregressive,2,3850,2.41574,0.699593
occupancy,6,6,autoregressive,3,3850,2.33411,0.670435
occupancy,6,6,autoregressive,4,3850,2.22371,0.64027
occupancy,6,6,autoregressive,5,3850,2.27622,0.660568
occupancy,6,6,autoregressive,6,3850,2.15687,0.615102
occupancy,6,6,autoregressive,7,3850,2.4242,0.666995
occupancy,6,6,autoregressive,8,3850,2.79651,0.74771
occupancy,6,6,autoregressive,9,3850,3.25531,0.856665
occupancy,6,6,autoregressive,10,3850,3.26758,0.883867
occupancy,6,6,autoregressive,11,3850,3.20345,0.882385
occupancy,6,6,autoregressive,12,3850,3.23729,0.886181
occupancy,6,6,autoregressive,13,3850,3.48361,0.95481
occupancy,6,6,autoregressive,14,3850,3.18085,0.902295
occupancy,6,6,autoregressive,15,3850,2.75359,0.792177
occupancy,6,6,autoregressive,16,3850,2.63573,0.767509
occupancy,6,6,autoregressive,17,3850,2.68424,0.778237
occupancy,6,6,autoregressive,18,3850,2.62464,0.763705
occupancy,6,6,autoregressive,19,3850,2.52302,0.733227
occupancy,6,6,autoregressive,20,3850,2.49113,0.727547
occupancy,6,6,autoregressive,21,3850,2.50706,0.72948
occupancy,6,6,autoregressive,22,3850,2.50208,0.725312
occupancy,6,6,autoregressive,23,3850,2.49084,0.724071
occupancy,6,6,zone_ridge,0,3850,3.46368,0.966251
occupancy,6,6,zone_ridge,1,3850,3.35667,0.935251
occupancy,6,6,zone_ridge,2,3850,3.02578,0.864713
occupancy,6,6,zone_ridge,3,3850,2.91804,0.828569
occupancy,6,6,zone_ridge,4,3850,2.88644,0.809249
occupancy,6,6,zone_ridge,5,3850,3.01668,0.827296
occupancy,6,6,zone_ridge,6,3850,3.29918,0.84873
occupancy,6,6,zone_ridge,7,3850,3.57994,0.906247
occupancy,6,6,zone_ridge,8,3850,3.00744,0.818359
occupancy,6,6,zone_ridge,9,3850,3.49612,0.9125
occupancy,6,6,zone_ridge,10,3850,3.66164,0.96966
occupancy,6,6,zone_ridge,11,3850,3.43727,0.93509
occupancy,6,6,zone_ridge,12,3850,3.19422,0.892561
occupancy,6,6,zone_ridge,13,3850,3.1654,0.906518
occupancy,6,6,zone_ridge,14,3850,2.92005,0.854216
occupancy,6,6,zone_ridge,15,3850,2.70849,0.789625
occupancy,6,6,zone_ridge,16,3850,2.74228,0.788427
occupancy,6,6,zone_ridge,17,3850,2.9619,0.825571
occupancy,6,6,zone_ridge,18,3850,2.96151,0.817857
occupancy,6,6,zone_ridge,19,3850,2.67506,0.760635
occupancy,6,6,zone_ridge,20,3850,2.74943,0.78358
occupancy,6,6,zone_ridge,21,3850,2.92015,0.816785
occupancy,6,6,zone_ridge,22,3850,3.03491,0.841881
occupancy,6,6,zone_ridge,23,3850,3.14804,0.872877
occupancy,6,6,zone_gbm,0,3850,3.36674,0.987722
occupancy,6,6,zone_gbm,1,3850,3.42357,0.989318
occupancy,6,6,zone_gbm,2,3850,3.29622,0.955549
occupancy,6,6,zone_gbm,3,3850,3.19001,0.918908
occupancy,6,6,zone_gbm,4,3850,3.05736,0.879309
occupancy,6,6,zone_gbm,5,3850,2.98226,0.855938
occupancy,6,6,zone_gbm,6,3850,2.80652,0.79708
occupancy,6,6,zone_gbm,7,3850,2.62648,0.747166
occupancy,6,6,zone_gbm,8,3850,2.86778,0.812332
occupancy,6,6,zone_gbm,9,3850,2.99991,0.865647
occupancy,6,6,zone_gbm,10,3850,3.06453,0.896555
occupancy,6,6,zone_gbm,11,3850,3.03331,0.896152
occupancy,6,6,zone_gbm,12,3850,3.06956,0.9052
occupancy,6,6,zone_gbm,13,3850,2.93568,0.881152
occupancy,6,6,zone_gbm,14,3850,2.88384,0.8682
occupancy,6,6,zone_gbm,15,3850,2.73206,0.827705
occupancy,6,6,zone_gbm,16,3850,2.67112,0.809666
occupancy,6,6,zone_gbm,17,3850,2.72373,0.820484
occupancy,6,6,zone_gbm,18,3850,2.71628,0.815065
occupancy,6,6,zone_gbm,19,3850,2.78418,0.830942
occupancy,6,6,zone_gbm,20,3850,2.8753,0.863902
occupancy,6,6,zone_gbm,21,3850,2.94631,0.882854
occupancy,6,6,zone_gbm,22,3850,3.04216,0.907665
occupancy,6,6,zone_gbm,23,3850,3.14993,0.935736
occupancy,6,6,global_ridge,0,3850,3.88184,1.16756
occupancy,6,6,global_ridge,1,3850,4.00207,1.21739
occupancy,6,6,global_ridge,2,3850,3.86082,1.25825
occupancy,6,6,global_ridge,3,3850,3.92599,1.27228
occupancy,6,6,global_ridge,4,3850,4.06075,1.24634
occupancy,6,6,global_ridge,5,3850,4.19795,1.20573
occupancy,6,6,global_ridge,6,3850,4.06481,1.08569
occupancy,6,6,global_ridge,7,3850,3.8815,0.998312
occupancy,6,6,global_ridge,8,3850,3.21557,0.881751
occupancy,6,6,global_ridge,9,3850,3.84429,1.0097
occupancy,6,6,global_ridge,10,3850,4.36811,1.16747
occupancy,6,6,global_ridge,11,3850,4.59806,1.25055
occupancy,6,6,global_ridge,12,3850,4.59111,1.29604
occupancy,6,6,global_ridge,13,3850,4.37965,1.3611
occupancy,6,6,global_ridge,14,3850,4.02848,1.31257
occupancy,6,6,global_ridge,15,3850,3.72356,1.21875
occupancy,6,6,global_ridge,16,3850,3.91717,1.19282
occupancy,6,6,global_ridge,17,3850,4.29237,1.25877
occupancy,6,6,global_ridge,18,3850,4.06092,1.15612
occupancy,6,6,global_ridge,19,3850,3.1852,0.944687
occupancy,6,6,global_ridge,20,3850,2.84567,0.868069
occupancy,6,6,global_ridge,21,3850,3.15263,0.892907
occupancy,6,6,global_ridge,22,3850,3.49172,0.962809
occupancy,6,6,global_ridge,23,3850,3.69251,1.05449
occupancy,6,6,global_gbm,0,3850,3.0369,0.892562
occupancy,6,6,global_gbm,1,3850,2.90105,0.849449
occupancy,6,6,global_gbm,2,3850,2.68485,0.794999
occupancy,6,6,global_gbm,3,3850,2.57008,0.757019
occupancy,6,6,global_gbm,4,3850,2.39837,0.697276
occupancy,6,6,global_gbm,5,3850,2.36685,0.692381
occupancy,6,6,global_gbm,6,3850,2.15317,0.621701
occupancy,6,6,global_gbm,7,3850,2.20257,0.640125
occupancy,6,6,global_gbm,8,3850,2.43027,0.69876
occupancy,6,6,global_gbm,9,3850,2.84091,0.827099
occupancy,6,6,global_gbm,10,3850,3.00356,0.889066
occupancy,6,6,global_gbm,11,3850,3.05572,0.908565
occupancy,6,6,global_gbm,12,3850,3.02129,0.900222
occupancy,6,6,global_gbm,13,3850,3.05079,0.921275
occupancy,6,6,global_gbm,14,3850,2.87619,0.875533
occupancy,6,6,global_gbm,15,3850,2.61906,0.790298
occupancy,6,6,global_gbm,16,3850,2.55938,0.785638
occupancy,6,6,global_gbm,17,3850,2.60292,0.799954
occupancy,6,6,global_gbm,18,3850,2.48372,0.763625
occupancy,6,6,global_gbm,19,3850,2.45463,0.734597
occupancy,6,6,global_gbm,20,3850,2.57036,0.769641
occupancy,6,6,global_gbm,21,3850,2.65868,0.794624
occupancy,6,6,global_gbm,22,3850,2.70503,0.813349
occupancy,6,6,global_gbm,23,3850,2.74377,0.821472
occupancy,6,7,last_observation,0,3850,6.61052,1.42185
occupancy,6,7,last_observation,1,3850,6.14065,1.31505
occupancy,6,7,last_observation,2,3850,4.70273,1.06878
occupancy,6,7,last_observation,3,3850,3.68351,0.86157
occupancy,6,7,last_observation,4,3850,2.79429,0.667475
occupancy,6,7,last_observation,5,3850,2.20429,0.530591
occupancy,6,7,last_observation,6,3850,1.70221,0.414496
occupancy,6,7,last_observation,7,3850,1.54221,0.368814
occupancy,6,7,last_observation,8,3850,3.84013,0.835014
occupancy,6,7,last_observation,9,3850,6.24948,1.34306
occupancy,6,7,last_observation,10,3850,7.3339,1.57976
occupancy,6,7,last_observation,11,3850,7.73091,1.66617
occupancy,6,7,last_observation,12,3850,7.87545,1.6952
occupancy,6,7,last_observation,13,3850,6.96403,1.51775
occupancy,6,7,last_observation,14,3850,4.74234,1.09197
occupancy,6,7,last_observation,15,3850,2.89091,0.721777
occupancy,6,7,last_observation,16,3850,2.32532,0.619949
occupancy,6,7,last_observation,17,3850,2.1461,0.588137
occupancy,6,7,last_observation,18,3850,2.25935,0.638014
occupancy,6,7,last_observation,19,3850,3.2526,0.842826
occupancy,6,7,last_observation,20,3850,4.38623,1.02121
occupancy,6,7,last_observation,21,3850,5.43325,1.21957
occupancy,6,7,last_observation,22,3850,6.30909,1.37495
occupancy,6,7,last_observation,23,3850,6.6826,1.44866
occupancy,6,7,seasonal_naive_daily,0,3850,2.53091,0.738172
occupancy,6,7,seasonal_naive_daily,1,3850,2.38338,0.709292
occupancy,6,7,seasonal_naive_daily,2,3850,2.67325,0.790154
occupancy,6,7,seasonal_naive_daily,3,3850,2.54494,0.765558
occupancy,6,7,seasonal_naive_daily,4,3850,2.46494,0.741708
occupancy,6,7,seasonal_naive_daily,5,3850,2.59532,0.766249
occupancy,6,7,seasonal_naive_daily,6,3850,2.52416,0.762953
occupancy,6,7,seasonal_naive_daily,7,3850,2.58234,0.765759
occupancy,6,7,seasonal_naive_daily,8,3850,2.93974,0.801
occupancy,6,7,seasonal_naive_daily,9,3850,3.06623,0.827793
occupancy,6,7,seasonal_naive_daily,10,3850,3.00675,0.81499
occupancy,6,7,seasonal_naive_daily,11,3850,2.89351,0.788628
occupancy,6,7,seasonal_naive_daily,12,3850,2.86442,0.799627
occupancy,6,7,seasonal_naive_daily,13,3850,2.84831,0.790227
occupancy,6,7,seasonal_naive_daily,14,3850,2.73532,0.757278
occupancy,6,7,seasonal_naive_daily,15,3850,2.71221,0.750621
occupancy,6,7,seasonal_naive_daily,16,3850,2.62883,0.742538
occupancy,6,7,seasonal_naive_daily,17,3850,2.64571,0.740518
occupancy,6,7,seasonal_naive_daily,18,3850,2.62182,0.736787
occupancy,6,7,seasonal_naive_daily,19,3850,2.71013,0.747752
occupancy,6,7,seasonal_naive_daily,20,3850,2.45584,0.696925
occupancy,6,7,seasonal_naive_daily,21,3850,2.44494,0.698062
occupancy,6,7,seasonal_naive_daily,22,3850,2.34208,0.669954
occupancy,6,7,seasonal_naive_daily,23,3850,2.29455,0.666056
occupancy,6,7,seasonal_naive_weekly,0,3850,3.74701,1.16652
occupancy,6,7,seasonal_naive_weekly,1,3850,3.62597,1.14606
occupancy,6,7,seasonal_naive_weekly,2,3850,3.79221,1.17017
occupancy,6,7,seasonal_naive_weekly,3,3850,3.63844,1.13993
occupancy,6,7,seasonal_naive_weekly,4,3850,3.56597,1.12589
occupancy,6,7,seasonal_naive_weekly,5,3850,3.60753,1.12438
occupancy,6,7,seasonal_naive_weekly,6,3850,3.55195,1.12153
occupancy,6,7,seasonal_naive_weekly,7,3850,3.60701,1.13376
occupancy,6,7,seasonal_naive_weekly,8,3850,3.46779,1.08231
occupancy,6,7,seasonal_naive_weekly,9,3850,3.52571,1.10509
occupancy,6,7,seasonal_naive_weekly,10,3850,3.54584,1.11724
occupancy,6,7,seasonal_naive_weekly,11,3850,3.53545,1.1025
occupancy,6,7,seasonal_naive_weekly,12,3850,3.55597,1.11399
occupancy,6,7,seasonal_naive_weekly,13,3850,3.58532,1.12448
occupancy,6,7,seasonal_naive_weekly,14,3850,3.59974,1.11979
occupancy,6,7,seasonal_naive_weekly,15,3850,3.56052,1.1074
occupancy,6,7,seasonal_naive_weekly,16,3850,3.51013,1.09818
occupancy,6,7,seasonal_naive_weekly,17,3850,3.53714,1.09855
occupancy,6,7,seasonal_naive_weekly,18,3850,3.66156,1.13087
occupancy,6,7,seasonal_naive_weekly,19,3850,3.85325,1.17106
occupancy,6,7,seasonal_naive_weekly,20,3850,3.75403,1.15756
occupancy,6,7,seasonal_naive_weekly,21,3850,3.66286,1.13399
occupancy,6,7,seasonal_naive_weekly,22,3850,3.57506,1.11277
occupancy,6,7,seasonal_naive_weekly,23,3850,3.57792,1.13109
occupancy,6,7,autoregressive,0,3850,2.3661,0.670083
occupancy,6,7,autoregressive,1,3850,2.24377,0.643602
occupancy,6,7,autoregressive,2,3850,2.22521,0.646696
occupancy,6,7,autoregressive,3,3850,2.09819,0.610948
occupancy,6,7,autoregressive,4,3850,1.95826,0.570427
occupancy,6,7,autoregressive,5,3850,1.93007,0.556906
occupancy,6,7,autoregressive,6,3850,1.97649,0.557266
occupancy,6,7,autoregressive,7,3850,2.10252,0.575174
occupancy,6,7,autoregressive,8,3850,2.44963,0.643859
occupancy,6,7,autoregressive,9,3850,2.79929,0.734016
occupancy,6,7,autoregressive,10,3850,2.77098,0.750089
occupancy,6,7,autoregressive,11,3850,2.72305,0.746138
occupancy,6,7,autoregressive,12,3850,2.73602,0.754985
occupancy,6,7,autoregressive,13,3850,2.78075,0.760826
occupancy,6,7,autoregressive,14,3850,2.364,0.677146
occupancy,6,7,autoregressive,15,3850,2.05848,0.602835
occupancy,6,7,autoregressive,16,3850,1.96602,0.579598
occupancy,6,7,autoregressive,17,3850,1.96343,0.575452
occupancy,6,7,autoregressive,18,3850,2.02358,0.592017
occupancy,6,7,autoregressive,19,3850,2.19206,0.630029
occupancy,6,7,autoregressive,20,3850,2.17403,0.62359
occupancy,6,7,autoregressive,21,3850,2.23961,0.642092
occupancy,6,7,autoregressive,22,3850,2.2395,0.641899
occupancy,6,7,autoregressive,23,3850,2.24844,0.647874
occupancy,6,7,zone_ridge,0,3850,2.86178,0.786673
occupancy,6,7,zone_ridge,1,3850,2.8064,0.777594
occupancy,6,7,zone_ridge,2,3850,2.50916,0.730717
occupancy,6,7,zone_ridge,3,3850,2.31631,0.678927
occupancy,6,7,zone_ridge,4,3850,2.22191,0.641325
occupancy,6,7,zone_ridge,5,3850,2.34511,0.639543
occupancy,6,7,zone_ridge,6,3850,2.76378,0.698584
occupancy,6,7,zone_ridge,7,3850,2.94241,0.726703
occupancy,6,7,zone_ridge,8,3850,2.40568,0.642257
occupancy,6,7,zone_ridge,9,3850,2.89598,0.752123
occupancy,6,7,zone_ridge,10,3850,3.11819,0.816791
occupancy,6,7,zone_ridge,11,3850,2.9563,0.794694
occupancy,6,7,zone_ridge,12,3850,2.80928,0.778578
occupancy,6,7,zone_ridge,13,3850,2.7913,0.786062
occupancy,6,7,zone_ridge,14,3850,2.54561,0.728486
occupancy,6,7,zone_ridge,15,3850,2.34659,0.668943
occupancy,6,7,zone_ridge,16,3850,2.21683,0.63618
occupancy,6,7,zone_ridge,17,3850,2.30541,0.648167
occupancy,6,7,zone_ridge,18,3850,2.34943,0.655387
occupancy,6,7,zone_ridge,19,3850,2.37735,0.657748
occupancy,6,7,zone_ridge,20,3850,2.37748,0.666251
occupancy,6,7,zone_ridge,21,3850,2.47968,0.696071
occupancy,6,7,zone_ridge,22,3850,2.59478,0.722866
occupancy,6,7,zone_ridge,23,3850,2.68246,0.757302
occupancy,6,7,zone_gbm,0,3850,2.57372,0.736586
occupancy,6,7,zone_gbm,1,3850,2.56431,0.733877
occupancy,6,7,zone_gbm,2,3850,2.57949,0.735537
occupancy,6,7,zone_gbm,3,3850,2.41774,0.689782
occupancy,6,7,zone_gbm,4,3850,2.25389,0.649433
occupancy,6,7,zone_gbm,5,3850,2.19305,0.623582
occupancy,6,7,zone_gbm,6,3850,2.16019,0.6107
occupancy,6,7,zone_gbm,7,3850,2.06055,0.58662
occupancy,6,7,zone_gbm,8,3850,2.36257,0.66294
occupancy,6,7,zone_gbm,9,3850,2.47489,0.708077
occupancy,6,7,zone_gbm,10,3850,2.53394,0.738295
occupancy,6,7,zone_gbm,11,3850,2.53925,0.742468
occupancy,6,7,zone_gbm,12,3850,2.52153,0.746226
occupancy,6,7,zone_gbm,13,3850,2.51886,0.751962
occupancy,6,7,zone_gbm,14,3850,2.39299,0.714504
occupancy,6,7,zone_gbm,15,3850,2.32275,0.694342
occupancy,6,7,zone_gbm,16,3850,2.26047,0.673536
occupancy,6,7,zone_gbm,17,3850,2.22915,0.663557
occupancy,6,7,zone_gbm,18,3850,2.29878,0.684335
occupancy,6,7,zone_gbm,19,3850,2.45043,0.715219
occupancy,6,7,zone_gbm,20,3850,2.40766,0.714889
occupancy,6,7,zone_gbm,21,3850,2.4875,0.733906
occupancy,6,7,zone_gbm,22,3850,2.46792,0.722361
occupancy,6,7,zone_gbm,23,3850,2.55459,0.742955
occupancy,6,7,global_ridge,0,3850,3.53837,1.02283
occupancy,6,7,global_ridge,1,3850,3.76062,1.10289
occupancy,6,7,global_ridge,2,3850,3.57546,1.14681
occupancy,6,7,global_ridge,3,3850,3.58437,1.13302
occupancy,6,7,global_ridge,4,3850,3.69653,1.10987
occupancy,6,7,global_ridge,5,3850,3.81325,1.07211
occupancy,6,7,global_ridge,6,3850,3.83439,0.995935
occupancy,6,7,global_ridge,7,3850,3.53072,0.892789
occupancy,6,7,global_ridge,8,3850,2.83509,0.753779
occupancy,6,7,global_ridge,9,3850,3.42211,0.904027
occupancy,6,7,global_ridge,10,3850,4.09965,1.1157
occupancy,6,7,global_ridge,11,3850,4.38982,1.24139
occupancy,6,7,global_ridge,12,3850,4.44512,1.31529
occupancy,6,7,global_ridge,13,3850,4.03658,1.32969
occupancy,6,7,global_ridge,14,3850,3.66984,1.28606
occupancy,6,7,global_ridge,15,3850,3.38356,1.1982
occupancy,6,7,global_ridge,16,3850,3.58268,1.15217
occupancy,6,7,global_ridge,17,3850,3.94509,1.20378
occupancy,6,7,global_ridge,18,3850,3.73882,1.10779
occupancy,6,7,global_ridge,19,3850,2.97621,0.901179
occupancy,6,7,global_ridge,20,3850,2.59328,0.788753
occupancy,6,7,global_ridge,21,3850,2.83373,0.781334
occupancy,6,7,global_ridge,22,3850,3.19565,0.842598
occupancy,6,7,global_ridge,23,3850,3.49176,0.963489
occupancy,6,7,global_gbm,0,3850,2.61371,0.742632
occupancy,6,7,global_gbm,1,3850,2.63721,0.730849
occupancy,6,7,global_gbm,2,3850,2.44682,0.707312
occupancy,6,7,global_gbm,3,3850,2.32842,0.669211
occupancy,6,7,global_gbm,4,3850,2.15972,0.615007
occupancy,6,7,global_gbm,5,3850,1.99624,0.568089
occupancy,6,7,global_gbm,6,3850,1.90059,0.535988
occupancy,6,7,global_gbm,7,3850,1.78698,0.509317
occupancy,6,7,global_gbm,8,3850,2.15854,0.593008
occupancy,6,7,global_gbm,9,3850,2.3885,0.686817
occupancy,6,7,global_gbm,10,3850,2.54283,0.745534
occupancy,6,7,global_gbm,11,3850,2.62051,0.766737
occupancy,6,7,global_gbm,12,3850,2.58363,0.764446
occupancy,6,7,global_gbm,13,3850,2.54893,0.756347
occupancy,6,7,global_gbm,14,3850,2.3597,0.693065
occupancy,6,7,global_gbm,15,3850,2.08961,0.626576
occupancy,6,7,global_gbm,16,3850,2.05041,0.622033
occupancy,6,7,global_gbm,17,3850,2.10663,0.630284
occupancy,6,7,global_gbm,18,3850,2.09801,0.630536
occupancy,6,7,global_gbm,19,3850,2.19161,0.640404
occupancy,6,7,global_gbm,20,3850,2.17721,0.642325
occupancy,6,7,global_gbm,21,3850,2.23898,0.667471
occupancy,6,7,global_gbm,22,3850,2.34574,0.687047
occupancy,6,7,global_gbm,23,3850,2.39904,0.705075
occupancy,24,0,last_observation,0,3850,4.78104,1.23294
occupancy,24,0,last_observation,1,3850,3.08312,0.898911
occupancy,24,0,last_observation,2,3850,3.00286,0.878809
occupancy,24,0,last_observation,3,3850,3.04026,0.878738
occupancy,24,0,last_observation,4,3850,3.09065,0.881711
occupancy,24,0,last_observation,5,3850,3.16234,0.891492
occupancy,24,0,last_observation,6,3850,3.17039,0.900896
occupancy,24,0,last_observation,7,3850,3.15896,0.88757
occupancy,24,0,last_observation,8,3850,3.75117,0.978392
occupancy,24,0,last_observation,9,3850,4.1174,1.0617
occupancy,24,0,last_observation,10,3850,4.1174,1.07485
occupancy,24,0,last_observation,11,3850,4.10935,1.08014
occupancy,24,0,last_observation,12,3850,3.95532,1.04788
occupancy,24,0,last_observation,13,3850,3.86857,1.03204
occupancy,24,0,last_observation,14,3850,3.79688,1.01879
occupancy,24,0,last_observation,15,3850,3.80065,1.01927
occupancy,24,0,last_observation,16,3850,3.85792,1.01976
occupancy,24,0,last_observation,17,3850,3.73558,0.996862
occupancy,24,0,last_observation,18,3850,3.65896,0.970784
occupancy,24,0,last_observation,19,3850,3.33351,0.921202
occupancy,24,0,last_observation,20,3850,3.10286,0.898376
occupancy,24,0,last_observation,21,3850,3.22429,0.931645
occupancy,24,0,last_observation,22,3850,3.06104,0.892456
occupancy,24,0,last_observation,23,3850,3.09896,0.895871
occupancy,24,0,seasonal_naive_daily,0,3850,4.78104,1.23294
occupancy,24,0,seasonal_naive_daily,1,3850,3.08312,0.898911
occupancy,24,0,seasonal_naive_daily,2,3850,3.00286,0.878809
occupancy,24,0,seasonal_naive_daily,3,3850,3.04026,0.878738
occupancy,24,0,seasonal_naive_daily,4,3850,3.09065,0.881711
occupancy,24,0,seasonal_naive_daily,5,3850,3.16234,0.891492
occupancy,24,0,seasonal_naive_daily,6,3850,3.17039,0.900896
occupancy,24,0,seasonal_naive_daily,7,3850,3.15896,0.88757
occupancy,24,0,seasonal_naive_daily,8,3850,3.75117,0.978392
occupancy,24,0,seasonal_naive_daily,9,3850,4.1174,1.0617
occupancy,24,0,seasonal_naive_daily,10,3850,4.1174,1.07485
occupancy,24,0,seasonal_naive_daily,11,3850,4.10935,1.08014
occupancy,24,0,seasonal_naive_daily,12,3850,3.95532,1.04788
occupancy,24,0,seasonal_naive_daily,13,3850,3.86857,1.03204
occupancy,24,0,seasonal_naive_daily,14,3850,3.79688,1.01879
occupancy,24,0,seasonal_naive_daily,15,3850,3.80065,1.01927
occupancy,24,0,seasonal_naive_daily,16,3850,3.85792,1.01976
occupancy,24,0,seasonal_naive_daily,17,3850,3.73558,0.996862
occupancy,24,0,seasonal_naive_daily,18,3850,3.65896,0.970784
occupancy,24,0,seasonal_naive_daily,19,3850,3.33351,0.921202
occupancy,24,0,seasonal_naive_daily,20,3850,3.10286,0.898376
occupancy,24,0,seasonal_naive_daily,21,3850,3.22429,0.931645
occupancy,24,0,seasonal_naive_daily,22,3850,3.06104,0.892456
occupancy,24,0,seasonal_naive_daily,23,3850,3.09896,0.895871
occupancy,24,0,seasonal_naive_weekly,0,3850,5.42039,1.40043
occupancy,24,0,seasonal_naive_weekly,1,3850,4.02286,1.11815
occupancy,24,0,seasonal_naive_weekly,2,3850,3.63545,1.01669
occupancy,24,0,seasonal_naive_weekly,3,3850,3.96701,1.10231
occupancy,24,0,seasonal_naive_weekly,4,3850,3.72351,1.0244
occupancy,24,0,seasonal_naive_weekly,5,3850,4.15455,1.13514
occupancy,24,0,seasonal_naive_weekly,6,3850,4.03714,1.11705
occupancy,24,0,seasonal_naive_weekly,7,3850,3.86519,1.07319
occupancy,24,0,seasonal_naive_weekly,8,3850,3.99649,1.08999
occupancy,24,0,seasonal_naive_weekly,9,3850,3.77481,1.02654
occupancy,24,0,seasonal_naive_weekly,10,3850,4.10584,1.11994
occupancy,24,0,seasonal_naive_weekly,11,3850,4.39675,1.17995
occupancy,24,0,seasonal_naive_weekly,12,3850,4.89143,1.28529
occupancy,24,0,seasonal_naive_weekly,13,3850,3.80831,1.03683
occupancy,24,0,seasonal_naive_weekly,14,3850,3.97974,1.10473
occupancy,24,0,seasonal_naive_weekly,15,3850,3.9126,1.07247
occupancy,24,0,seasonal_naive_weekly,16,3850,4.82416,1.25358
occupancy,24,0,seasonal_naive_weekly,17,3850,3.95325,1.08351
occupancy,24,0,seasonal_naive_weekly,18,3850,4.07377,1.09965
occupancy,24,0,seasonal_naive_weekly,19,3850,4.03779,1.09862
occupancy,24,0,seasonal_naive_weekly,20,3850,3.91727,1.09017
occupancy,24,0,seasonal_naive_weekly,21,3850,3.85649,1.05367
occupancy,24,0,seasonal_naive_weekly,22,3850,3.93026,1.10185
occupancy,24,0,seasonal_naive_weekly,23,3850,3.73636,1.03626
occupancy,24,0,autoregressive,0,3850,3.88826,1.01498
occupancy,24,0,autoregressive,1,3850,2.96059,0.832621
occupancy,24,0,autoregressive,2,3850,2.79648,0.803991
occupancy,24,0,autoregressive,3,3850,2.8376,0.804744
occupancy,24,0,autoregressive,4,3850,2.87901,0.81015
occupancy,24,0,autoregressive,5,3850,2.93352,0.817115
occupancy,24,0,autoregressive,6,3850,2.97253,0.821502
occupancy,24,0,autoregressive,7,3850,3.00681,0.822923
occupancy,24,0,autoregressive,8,3850,3.51211,0.898308
occupancy,24,0,autoregressive,9,3850,3.97978,0.996655
occupancy,24,0,autoregressive,10,3850,4.00984,1.01452
occupancy,24,0,autoregressive,11,3850,3.94833,0.997779
occupancy,24,0,autoregressive,12,3850,3.86847,0.986084
occupancy,24,0,autoregressive,13,3850,3.69642,0.957379
occupancy,24,0,autoregressive,14,3850,3.65035,0.947888
occupancy,24,0,autoregressive,15,3850,3.65413,0.94097
occupancy,24,0,autoregressive,16,3850,3.68707,0.945332
occupancy,24,0,autoregressive,17,3850,3.57002,0.923671
occupancy,24,0,autoregressive,18,3850,3.47113,0.897008
occupancy,24,0,autoregressive,19,3850,3.10612,0.832798
occupancy,24,0,autoregressive,20,3850,2.89036,0.807517
occupancy,24,0,autoregressive,21,3850,2.88095,0.811172
occupancy,24,0,autoregressive,22,3850,2.83056,0.798274
occupancy,24,0,autoregressive,23,3850,2.921,0.814939
occupancy,24,0,zone_ridge,0,3850,3.94234,1.02537
occupancy,24,0,zone_ridge,1,3850,3.03107,0.849031
occupancy,24,0,zone_ridge,2,3850,2.88044,0.823378
occupancy,24,0,zone_ridge,3,3850,2.92274,0.825283
occupancy,24,0,zone_ridge,4,3850,2.97952,0.835431
occupancy,24,0,zone_ridge,5,3850,3.07488,0.848743
occupancy,24,0,zone_ridge,6,3850,3.17116,0.864447
occupancy,24,0,zone_ridge,7,3850,3.25427,0.869077
occupancy,24,0,zone_ridge,8,3850,3.37503,0.885417
occupancy,24,0,zone_ridge,9,3850,3.77624,0.958703
occupancy,24,0,zone_ridge,10,3850,3.82932,0.989667
occupancy,24,0,zone_ridge,11,3850,3.74611,0.971894
occupancy,24,0,zone_ridge,12,3850,3.70581,0.964592
occupancy,24,0,zone_ridge,13,3850,3.5527,0.941516
occupancy,24,0,zone_ridge,14,3850,3.45782,0.921217
occupancy,24,0,zone_ridge,15,3850,3.49602,0.914092
occupancy,24,0,zone_ridge,16,3850,3.48134,0.910976
occupancy,24,0,zone_ridge,17,3850,3.4785,0.90968
occupancy,24,0,zone_ridge,18,3850,3.3845,0.881298
occupancy,24,0,zone_ridge,19,3850,3.08468,0.843979
occupancy,24,0,zone_ridge,20,3850,3.03953,0.839931
occupancy,24,0,zone_ridge,21,3850,3.08957,0.854372
occupancy,24,0,zone_ridge,22,3850,3.07069,0.850342
occupancy,24,0,zone_ridge,23,3850,3.19283,0.874081
occupancy,24,0,zone_gbm,0,3850,4.27526,1.11561
occupancy,24,0,zone_gbm,1,3850,3.40582,0.94889
occupancy,24,0,zone_gbm,2,3850,3.32174,0.934747
occupancy,24,0,zone_gbm,3,3850,3.36013,0.934624
occupancy,24,0,zone_gbm,4,3850,3.38098,0.935596
occupancy,24,0,zone_gbm,5,3850,3.42602,0.942551
occupancy,24,0,zone_gbm,6,3850,3.40264,0.939709
occupancy,24,0,zone_gbm,7,3850,3.39532,0.936788
occupancy,24,0,zone_gbm,8,3850,3.49158,0.940945
occupancy,24,0,zone_gbm,9,3850,3.58663,0.969662
occupancy,24,0,zone_gbm,10,3850,3.59364,0.987297
occupancy,24,0,zone_gbm,11,3850,3.64016,0.993941
occupancy,24,0,zone_gbm,12,3850,3.61292,0.995532
occupancy,24,0,zone_gbm,13,3850,3.54461,0.983363
occupancy,24,0,zone_gbm,14,3850,3.51959,0.979174
occupancy,24,0,zone_gbm,15,3850,3.55447,0.971063
occupancy,24,0,zone_gbm,16,3850,3.61545,0.986104
occupancy,24,0,zone_gbm,17,3850,3.52717,0.972106
occupancy,24,0,zone_gbm,18,3850,3.48028,0.946322
occupancy,24,0,zone_gbm,19,3850,3.39026,0.94231
occupancy,24,0,zone_gbm,20,3850,3.30237,0.931065
occupancy,24,0,zone_gbm,21,3850,3.28851,0.928017
occupancy,24,0,zone_gbm,22,3850,3.28059,0.929506
occupancy,24,0,zone_gbm,23,3850,3.42326,0.952976
occupancy,24,0,global_ridge,0,3850,3.99572,1.07826
occupancy,24,0,global_ridge,1,3850,3.12503,0.899873
occupancy,24,0,global_ridge,2,3850,2.81707,0.842662
occupancy,24,0,global_ridge,3,3850,2.86157,0.843049
occupancy,24,0,global_ridge,4,3850,2.91617,0.853412
occupancy,24,0,global_ridge,5,3850,2.99711,0.865785
occupancy,24,0,global_ridge,6,3850,3.03901,0.876138
occupancy,24,0,global_ridge,7,3850,3.12047,0.883524
occupancy,24,0,global_ridge,8,3850,3.44306,0.913171
occupancy,24,0,global_ridge,9,3850,3.91028,1.02498
occupancy,24,0,global_ridge,10,3850,3.95856,1.0618
occupancy,24,0,global_ridge,11,3850,3.9375,1.07464
occupancy,24,0,global_ridge,12,3850,3.91371,1.07226
occupancy,24,0,global_ridge,13,3850,3.8977,1.08307
occupancy,24,0,global_ridge,14,3850,3.80588,1.06153
occupancy,24,0,global_ridge,15,3850,3.83789,1.05456
occupancy,24,0,global_ridge,16,3850,3.78348,1.04281
occupancy,24,0,global_ridge,17,3850,3.67768,1.0154
occupancy,24,0,global_ridge,18,3850,3.54741,0.970055
occupancy,24,0,global_ridge,19,3850,3.17483,0.91358
occupancy,24,0,global_ridge,20,3850,3.00183,0.889138
occupancy,24,0,global_ridge,21,3850,2.99868,0.88835
occupancy,24,0,global_ridge,22,3850,2.91701,0.863879
occupancy,24,0,global_ridge,23,3850,3.03255,0.881951
occupancy,24,0,global_gbm,0,3850,4.28607,1.0815
occupancy,24,0,global_gbm,1,3850,3.51927,0.927458
occupancy,24,0,global_gbm,2,3850,3.33303,0.891603
occupancy,24,0,global_gbm,3,3850,3.3444,0.891407
occupancy,24,0,global_gbm,4,3850,3.32375,0.890158
occupancy,24,0,global_gbm,5,3850,3.40008,0.894899
occupancy,24,0,global_gbm,6,3850,3.5095,0.91102
occupancy,24,0,global_gbm,7,3850,3.5124,0.907178
occupancy,24,0,global_gbm,8,3850,3.46299,0.900671
occupancy,24,0,global_gbm,9,3850,3.63412,0.952525
occupancy,24,0,global_gbm,10,3850,3.67681,0.982198
occupancy,24,0,global_gbm,11,3850,3.63897,0.974723
occupancy,24,0,global_gbm,12,3850,3.63366,0.972652
occupancy,24,0,global_gbm,13,3850,3.58149,0.966063
occupancy,24,0,global_gbm,14,3850,3.47702,0.944047
occupancy,24,0,global_gbm,15,3850,3.54144,0.952222
occupancy,24,0,global_gbm,16,3850,3.54575,0.947192
occupancy,24,0,global_gbm,17,3850,3.40697,0.925474
occupancy,24,0,global_gbm,18,3850,3.3693,0.89296
occupancy,24,0,global_gbm,19,3850,3.24186,0.860477
occupancy,24,0,global_gbm,20,3850,3.21979,0.865601
occupancy,24,0,global_gbm,21,3850,3.31888,0.885856
occupancy,24,0,global_gbm,22,3850,3.23517,0.870856
occupancy,24,0,global_gbm,23,3850,3.3604,0.884539
occupancy,24,1,last_observation,0,3850,3.33714,0.934968
occupancy,24,1,last_observation,1,3850,3.12338,0.896842
occupancy,24,1,last_observation,2,3850,3.12675,0.890942
occupancy,24,1,last_observation,3,3850,3.03455,0.874802
occupancy,24,1,last_observation,4,3850,2.93532,0.849213
occupancy,24,1,last_observation,5,3850,3.03532,0.865471
occupancy,24,1,last_observation,6,3850,3.05117,0.867324
occupancy,24,1,last_observation,7,3850,3.26961,0.89656
occupancy,24,1,last_observation,8,3850,3.8387,0.985948
occupancy,24,1,last_observation,9,3850,3.94,1.04049
occupancy,24,1,last_observation,10,3850,4.03091,1.09043
occupancy,24,1,last_observation,11,3850,3.84416,1.03799
occupancy,24,1,last_observation,12,3850,3.86623,1.04866
occupancy,24,1,last_observation,13,3850,4.02104,1.05573
occupancy,24,1,last_observation,14,3850,3.86104,1.03045
occupancy,24,1,last_observation,15,3850,3.7313,1.00373
occupancy,24,1,last_observation,16,3850,3.83481,1.00466
occupancy,24,1,last_observation,17,3850,3.57974,0.970266
occupancy,24,1,last_observation,18,3850,3.50831,0.957657
occupancy,24,1,last_observation,19,3850,3.20909,0.900747
occupancy,24,1,last_observation,20,3850,3.05169,0.887502
occupancy,24,1,last_observation,21,3850,2.99026,0.869724
occupancy,24,1,last_observation,22,3850,2.95143,0.866981
occupancy,24,1,last_observation,23,3850,3.06779,0.886167
occupancy,24,1,seasonal_naive_daily,0,3850,3.33714,0.934968
occupancy,24,1,seasonal_naive_daily,1,3850,3.12338,0.896842
occupancy,24,1,seasonal_naive_daily,2,3850,3.12675,0.890942
occupancy,24,1,seasonal_naive_daily,3,3850,3.03455,0.874802
occupancy,24,1,seasonal_naive_daily,4,3850,2.93532,0.849213
occupancy,24,1,seasonal_naive_daily,5,3850,3.03532,0.865471
occupancy,24,1,seasonal_naive_daily,6,3850,3.05117,0.867324
occupancy,24,1,seasonal_naive_daily,7,3850,3.26961,0.89656
occupancy,24,1,seasonal_naive_daily,8,3850,3.8387,0.985948
occupancy,24,1,seasonal_naive_daily,9,3850,3.94,1.04049
occupancy,24,1,seasonal_naive_daily,10,3850,4.03091,1.09043
occupancy,24,1,seasonal_naive_daily,11,3850,3.84416,1.03799
occupancy,24,1,seasonal_naive_daily,12,3850,3.86623,1.04866
occupancy,24,1,seasonal_naive_daily,13,3850,4.02104,1.05573
occupancy,24,1,seasonal_naive_daily,14,3850,3.86104,1.03045
occupancy,24,1,seasonal_naive_daily,15,3850,3.7313,1.00373
occupancy,24,1,seasonal_naive_daily,16,3850,3.83481,1.00466
occupancy,24,1,seasonal_naive_daily,17,3850,3.57974,0.970266
occupancy,24,1,seasonal_naive_daily,18,3850,3.50831,0.957657
occupancy,24,1,seasonal_naive_daily,19,3850,3.20909,0.900747
occupancy,24,1,seasonal_naive_daily,20,3850,3.05169,0.887502
occupancy,24,1,seasonal_naive_daily,21,3850,2.99026,0.869724
occupancy,24,1,seasonal_naive_daily,22,3850,2.95143,0.866981
occupancy,24,1,seasonal_naive_daily,23,3850,3.06779,0.886167
occupancy,24,1,seasonal_naive_weekly,0,3850,4.57935,1.2186
occupancy,24,1,seasonal_naive_weekly,1,3850,3.58792,1.02782
occupancy,24,1,seasonal_naive_weekly,2,3850,3.57195,1.02146
occupancy,24,1,seasonal_naive_weekly,3,3850,3.56013,1.02451
occupancy,24,1,seasonal_naive_weekly,4,3850,3.53662,1.01085
occupancy,24,1,seasonal_naive_weekly,5,3850,3.5713,1.01714
occupancy,24,1,seasonal_naive_weekly,6,3850,3.60688,1.02032
occupancy,24,1,seasonal_naive_weekly,7,3850,3.59026,1.00946
occupancy,24,1,seasonal_naive_weekly,8,3850,3.55818,0.983378
occupancy,24,1,seasonal_naive_weekly,9,3850,3.53039,0.992998
occupancy,24,1,seasonal_naive_weekly,10,3850,3.41039,0.980997
occupancy,24,1,seasonal_naive_weekly,11,3850,3.3487,0.959965
occupancy,24,1,seasonal_naive_weekly,12,3850,3.43442,0.981113
occupancy,24,1,seasonal_naive_weekly,13,3850,3.69909,1.02213
occupancy,24,1,seasonal_naive_weekly,14,3850,3.38377,0.970191
occupancy,24,1,seasonal_naive_weekly,15,3850,3.48857,0.985389
occupancy,24,1,seasonal_naive_weekly,16,3850,3.57286,0.982294
occupancy,24,1,seasonal_naive_weekly,17,3850,3.35325,0.956257
occupancy,24,1,seasonal_naive_weekly,18,3850,3.40636,0.973906
occupancy,24,1,seasonal_naive_weekly,19,3850,3.39338,0.982357
occupancy,24,1,seasonal_naive_weekly,20,3850,3.43,1.00679
occupancy,24,1,seasonal_naive_weekly,21,3850,3.4261,0.998914
occupancy,24,1,seasonal_naive_weekly,22,3850,3.41909,0.995078
occupancy,24,1,seasonal_naive_weekly,23,3850,3.50312,1.00985
occupancy,24,1,autoregressive,0,3850,3.02995,0.839496
occupancy,24,1,autoregressive,1,3850,3.00055,0.833682
occupancy,24,1,autoregressive,2,3850,2.89482,0.813348
occupancy,24,1,autoregressive,3,3850,2.84389,0.804067
occupancy,24,1,autoregressive,4,3850,2.80232,0.792759
occupancy,24,1,autoregressive,5,3850,2.80958,0.794347
occupancy,24,1,autoregressive,6,3850,2.87467,0.802012
occupancy,24,1,autoregressive,7,3850,3.02346,0.829655
occupancy,24,1,autoregressive,8,3850,3.51201,0.896849
occupancy,24,1,autoregressive,9,3850,3.83795,0.977956
occupancy,24,1,autoregressive,10,3850,3.8949,1.0091
occupancy,24,1,autoregressive,11,3850,3.72835,0.964065
occupancy,24,1,autoregressive,12,3850,3.74108,0.965216
occupancy,24,1,autoregressive,13,3850,3.72973,0.956312
occupancy,24,1,autoregressive,14,3850,3.62766,0.937865
occupancy,24,1,autoregressive,15,3850,3.56525,0.924813
occupancy,24,1,autoregressive,16,3850,3.62032,0.921308
occupancy,24,1,autoregressive,17,3850,3.49472,0.912457
occupancy,24,1,autoregressive,18,3850,3.39424,0.893988
occupancy,24,1,autoregressive,19,3850,3.08495,0.836127
occupancy,24,1,autoregressive,20,3850,2.80697,0.802631
occupancy,24,1,autoregressive,21,3850,2.79337,0.79422
occupancy,24,1,autoregressive,22,3850,2.77525,0.7906
occupancy,24,1,autoregressive,23,3850,2.83462,0.807854
occupancy,24,1,zone_ridge,0,3850,3.24323,0.876094
occupancy,24,1,zone_ridge,1,3850,3.05081,0.846855
occupancy,24,1,zone_ridge,2,3850,3.01941,0.840742
occupancy,24,1,zone_ridge,3,3850,2.98444,0.835788
occupancy,24,1,zone_ridge,4,3850,2.96051,0.828982
occupancy,24,1,zone_ridge,5,3850,2.999,0.840627
occupancy,24,1,zone_ridge,6,3850,3.11285,0.855799
occupancy,24,1,zone_ridge,7,3850,3.31658,0.894208
occupancy,24,1,zone_ridge,8,3850,3.52835,0.929015
occupancy,24,1,zone_ridge,9,3850,3.69203,0.961868
occupancy,24,1,zone_ridge,10,3850,3.66075,0.980403
occupancy,24,1,zone_ridge,11,3850,3.46154,0.942934
occupancy,24,1,zone_ridge,12,3850,3.57422,0.94904
occupancy,24,1,zone_ridge,13,3850,3.63135,0.949234
occupancy,24,1,zone_ridge,14,3850,3.4179,0.910657
occupancy,24,1,zone_ridge,15,3850,3.37618,0.901307
occupancy,24,1,zone_ridge,16,3850,3.42121,0.896542
occupancy,24,1,zone_ridge,17,3850,3.40211,0.908802
occupancy,24,1,zone_ridge,18,3850,3.35207,0.897399
occupancy,24,1,zone_ridge,19,3850,3.202,0.874383
occupancy,24,1,zone_ridge,20,3850,3.11924,0.870928
occupancy,24,1,zone_ridge,21,3850,3.10527,0.860978
occupancy,24,1,zone_ridge,22,3850,3.09444,0.855165
occupancy,24,1,zone_ridge,23,3850,3.10451,0.865268
occupancy,24,1,zone_gbm,0,3850,3.35467,0.94805
occupancy,24,1,zone_gbm,1,3850,3.14808,0.915257
occupancy,24,1,zone_gbm,2,3850,3.16249,0.921371
occupancy,24,1,zone_gbm,3,3850,3.14343,0.919153
occupancy,24,1,zone_gbm,4,3850,3.12763,0.908434
occupancy,24,1,zone_gbm,5,3850,3.13214,0.912521
occupancy,24,1,zone_gbm,6,3850,3.14996,0.913715
occupancy,24,1,zone_gbm,7,3850,3.25353,0.926824
occupancy,24,1,zone_gbm,8,3850,3.39266,0.945045
occupancy,24,1,zone_gbm,9,3850,3.27278,0.928812
occupancy,24,1,zone_gbm,10,3850,3.1808,0.926235
occupancy,24,1,zone_gbm,11,3850,3.16922,0.915097
occupancy,24,1,zone_gbm,12,3850,3.21114,0.916166
occupancy,24,1,zone_gbm,13,3850,3.33106,0.92427
occupancy,24,1,zone_gbm,14,3850,3.23224,0.909513
occupancy,24,1,zone_gbm,15,3850,3.28249,0.912215
occupancy,24,1,zone_gbm,16,3850,3.36905,0.917786
occupancy,24,1,zone_gbm,17,3850,3.28052,0.916744
occupancy,24,1,zone_gbm,18,3850,3.21331,0.911574
occupancy,24,1,zone_gbm,19,3850,3.24864,0.928908
occupancy,24,1,zone_gbm,20,3850,3.14844,0.920543
occupancy,24,1,zone_gbm,21,3850,3.15265,0.918733
occupancy,24,1,zone_gbm,22,3850,3.15298,0.918872
occupancy,24,1,zone_gbm,23,3850,3.19869,0.933604
occupancy,24,1,global_ridge,0,3850,3.08012,0.876728
occupancy,24,1,global_ridge,1,3850,3.10893,0.882408
occupancy,24,1,global_ridge,2,3850,2.92379,0.858869
occupancy,24,1,global_ridge,3,3850,2.86425,0.848295
occupancy,24,1,global_ridge,4,3850,2.84584,0.840038
occupancy,24,1,global_ridge,5,3850,2.83084,0.826638
occupancy,24,1,global_ridge,6,3850,2.88434,0.831919
occupancy,24,1,global_ridge,7,3850,3.10868,0.869277
occupancy,24,1,global_ridge,8,3850,3.55874,0.933362
occupancy,24,1,global_ridge,9,3850,3.82571,0.99839
occupancy,24,1,global_ridge,10,3850,3.83986,1.02751
occupancy,24,1,global_ridge,11,3850,3.66689,1.00355
occupancy,24,1,global_ridge,12,3850,3.75754,1.02299
occupancy,24,1,global_ridge,13,3850,3.90287,1.04865
occupancy,24,1,global_ridge,14,3850,3.71052,1.01183
occupancy,24,1,global_ridge,15,3850,3.60956,0.985794
occupancy,24,1,global_ridge,16,3850,3.65362,0.97666
occupancy,24,1,global_ridge,17,3850,3.52448,0.965525
occupancy,24,1,global_ridge,18,3850,3.47788,0.949271
occupancy,24,1,global_ridge,19,3850,3.15603,0.894758
occupancy,24,1,global_ridge,20,3850,2.85474,0.855206
occupancy,24,1,global_ridge,21,3850,2.80217,0.83804
occupancy,24,1,global_ridge,22,3850,2.79108,0.833267
occupancy,24,1,global_ridge,23,3850,2.92793,0.860322
occupancy,24,1,global_gbm,0,3850,3.16344,0.870883
occupancy,24,1,global_gbm,1,3850,3.07413,0.859893
occupancy,24,1,global_gbm,2,3850,2.94354,0.836873
occupancy,24,1,global_gbm,3,3850,2.88384,0.82766
occupancy,24,1,global_gbm,4,3850,2.88235,0.823701
occupancy,24,1,global_gbm,5,3850,2.88165,0.822084
occupancy,24,1,global_gbm,6,3850,2.93274,0.828972
occupancy,24,1,global_gbm,7,3850,3.11462,0.853735
occupancy,24,1,global_gbm,8,3850,3.24487,0.880456
occupancy,24,1,global_gbm,9,3850,3.17142,0.894989
occupancy,24,1,global_gbm,10,3850,3.19579,0.917981
occupancy,24,1,global_gbm,11,3850,3.072,0.877103
occupancy,24,1,global_gbm,12,3850,3.16506,0.893714
occupancy,24,1,global_gbm,13,3850,3.23849,0.894908
occupancy,24,1,global_gbm,14,3850,3.12367,0.882202
occupancy,24,1,global_gbm,15,3850,3.29988,0.928248
occupancy,24,1,global_gbm,16,3850,3.36627,0.926808
occupancy,24,1,global_gbm,17,3850,3.18516,0.894784
occupancy,24,1,global_gbm,18,3850,3.13643,0.876918
occupancy,24,1,global_gbm,19,3850,3.02741,0.853079
occupancy,24,1,global_gbm,20,3850,2.95709,0.84294
occupancy,24,1,global_gbm,21,3850,2.92521,0.830362
occupancy,24,1,global_gbm,22,3850,2.87745,0.823118
occupancy,24,1,global_gbm,23,3850,2.98681,0.854238
occupancy,24,2,last_observation,0,3850,3.39039,0.934935
occupancy,24,2,last_observation,1,3850,3.10156,0.87943
occupancy,24,2,last_observation,2,3850,3.01117,0.862747
occupancy,24,2,last_observation,3,3850,2.98805,0.85692
occupancy,24,2,last_observation,4,3850,2.99896,0.847121
occupancy,24,2,last_observation,5,3850,3.09896,0.869864
occupancy,24,2,last_observation,6,3850,3.08597,0.866739
occupancy,24,2,last_observation,7,3850,3.10649,0.861352
occupancy,24,2,last_observation,8,3850,3.70831,0.953637
occupancy,24,2,last_observation,9,3850,3.8813,1.01519
occupancy,24,2,last_observation,10,3850,5.69766,1.4093
occupancy,24,2,last_observation,11,3850,4.17221,1.12409
occupancy,24,2,last_observation,12,3850,5.38987,1.36627
occupancy,24,2,last_observation,13,3850,5.95455,1.44949
occupancy,24,2,last_observation,14,3850,4.21818,1.13624
occupancy,24,2,last_observation,15,3850,3.80208,1.01136
occupancy,24,2,last_observation,16,3850,3.71377,1.01265
occupancy,24,2,last_observation,17,3850,3.7374,1.00574
occupancy,24,2,last_observation,18,3850,3.65351,0.988083
occupancy,24,2,last_observation,19,3850,3.4587,0.942325
occupancy,24,2,last_observation,20,3850,3.20117,0.896838
occupancy,24,2,last_observation,21,3850,3.11299,0.885791
occupancy,24,2,last_observation,22,3850,2.96156,0.857557
occupancy,24,2,last_observation,23,3850,2.99221,0.855627
occupancy,24,2,seasonal_naive_daily,0,3850,3.39039,0.934935
occupancy,24,2,seasonal_naive_daily,1,3850,3.10156,0.87943
occupancy,24,2,seasonal_naive_daily,2,3850,3.01117,0.862747
occupancy,24,2,seasonal_naive_daily,3,3850,2.98805,0.85692
occupancy,24,2,seasonal_naive_daily,4,3850,2.99896,0.847121
occupancy,24,2,seasonal_naive_daily,5,3850,3.09896,0.869864
occupancy,24,2,seasonal_naive_daily,6,3850,3.08597,0.866739
occupancy,24,2,seasonal_naive_daily,7,3850,3.10649,0.861352
occupancy,24,2,seasonal_naive_daily,8,3850,3.70831,0.953637
occupancy,24,2,seasonal_naive_daily,9,3850,3.8813,1.01519
occupancy,24,2,seasonal_naive_daily,10,3850,5.69766,1.4093
occupancy,24,2,seasonal_naive_daily,11,3850,4.17221,1.12409
occupancy,24,2,seasonal_naive_daily,12,3850,5.38987,1.36627
occupancy,24,2,seasonal_naive_daily,13,3850,5.95455,1.44949
occupancy,24,2,seasonal_naive_daily,14,3850,4.21818,1.13624
occupancy,24,2,seasonal_naive_daily,15,3850,3.80208,1.01136
occupancy,24,2,seasonal_naive_daily,16,3850,3.71377,1.01265
occupancy,24,2,seasonal_naive_daily,17,3850,3.7374,1.00574
occupancy,24,2,seasonal_naive_daily,18,3850,3.65351,0.988083
occupancy,24,2,seasonal_naive_daily,19,3850,3.4587,0.942325
occupancy,24,2,seasonal_naive_daily,20,3850,3.20117,0.896838
occupancy,24,2,seasonal_naive_daily,21,3850,3.11299,0.885791
occupancy,24,2,seasonal_naive_daily,22,3850,2.96156,0.857557
occupancy,24,2,seasonal_naive_daily,23,3850,2.99221,0.855627
occupancy,24,2,seasonal_naive_weekly,0,3850,4.01896,1.12679
occupancy,24,2,seasonal_naive_weekly,1,3850,3.88052,1.10062
occupancy,24,2,seasonal_naive_weekly,2,3850,3.74351,1.07595
occupancy,24,2,seasonal_naive_weekly,3,3850,3.77727,1.07915
occupancy,24,2,seasonal_naive_weekly,4,3850,3.7113,1.06836
occupancy,24,2,seasonal_naive_weekly,5,3850,3.85,1.08742
occupancy,24,2,seasonal_naive_weekly,6,3850,3.77701,1.07203
occupancy,24,2,seasonal_naive_weekly,7,3850,3.71442,1.05954
occupancy,24,2,seasonal_naive_weekly,8,3850,3.74506,1.05825
occupancy,24,2,seasonal_naive_weekly,9,3850,3.64818,1.03863
occupancy,24,2,seasonal_naive_weekly,10,3850,5.57143,1.4446
occupancy,24,2,seasonal_naive_weekly,11,3850,3.90792,1.13294
occupancy,24,2,seasonal_naive_weekly,12,3850,5.2287,1.3802
occupancy,24,2,seasonal_naive_weekly,13,3850,6.07857,1.53071
occupancy,24,2,seasonal_naive_weekly,14,3850,4.05234,1.15918
occupancy,24,2,seasonal_naive_weekly,15,3850,3.72325,1.06682
occupancy,24,2,seasonal_naive_weekly,16,3850,3.67156,1.05144
occupancy,24,2,seasonal_naive_weekly,17,3850,3.70831,1.05538
occupancy,24,2,seasonal_naive_weekly,18,3850,3.7,1.06837
occupancy,24,2,seasonal_naive_weekly,19,3850,3.74156,1.0694
occupancy,24,2,seasonal_naive_weekly,20,3850,3.73974,1.0703
occupancy,24,2,seasonal_naive_weekly,21,3850,3.80078,1.08894
occupancy,24,2,seasonal_naive_weekly,22,3850,3.7026,1.06954
occupancy,24,2,seasonal_naive_weekly,23,3850,3.80104,1.08131
occupancy,24,2,autoregressive,0,3850,3.14444,0.889379
occupancy,24,2,autoregressive,1,3850,3.12453,0.877685
occupancy,24,2,autoregressive,2,3850,2.94575,0.853143
occupancy,24,2,autoregressive,3,3850,2.87085,0.844008
occupancy,24,2,autoregressive,4,3850,2.87503,0.837636
occupancy,24,2,autoregressive,5,3850,2.93261,0.850114
occupancy,24,2,autoregressive,6,3850,2.95187,0.854904
occupancy,24,2,autoregressive,7,3850,3.03271,0.864124
occupancy,24,2,autoregressive,8,3850,3.3854,0.913938
occupancy,24,2,autoregressive,9,3850,3.75159,0.993806
occupancy,24,2,autoregressive,10,3850,4.90104,1.24175
occupancy,24,2,autoregressive,11,3850,3.83855,1.04964
occupancy,24,2,autoregressive,12,3850,4.66268,1.21017
occupancy,24,2,autoregressive,13,3850,5.07273,1.27268
occupancy,24,2,autoregressive,14,3850,3.806,1.03547
occupancy,24,2,autoregressive,15,3850,3.59844,0.975121
occupancy,24,2,autoregressive,16,3850,3.53595,0.966813
occupancy,24,2,autoregressive,17,3850,3.55109,0.968704
occupancy,24,2,autoregressive,18,3850,3.45865,0.953393
occupancy,24,2,autoregressive,19,3850,3.21747,0.905397
occupancy,24,2,autoregressive,20,3850,3.03888,0.870769
occupancy,24,2,autoregressive,21,3850,2.96338,0.860244
occupancy,24,2,autoregressive,22,3850,2.89323,0.844821
occupancy,24,2,autoregressive,23,3850,2.93997,0.849458
occupancy,24,2,zone_ridge,0,3850,3.39316,0.936285
occupancy,24,2,zone_ridge,1,3850,3.33565,0.922028
occupancy,24,2,zone_ridge,2,3850,3.19163,0.904485
occupancy,24,2,zone_ridge,3,3850,3.14874,0.902631
occupancy,24,2,zone_ridge,4,3850,3.13153,0.89702
occupancy,24,2,zone_ridge,5,3850,3.23522,0.913519
occupancy,24,2,zone_ridge,6,3850,3.29312,0.923071
occupancy,24,2,zone_ridge,7,3850,3.38878,0.938547
occupancy,24,2,zone_ridge,8,3850,3.43128,0.942087
occupancy,24,2,zone_ridge,9,3850,3.65101,0.984299
occupancy,24,2,zone_ridge,10,3850,4.65644,1.21246
occupancy,24,2,zone_ridge,11,3850,3.68446,1.03088
occupancy,24,2,zone_ridge,12,3850,4.44189,1.17878
occupancy,24,2,zone_ridge,13,3850,4.84652,1.23876
occupancy,24,2,zone_ridge,14,3850,3.62676,1.00777
occupancy,24,2,zone_ridge,15,3850,3.40519,0.95161
occupancy,24,2,zone_ridge,16,3850,3.36365,0.948008
occupancy,24,2,zone_ridge,17,3850,3.40049,0.950013
occupancy,24,2,zone_ridge,18,3850,3.3701,0.950229
occupancy,24,2,zone_ridge,19,3850,3.29651,0.931475
occupancy,24,2,zone_ridge,20,3850,3.29953,0.920971
occupancy,24,2,zone_ridge,21,3850,3.29418,0.918947
occupancy,24,2,zone_ridge,22,3850,3.23067,0.910981
occupancy,24,2,zone_ridge,23,3850,3.30528,0.927205
occupancy,24,2,zone_gbm,0,3850,3.41951,0.959869
occupancy,24,2,zone_gbm,1,3850,3.29486,0.936029
occupancy,24,2,zone_gbm,2,3850,3.26258,0.936052
occupancy,24,2,zone_gbm,3,3850,3.25305,0.937814
occupancy,24,2,zone_gbm,4,3850,3.23771,0.931923
occupancy,24,2,zone_gbm,5,3850,3.31094,0.944579
occupancy,24,2,zone_gbm,6,3850,3.26986,0.935503
occupancy,24,2,zone_gbm,7,3850,3.29357,0.937818
occupancy,24,2,zone_gbm,8,3850,3.36083,0.94781
occupancy,24,2,zone_gbm,9,3850,3.26901,0.93756
occupancy,24,2,zone_gbm,10,3850,4.2505,1.15194
occupancy,24,2,zone_gbm,11,3850,3.37293,0.984122
occupancy,24,2,zone_gbm,12,3850,4.10394,1.13802
occupancy,24,2,zone_gbm,13,3850,4.40305,1.18724
occupancy,24,2,zone_gbm,14,3850,3.41362,1.00114
occupancy,24,2,zone_gbm,15,3850,3.24595,0.949328
occupancy,24,2,zone_gbm,16,3850,3.17461,0.942156
occupancy,24,2,zone_gbm,17,3850,3.1938,0.941963
occupancy,24,2,zone_gbm,18,3850,3.11864,0.935092
occupancy,24,2,zone_gbm,19,3850,3.23699,0.946074
occupancy,24,2,zone_gbm,20,3850,3.1266,0.915811
occupancy,24,2,zone_gbm,21,3850,3.1691,0.922868
occupancy,24,2,zone_gbm,22,3850,3.15128,0.925456
occupancy,24,2,zone_gbm,23,3850,3.2456,0.93734
occupancy,24,2,global_ridge,0,3850,3.22573,0.940984
occupancy,24,2,global_ridge,1,3850,3.20948,0.930687
occupancy,24,2,global_ridge,2,3850,2.95402,0.897708
occupancy,24,2,global_ridge,3,3850,2.91929,0.892202
occupancy,24,2,global_ridge,4,3850,2.911,0.882787
occupancy,24,2,global_ridge,5,3850,2.9758,0.892499
occupancy,24,2,global_ridge,6,3850,3.0005,0.893365
occupancy,24,2,global_ridge,7,3850,3.13672,0.910759
occupancy,24,2,global_ridge,8,3850,3.48192,0.950994
occupancy,24,2,global_ridge,9,3850,3.85889,1.04543
occupancy,24,2,global_ridge,10,3850,4.90062,1.28681
occupancy,24,2,global_ridge,11,3850,3.9092,1.09064
occupancy,24,2,global_ridge,12,3850,4.74386,1.26971
occupancy,24,2,global_ridge,13,3850,5.14108,1.34348
occupancy,24,2,global_ridge,14,3850,3.8577,1.08293
occupancy,24,2,global_ridge,15,3850,3.63615,1.01626
occupancy,24,2,global_ridge,16,3850,3.59561,1.00889
occupancy,24,2,global_ridge,17,3850,3.62818,1.00208
occupancy,24,2,global_ridge,18,3850,3.54016,0.981314
occupancy,24,2,global_ridge,19,3850,3.28007,0.939143
occupancy,24,2,global_ridge,20,3850,3.06858,0.902542
occupancy,24,2,global_ridge,21,3850,2.98608,0.890058
occupancy,24,2,global_ridge,22,3850,2.89915,0.871649
occupancy,24,2,global_ridge,23,3850,2.93118,0.878
occupancy,24,2,global_gbm,0,3850,3.05045,0.849814
occupancy,24,2,global_gbm,1,3850,2.9309,0.823706
occupancy,24,2,global_gbm,2,3850,2.88327,0.821433
occupancy,24,2,global_gbm,3,3850,2.86227,0.816585
occupancy,24,2,global_gbm,4,3850,2.84673,0.806079
occupancy,24,2,global_gbm,5,3850,2.87876,0.812421
occupancy,24,2,global_gbm,6,3850,2.87571,0.808366
occupancy,24,2,global_gbm,7,3850,2.89228,0.8096
occupancy,24,2,global_gbm,8,3850,3.20719,0.876324
occupancy,24,2,global_gbm,9,3850,3.24806,0.904369
occupancy,24,2,global_gbm,10,3850,4.16648,1.11537
occupancy,24,2,global_gbm,11,3850,3.33762,0.964027
occupancy,24,2,global_gbm,12,3850,4.19193,1.12442
occupancy,24,2,global_gbm,13,3850,4.43627,1.15466
occupancy,24,2,global_gbm,14,3850,3.29021,0.941748
occupancy,24,2,global_gbm,15,3850,3.06132,0.877087
occupancy,24,2,global_gbm,16,3850,3.06032,0.882266
occupancy,24,2,global_gbm,17,3850,3.05095,0.872866
occupancy,24,2,global_gbm,18,3850,3.0547,0.87433
occupancy,24,2,global_gbm,19,3850,3.00451,0.847946
occupancy,24,2,global_gbm,20,3850,2.82356,0.81756
occupancy,24,2,global_gbm,21,3850,2.80748,0.810663
occupancy,24,2,global_gbm,22,3850,2.7777,0.800826
occupancy,24,2,global_gbm,23,3850,2.82335,0.808702
occupancy,24,3,last_observation,0,3850,2.95455,0.789762
occupancy,24,3,last_observation,1,3850,2.64156,0.732214
occupancy,24,3,last_observation,2,3850,2.46,0.706736
occupancy,24,3,last_observation,3,3850,2.59714,0.731503
occupancy,24,3,last_observation,4,3850,2.63792,0.733651
occupancy,24,3,last_observation,5,3850,2.66026,0.740662
occupancy,24,3,last_observation,6,3850,2.60935,0.734377
occupancy,24,3,last_observation,7,3850,2.51091,0.718613
occupancy,24,3,last_observation,8,3850,2.63532,0.725875
occupancy,24,3,last_observation,9,3850,3.03948,0.833977
occupancy,24,3,last_observation,10,3850,3.08701,0.852926
occupancy,24,3,last_observation,11,3850,3.69273,0.971592
occupancy,24,3,last_observation,12,3850,3.17195,0.875955
occupancy,24,3,last_observation,13,3850,3.19974,0.86386
occupancy,24,3,last_observation,14,3850,3.12312,0.858708
occupancy,24,3,last_observation,15,3850,3.07584,0.844621
occupancy,24,3,last_observation,16,3850,2.97429,0.837873
occupancy,24,3,last_observation,17,3850,3.11169,0.85477
occupancy,24,3,last_observation,18,3850,2.82364,0.793433
occupancy,24,3,last_observation,19,3850,2.71558,0.75843
occupancy,24,3,last_observation,20,3850,2.53623,0.732435
occupancy,24,3,last_observation,21,3850,2.59091,0.732632
occupancy,24,3,last_observation,22,3850,2.63403,0.728894
occupancy,24,3,last_observation,23,3850,2.52364,0.717549
occupancy,24,3,seasonal_naive_daily,0,3850,2.95455,0.789762
occupancy,24,3,seasonal_naive_daily,1,3850,2.64156,0.732214
occupancy,24,3,seasonal_naive_daily,2,3850,2.46,0.706736
occupancy,24,3,seasonal_naive_daily,3,3850,2.59714,0.731503
occupancy,24,3,seasonal_naive_daily,4,3850,2.63792,0.733651
occupancy,24,3,seasonal_naive_daily,5,3850,2.66026,0.740662
occupancy,24,3,seasonal_naive_daily,6,3850,2.60935,0.734377
occupancy,24,3,seasonal_naive_daily,7,3850,2.51091,0.718613
occupancy,24,3,seasonal_naive_daily,8,3850,2.63532,0.725875
occupancy,24,3,seasonal_naive_daily,9,3850,3.03948,0.833977
occupancy,24,3,seasonal_naive_daily,10,3850,3.08701,0.852926
occupancy,24,3,seasonal_naive_daily,11,3850,3.69273,0.971592
occupancy,24,3,seasonal_naive_daily,12,3850,3.17195,0.875955
occupancy,24,3,seasonal_naive_daily,13,3850,3.19974,0.86386
occupancy,24,3,seasonal_naive_daily,14,3850,3.12312,0.858708
occupancy,24,3,seasonal_naive_daily,15,3850,3.07584,0.844621
occupancy,24,3,seasonal_naive_daily,16,3850,2.97429,0.837873
occupancy,24,3,seasonal_naive_daily,17,3850,3.11169,0.85477
occupancy,24,3,seasonal_naive_daily,18,3850,2.82364,0.793433
occupancy,24,3,seasonal_naive_daily,19,3850,2.71558,0.75843
occupancy,24,3,seasonal_naive_daily,20,3850,2.53623,0.732435
occupancy,24,3,seasonal_naive_daily,21,3850,2.59091,0.732632
occupancy,24,3,seasonal_naive_daily,22,3850,2.63403,0.728894
occupancy,24,3,seasonal_naive_daily,23,3850,2.52364,0.717549
occupancy,24,3,seasonal_naive_weekly,0,3850,4.31974,1.11058
occupancy,24,3,seasonal_naive_weekly,1,3850,4.16883,1.09216
occupancy,24,3,seasonal_naive_weekly,2,3850,3.99117,1.06769
occupancy,24,3,seasonal_naive_weekly,3,3850,4.04792,1.07838
occupancy,24,3,seasonal_naive_weekly,4,3850,4.21662,1.09382
occupancy,24,3,seasonal_naive_weekly,5,3850,4.17091,1.09894
occupancy,24,3,seasonal_naive_weekly,6,3850,4.14468,1.08751
occupancy,24,3,seasonal_naive_weekly,7,3850,3.93403,1.0509
occupancy,24,3,seasonal_naive_weekly,8,3850,3.73792,1.00378
occupancy,24,3,seasonal_naive_weekly,9,3850,3.79961,1.04071
occupancy,24,3,seasonal_naive_weekly,10,3850,3.85455,1.05296
occupancy,24,3,seasonal_naive_weekly,11,3850,4.22675,1.13624
occupancy,24,3,seasonal_naive_weekly,12,3850,4.05442,1.12041
occupancy,24,3,seasonal_naive_weekly,13,3850,4.08883,1.11605
occupancy,24,3,seasonal_naive_weekly,14,3850,3.95545,1.09086
occupancy,24,3,seasonal_naive_weekly,15,3850,3.92468,1.07457
occupancy,24,3,seasonal_naive_weekly,16,3850,3.87753,1.07482
occupancy,24,3,seasonal_naive_weekly,17,3850,3.98909,1.09023
occupancy,24,3,seasonal_naive_weekly,18,3850,3.88675,1.05896
occupancy,24,3,seasonal_naive_weekly,19,3850,3.85351,1.05127
occupancy,24,3,seasonal_naive_weekly,20,3850,3.6687,1.02747
occupancy,24,3,seasonal_naive_weekly,21,3850,3.86701,1.03877
occupancy,24,3,seasonal_naive_weekly,22,3850,3.88909,1.02692
occupancy,24,3,seasonal_naive_weekly,23,3850,3.91584,1.03679
occupancy,24,3,autoregressive,0,3850,2.91032,0.7714
occupancy,24,3,autoregressive,1,3850,2.77277,0.7423
occupancy,24,3,autoregressive,2,3850,2.62121,0.723367
occupancy,24,3,autoregressive,3,3850,2.67419,0.734842
occupancy,24,3,autoregressive,4,3850,2.70482,0.737816
occupancy,24,3,autoregressive,5,3850,2.73184,0.744353
occupancy,24,3,autoregressive,6,3850,2.66332,0.736633
occupancy,24,3,autoregressive,7,3850,2.68096,0.735909
occupancy,24,3,autoregressive,8,3850,2.79213,0.751407
occupancy,24,3,autoregressive,9,3850,3.10921,0.817966
occupancy,24,3,autoregressive,10,3850,3.19669,0.83992
occupancy,24,3,autoregressive,11,3850,3.56061,0.913359
occupancy,24,3,autoregressive,12,3850,3.19256,0.841828
occupancy,24,3,autoregressive,13,3850,3.18593,0.833659
occupancy,24,3,autoregressive,14,3850,3.14785,0.832346
occupancy,24,3,autoregressive,15,3850,3.14183,0.832652
occupancy,24,3,autoregressive,16,3850,3.10613,0.82857
occupancy,24,3,autoregressive,17,3850,3.14612,0.83706
occupancy,24,3,autoregressive,18,3850,2.92627,0.78902
occupancy,24,3,autoregressive,19,3850,2.84332,0.768577
occupancy,24,3,autoregressive,20,3850,2.63023,0.73576
occupancy,24,3,autoregressive,21,3850,2.69099,0.741509
occupancy,24,3,autoregressive,22,3850,2.73074,0.739985
occupancy,24,3,autoregressive,23,3850,2.73713,0.741709
occupancy,24,3,zone_ridge,0,3850,3.21109,0.84829
occupancy,24,3,zone_ridge,1,3850,3.07278,0.814986
occupancy,24,3,zone_ridge,2,3850,2.9821,0.802123
occupancy,24,3,zone_ridge,3,3850,3.00177,0.810966
occupancy,24,3,zone_ridge,4,3850,3.00901,0.80763
occupancy,24,3,zone_ridge,5,3850,3.00245,0.808951
occupancy,24,3,zone_ridge,6,3850,2.89202,0.792027
occupancy,24,3,zone_ridge,7,3850,2.8604,0.782623
occupancy,24,3,zone_ridge,8,3850,2.81326,0.770902
occupancy,24,3,zone_ridge,9,3850,2.88946,0.792217
occupancy,24,3,zone_ridge,10,3850,2.90947,0.798394
occupancy,24,3,zone_ridge,11,3850,3.2416,0.864918
occupancy,24,3,zone_ridge,12,3850,2.94368,0.807859
occupancy,24,3,zone_ridge,13,3850,3.03397,0.815402
occupancy,24,3,zone_ridge,14,3850,2.93833,0.806564
occupancy,24,3,zone_ridge,15,3850,2.93735,0.804775
occupancy,24,3,zone_ridge,16,3850,2.84556,0.796475
occupancy,24,3,zone_ridge,17,3850,2.95103,0.815201
occupancy,24,3,zone_ridge,18,3850,2.82029,0.790089
occupancy,24,3,zone_ridge,19,3850,2.944,0.807575
occupancy,24,3,zone_ridge,20,3850,2.96036,0.806069
occupancy,24,3,zone_ridge,21,3850,2.98443,0.806188
occupancy,24,3,zone_ridge,22,3850,3.0196,0.80516
occupancy,24,3,zone_ridge,23,3850,3.06409,0.814289
occupancy,24,3,zone_gbm,0,3850,3.65074,0.96377
occupancy,24,3,zone_gbm,1,3850,3.40308,0.923669
occupancy,24,3,zone_gbm,2,3850,3.29279,0.911136
occupancy,24,3,zone_gbm,3,3850,3.35709,0.920821
occupancy,24,3,zone_gbm,4,3850,3.42406,0.926561
occupancy,24,3,zone_gbm,5,3850,3.47558,0.937668
occupancy,24,3,zone_gbm,6,3850,3.45888,0.930892
occupancy,24,3,zone_gbm,7,3850,3.23186,0.889988
occupancy,24,3,zone_gbm,8,3850,3.23322,0.873996
occupancy,24,3,zone_gbm,9,3850,3.33528,0.912343
occupancy,24,3,zone_gbm,10,3850,3.35686,0.923259
occupancy,24,3,zone_gbm,11,3850,3.64915,0.990814
occupancy,24,3,zone_gbm,12,3850,3.497,0.960466
occupancy,24,3,zone_gbm,13,3850,3.55479,0.966432
occupancy,24,3,zone_gbm,14,3850,3.44712,0.951182
occupancy,24,3,zone_gbm,15,3850,3.36239,0.927899
occupancy,24,3,zone_gbm,16,3850,3.29812,0.914176
occupancy,24,3,zone_gbm,17,3850,3.47402,0.938864
occupancy,24,3,zone_gbm,18,3850,3.40234,0.915695
occupancy,24,3,zone_gbm,19,3850,3.38128,0.911512
occupancy,24,3,zone_gbm,20,3850,3.24324,0.900709
occupancy,24,3,zone_gbm,21,3850,3.27836,0.902407
occupancy,24,3,zone_gbm,22,3850,3.36135,0.910282
occupancy,24,3,zone_gbm,23,3850,3.38541,0.916573
occupancy,24,3,global_ridge,0,3850,2.89025,0.803942
occupancy,24,3,global_ridge,1,3850,2.8162,0.782739
occupancy,24,3,global_ridge,2,3850,2.55186,0.745713
occupancy,24,3,global_ridge,3,3850,2.65317,0.764201
occupancy,24,3,global_ridge,4,3850,2.65912,0.762202
occupancy,24,3,global_ridge,5,3850,2.7057,0.771553
occupancy,24,3,global_ridge,6,3850,2.63252,0.762414
occupancy,24,3,global_ridge,7,3850,2.65106,0.762253
occupancy,24,3,global_ridge,8,3850,2.67388,0.754589
occupancy,24,3,global_ridge,9,3850,2.98796,0.83927
occupancy,24,3,global_ridge,10,3850,3.09957,0.868343
occupancy,24,3,global_ridge,11,3850,3.45003,0.949737
occupancy,24,3,global_ridge,12,3850,3.10945,0.88349
occupancy,24,3,global_ridge,13,3850,3.19981,0.897227
occupancy,24,3,global_ridge,14,3850,3.07435,0.870979
occupancy,24,3,global_ridge,15,3850,3.02596,0.857625
occupancy,24,3,global_ridge,16,3850,2.96399,0.85038
occupancy,24,3,global_ridge,17,3850,3.0014,0.846117
occupancy,24,3,global_ridge,18,3850,2.81594,0.804674
occupancy,24,3,global_ridge,19,3850,2.73277,0.782751
occupancy,24,3,global_ridge,20,3850,2.57038,0.758174
occupancy,24,3,global_ridge,21,3850,2.629,0.760274
occupancy,24,3,global_ridge,22,3850,2.67463,0.757123
occupancy,24,3,global_ridge,23,3850,2.70482,0.764455
occupancy,24,3,global_gbm,0,3850,2.80408,0.750264
occupancy,24,3,global_gbm,1,3850,2.63402,0.718309
occupancy,24,3,global_gbm,2,3850,2.45455,0.693545
occupancy,24,3,global_gbm,3,3850,2.56137,0.712901
occupancy,24,3,global_gbm,4,3850,2.56722,0.713611
occupancy,24,3,global_gbm,5,3850,2.61427,0.723583
occupancy,24,3,global_gbm,6,3850,2.51808,0.711572
occupancy,24,3,global_gbm,7,3850,2.49178,0.703259
occupancy,24,3,global_gbm,8,3850,2.57268,0.711063
occupancy,24,3,global_gbm,9,3850,2.70352,0.756898
occupancy,24,3,global_gbm,10,3850,2.75164,0.772777
occupancy,24,3,global_gbm,11,3850,3.05808,0.84021
occupancy,24,3,global_gbm,12,3850,2.8638,0.796205
occupancy,24,3,global_gbm,13,3850,2.90567,0.791456
occupancy,24,3,global_gbm,14,3850,2.765,0.77071
occupancy,24,3,global_gbm,15,3850,2.75333,0.764974
occupancy,24,3,global_gbm,16,3850,2.69405,0.763247
occupancy,24,3,global_gbm,17,3850,2.77205,0.776321
occupancy,24,3,global_gbm,18,3850,2.63569,0.738328
occupancy,24,3,global_gbm,19,3850,2.64322,0.733756
occupancy,24,3,global_gbm,20,3850,2.4583,0.704705
occupancy,24,3,global_gbm,21,3850,2.48773,0.703638
occupancy,24,3,global_gbm,22,3850,2.53618,0.701163
occupancy,24,3,global_gbm,23,3850,2.53682,0.706623
occupancy,24,4,last_observation,0,3850,3.09195,0.900916
occupancy,24,4,last_observation,1,3850,3.06571,0.89387
occupancy,24,4,last_observation,2,3850,3.02701,0.885289
occupancy,24,4,last_observation,3,3850,2.99714,0.868294
occupancy,24,4,last_observation,4,3850,2.87818,0.864335
occupancy,24,4,last_observation,5,3850,2.9787,0.874297
occupancy,24,4,last_observation,6,3850,3.07818,0.888452
occupancy,24,4,last_observation,7,3850,2.97636,0.88124
occupancy,24,4,last_observation,8,3850,3.40727,0.932803
occupancy,24,4,last_observation,9,3850,3.51948,0.969117
occupancy,24,4,last_observation,10,3850,3.57662,0.994557
occupancy,24,4,last_observation,11,3850,3.58935,0.979912
occupancy,24,4,last_observation,12,3850,3.46597,0.965975
occupancy,24,4,last_observation,13,3850,3.38026,0.947962
occupancy,24,4,last_observation,14,3850,3.31195,0.937868
occupancy,24,4,last_observation,15,3850,3.28753,0.931995
occupancy,24,4,last_observation,16,3850,3.22208,0.921969
occupancy,24,4,last_observation,17,3850,3.33221,0.950993
occupancy,24,4,last_observation,18,3850,3.16753,0.910032
occupancy,24,4,last_observation,19,3850,3.19558,0.885014
occupancy,24,4,last_observation,20,3850,3,0.864857
occupancy,24,4,last_observation,21,3850,2.96494,0.863445
occupancy,24,4,last_observation,22,3850,2.96753,0.868143
occupancy,24,4,last_observation,23,3850,3.02597,0.879143
occupancy,24,4,seasonal_naive_daily,0,3850,3.09195,0.900916
occupancy,24,4,seasonal_naive_daily,1,3850,3.06571,0.89387
occupancy,24,4,seasonal_naive_daily,2,3850,3.02701,0.885289
occupancy,24,4,seasonal_naive_daily,3,3850,2.99714,0.868294
occupancy,24,4,seasonal_naive_daily,4,3850,2.87818,0.864335
occupancy,24,4,seasonal_naive_daily,5,3850,2.9787,0.874297
occupancy,24,4,seasonal_naive_daily,6,3850,3.07818,0.888452
occupancy,24,4,seasonal_naive_daily,7,3850,2.97636,0.88124
occupancy,24,4,seasonal_naive_daily,8,3850,3.40727,0.932803
occupancy,24,4,seasonal_naive_daily,9,3850,3.51948,0.969117
occupancy,24,4,seasonal_naive_daily,10,3850,3.57662,0.994557
occupancy,24,4,seasonal_naive_daily,11,3850,3.58935,0.979912
occupancy,24,4,seasonal_naive_daily,12,3850,3.46597,0.965975
occupancy,24,4,seasonal_naive_daily,13,3850,3.38026,0.947962
occupancy,24,4,seasonal_naive_daily,14,3850,3.31195,0.937868
occupancy,24,4,seasonal_naive_daily,15,3850,3.28753,0.931995
occupancy,24,4,seasonal_naive_daily,16,3850,3.22208,0.921969
occupancy,24,4,seasonal_naive_daily,17,3850,3.33221,0.950993
occupancy,24,4,seasonal_naive_daily,18,3850,3.16753,0.910032
occupancy,24,4,seasonal_naive_daily,19,3850,3.19558,0.885014
occupancy,24,4,seasonal_naive_daily,20,3850,3,0.864857
occupancy,24,4,seasonal_naive_daily,21,3850,2.96494,0.863445
occupancy,24,4,seasonal_naive_daily,22,3850,2.96753,0.868143
occupancy,24,4,seasonal_naive_daily,23,3850,3.02597,0.879143
occupancy,24,4,seasonal_naive_weekly,0,3850,4.10403,1.11783
occupancy,24,4,seasonal_naive_weekly,1,3850,4.06416,1.11436
occupancy,24,4,seasonal_naive_weekly,2,3850,4.00156,1.11023
occupancy,24,4,seasonal_naive_weekly,3,3850,3.96013,1.09549
occupancy,24,4,seasonal_naive_weekly,4,3850,3.91377,1.09354
occupancy,24,4,seasonal_naive_weekly,5,3850,4.02026,1.10447
occupancy,24,4,seasonal_naive_weekly,6,3850,4.04182,1.1114
occupancy,24,4,seasonal_naive_weekly,7,3850,3.87325,1.08127
occupancy,24,4,seasonal_naive_weekly,8,3850,3.74753,1.04482
occupancy,24,4,seasonal_naive_weekly,9,3850,3.6961,1.06065
occupancy,24,4,seasonal_naive_weekly,10,3850,3.67636,1.05818
occupancy,24,4,seasonal_naive_weekly,11,3850,3.92377,1.10759
occupancy,24,4,seasonal_naive_weekly,12,3850,3.67403,1.05891
occupancy,24,4,seasonal_naive_weekly,13,3850,3.81494,1.08158
occupancy,24,4,seasonal_naive_weekly,14,3850,3.69571,1.06713
occupancy,24,4,seasonal_naive_weekly,15,3850,3.70273,1.07382
occupancy,24,4,seasonal_naive_weekly,16,3850,3.70506,1.05822
occupancy,24,4,seasonal_naive_weekly,17,3850,3.83429,1.08926
occupancy,24,4,seasonal_naive_weekly,18,3850,3.77039,1.07678
occupancy,24,4,seasonal_naive_weekly,19,3850,3.81221,1.06009
occupancy,24,4,seasonal_naive_weekly,20,3850,3.74234,1.06012
occupancy,24,4,seasonal_naive_weekly,21,3850,3.72195,1.05314
occupancy,24,4,seasonal_naive_weekly,22,3850,3.82442,1.07136
occupancy,24,4,seasonal_naive_weekly,23,3850,3.86494,1.07509
occupancy,24,4,autoregressive,0,3850,2.85746,0.822229
occupancy,24,4,autoregressive,1,3850,2.8578,0.824156
occupancy,24,4,autoregressive,2,3850,2.80825,0.812492
occupancy,24,4,autoregressive,3,3850,2.79348,0.806054
occupancy,24,4,autoregressive,4,3850,2.73093,0.802926
occupancy,24,4,autoregressive,5,3850,2.81868,0.81053
occupancy,24,4,autoregressive,6,3850,2.87418,0.819051
occupancy,24,4,autoregressive,7,3850,2.85582,0.822804
occupancy,24,4,autoregressive,8,3850,3.10432,0.848954
occupancy,24,4,autoregressive,9,3850,3.42298,0.913073
occupancy,24,4,autoregressive,10,3850,3.51337,0.9421
occupancy,24,4,autoregressive,11,3850,3.46902,0.930013
occupancy,24,4,autoregressive,12,3850,3.39179,0.915837
occupancy,24,4,autoregressive,13,3850,3.25491,0.889143
occupancy,24,4,autoregressive,14,3850,3.21986,0.887944
occupancy,24,4,autoregressive,15,3850,3.24978,0.894146
occupancy,24,4,autoregressive,16,3850,3.19803,0.887214
occupancy,24,4,autoregressive,17,3850,3.254,0.899846
occupancy,24,4,autoregressive,18,3850,3.08867,0.861958
occupancy,24,4,autoregressive,19,3850,2.9727,0.817933
occupancy,24,4,autoregressive,20,3850,2.74266,0.790541
occupancy,24,4,autoregressive,21,3850,2.73823,0.791003
occupancy,24,4,autoregressive,22,3850,2.74385,0.796697
occupancy,24,4,autoregressive,23,3850,2.79838,0.806293
occupancy,24,4,zone_ridge,0,3850,3.00624,0.856918
occupancy,24,4,zone_ridge,1,3850,3.00346,0.857143
occupancy,24,4,zone_ridge,2,3850,2.95597,0.855183
occupancy,24,4,zone_ridge,3,3850,2.95519,0.851671
occupancy,24,4,zone_ridge,4,3850,2.8901,0.847378
occupancy,24,4,zone_ridge,5,3850,2.97591,0.856084
occupancy,24,4,zone_ridge,6,3850,3.07633,0.870009
occupancy,24,4,zone_ridge,7,3850,3.0534,0.874503
occupancy,24,4,zone_ridge,8,3850,3.01171,0.855344
occupancy,24,4,zone_ridge,9,3850,3.21189,0.887087
occupancy,24,4,zone_ridge,10,3850,3.21369,0.901242
occupancy,24,4,zone_ridge,11,3850,3.18073,0.885778
occupancy,24,4,zone_ridge,12,3850,3.17135,0.882759
occupancy,24,4,zone_ridge,13,3850,3.02923,0.86136
occupancy,24,4,zone_ridge,14,3850,2.95152,0.8529
occupancy,24,4,zone_ridge,15,3850,2.99106,0.860227
occupancy,24,4,zone_ridge,16,3850,2.98768,0.856841
occupancy,24,4,zone_ridge,17,3850,3.18073,0.89215
occupancy,24,4,zone_ridge,18,3850,3.0076,0.854323
occupancy,24,4,zone_ridge,19,3850,2.91368,0.817584
occupancy,24,4,zone_ridge,20,3850,2.78237,0.812411
occupancy,24,4,zone_ridge,21,3850,2.82548,0.81396
occupancy,24,4,zone_ridge,22,3850,2.9054,0.83389
occupancy,24,4,zone_ridge,23,3850,2.9448,0.848249
occupancy,24,4,zone_gbm,0,3850,3.14096,0.910421
occupancy,24,4,zone_gbm,1,3850,3.14551,0.913667
occupancy,24,4,zone_gbm,2,3850,3.13045,0.915716
occupancy,24,4,zone_gbm,3,3850,3.12581,0.907683
occupancy,24,4,zone_gbm,4,3850,3.06158,0.904358
occupancy,24,4,zone_gbm,5,3850,3.12415,0.907174
occupancy,24,4,zone_gbm,6,3850,3.16654,0.913357
occupancy,24,4,zone_gbm,7,3850,3.12271,0.914812
occupancy,24,4,zone_gbm,8,3850,3.11778,0.895642
occupancy,24,4,zone_gbm,9,3850,2.98248,0.861841
occupancy,24,4,zone_gbm,10,3850,2.954,0.868681
occupancy,24,4,zone_gbm,11,3850,3.05754,0.877919
occupancy,24,4,zone_gbm,12,3850,3.08308,0.881449
occupancy,24,4,zone_gbm,13,3850,3.02955,0.879262
occupancy,24,4,zone_gbm,14,3850,3.04052,0.888572
occupancy,24,4,zone_gbm,15,3850,3.14125,0.906992
occupancy,24,4,zone_gbm,16,3850,3.16407,0.90877
occupancy,24,4,zone_gbm,17,3850,3.23775,0.923115
occupancy,24,4,zone_gbm,18,3850,3.02242,0.882854
occupancy,24,4,zone_gbm,19,3850,3.16637,0.894092
occupancy,24,4,zone_gbm,20,3850,3.08162,0.894839
occupancy,24,4,zone_gbm,21,3850,3.05319,0.886092
occupancy,24,4,zone_gbm,22,3850,3.06992,0.898555
occupancy,24,4,zone_gbm,23,3850,3.09869,0.911651
occupancy,24,4,global_ridge,0,3850,2.8876,0.852913
occupancy,24,4,global_ridge,1,3850,2.95777,0.866098
occupancy,24,4,global_ridge,2,3850,2.83978,0.845895
occupancy,24,4,global_ridge,3,3850,2.82748,0.840029
occupancy,24,4,global_ridge,4,3850,2.76974,0.837158
occupancy,24,4,global_ridge,5,3850,2.83081,0.841578
occupancy,24,4,global_ridge,6,3850,2.88026,0.850079
occupancy,24,4,global_ridge,7,3850,2.87802,0.858519
occupancy,24,4,global_ridge,8,3850,3.06437,0.867055
occupancy,24,4,global_ridge,9,3850,3.41829,0.940556
occupancy,24,4,global_ridge,10,3850,3.47427,0.969889
occupancy,24,4,global_ridge,11,3850,3.42983,0.957444
occupancy,24,4,global_ridge,12,3850,3.34826,0.950569
occupancy,24,4,global_ridge,13,3850,3.31072,0.95055
occupancy,24,4,global_ridge,14,3850,3.21092,0.931463
occupancy,24,4,global_ridge,15,3850,3.2374,0.932577
occupancy,24,4,global_ridge,16,3850,3.17232,0.915026
occupancy,24,4,global_ridge,17,3850,3.26739,0.93884
occupancy,24,4,global_ridge,18,3850,3.10472,0.886732
occupancy,24,4,global_ridge,19,3850,2.93927,0.834448
occupancy,24,4,global_ridge,20,3850,2.72184,0.811156
occupancy,24,4,global_ridge,21,3850,2.68713,0.797474
occupancy,24,4,global_ridge,22,3850,2.71041,0.807491
occupancy,24,4,global_ridge,23,3850,2.78402,0.822954
occupancy,24,4,global_gbm,0,3850,2.80314,0.81196
occupancy,24,4,global_gbm,1,3850,2.78601,0.810533
occupancy,24,4,global_gbm,2,3850,2.70983,0.796287
occupancy,24,4,global_gbm,3,3850,2.69698,0.788678
occupancy,24,4,global_gbm,4,3850,2.64364,0.785932
occupancy,24,4,global_gbm,5,3850,2.71342,0.791335
occupancy,24,4,global_gbm,6,3850,2.74274,0.795203
occupancy,24,4,global_gbm,7,3850,2.64617,0.791833
occupancy,24,4,global_gbm,8,3850,2.75911,0.808877
occupancy,24,4,global_gbm,9,3850,2.74325,0.816084
occupancy,24,4,global_gbm,10,3850,2.85034,0.851811
occupancy,24,4,global_gbm,11,3850,2.93552,0.853795
occupancy,24,4,global_gbm,12,3850,2.98143,0.859389
occupancy,24,4,global_gbm,13,3850,2.98595,0.850297
occupancy,24,4,global_gbm,14,3850,2.90023,0.840488
occupancy,24,4,global_gbm,15,3850,2.79055,0.828984
occupancy,24,4,global_gbm,16,3850,2.79572,0.82666
occupancy,24,4,global_gbm,17,3850,2.90432,0.851143
occupancy,24,4,global_gbm,18,3850,2.73371,0.813251
occupancy,24,4,global_gbm,19,3850,2.77756,0.79034
occupancy,24,4,global_gbm,20,3850,2.7015,0.786152
occupancy,24,4,global_gbm,21,3850,2.73662,0.785828
occupancy,24,4,global_gbm,22,3850,2.74354,0.796325
occupancy,24,4,global_gbm,23,3850,2.76851,0.804163
occupancy,24,5,last_observation,0,3850,2.48182,0.693399
occupancy,24,5,last_observation,1,3850,2.41429,0.675369
occupancy,24,5,last_observation,2,3850,2.4174,0.674059
occupancy,24,5,last_observation,3,3850,2.46078,0.682761
occupancy,24,5,last_observation,4,3850,2.35584,0.663429
occupancy,24,5,last_observation,5,3850,2.40935,0.679452
occupancy,24,5,last_observation,6,3850,2.42519,0.674603
occupancy,24,5,last_observation,7,3850,2.34675,0.658857
occupancy,24,5,last_observation,8,3850,2.31974,0.649103
occupancy,24,5,last_observation,9,3850,2.26701,0.645401
occupancy,24,5,last_observation,10,3850,2.72156,0.76519
occupancy,24,5,last_observation,11,3850,2.74208,0.785244
occupancy,24,5,last_observation,12,3850,2.30364,0.650621
occupancy,24,5,last_observation,13,3850,2.29039,0.648344
occupancy,24,5,last_observation,14,3850,2.20831,0.63106
occupancy,24,5,last_observation,15,3850,2.16805,0.619866
occupancy,24,5,last_observation,16,3850,2.50987,0.723582
occupancy,24,5,last_observation,17,3850,2.33273,0.658905
occupancy,24,5,last_observation,18,3850,2.43247,0.68598
occupancy,24,5,last_observation,19,3850,2.55273,0.730018
occupancy,24,5,last_observation,20,3850,2.63532,0.757695
occupancy,24,5,last_observation,21,3850,2.56883,0.718996
occupancy,24,5,last_observation,22,3850,2.73039,0.74336
occupancy,24,5,last_observation,23,3850,2.88805,0.781153
occupancy,24,5,seasonal_naive_daily,0,3850,2.48182,0.693399
occupancy,24,5,seasonal_naive_daily,1,3850,2.41429,0.675369
occupancy,24,5,seasonal_naive_daily,2,3850,2.4174,0.674059
occupancy,24,5,seasonal_naive_daily,3,3850,2.46078,0.682761
occupancy,24,5,seasonal_naive_daily,4,3850,2.35584,0.663429
occupancy,24,5,seasonal_naive_daily,5,3850,2.40935,0.679452
occupancy,24,5,seasonal_naive_daily,6,3850,2.42519,0.674603
occupancy,24,5,seasonal_naive_daily,7,3850,2.34675,0.658857
occupancy,24,5,seasonal_naive_daily,8,3850,2.31974,0.649103
occupancy,24,5,seasonal_naive_daily,9,3850,2.26701,0.645401
occupancy,24,5,seasonal_naive_daily,10,3850,2.72156,0.76519
occupancy,24,5,seasonal_naive_daily,11,3850,2.74208,0.785244
occupancy,24,5,seasonal_naive_daily,12,3850,2.30364,0.650621
occupancy,24,5,seasonal_naive_daily,13,3850,2.29039,0.648344
occupancy,24,5,seasonal_naive_daily,14,3850,2.20831,0.63106
occupancy,24,5,seasonal_naive_daily,15,3850,2.16805,0.619866
occupancy,24,5,seasonal_naive_daily,16,3850,2.50987,0.723582
occupancy,24,5,seasonal_naive_daily,17,3850,2.33273,0.658905
occupancy,24,5,seasonal_naive_daily,18,3850,2.43247,0.68598
occupancy,24,5,seasonal_naive_daily,19,3850,2.55273,0.730018
occupancy,24,5,seasonal_naive_daily,20,3850,2.63532,0.757695
occupancy,24,5,seasonal_naive_daily,21,3850,2.56883,0.718996
occupancy,24,5,seasonal_naive_daily,22,3850,2.73039,0.74336
occupancy,24,5,seasonal_naive_daily,23,3850,2.88805,0.781153
occupancy,24,5,seasonal_naive_weekly,0,3850,5.65338,1.41134
occupancy,24,5,seasonal_naive_weekly,1,3850,5.62338,1.39771
occupancy,24,5,seasonal_naive_weekly,2,3850,5.62961,1.39539
occupancy,24,5,seasonal_naive_weekly,3,3850,5.52909,1.37589
occupancy,24,5,seasonal_naive_weekly,4,3850,5.51481,1.38056
occupancy,24,5,seasonal_naive_weekly,5,3850,5.52649,1.38465
occupancy,24,5,seasonal_naive_weekly,6,3850,5.70208,1.40509
occupancy,24,5,seasonal_naive_weekly,7,3850,5.40675,1.35186
occupancy,24,5,seasonal_naive_weekly,8,3850,4.38727,1.16659
occupancy,24,5,seasonal_naive_weekly,9,3850,4.37714,1.21021
occupancy,24,5,seasonal_naive_weekly,10,3850,4.61974,1.27266
occupancy,24,5,seasonal_naive_weekly,11,3850,4.68649,1.31606
occupancy,24,5,seasonal_naive_weekly,12,3850,4.36935,1.22666
occupancy,24,5,seasonal_naive_weekly,13,3850,4.59909,1.28268
occupancy,24,5,seasonal_naive_weekly,14,3850,4.43909,1.25106
occupancy,24,5,seasonal_naive_weekly,15,3850,4.42325,1.23611
occupancy,24,5,seasonal_naive_weekly,16,3850,4.51195,1.2611
occupancy,24,5,seasonal_naive_weekly,17,3850,4.11273,1.14083
occupancy,24,5,seasonal_naive_weekly,18,3850,4.20299,1.16995
occupancy,24,5,seasonal_naive_weekly,19,3850,4.2987,1.18365
occupancy,24,5,seasonal_naive_weekly,20,3850,4.83351,1.27701
occupancy,24,5,seasonal_naive_weekly,21,3850,4.97961,1.27715
occupancy,24,5,seasonal_naive_weekly,22,3850,5.17247,1.29714
occupancy,24,5,seasonal_naive_weekly,23,3850,5.40909,1.34851
occupancy,24,5,autoregressive,0,3850,2.97328,0.811835
occupancy,24,5,autoregressive,1,3850,2.85291,0.794165
occupancy,24,5,autoregressive,2,3850,2.84429,0.78897
occupancy,24,5,autoregressive,3,3850,2.85232,0.787634
occupancy,24,5,autoregressive,4,3850,2.83052,0.78362
occupancy,24,5,autoregressive,5,3850,2.81361,0.782503
occupancy,24,5,autoregressive,6,3850,2.80234,0.779385
occupancy,24,5,autoregressive,7,3850,2.69635,0.759497
occupancy,24,5,autoregressive,8,3850,2.66488,0.751955
occupancy,24,5,autoregressive,9,3850,2.76932,0.772915
occupancy,24,5,autoregressive,10,3850,2.98076,0.829197
occupancy,24,5,autoregressive,11,3850,3.06275,0.855075
occupancy,24,5,autoregressive,12,3850,2.89202,0.800279
occupancy,24,5,autoregressive,13,3850,2.83955,0.790966
occupancy,24,5,autoregressive,14,3850,2.877,0.795795
occupancy,24,5,autoregressive,15,3850,2.90563,0.80101
occupancy,24,5,autoregressive,16,3850,3.01278,0.840377
occupancy,24,5,autoregressive,17,3850,2.89787,0.808406
occupancy,24,5,autoregressive,18,3850,2.84804,0.800882
occupancy,24,5,autoregressive,19,3850,2.85923,0.816004
occupancy,24,5,autoregressive,20,3850,2.93437,0.83676
occupancy,24,5,autoregressive,21,3850,2.92107,0.814623
occupancy,24,5,autoregressive,22,3850,2.97641,0.818021
occupancy,24,5,autoregressive,23,3850,3.03558,0.828351
occupancy,24,5,zone_ridge,0,3850,3.74191,0.960281
occupancy,24,5,zone_ridge,1,3850,3.67871,0.949988
occupancy,24,5,zone_ridge,2,3850,3.6905,0.949311
occupancy,24,5,zone_ridge,3,3850,3.6888,0.950061
occupancy,24,5,zone_ridge,4,3850,3.62989,0.938651
occupancy,24,5,zone_ridge,5,3850,3.56114,0.931656
occupancy,24,5,zone_ridge,6,3850,3.50987,0.921809
occupancy,24,5,zone_ridge,7,3850,3.32462,0.889454
occupancy,24,5,zone_ridge,8,3850,3.10071,0.85761
occupancy,24,5,zone_ridge,9,3850,3.02932,0.850646
occupancy,24,5,zone_ridge,10,3850,3.16085,0.897244
occupancy,24,5,zone_ridge,11,3850,3.19087,0.917181
occupancy,24,5,zone_ridge,12,3850,3.11327,0.883424
occupancy,24,5,zone_ridge,13,3850,3.08319,0.885513
occupancy,24,5,zone_ridge,14,3850,3.04038,0.874757
occupancy,24,5,zone_ridge,15,3850,3.0232,0.8677
occupancy,24,5,zone_ridge,16,3850,3.14568,0.900508
occupancy,24,5,zone_ridge,17,3850,3.10283,0.874789
occupancy,24,5,zone_ridge,18,3850,3.0942,0.869058
occupancy,24,5,zone_ridge,19,3850,3.19599,0.890533
occupancy,24,5,zone_ridge,20,3850,3.36521,0.927572
occupancy,24,5,zone_ridge,21,3850,3.41907,0.906899
occupancy,24,5,zone_ridge,22,3850,3.52663,0.918534
occupancy,24,5,zone_ridge,23,3850,3.67859,0.946791
occupancy,24,5,zone_gbm,0,3850,3.62847,1.02718
occupancy,24,5,zone_gbm,1,3850,3.51828,1.01302
occupancy,24,5,zone_gbm,2,3850,3.504,1.00796
occupancy,24,5,zone_gbm,3,3850,3.50015,1.00863
occupancy,24,5,zone_gbm,4,3850,3.47512,1.00519
occupancy,24,5,zone_gbm,5,3850,3.44947,1.00335
occupancy,24,5,zone_gbm,6,3850,3.47614,1.00315
occupancy,24,5,zone_gbm,7,3850,3.34627,0.97158
occupancy,24,5,zone_gbm,8,3850,3.25424,0.948289
occupancy,24,5,zone_gbm,9,3850,3.30454,0.978015
occupancy,24,5,zone_gbm,10,3850,3.52699,1.03614
occupancy,24,5,zone_gbm,11,3850,3.58792,1.05107
occupancy,24,5,zone_gbm,12,3850,3.54767,1.02602
occupancy,24,5,zone_gbm,13,3850,3.59253,1.03077
occupancy,24,5,zone_gbm,14,3850,3.62858,1.04167
occupancy,24,5,zone_gbm,15,3850,3.60128,1.03675
occupancy,24,5,zone_gbm,16,3850,3.64974,1.0571
occupancy,24,5,zone_gbm,17,3850,3.51745,1.01784
occupancy,24,5,zone_gbm,18,3850,3.47666,1.01199
occupancy,24,5,zone_gbm,19,3850,3.52058,1.02131
occupancy,24,5,zone_gbm,20,3850,3.67868,1.05617
occupancy,24,5,zone_gbm,21,3850,3.61604,1.02404
occupancy,24,5,zone_gbm,22,3850,3.61391,1.02162
occupancy,24,5,zone_gbm,23,3850,3.6799,1.03819
occupancy,24,5,global_ridge,0,3850,3.16482,0.889536
occupancy,24,5,global_ridge,1,3850,3.02601,0.862865
occupancy,24,5,global_ridge,2,3850,3.00519,0.85621
occupancy,24,5,global_ridge,3,3850,3.00273,0.853761
occupancy,24,5,global_ridge,4,3850,2.97318,0.8465
occupancy,24,5,global_ridge,5,3850,2.98357,0.84985
occupancy,24,5,global_ridge,6,3850,2.97865,0.843063
occupancy,24,5,global_ridge,7,3850,2.81415,0.812633
occupancy,24,5,global_ridge,8,3850,2.59113,0.771447
occupancy,24,5,global_ridge,9,3850,2.66274,0.792173
occupancy,24,5,global_ridge,10,3850,2.85043,0.852359
occupancy,24,5,global_ridge,11,3850,2.90333,0.875114
occupancy,24,5,global_ridge,12,3850,2.73407,0.81956
occupancy,24,5,global_ridge,13,3850,2.70095,0.818626
occupancy,24,5,global_ridge,14,3850,2.62373,0.793975
occupancy,24,5,global_ridge,15,3850,2.64385,0.793683
occupancy,24,5,global_ridge,16,3850,2.78992,0.842756
occupancy,24,5,global_ridge,17,3850,2.68924,0.809152
occupancy,24,5,global_ridge,18,3850,2.66348,0.800335
occupancy,24,5,global_ridge,19,3850,2.74515,0.819913
occupancy,24,5,global_ridge,20,3850,2.91269,0.856335
occupancy,24,5,global_ridge,21,3850,2.94028,0.843629
occupancy,24,5,global_ridge,22,3850,3.02639,0.850823
occupancy,24,5,global_ridge,23,3850,3.17957,0.88948
occupancy,24,5,global_gbm,0,3850,2.90634,0.776093
occupancy,24,5,global_gbm,1,3850,2.81887,0.762888
occupancy,24,5,global_gbm,2,3850,2.79225,0.753027
occupancy,24,5,global_gbm,3,3850,2.79009,0.752349
occupancy,24,5,global_gbm,4,3850,2.7673,0.748943
occupancy,24,5,global_gbm,5,3850,2.78702,0.754793
occupancy,24,5,global_gbm,6,3850,2.80745,0.753034
occupancy,24,5,global_gbm,7,3850,2.70202,0.736011
occupancy,24,5,global_gbm,8,3850,2.50143,0.704212
occupancy,24,5,global_gbm,9,3850,2.50508,0.71667
occupancy,24,5,global_gbm,10,3850,2.71097,0.77482
occupancy,24,5,global_gbm,11,3850,2.77188,0.796825
occupancy,24,5,global_gbm,12,3850,2.59357,0.733354
occupancy,24,5,global_gbm,13,3850,2.59127,0.737087
occupancy,24,5,global_gbm,14,3850,2.53777,0.722805
occupancy,24,5,global_gbm,15,3850,2.47241,0.711131
occupancy,24,5,global_gbm,16,3850,2.62355,0.75741
occupancy,24,5,global_gbm,17,3850,2.51614,0.725728
occupancy,24,5,global_gbm,18,3850,2.52197,0.725444
occupancy,24,5,global_gbm,19,3850,2.62143,0.752925
occupancy,24,5,global_gbm,20,3850,2.7566,0.782262
occupancy,24,5,global_gbm,21,3850,2.76786,0.766064
occupancy,24,5,global_gbm,22,3850,2.88159,0.775755
occupancy,24,5,global_gbm,23,3850,3.02019,0.807429
occupancy,24,6,last_observation,0,3850,2.9026,0.837262
occupancy,24,6,last_observation,1,3850,2.75403,0.812883
occupancy,24,6,last_observation,2,3850,2.76883,0.816496
occupancy,24,6,last_observation,3,3850,2.77143,0.812722
occupancy,24,6,last_observation,4,3850,2.74935,0.811172
occupancy,24,6,last_observation,5,3850,2.88519,0.854642
occupancy,24,6,last_observation,6,3850,2.8239,0.840959
occupancy,24,6,last_observation,7,3850,2.98753,0.87382
occupancy,24,6,last_observation,8,3850,3.53273,0.977933
occupancy,24,6,last_observation,9,3850,3.67922,0.997094
occupancy,24,6,last_observation,10,3850,3.61403,1.00019
occupancy,24,6,last_observation,11,3850,3.49818,0.97912
occupancy,24,6,last_observation,12,3850,3.45065,0.960298
occupancy,24,6,last_observation,13,3850,3.59403,1.01669
occupancy,24,6,last_observation,14,3850,3.61299,1.0155
occupancy,24,6,last_observation,15,3850,3.48597,0.9847
occupancy,24,6,last_observation,16,3850,3.46078,0.98442
occupancy,24,6,last_observation,17,3850,3.61351,1.02325
occupancy,24,6,last_observation,18,3850,3.54078,1.00206
occupancy,24,6,last_observation,19,3850,3.27844,0.927895
occupancy,24,6,last_observation,20,3850,3.08078,0.900494
occupancy,24,6,last_observation,21,3850,2.98026,0.871305
occupancy,24,6,last_observation,22,3850,2.8813,0.854513
occupancy,24,6,last_observation,23,3850,2.87584,0.855107
occupancy,24,6,seasonal_naive_daily,0,3850,2.9026,0.837262
occupancy,24,6,seasonal_naive_daily,1,3850,2.75403,0.812883
occupancy,24,6,seasonal_naive_daily,2,3850,2.76883,0.816496
occupancy,24,6,seasonal_naive_daily,3,3850,2.77143,0.812722
occupancy,24,6,seasonal_naive_daily,4,3850,2.74935,0.811172
occupancy,24,6,seasonal_naive_daily,5,3850,2.88519,0.854642
occupancy,24,6,seasonal_naive_daily,6,3850,2.8239,0.840959
occupancy,24,6,seasonal_naive_daily,7,3850,2.98753,0.87382
occupancy,24,6,seasonal_naive_daily,8,3850,3.53273,0.977933
occupancy,24,6,seasonal_naive_daily,9,3850,3.67922,0.997094
occupancy,24,6,seasonal_naive_daily,10,3850,3.61403,1.00019
occupancy,24,6,seasonal_naive_daily,11,3850,3.49818,0.97912
occupancy,24,6,seasonal_naive_daily,12,3850,3.45065,0.960298
occupancy,24,6,seasonal_naive_daily,13,3850,3.59403,1.01669
occupancy,24,6,seasonal_naive_daily,14,3850,3.61299,1.0155
occupancy,24,6,seasonal_naive_daily,15,3850,3.48597,0.9847
occupancy,24,6,seasonal_naive_daily,16,3850,3.46078,0.98442
occupancy,24,6,seasonal_naive_daily,17,3850,3.61351,1.02325
occupancy,24,6,seasonal_naive_daily,18,3850,3.54078,1.00206
occupancy,24,6,seasonal_naive_daily,19,3850,3.27844,0.927895
occupancy,24,6,seasonal_naive_daily,20,3850,3.08078,0.900494
occupancy,24,6,seasonal_naive_daily,21,3850,2.98026,0.871305
occupancy,24,6,seasonal_naive_daily,22,3850,2.8813,0.854513
occupancy,24,6,seasonal_naive_daily,23,3850,2.87584,0.855107
occupancy,24,6,seasonal_naive_weekly,0,3850,5.40156,1.57889
occupancy,24,6,seasonal_naive_weekly,1,3850,5.5787,1.6152
occupancy,24,6,seasonal_naive_weekly,2,3850,5.51117,1.59969
occupancy,24,6,seasonal_naive_weekly,3,3850,5.4761,1.5922
occupancy,24,6,seasonal_naive_weekly,4,3850,5.48104,1.59479
occupancy,24,6,seasonal_naive_weekly,5,3850,5.49558,1.58867
occupancy,24,6,seasonal_naive_weekly,6,3850,5.51169,1.60155
occupancy,24,6,seasonal_naive_weekly,7,3850,5.51351,1.59712
occupancy,24,6,seasonal_naive_weekly,8,3850,5.36468,1.57858
occupancy,24,6,seasonal_naive_weekly,9,3850,5.46,1.60048
occupancy,24,6,seasonal_naive_weekly,10,3850,5.45844,1.60534
occupancy,24,6,seasonal_naive_weekly,11,3850,5.37377,1.58779
occupancy,24,6,seasonal_naive_weekly,12,3850,5.31896,1.57591
occupancy,24,6,seasonal_naive_weekly,13,3850,4.91766,1.46004
occupancy,24,6,seasonal_naive_weekly,14,3850,5.08052,1.50098
occupancy,24,6,seasonal_naive_weekly,15,3850,4.84753,1.44124
occupancy,24,6,seasonal_naive_weekly,16,3850,4.93714,1.47021
occupancy,24,6,seasonal_naive_weekly,17,3850,4.99922,1.46507
occupancy,24,6,seasonal_naive_weekly,18,3850,4.93974,1.46667
occupancy,24,6,seasonal_naive_weekly,19,3850,4.85013,1.4527
occupancy,24,6,seasonal_naive_weekly,20,3850,4.80727,1.4564
occupancy,24,6,seasonal_naive_weekly,21,3850,4.79714,1.449
occupancy,24,6,seasonal_naive_weekly,22,3850,4.83844,1.45404
occupancy,24,6,seasonal_naive_weekly,23,3850,4.86442,1.45405
occupancy,24,6,autoregressive,0,3850,3.06843,0.914428
occupancy,24,6,autoregressive,1,3850,2.98435,0.899289
occupancy,24,6,autoregressive,2,3850,2.91356,0.883876
occupancy,24,6,autoregressive,3,3850,2.91378,0.879431
occupancy,24,6,autoregressive,4,3850,2.90213,0.87881
occupancy,24,6,autoregressive,5,3850,2.99907,0.904485
occupancy,24,6,autoregressive,6,3850,2.99888,0.903937
occupancy,24,6,autoregressive,7,3850,3.18372,0.940225
occupancy,24,6,autoregressive,8,3850,3.50325,0.991673
occupancy,24,6,autoregressive,9,3850,3.88264,1.0597
occupancy,24,6,autoregressive,10,3850,3.83051,1.06324
occupancy,24,6,autoregressive,11,3850,3.70868,1.04303
occupancy,24,6,autoregressive,12,3850,3.67749,1.03742
occupancy,24,6,autoregressive,13,3850,3.67815,1.04723
occupancy,24,6,autoregressive,14,3850,3.73001,1.0563
occupancy,24,6,autoregressive,15,3850,3.60422,1.02707
occupancy,24,6,autoregressive,16,3850,3.60609,1.02711
occupancy,24,6,autoregressive,17,3850,3.67982,1.04
occupancy,24,6,autoregressive,18,3850,3.56193,1.01322
occupancy,24,6,autoregressive,19,3850,3.28148,0.953838
occupancy,24,6,autoregressive,20,3850,3.07659,0.920058
occupancy,24,6,autoregressive,21,3850,2.95589,0.891695
occupancy,24,6,autoregressive,22,3850,2.91842,0.880541
occupancy,24,6,autoregressive,23,3850,2.89697,0.877057
occupancy,24,6,zone_ridge,0,3850,3.45009,1.02293
occupancy,24,6,zone_ridge,1,3850,3.39312,1.01628
occupancy,24,6,zone_ridge,2,3850,3.33341,1.00543
occupancy,24,6,zone_ridge,3,3850,3.32253,1.00048
occupancy,24,6,zone_ridge,4,3850,3.32204,1.00136
occupancy,24,6,zone_ridge,5,3850,3.4139,1.0187
occupancy,24,6,zone_ridge,6,3850,3.45277,1.02198
occupancy,24,6,zone_ridge,7,3850,3.63936,1.05569
occupancy,24,6,zone_ridge,8,3850,3.58494,1.04933
occupancy,24,6,zone_ridge,9,3850,3.74086,1.06562
occupancy,24,6,zone_ridge,10,3850,3.68088,1.06264
occupancy,24,6,zone_ridge,11,3850,3.41647,1.01142
occupancy,24,6,zone_ridge,12,3850,3.3785,1.00384
occupancy,24,6,zone_ridge,13,3850,3.38175,1.00937
occupancy,24,6,zone_ridge,14,3850,3.35338,1.00009
occupancy,24,6,zone_ridge,15,3850,3.26239,0.974194
occupancy,24,6,zone_ridge,16,3850,3.28505,0.97871
occupancy,24,6,zone_ridge,17,3850,3.41056,1.0026
occupancy,24,6,zone_ridge,18,3850,3.34655,0.985349
occupancy,24,6,zone_ridge,19,3850,3.18068,0.955229
occupancy,24,6,zone_ridge,20,3850,3.16683,0.958147
occupancy,24,6,zone_ridge,21,3850,3.17985,0.959475
occupancy,24,6,zone_ridge,22,3850,3.22051,0.965957
occupancy,24,6,zone_ridge,23,3850,3.26413,0.979746
occupancy,24,6,zone_gbm,0,3850,3.78904,1.17933
occupancy,24,6,zone_gbm,1,3850,3.78697,1.18888
occupancy,24,6,zone_gbm,2,3850,3.80923,1.19243
occupancy,24,6,zone_gbm,3,3850,3.80138,1.18843
occupancy,24,6,zone_gbm,4,3850,3.76841,1.18334
occupancy,24,6,zone_gbm,5,3850,3.79715,1.19049
occupancy,24,6,zone_gbm,6,3850,3.75396,1.17783
occupancy,24,6,zone_gbm,7,3850,3.72677,1.15922
occupancy,24,6,zone_gbm,8,3850,3.81397,1.16976
occupancy,24,6,zone_gbm,9,3850,3.7094,1.14107
occupancy,24,6,zone_gbm,10,3850,3.66075,1.13757
occupancy,24,6,zone_gbm,11,3850,3.53204,1.1094
occupancy,24,6,zone_gbm,12,3850,3.53765,1.10699
occupancy,24,6,zone_gbm,13,3850,3.41334,1.07076
occupancy,24,6,zone_gbm,14,3850,3.45844,1.07546
occupancy,24,6,zone_gbm,15,3850,3.42393,1.05962
occupancy,24,6,zone_gbm,16,3850,3.39937,1.05908
occupancy,24,6,zone_gbm,17,3850,3.47768,1.0697
occupancy,24,6,zone_gbm,18,3850,3.47727,1.07355
occupancy,24,6,zone_gbm,19,3850,3.51321,1.08195
occupancy,24,6,zone_gbm,20,3850,3.50565,1.09388
occupancy,24,6,zone_gbm,21,3850,3.47655,1.09192
occupancy,24,6,zone_gbm,22,3850,3.51742,1.10434
occupancy,24,6,zone_gbm,23,3850,3.58198,1.12359
occupancy,24,6,global_ridge,0,3850,3.06312,0.932159
occupancy,24,6,global_ridge,1,3850,3.10093,0.935504
occupancy,24,6,global_ridge,2,3850,2.94599,0.907404
occupancy,24,6,global_ridge,3,3850,2.92743,0.903183
occupancy,24,6,global_ridge,4,3850,2.93669,0.907981
occupancy,24,6,global_ridge,5,3850,3.05472,0.939899
occupancy,24,6,global_ridge,6,3850,3.06327,0.94452
occupancy,24,6,global_ridge,7,3850,3.2859,0.983696
occupancy,24,6,global_ridge,8,3850,3.49036,1.01511
occupancy,24,6,global_ridge,9,3850,3.86279,1.08421
occupancy,24,6,global_ridge,10,3850,3.7897,1.09005
occupancy,24,6,global_ridge,11,3850,3.63222,1.07815
occupancy,24,6,global_ridge,12,3850,3.60432,1.07093
occupancy,24,6,global_ridge,13,3850,3.71144,1.10396
occupancy,24,6,global_ridge,14,3850,3.69054,1.09728
occupancy,24,6,global_ridge,15,3850,3.54618,1.06018
occupancy,24,6,global_ridge,16,3850,3.56883,1.06483
occupancy,24,6,global_ridge,17,3850,3.70121,1.08957
occupancy,24,6,global_ridge,18,3850,3.57265,1.05267
occupancy,24,6,global_ridge,19,3850,3.28181,0.993865
occupancy,24,6,global_ridge,20,3850,3.07521,0.95043
occupancy,24,6,global_ridge,21,3850,2.97487,0.925964
occupancy,24,6,global_ridge,22,3850,2.95121,0.917028
occupancy,24,6,global_ridge,23,3850,2.9105,0.903789
occupancy,24,6,global_gbm,0,3850,3.08446,0.926103
occupancy,24,6,global_gbm,1,3850,3.01478,0.908933
occupancy,24,6,global_gbm,2,3850,2.96302,0.899494
occupancy,24,6,global_gbm,3,3850,2.96171,0.896501
occupancy,24,6,global_gbm,4,3850,2.93979,0.895581
occupancy,24,6,global_gbm,5,3850,3.04752,0.923294
occupancy,24,6,global_gbm,6,3850,2.99131,0.912489
occupancy,24,6,global_gbm,7,3850,3.15417,0.943195
occupancy,24,6,global_gbm,8,3850,3.29378,0.98148
occupancy,24,6,global_gbm,9,3850,3.36217,0.995393
occupancy,24,6,global_gbm,10,3850,3.30359,0.998342
occupancy,24,6,global_gbm,11,3850,3.22072,0.984915
occupancy,24,6,global_gbm,12,3850,3.27767,0.992651
occupancy,24,6,global_gbm,13,3850,3.23394,0.985167
occupancy,24,6,global_gbm,14,3850,3.26253,0.994342
occupancy,24,6,global_gbm,15,3850,3.20699,0.974564
occupancy,24,6,global_gbm,16,3850,3.21222,0.981141
occupancy,24,6,global_gbm,17,3850,3.28995,0.998673
occupancy,24,6,global_gbm,18,3850,3.24444,0.983841
occupancy,24,6,global_gbm,19,3850,3.11629,0.939458
occupancy,24,6,global_gbm,20,3850,3.00647,0.915847
occupancy,24,6,global_gbm,21,3850,2.93997,0.899703
occupancy,24,6,global_gbm,22,3850,2.91086,0.892486
occupancy,24,6,global_gbm,23,3850,2.89251,0.885734
occupancy,24,7,last_observation,0,3850,2.53091,0.738172
occupancy,24,7,last_observation,1,3850,2.38338,0.709292
occupancy,24,7,last_observation,2,3850,2.67325,0.790154
occupancy,24,7,last_observation,3,3850,2.54494,0.765558
occupancy,24,7,last_observation,4,3850,2.46494,0.741708
occupancy,24,7,last_observation,5,3850,2.59532,0.766249
occupancy,24,7,last_observation,6,3850,2.52416,0.762953
occupancy,24,7,last_observation,7,3850,2.58234,0.765759
occupancy,24,7,last_observation,8,3850,2.93974,0.801
occupancy,24,7,last_observation,9,3850,3.06623,0.827793
occupancy,24,7,last_observation,10,3850,3.00675,0.81499
occupancy,24,7,last_observation,11,3850,2.89351,0.788628
occupancy,24,7,last_observation,12,3850,2.86442,0.799627
occupancy,24,7,last_observation,13,3850,2.84831,0.790227
occupancy,24,7,last_observation,14,3850,2.73532,0.757278
occupancy,24,7,last_observation,15,3850,2.71221,0.750621
occupancy,24,7,last_observation,16,3850,2.62883,0.742538
occupancy,24,7,last_observation,17,3850,2.64571,0.740518
occupancy,24,7,last_observation,18,3850,2.62182,0.736787
occupancy,24,7,last_observation,19,3850,2.71013,0.747752
occupancy,24,7,last_observation,20,3850,2.45584,0.696925
occupancy,24,7,last_observation,21,3850,2.44494,0.698062
occupancy,24,7,last_observation,22,3850,2.34208,0.669954
occupancy,24,7,last_observation,23,3850,2.29455,0.666056
occupancy,24,7,seasonal_naive_daily,0,3850,2.53091,0.738172
occupancy,24,7,seasonal_naive_daily,1,3850,2.38338,0.709292
occupancy,24,7,seasonal_naive_daily,2,3850,2.67325,0.790154
occupancy,24,7,seasonal_naive_daily,3,3850,2.54494,0.765558
occupancy,24,7,seasonal_naive_daily,4,3850,2.46494,0.741708
occupancy,24,7,seasonal_naive_daily,5,3850,2.59532,0.766249
occupancy,24,7,seasonal_naive_daily,6,3850,2.52416,0.762953
occupancy,24,7,seasonal_naive_daily,7,3850,2.58234,0.765759
occupancy,24,7,seasonal_naive_daily,8,3850,2.93974,0.801
occupancy,24,7,seasonal_naive_daily,9,3850,3.06623,0.827793
occupancy,24,7,seasonal_naive_daily,10,3850,3.00675,0.81499
occupancy,24,7,seasonal_naive_daily,11,3850,2.89351,0.788628
occupancy,24,7,seasonal_naive_daily,12,3850,2.86442,0.799627
occupancy,24,7,seasonal_naive_daily,13,3850,2.84831,0.790227
occupancy,24,7,seasonal_naive_daily,14,3850,2.73532,0.757278
occupancy,24,7,seasonal_naive_daily,15,3850,2.71221,0.750621
occupancy,24,7,seasonal_naive_daily,16,3850,2.62883,0.742538
occupancy,24,7,seasonal_naive_daily,17,3850,2.64571,0.740518
occupancy,24,7,seasonal_naive_daily,18,3850,2.62182,0.736787
occupancy,24,7,seasonal_naive_daily,19,3850,2.71013,0.747752
occupancy,24,7,seasonal_naive_daily,20,3850,2.45584,0.696925
occupancy,24,7,seasonal_naive_daily,21,3850,2.44494,0.698062
occupancy,24,7,seasonal_naive_daily,22,3850,2.34208,0.669954
occupancy,24,7,seasonal_naive_daily,23,3850,2.29455,0.666056
occupancy,24,7,seasonal_naive_weekly,0,3850,3.74701,1.16652
occupancy,24,7,seasonal_naive_weekly,1,3850,3.62597,1.14606
occupancy,24,7,seasonal_naive_weekly,2,3850,3.79221,1.17017
occupancy,24,7,seasonal_naive_weekly,3,3850,3.63844,1.13993
occupancy,24,7,seasonal_naive_weekly,4,3850,3.56597,1.12589
occupancy,24,7,seasonal_naive_weekly,5,3850,3.60753,1.12438
occupancy,24,7,seasonal_naive_weekly,6,3850,3.55195,1.12153
occupancy,24,7,seasonal_naive_weekly,7,3850,3.60701,1.13376
occupancy,24,7,seasonal_naive_weekly,8,3850,3.46779,1.08231
occupancy,24,7,seasonal_naive_weekly,9,3850,3.52571,1.10509
occupancy,24,7,seasonal_naive_weekly,10,3850,3.54584,1.11724
occupancy,24,7,seasonal_naive_weekly,11,3850,3.53545,1.1025
occupancy,24,7,seasonal_naive_weekly,12,3850,3.55597,1.11399
occupancy,24,7,seasonal_naive_weekly,13,3850,3.58532,1.12448
occupancy,24,7,seasonal_naive_weekly,14,3850,3.59974,1.11979
occupancy,24,7,seasonal_naive_weekly,15,3850,3.56052,1.1074
occupancy,24,7,seasonal_naive_weekly,16,3850,3.51013,1.09818
occupancy,24,7,seasonal_naive_weekly,17,3850,3.53714,1.09855
occupancy,24,7,seasonal_naive_weekly,18,3850,3.66156,1.13087
occupancy,24,7,seasonal_naive_weekly,19,3850,3.85325,1.17106
occupancy,24,7,seasonal_naive_weekly,20,3850,3.75403,1.15756
occupancy,24,7,seasonal_naive_weekly,21,3850,3.66286,1.13399
occupancy,24,7,seasonal_naive_weekly,22,3850,3.57506,1.11277
occupancy,24,7,seasonal_naive_weekly,23,3850,3.57792,1.13109
occupancy,24,7,autoregressive,0,3850,2.55414,0.756303
occupancy,24,7,autoregressive,1,3850,2.53385,0.757918
occupancy,24,7,autoregressive,2,3850,2.59586,0.78031
occupancy,24,7,autoregressive,3,3850,2.52691,0.76841
occupancy,24,7,autoregressive,4,3850,2.48733,0.756916
occupancy,24,7,autoregressive,5,3850,2.55644,0.768838
occupancy,24,7,autoregressive,6,3850,2.60868,0.781627
occupancy,24,7,autoregressive,7,3850,2.67683,0.791405
occupancy,24,7,autoregressive,8,3850,2.90081,0.81318
occupancy,24,7,autoregressive,9,3850,3.15191,0.863292
occupancy,24,7,autoregressive,10,3850,3.07518,0.853436
occupancy,24,7,autoregressive,11,3850,2.95606,0.825254
occupancy,24,7,autoregressive,12,3850,2.93133,0.830197
occupancy,24,7,autoregressive,13,3850,2.86939,0.813916
occupancy,24,7,autoregressive,14,3850,2.76268,0.786199
occupancy,24,7,autoregressive,15,3850,2.73338,0.779147
occupancy,24,7,autoregressive,16,3850,2.68241,0.772427
occupancy,24,7,autoregressive,17,3850,2.67979,0.766247
occupancy,24,7,autoregressive,18,3850,2.62824,0.756024
occupancy,24,7,autoregressive,19,3850,2.60428,0.742699
occupancy,24,7,autoregressive,20,3850,2.43786,0.708496
occupancy,24,7,autoregressive,21,3850,2.4263,0.711318
occupancy,24,7,autoregressive,22,3850,2.3671,0.695283
occupancy,24,7,autoregressive,23,3850,2.36334,0.702588
occupancy,24,7,zone_ridge,0,3850,2.80409,0.818307
occupancy,24,7,zone_ridge,1,3850,2.73651,0.813702
occupancy,24,7,zone_ridge,2,3850,2.75833,0.828593
occupancy,24,7,zone_ridge,3,3850,2.70833,0.815874
occupancy,24,7,zone_ridge,4,3850,2.68399,0.805628
occupancy,24,7,zone_ridge,5,3850,2.78608,0.815749
occupancy,24,7,zone_ridge,6,3850,2.88571,0.828693
occupancy,24,7,zone_ridge,7,3850,2.95545,0.83706
occupancy,24,7,zone_ridge,8,3850,2.78965,0.801438
occupancy,24,7,zone_ridge,9,3850,2.94469,0.826621
occupancy,24,7,zone_ridge,10,3850,2.92187,0.828067
occupancy,24,7,zone_ridge,11,3850,2.81599,0.805405
occupancy,24,7,zone_ridge,12,3850,2.79138,0.809345
occupancy,24,7,zone_ridge,13,3850,2.82086,0.815408
occupancy,24,7,zone_ridge,14,3850,2.71525,0.789771
occupancy,24,7,zone_ridge,15,3850,2.67312,0.7774
occupancy,24,7,zone_ridge,16,3850,2.62608,0.773668
occupancy,24,7,zone_ridge,17,3850,2.6292,0.766894
occupancy,24,7,zone_ridge,18,3850,2.63228,0.76748
occupancy,24,7,zone_ridge,19,3850,2.71578,0.777273
occupancy,24,7,zone_ridge,20,3850,2.70447,0.773171
occupancy,24,7,zone_ridge,21,3850,2.71778,0.782737
occupancy,24,7,zone_ridge,22,3850,2.74026,0.781719
occupancy,24,7,zone_ridge,23,3850,2.72497,0.792148
occupancy,24,7,zone_gbm,0,3850,3.16088,0.946123
occupancy,24,7,zone_gbm,1,3850,3.14333,0.949376
occupancy,24,7,zone_gbm,2,3850,3.2568,0.969999
occupancy,24,7,zone_gbm,3,3850,3.17152,0.952041
occupancy,24,7,zone_gbm,4,3850,3.10408,0.934329
occupancy,24,7,zone_gbm,5,3850,3.18752,0.953118
occupancy,24,7,zone_gbm,6,3850,3.19396,0.957483
occupancy,24,7,zone_gbm,7,3850,3.21865,0.962214
occupancy,24,7,zone_gbm,8,3850,3.30145,0.974846
occupancy,24,7,zone_gbm,9,3850,3.22623,0.952452
occupancy,24,7,zone_gbm,10,3850,3.20415,0.950757
occupancy,24,7,zone_gbm,11,3850,3.15474,0.942111
occupancy,24,7,zone_gbm,12,3850,3.16525,0.950055
occupancy,24,7,zone_gbm,13,3850,3.18857,0.953399
occupancy,24,7,zone_gbm,14,3850,3.13924,0.936271
occupancy,24,7,zone_gbm,15,3850,3.12127,0.932169
occupancy,24,7,zone_gbm,16,3850,3.11839,0.936549
occupancy,24,7,zone_gbm,17,3850,3.13306,0.93715
occupancy,24,7,zone_gbm,18,3850,3.20059,0.954286
occupancy,24,7,zone_gbm,19,3850,3.31588,0.971002
occupancy,24,7,zone_gbm,20,3850,3.22683,0.956597
occupancy,24,7,zone_gbm,21,3850,3.28023,0.967646
occupancy,24,7,zone_gbm,22,3850,3.19815,0.945197
occupancy,24,7,zone_gbm,23,3850,3.22515,0.961053
occupancy,24,7,global_ridge,0,3850,2.62056,0.800131
occupancy,24,7,global_ridge,1,3850,2.67206,0.812091
occupancy,24,7,global_ridge,2,3850,2.61505,0.811143
occupancy,24,7,global_ridge,3,3850,2.55467,0.806814
occupancy,24,7,global_ridge,4,3850,2.50646,0.793492
occupancy,24,7,global_ridge,5,3850,2.59623,0.81597
occupancy,24,7,global_ridge,6,3850,2.61726,0.824265
occupancy,24,7,global_ridge,7,3850,2.77483,0.851991
occupancy,24,7,global_ridge,8,3850,2.95076,0.854698
occupancy,24,7,global_ridge,9,3850,3.23317,0.915435
occupancy,24,7,global_ridge,10,3850,3.15192,0.911197
occupancy,24,7,global_ridge,11,3850,3.06072,0.90772
occupancy,24,7,global_ridge,12,3850,3.03257,0.914311
occupancy,24,7,global_ridge,13,3850,3.08781,0.930287
occupancy,24,7,global_ridge,14,3850,2.92066,0.891325
occupancy,24,7,global_ridge,15,3850,2.86175,0.870925
occupancy,24,7,global_ridge,16,3850,2.82499,0.862619
occupancy,24,7,global_ridge,17,3850,2.80308,0.845477
occupancy,24,7,global_ridge,18,3850,2.77839,0.838197
occupancy,24,7,global_ridge,19,3850,2.72128,0.821023
occupancy,24,7,global_ridge,20,3850,2.56553,0.784189
occupancy,24,7,global_ridge,21,3850,2.52713,0.774351
occupancy,24,7,global_ridge,22,3850,2.47999,0.756779
occupancy,24,7,global_ridge,23,3850,2.45628,0.752419
occupancy,24,7,global_gbm,0,3850,2.58818,0.784566
occupancy,24,7,global_gbm,1,3850,2.50024,0.769803
occupancy,24,7,global_gbm,2,3850,2.61629,0.805755
occupancy,24,7,global_gbm,3,3850,2.51673,0.78747
occupancy,24,7,global_gbm,4,3850,2.48196,0.779485
occupancy,24,7,global_gbm,5,3850,2.55975,0.79336
occupancy,24,7,global_gbm,6,3850,2.51352,0.787712
occupancy,24,7,global_gbm,7,3850,2.50711,0.7857
occupancy,24,7,global_gbm,8,3850,2.66758,0.807773
occupancy,24,7,global_gbm,9,3850,2.70137,0.824345
occupancy,24,7,global_gbm,10,3850,2.68504,0.824499
occupancy,24,7,global_gbm,11,3850,2.64914,0.802905
occupancy,24,7,global_gbm,12,3850,2.66373,0.810154
occupancy,24,7,global_gbm,13,3850,2.63977,0.797766
occupancy,24,7,global_gbm,14,3850,2.58277,0.777745
occupancy,24,7,global_gbm,15,3850,2.54059,0.768693
occupancy,24,7,global_gbm,16,3850,2.52443,0.767472
occupancy,24,7,global_gbm,17,3850,2.50561,0.761113
occupancy,24,7,global_gbm,18,3850,2.5471,0.765311
occupancy,24,7,global_gbm,19,3850,2.59485,0.756283
occupancy,24,7,global_gbm,20,3850,2.48838,0.73843
occupancy,24,7,global_gbm,21,3850,2.46225,0.736466
occupancy,24,7,global_gbm,22,3850,2.4343,0.727471
occupancy,24,7,global_gbm,23,3850,2.49008,0.752199
volume,1,0,last_observation,0,3850,188.917,0.617116
volume,1,0,last_observation,1,3850,52.9442,0.244307
volume,1,0,last_observation,2,3850,72.5316,0.224836
volume,1,0,last_observation,3,3850,50.6496,0.164746
volume,1,0,last_observation,4,3850,29.8032,0.11394
volume,1,0,last_observation,5,3850,35.3448,0.119025
volume,1,0,last_observation,6,3850,61.1209,0.205043
volume,1,0,last_observation,7,3850,59.9505,0.567562
volume,1,0,last_observation,8,3850,131.888,0.994898
volume,1,0,last_observation,9,3850,92.3259,0.774345
volume,1,0,last_observation,10,3850,37.3141,0.422089
volume,1,0,last_observation,11,3850,25.7848,0.323865
volume,1,0,last_observation,12,3850,92.0888,0.489255
volume,1,0,last_observation,13,3850,52.3415,0.389438
volume,1,0,last_observation,14,3850,62.0583,0.408428
volume,1,0,last_observation,15,3850,27.8066,0.321743
volume,1,0,last_observation,16,3850,37.9627,0.317297
volume,1,0,last_observation,17,3850,33.0995,0.38014
volume,1,0,last_observation,18,3850,37.2794,0.539143
volume,1,0,last_observation,19,3850,61.9284,0.673685
volume,1,0,last_observation,20,3850,50.4316,0.550079
volume,1,0,last_observation,21,3850,40.2243,0.453256
volume,1,0,last_observation,22,3850,40.1334,0.408024
volume,1,0,last_observation,23,3850,46.1614,0.376741
volume,1,0,seasonal_naive_daily,0,3850,63.931,0.983138
volume,1,0,seasonal_naive_daily,1,3850,66.6379,0.982792
volume,1,0,seasonal_naive_daily,2,3850,75.3573,1.00716
volume,1,0,seasonal_naive_daily,3,3850,74.7468,1.00132
volume,1,0,seasonal_naive_daily,4,3850,74.944,1.00055
volume,1,0,seasonal_naive_daily,5,3850,69.9253,0.989791
volume,1,0,seasonal_naive_daily,6,3850,66.9356,0.980529
volume,1,0,seasonal_naive_daily,7,3850,76.0997,1.0016
volume,1,0,seasonal_naive_daily,8,3850,70.2304,1.0733
volume,1,0,seasonal_naive_daily,9,3850,69.7536,1.16155
volume,1,0,seasonal_naive_daily,10,3850,65.7207,1.17224
volume,1,0,seasonal_naive_daily,11,3850,65.202,1.14867
volume,1,0,seasonal_naive_daily,12,3850,80.6468,1.18475
volume,1,0,seasonal_naive_daily,13,3850,68.6937,1.12877
volume,1,0,seasonal_naive_daily,14,3850,63.5702,1.11341
volume,1,0,seasonal_naive_daily,15,3850,63.156,1.09227
volume,1,0,seasonal_naive_daily,16,3850,67.313,1.08822
volume,1,0,seasonal_naive_daily,17,3850,66.3465,1.06036
volume,1,0,seasonal_naive_daily,18,3850,63.6159,0.993954
volume,1,0,seasonal_naive_daily,19,3850,59.4847,0.956051
volume,1,0,seasonal_naive_daily,20,3850,57.7102,0.964373
volume,1,0,seasonal_naive_daily,21,3850,58.8061,0.980473
volume,1,0,seasonal_naive_daily,22,3850,56.6475,0.976624
volume,1,0,seasonal_naive_daily,23,3850,61.7884,1.00467
volume,1,0,seasonal_naive_weekly,0,3850,85.2864,1.22285
volume,1,0,seasonal_naive_weekly,1,3850,83.5219,1.13738
volume,1,0,seasonal_naive_weekly,2,3850,87.5042,1.14481
volume,1,0,seasonal_naive_weekly,3,3850,93.2412,1.14704
volume,1,0,seasonal_naive_weekly,4,3850,91.4746,1.13772
volume,1,0,seasonal_naive_weekly,5,3850,88.6033,1.13801
volume,1,0,seasonal_naive_weekly,6,3850,78.3633,1.10256
volume,1,0,seasonal_naive_weekly,7,3850,81.1332,1.03957
volume,1,0,seasonal_naive_weekly,8,3850,68.0414,0.986489
volume,1,0,seasonal_naive_weekly,9,3850,64.7676,1.02397
volume,1,0,seasonal_naive_weekly,10,3850,63.8979,1.03805
volume,1,0,seasonal_naive_weekly,11,3850,63.3835,1.03448
volume,1,0,seasonal_naive_weekly,12,3850,78.9857,1.07236
volume,1,0,seasonal_naive_weekly,13,3850,70.0444,1.04623
volume,1,0,seasonal_naive_weekly,14,3850,66.6513,1.01858
volume,1,0,seasonal_naive_weekly,15,3850,63.4379,1.0068
volume,1,0,seasonal_naive_weekly,16,3850,69.3294,1.01748
volume,1,0,seasonal_naive_weekly,17,3850,72.3763,1.00677
volume,1,0,seasonal_naive_weekly,18,3850,67.8469,1.00537
volume,1,0,seasonal_naive_weekly,19,3850,64.653,1.04035
volume,1,0,seasonal_naive_weekly,20,3850,58.6846,1.07091
volume,1,0,seasonal_naive_weekly,21,3850,59.2758,1.09084
volume,1,0,seasonal_naive_weekly,22,3850,59.0014,1.08453
volume,1,0,seasonal_naive_weekly,23,3850,64.6199,1.07101
volume,1,0,autoregressive,0,3850,70.0128,0.425342
volume,1,0,autoregressive,1,3850,41.6586,0.273762
volume,1,0,autoregressive,2,3850,41.8087,0.23738
volume,1,0,autoregressive,3,3850,42.2886,0.221648
volume,1,0,autoregressive,4,3850,40.1445,0.209493
volume,1,0,autoregressive,5,3850,38.4453,0.215469
volume,1,0,autoregressive,6,3850,42.3165,0.267144
volume,1,0,autoregressive,7,3850,49.3504,0.437662
volume,1,0,autoregressive,8,3850,50.3671,0.625182
volume,1,0,autoregressive,9,3850,48.1641,0.549896
volume,1,0,autoregressive,10,3850,36.7104,0.388207
volume,1,0,autoregressive,11,3850,38.3616,0.357469
volume,1,0,autoregressive,12,3850,54.7088,0.42256
volume,1,0,autoregressive,13,3850,44.213,0.381356
volume,1,0,autoregressive,14,3850,42.0496,0.369311
volume,1,0,autoregressive,15,3850,35.491,0.343022
volume,1,0,autoregressive,16,3850,38.9996,0.347443
volume,1,0,autoregressive,17,3850,41.4787,0.38926
volume,1,0,autoregressive,18,3850,39.1386,0.443108
volume,1,0,autoregressive,19,3850,44.3747,0.468271
volume,1,0,autoregressive,20,3850,42.4499,0.41601
volume,1,0,autoregressive,21,3850,37.0521,0.378505
volume,1,0,autoregressive,22,3850,36.2681,0.363229
volume,1,0,autoregressive,23,3850,45.9924,0.374493
volume,1,0,zone_ridge,0,3850,48.642,0.398354
volume,1,0,zone_ridge,1,3850,41.6853,0.290744
volume,1,0,zone_ridge,2,3850,40.7052,0.259114
volume,1,0,zone_ridge,3,3850,40.1705,0.242591
volume,1,0,zone_ridge,4,3850,37.7857,0.23794
volume,1,0,zone_ridge,5,3850,36.8748,0.243947
volume,1,0,zone_ridge,6,3850,38.1396,0.259497
volume,1,0,zone_ridge,7,3850,47.4954,0.406874
volume,1,0,zone_ridge,8,3850,45.8468,0.569541
volume,1,0,zone_ridge,9,3850,44.385,0.530951
volume,1,0,zone_ridge,10,3850,35.0011,0.390356
volume,1,0,zone_ridge,11,3850,35.1242,0.36475
volume,1,0,zone_ridge,12,3850,55.0406,0.432468
volume,1,0,zone_ridge,13,3850,43.5857,0.390217
volume,1,0,zone_ridge,14,3850,38.5295,0.36656
volume,1,0,zone_ridge,15,3850,32.5392,0.350074
volume,1,0,zone_ridge,16,3850,35.165,0.351745
volume,1,0,zone_ridge,17,3850,39.0883,0.384341
volume,1,0,zone_ridge,18,3850,36.9463,0.444999
volume,1,0,zone_ridge,19,3850,45.0981,0.481492
volume,1,0,zone_ridge,20,3850,38.4152,0.422537
volume,1,0,zone_ridge,21,3850,33.2573,0.383384
volume,1,0,zone_ridge,22,3850,33.4532,0.360682
volume,1,0,zone_ridge,23,3850,37.5195,0.372798
volume,1,0,zone_gbm,0,3850,45.0465,0.393903
volume,1,0,zone_gbm,1,3850,41.6101,0.296719
volume,1,0,zone_gbm,2,3850,41.2513,0.268592
volume,1,0,zone_gbm,3,3850,39.2463,0.2504
volume,1,0,zone_gbm,4,3850,35.9515,0.235011
volume,1,0,zone_gbm,5,3850,34.1029,0.22905
volume,1,0,zone_gbm,6,3850,35.3798,0.237792
volume,1,0,zone_gbm,7,3850,43.8901,0.377712
volume,1,0,zone_gbm,8,3850,42.1694,0.501287
volume,1,0,zone_gbm,9,3850,41.4931,0.505489
volume,1,0,zone_gbm,10,3850,32.3497,0.409818
volume,1,0,zone_gbm,11,3850,28.6284,0.366399
volume,1,0,zone_gbm,12,3850,51.4874,0.432231
volume,1,0,zone_gbm,13,3850,42.1135,0.396429
volume,1,0,zone_gbm,14,3850,37.8031,0.382507
volume,1,0,zone_gbm,15,3850,30.4498,0.355731
volume,1,0,zone_gbm,16,3850,33.1332,0.357677
volume,1,0,zone_gbm,17,3850,36.1069,0.384054
volume,1,0,zone_gbm,18,3850,33.6337,0.427496
volume,1,0,zone_gbm,19,3850,42.0745,0.458155
volume,1,0,zone_gbm,20,3850,36.1755,0.418068
volume,1,0,zone_gbm,21,3850,32.9862,0.386357
volume,1,0,zone_gbm,22,3850,33.5435,0.375005
volume,1,0,zone_gbm,23,3850,35.4093,0.376732
volume,1,0,global_ridge,0,3850,57.1227,0.722317
volume,1,0,global_ridge,1,3850,46.5326,0.60872
volume,1,0,global_ridge,2,3850,47.1151,0.563053
volume,1,0,global_ridge,3,3850,46.7565,0.52481
volume,1,0,global_ridge,4,3850,42.6493,0.496667
volume,1,0,global_ridge,5,3850,41.2779,0.492039
volume,1,0,global_ridge,6,3850,42.5006,0.527769
volume,1,0,global_ridge,7,3850,49.2552,0.578848
volume,1,0,global_ridge,8,3850,49.6329,0.72069
volume,1,0,global_ridge,9,3850,47.3268,0.772505
volume,1,0,global_ridge,10,3850,38.3835,0.707854
volume,1,0,global_ridge,11,3850,35.7681,0.67893
volume,1,0,global_ridge,12,3850,61.3261,0.807779
volume,1,0,global_ridge,13,3850,49.224,0.747305
volume,1,0,global_ridge,14,3850,44.6767,0.697221
volume,1,0,global_ridge,15,3850,36.9925,0.640857
volume,1,0,global_ridge,16,3850,37.5953,0.623661
volume,1,0,global_ridge,17,3850,41.1174,0.613271
volume,1,0,global_ridge,18,3850,36.7961,0.633078
volume,1,0,global_ridge,19,3850,48.058,0.678623
volume,1,0,global_ridge,20,3850,40.5887,0.649972
volume,1,0,global_ridge,21,3850,36.6453,0.614895
volume,1,0,global_ridge,22,3850,36.6004,0.622446
volume,1,0,global_ridge,23,3850,41.0708,0.646205
volume,1,0,global_gbm,0,3850,47.0371,0.429181
volume,1,0,global_gbm,1,3850,42.4519,0.323334
volume,1,0,global_gbm,2,3850,42.6017,0.286697
volume,1,0,global_gbm,3,3850,42.8516,0.269952
volume,1,0,global_gbm,4,3850,37.1305,0.252677
volume,1,0,global_gbm,5,3850,36.9286,0.248067
volume,1,0,global_gbm,6,3850,39.0125,0.256487
volume,1,0,global_gbm,7,3850,49.7325,0.461768
volume,1,0,global_gbm,8,3850,47.5959,0.676677
volume,1,0,global_gbm,9,3850,44.4481,0.597154
volume,1,0,global_gbm,10,3850,31.8937,0.408432
volume,1,0,global_gbm,11,3850,27.9509,0.358688
volume,1,0,global_gbm,12,3850,51.2093,0.450785
volume,1,0,global_gbm,13,3850,41.5101,0.410863
volume,1,0,global_gbm,14,3850,38.4581,0.393944
volume,1,0,global_gbm,15,3850,28.6194,0.358289
volume,1,0,global_gbm,16,3850,31.0356,0.364766
volume,1,0,global_gbm,17,3850,33.8268,0.404252
volume,1,0,global_gbm,18,3850,33.422,0.508683
volume,1,0,global_gbm,19,3850,44.3784,0.565629
volume,1,0,global_gbm,20,3850,36.5501,0.475619
volume,1,0,global_gbm,21,3850,33.4125,0.432923
volume,1,0,global_gbm,22,3850,32.4047,0.401438
volume,1,0,global_gbm,23,3850,35.1149,0.416804
volume,1,1,last_observation,0,3850,192.133,0.573739
volume,1,1,last_observation,1,3850,50.0825,0.224906
volume,1,1,last_observation,2,3850,65.8547,0.205068
volume,1,1,last_observation,3,3850,52.2895,0.16343
volume,1,1,last_observation,4,3850,28.2701,0.10725
volume,1,1,last_observation,5,3850,31.4749,0.111403
volume,1,1,last_observation,6,3850,67.1078,0.214975
volume,1,1,last_observation,7,3850,64.4142,0.549
volume,1,1,last_observation,8,3850,114.034,0.939
volume,1,1,last_observation,9,3850,90.4403,0.738534
volume,1,1,last_observation,10,3850,44.8486,0.422712
volume,1,1,last_observation,11,3850,28.8932,0.321658
volume,1,1,last_observation,12,3850,84.986,0.463608
volume,1,1,last_observation,13,3850,48.0438,0.352019
volume,1,1,last_observation,14,3850,57.2665,0.398171
volume,1,1,last_observation,15,3850,28.1482,0.320147
volume,1,1,last_observation,16,3850,29.6591,0.307091
volume,1,1,last_observation,17,3850,26.1541,0.358985
volume,1,1,last_observation,18,3850,37.1072,0.534306
volume,1,1,last_observation,19,3850,62.8619,0.679316
volume,1,1,last_observation,20,3850,54.5712,0.541263
volume,1,1,last_observation,21,3850,37.0146,0.436349
volume,1,1,last_observation,22,3850,38.5603,0.377493
volume,1,1,last_observation,23,3850,44.8674,0.326076
volume,1,1,seasonal_naive_daily,0,3850,66.073,0.965978
volume,1,1,seasonal_naive_daily,1,3850,63.4636,0.968892
volume,1,1,seasonal_naive_daily,2,3850,67.5541,0.965988
volume,1,1,seasonal_naive_daily,3,3850,64.5177,0.953399
volume,1,1,seasonal_naive_daily,4,3850,63.2827,0.951677
volume,1,1,seasonal_naive_daily,5,3850,59.3761,0.946002
volume,1,1,seasonal_naive_daily,6,3850,59.0229,0.947226
volume,1,1,seasonal_naive_daily,7,3850,67.1119,0.98404
volume,1,1,seasonal_naive_daily,8,3850,65.4446,1.0652
volume,1,1,seasonal_naive_daily,9,3850,60.3345,1.12207
volume,1,1,seasonal_naive_daily,10,3850,61.1551,1.14313
volume,1,1,seasonal_naive_daily,11,3850,64.0402,1.1431
volume,1,1,seasonal_naive_daily,12,3850,80.3187,1.16589
volume,1,1,seasonal_naive_daily,13,3850,73.7563,1.15286
volume,1,1,seasonal_naive_daily,14,3850,73.2726,1.13053
volume,1,1,seasonal_naive_daily,15,3850,70.3175,1.08433
volume,1,1,seasonal_naive_daily,16,3850,71.7393,1.07836
volume,1,1,seasonal_naive_daily,17,3850,72.4532,1.05417
volume,1,1,seasonal_naive_daily,18,3850,71.2351,1.01162
volume,1,1,seasonal_naive_daily,19,3850,61.9114,0.96042
volume,1,1,seasonal_naive_daily,20,3850,57.0481,0.932563
volume,1,1,seasonal_naive_daily,21,3850,54.6091,0.933938
volume,1,1,seasonal_naive_daily,22,3850,55.3128,0.939227
volume,1,1,seasonal_naive_daily,23,3850,53.6476,0.941032
volume,1,1,seasonal_naive_weekly,0,3850,79.4015,1.05376
volume,1,1,seasonal_naive_weekly,1,3850,78.6585,1.05633
volume,1,1,seasonal_naive_weekly,2,3850,81.9849,1.05888
volume,1,1,seasonal_naive_weekly,3,3850,79.6417,1.0528
volume,1,1,seasonal_naive_weekly,4,3850,80.4252,1.05253
volume,1,1,seasonal_naive_weekly,5,3850,79.3526,1.04936
volume,1,1,seasonal_naive_weekly,6,3850,71.4466,1.0333
volume,1,1,seasonal_naive_weekly,7,3850,74.2325,1.00227
volume,1,1,seasonal_naive_weekly,8,3850,70.9846,0.970277
volume,1,1,seasonal_naive_weekly,9,3850,63.0445,0.964221
volume,1,1,seasonal_naive_weekly,10,3850,60.2713,0.976693
volume,1,1,seasonal_naive_weekly,11,3850,61.8967,0.993787
volume,1,1,seasonal_naive_weekly,12,3850,77.517,1.03012
volume,1,1,seasonal_naive_weekly,13,3850,70.8281,1.00927
volume,1,1,seasonal_naive_weekly,14,3850,68.446,0.9905
volume,1,1,seasonal_naive_weekly,15,3850,67.6789,0.966905
volume,1,1,seasonal_naive_weekly,16,3850,67.2208,0.964195
volume,1,1,seasonal_naive_weekly,17,3850,70.4725,0.960692
volume,1,1,seasonal_naive_weekly,18,3850,73.8349,0.973556
volume,1,1,seasonal_naive_weekly,19,3850,70.9496,0.980042
volume,1,1,seasonal_naive_weekly,20,3850,60.2666,0.99917
volume,1,1,seasonal_naive_weekly,21,3850,59.6562,1.00421
volume,1,1,seasonal_naive_weekly,22,3850,59.2076,1.01611
volume,1,1,seasonal_naive_weekly,23,3850,61.1044,1.03346
volume,1,1,autoregressive,0,3850,74.089,0.386467
volume,1,1,autoregressive,1,3850,39.239,0.251603
volume,1,1,autoregressive,2,3850,38.5762,0.220064
volume,1,1,autoregressive,3,3850,35.1603,0.202223
volume,1,1,autoregressive,4,3850,34.4236,0.197392
volume,1,1,autoregressive,5,3850,31.3285,0.20812
volume,1,1,autoregressive,6,3850,39.2739,0.267882
volume,1,1,autoregressive,7,3850,46.2755,0.427817
volume,1,1,autoregressive,8,3850,45.861,0.590575
volume,1,1,autoregressive,9,3850,40.7497,0.516624
volume,1,1,autoregressive,10,3850,33.8305,0.384561
volume,1,1,autoregressive,11,3850,36.0868,0.349487
volume,1,1,autoregressive,12,3850,51.5738,0.394833
volume,1,1,autoregressive,13,3850,41.2791,0.356774
volume,1,1,autoregressive,14,3850,44.4059,0.360598
volume,1,1,autoregressive,15,3850,36.2122,0.336895
volume,1,1,autoregressive,16,3850,40.4027,0.351268
volume,1,1,autoregressive,17,3850,41.4773,0.380867
volume,1,1,autoregressive,18,3850,42.1618,0.435691
volume,1,1,autoregressive,19,3850,46.2167,0.464845
volume,1,1,autoregressive,20,3850,45.2129,0.404088
volume,1,1,autoregressive,21,3850,34.3186,0.358336
volume,1,1,autoregressive,22,3850,34.7107,0.33899
volume,1,1,autoregressive,23,3850,41.2364,0.322048
volume,1,1,zone_ridge,0,3850,52.398,0.342169
volume,1,1,zone_ridge,1,3850,41.9479,0.26704
volume,1,1,zone_ridge,2,3850,40.1851,0.229617
volume,1,1,zone_ridge,3,3850,38.2445,0.21908
volume,1,1,zone_ridge,4,3850,35.1117,0.213756
volume,1,1,zone_ridge,5,3850,35.3029,0.228174
volume,1,1,zone_ridge,6,3850,38.6185,0.247297
volume,1,1,zone_ridge,7,3850,45.4968,0.402117
volume,1,1,zone_ridge,8,3850,43.4732,0.545353
volume,1,1,zone_ridge,9,3850,40.6955,0.500204
volume,1,1,zone_ridge,10,3850,35.0668,0.390358
volume,1,1,zone_ridge,11,3850,33.6684,0.357334
volume,1,1,zone_ridge,12,3850,49.2857,0.398447
volume,1,1,zone_ridge,13,3850,42.2928,0.368489
volume,1,1,zone_ridge,14,3850,42.59,0.361385
volume,1,1,zone_ridge,15,3850,36.2569,0.345627
volume,1,1,zone_ridge,16,3850,38.2177,0.353335
volume,1,1,zone_ridge,17,3850,37.8598,0.374821
volume,1,1,zone_ridge,18,3850,41.9495,0.44213
volume,1,1,zone_ridge,19,3850,44.5195,0.46823
volume,1,1,zone_ridge,20,3850,41.5747,0.404112
volume,1,1,zone_ridge,21,3850,35.9764,0.362624
volume,1,1,zone_ridge,22,3850,35.287,0.340826
volume,1,1,zone_ridge,23,3850,34.9708,0.319859
volume,1,1,zone_gbm,0,3850,49.4858,0.328396
volume,1,1,zone_gbm,1,3850,38.8916,0.264691
volume,1,1,zone_gbm,2,3850,40.163,0.23015
volume,1,1,zone_gbm,3,3850,36.1914,0.216245
volume,1,1,zone_gbm,4,3850,32.5362,0.199584
volume,1,1,zone_gbm,5,3850,30.1719,0.195935
volume,1,1,zone_gbm,6,3850,33.0974,0.215407
volume,1,1,zone_gbm,7,3850,42.0369,0.364349
volume,1,1,zone_gbm,8,3850,40.1612,0.482923
volume,1,1,zone_gbm,9,3850,36.9249,0.466093
volume,1,1,zone_gbm,10,3850,32.3586,0.396185
volume,1,1,zone_gbm,11,3850,30.1123,0.355745
volume,1,1,zone_gbm,12,3850,47.8997,0.393217
volume,1,1,zone_gbm,13,3850,42.5052,0.372479
volume,1,1,zone_gbm,14,3850,41.9265,0.373538
volume,1,1,zone_gbm,15,3850,32.9448,0.345274
volume,1,1,zone_gbm,16,3850,34.2999,0.351122
volume,1,1,zone_gbm,17,3850,34.9236,0.369912
volume,1,1,zone_gbm,18,3850,38.0853,0.415126
volume,1,1,zone_gbm,19,3850,42.7674,0.438595
volume,1,1,zone_gbm,20,3850,38.8109,0.399704
volume,1,1,zone_gbm,21,3850,32.9353,0.360547
volume,1,1,zone_gbm,22,3850,33.2585,0.340866
volume,1,1,zone_gbm,23,3850,33.8895,0.323007
volume,1,1,global_ridge,0,3850,60.4226,0.821058
volume,1,1,global_ridge,1,3850,47.3293,0.719
volume,1,1,global_ridge,2,3850,42.2733,0.626134
volume,1,1,global_ridge,3,3850,41.8136,0.552275
volume,1,1,global_ridge,4,3850,36.9326,0.506218
volume,1,1,global_ridge,5,3850,37.201,0.492624
volume,1,1,global_ridge,6,3850,40.9085,0.508708
volume,1,1,global_ridge,7,3850,46.5215,0.566265
volume,1,1,global_ridge,8,3850,46.0887,0.693728
volume,1,1,global_ridge,9,3850,43.7085,0.716786
volume,1,1,global_ridge,10,3850,36.9416,0.649805
volume,1,1,global_ridge,11,3850,35.5039,0.630411
volume,1,1,global_ridge,12,3850,52.1957,0.6896
volume,1,1,global_ridge,13,3850,46.9851,0.659499
volume,1,1,global_ridge,14,3850,44.833,0.623516
volume,1,1,global_ridge,15,3850,37.1426,0.568649
volume,1,1,global_ridge,16,3850,38.4324,0.565666
volume,1,1,global_ridge,17,3850,37.824,0.567378
volume,1,1,global_ridge,18,3850,41.1941,0.603632
volume,1,1,global_ridge,19,3850,48.6439,0.643208
volume,1,1,global_ridge,20,3850,42.6788,0.60373
volume,1,1,global_ridge,21,3850,38.6892,0.592241
volume,1,1,global_ridge,22,3850,36.5788,0.583953
volume,1,1,global_ridge,23,3850,37.6144,0.602792
volume,1,1,global_gbm,0,3850,50.3862,0.379271
volume,1,1,global_gbm,1,3850,39.2011,0.294457
volume,1,1,global_gbm,2,3850,38.1636,0.265585
volume,1,1,global_gbm,3,3850,37.5862,0.255315
volume,1,1,global_gbm,4,3850,30.7064,0.231432
volume,1,1,global_gbm,5,3850,31.1714,0.232068
volume,1,1,global_gbm,6,3850,36.7052,0.254174
volume,1,1,global_gbm,7,3850,44.8675,0.444924
volume,1,1,global_gbm,8,3850,45.5924,0.655611
volume,1,1,global_gbm,9,3850,39.3265,0.562157
volume,1,1,global_gbm,10,3850,30.9488,0.404842
volume,1,1,global_gbm,11,3850,28.0846,0.364027
volume,1,1,global_gbm,12,3850,46.7109,0.423443
volume,1,1,global_gbm,13,3850,40.4565,0.390636
volume,1,1,global_gbm,14,3850,40.2264,0.389022
volume,1,1,global_gbm,15,3850,30.7986,0.363014
volume,1,1,global_gbm,16,3850,30.9162,0.367175
volume,1,1,global_gbm,17,3850,31.2683,0.397819
volume,1,1,global_gbm,18,3850,35.736,0.512869
volume,1,1,global_gbm,19,3850,46.1267,0.561839
volume,1,1,global_gbm,20,3850,38.375,0.464016
volume,1,1,global_gbm,21,3850,34.2613,0.425566
volume,1,1,global_gbm,22,3850,32.2569,0.383964
volume,1,1,global_gbm,23,3850,33.5636,0.370141
volume,1,2,last_observation,0,3850,189.455,0.547967
volume,1,2,last_observation,1,3850,52.3654,0.201898
volume,1,2,last_observation,2,3850,67.314,0.19527
volume,1,2,last_observation,3,3850,47.1993,0.147779
volume,1,2,last_observation,4,3850,31.0843,0.104358
volume,1,2,last_observation,5,3850,35.9786,0.113424
volume,1,2,last_observation,6,3850,59.096,0.190693
volume,1,2,last_observation,7,3850,64.7984,0.526021
volume,1,2,last_observation,8,3850,121.084,0.915267
volume,1,2,last_observation,9,3850,97.2136,0.721119
volume,1,2,last_observation,10,3850,51.8478,0.517265
volume,1,2,last_observation,11,3850,28.5456,0.340479
volume,1,2,last_observation,12,3850,96.8516,0.475302
volume,1,2,last_observation,13,3850,49.9872,0.361112
volume,1,2,last_observation,14,3850,73.5363,0.533906
volume,1,2,last_observation,15,3850,33.0022,0.323642
volume,1,2,last_observation,16,3850,34.3372,0.295749
volume,1,2,last_observation,17,3850,31.7635,0.351587
volume,1,2,last_observation,18,3850,43.1711,0.513546
volume,1,2,last_observation,19,3850,69.022,0.685534
volume,1,2,last_observation,20,3850,59.832,0.519053
volume,1,2,last_observation,21,3850,38.9548,0.414365
volume,1,2,last_observation,22,3850,39.0212,0.352103
volume,1,2,last_observation,23,3850,40.6252,0.317872
volume,1,2,seasonal_naive_daily,0,3850,68.0451,0.939136
volume,1,2,seasonal_naive_daily,1,3850,71.1507,0.943914
volume,1,2,seasonal_naive_daily,2,3850,73.2226,0.95074
volume,1,2,seasonal_naive_daily,3,3850,76.5699,0.948212
volume,1,2,seasonal_naive_daily,4,3850,71.7932,0.936276
volume,1,2,seasonal_naive_daily,5,3850,69.5677,0.934351
volume,1,2,seasonal_naive_daily,6,3850,69.2464,0.928356
volume,1,2,seasonal_naive_daily,7,3850,69.2206,0.939875
volume,1,2,seasonal_naive_daily,8,3850,69.0791,1.01691
volume,1,2,seasonal_naive_daily,9,3850,69.1585,1.10758
volume,1,2,seasonal_naive_daily,10,3850,78.6512,1.31018
volume,1,2,seasonal_naive_daily,11,3850,75.9227,1.20323
volume,1,2,seasonal_naive_daily,12,3850,101.392,1.28326
volume,1,2,seasonal_naive_daily,13,3850,96.8173,1.25779
volume,1,2,seasonal_naive_daily,14,3850,82.1616,1.05997
volume,1,2,seasonal_naive_daily,15,3850,83.4942,1.0815
volume,1,2,seasonal_naive_daily,16,3850,83.8473,1.08323
volume,1,2,seasonal_naive_daily,17,3850,85.9623,1.05841
volume,1,2,seasonal_naive_daily,18,3850,84.9401,1.01815
volume,1,2,seasonal_naive_daily,19,3850,66.3653,0.93501
volume,1,2,seasonal_naive_daily,20,3850,60.8599,0.932103
volume,1,2,seasonal_naive_daily,21,3850,58.9524,0.916259
volume,1,2,seasonal_naive_daily,22,3850,57.9007,0.915055
volume,1,2,seasonal_naive_daily,23,3850,56.832,0.930754
volume,1,2,seasonal_naive_weekly,0,3850,87.4279,1.07204
volume,1,2,seasonal_naive_weekly,1,3850,94.0404,1.09084
volume,1,2,seasonal_naive_weekly,2,3850,93.4034,1.08584
volume,1,2,seasonal_naive_weekly,3,3850,95.3958,1.08635
volume,1,2,seasonal_naive_weekly,4,3850,93.7282,1.08378
volume,1,2,seasonal_naive_weekly,5,3850,91.4937,1.08226
volume,1,2,seasonal_naive_weekly,6,3850,92.9773,1.07869
volume,1,2,seasonal_naive_weekly,7,3850,85.474,1.01749
volume,1,2,seasonal_naive_weekly,8,3850,76.2985,0.98397
volume,1,2,seasonal_naive_weekly,9,3850,70.6942,1.01856
volume,1,2,seasonal_naive_weekly,10,3850,81.5862,1.24478
volume,1,2,seasonal_naive_weekly,11,3850,75.5893,1.14688
volume,1,2,seasonal_naive_weekly,12,3850,112.164,1.26653
volume,1,2,seasonal_naive_weekly,13,3850,105.911,1.25287
volume,1,2,seasonal_naive_weekly,14,3850,86.1907,1.02453
volume,1,2,seasonal_naive_weekly,15,3850,88.9661,1.04365
volume,1,2,seasonal_naive_weekly,16,3850,90.7728,1.04187
volume,1,2,seasonal_naive_weekly,17,3850,90.6322,1.03476
volume,1,2,seasonal_naive_weekly,18,3850,91.4004,1.02658
volume,1,2,seasonal_naive_weekly,19,3850,78.1702,1.01788
volume,1,2,seasonal_naive_weekly,20,3850,67.951,1.01988
volume,1,2,seasonal_naive_weekly,21,3850,65.5303,1.01258
volume,1,2,seasonal_naive_weekly,22,3850,74.5489,1.0375
volume,1,2,seasonal_naive_weekly,23,3850,70.4301,1.05494
volume,1,2,autoregressive,0,3850,72.8968,0.370813
volume,1,2,autoregressive,1,3850,45.051,0.245718
volume,1,2,autoregressive,2,3850,42.5164,0.227628
volume,1,2,autoregressive,3,3850,42.2565,0.212214
volume,1,2,autoregressive,4,3850,39.3964,0.203669
volume,1,2,autoregressive,5,3850,36.5976,0.211108
volume,1,2,autoregressive,6,3850,42.461,0.264483
volume,1,2,autoregressive,7,3850,45.0884,0.399222
volume,1,2,autoregressive,8,3850,51.008,0.576233
volume,1,2,autoregressive,9,3850,46.7097,0.51243
volume,1,2,autoregressive,10,3850,41.8112,0.462272
volume,1,2,autoregressive,11,3850,40.3509,0.384272
volume,1,2,autoregressive,12,3850,65.2124,0.446361
volume,1,2,autoregressive,13,3850,52.6571,0.382602
volume,1,2,autoregressive,14,3850,55.3531,0.481631
volume,1,2,autoregressive,15,3850,46.8955,0.383543
volume,1,2,autoregressive,16,3850,46.9112,0.347808
volume,1,2,autoregressive,17,3850,51.3144,0.376656
volume,1,2,autoregressive,18,3850,48.6814,0.437059
volume,1,2,autoregressive,19,3850,49.3946,0.479709
volume,1,2,autoregressive,20,3850,47.794,0.395119
volume,1,2,autoregressive,21,3850,39.2366,0.364883
volume,1,2,autoregressive,22,3850,36.7014,0.324793
volume,1,2,autoregressive,23,3850,41.5271,0.323534
volume,1,2,zone_ridge,0,3850,54.4357,0.339164
volume,1,2,zone_ridge,1,3850,44.0074,0.257066
volume,1,2,zone_ridge,2,3850,41.6703,0.232704
volume,1,2,zone_ridge,3,3850,40.8345,0.216545
volume,1,2,zone_ridge,4,3850,39.3368,0.215878
volume,1,2,zone_ridge,5,3850,36.9762,0.222416
volume,1,2,zone_ridge,6,3850,39.0381,0.241025
volume,1,2,zone_ridge,7,3850,44.7252,0.380679
volume,1,2,zone_ridge,8,3850,45.8373,0.527178
volume,1,2,zone_ridge,9,3850,45.3955,0.490891
volume,1,2,zone_ridge,10,3850,42.2115,0.486017
volume,1,2,zone_ridge,11,3850,36.7164,0.384574
volume,1,2,zone_ridge,12,3850,61.9751,0.455953
volume,1,2,zone_ridge,13,3850,51.2412,0.3887
volume,1,2,zone_ridge,14,3850,54.8171,0.489727
volume,1,2,zone_ridge,15,3850,43.9819,0.385024
volume,1,2,zone_ridge,16,3850,44.7806,0.356868
volume,1,2,zone_ridge,17,3850,46.113,0.376581
volume,1,2,zone_ridge,18,3850,46.5846,0.440169
volume,1,2,zone_ridge,19,3850,48.6379,0.484726
volume,1,2,zone_ridge,20,3850,41.9453,0.389704
volume,1,2,zone_ridge,21,3850,35.8724,0.356688
volume,1,2,zone_ridge,22,3850,37.178,0.329964
volume,1,2,zone_ridge,23,3850,36.5811,0.32624
volume,1,2,zone_gbm,0,3850,47.1573,0.315489
volume,1,2,zone_gbm,1,3850,43.1546,0.248946
volume,1,2,zone_gbm,2,3850,43.8529,0.23059
volume,1,2,zone_gbm,3,3850,40.5068,0.207387
volume,1,2,zone_gbm,4,3850,36.2533,0.191273
volume,1,2,zone_gbm,5,3850,33.9556,0.185726
volume,1,2,zone_gbm,6,3850,36.3458,0.205474
volume,1,2,zone_gbm,7,3850,41.4965,0.337155
volume,1,2,zone_gbm,8,3850,42.6231,0.458537
volume,1,2,zone_gbm,9,3850,40.9495,0.470212
volume,1,2,zone_gbm,10,3850,38.1006,0.479955
volume,1,2,zone_gbm,11,3850,30.6034,0.350627
volume,1,2,zone_gbm,12,3850,59.5945,0.449957
volume,1,2,zone_gbm,13,3850,50.0701,0.400421
volume,1,2,zone_gbm,14,3850,47.6993,0.468554
volume,1,2,zone_gbm,15,3850,38.1735,0.364052
volume,1,2,zone_gbm,16,3850,38.4942,0.34547
volume,1,2,zone_gbm,17,3850,41.5978,0.370577
volume,1,2,zone_gbm,18,3850,43.0701,0.42847
volume,1,2,zone_gbm,19,3850,44.7058,0.456854
volume,1,2,zone_gbm,20,3850,39.0965,0.388662
volume,1,2,zone_gbm,21,3850,34.4767,0.356953
volume,1,2,zone_gbm,22,3850,37.1143,0.332455
volume,1,2,zone_gbm,23,3850,36.9816,0.332262
volume,1,2,global_ridge,0,3850,64.1287,0.938514
volume,1,2,global_ridge,1,3850,52.9643,0.802722
volume,1,2,global_ridge,2,3850,47.688,0.68654
volume,1,2,global_ridge,3,3850,46.7238,0.606324
volume,1,2,global_ridge,4,3850,43.6284,0.531682
volume,1,2,global_ridge,5,3850,40.7242,0.482215
volume,1,2,global_ridge,6,3850,42.7376,0.46251
volume,1,2,global_ridge,7,3850,44.2203,0.499646
volume,1,2,global_ridge,8,3850,47.715,0.630338
volume,1,2,global_ridge,9,3850,46.1661,0.654047
volume,1,2,global_ridge,10,3850,46.4892,0.733942
volume,1,2,global_ridge,11,3850,37.7863,0.562802
volume,1,2,global_ridge,12,3850,66.0392,0.698838
volume,1,2,global_ridge,13,3850,55.4304,0.620928
volume,1,2,global_ridge,14,3850,55.4254,0.633771
volume,1,2,global_ridge,15,3850,44.9131,0.570014
volume,1,2,global_ridge,16,3850,43.7119,0.57028
volume,1,2,global_ridge,17,3850,45.6857,0.575981
volume,1,2,global_ridge,18,3850,46.2168,0.627118
volume,1,2,global_ridge,19,3850,52.5492,0.654757
volume,1,2,global_ridge,20,3850,44.0288,0.591523
volume,1,2,global_ridge,21,3850,38.0857,0.547466
volume,1,2,global_ridge,22,3850,39.8161,0.528307
volume,1,2,global_ridge,23,3850,38.1117,0.54249
volume,1,2,global_gbm,0,3850,48.9016,0.385783
volume,1,2,global_gbm,1,3850,46.6368,0.303858
volume,1,2,global_gbm,2,3850,44.966,0.283401
volume,1,2,global_gbm,3,3850,42.2403,0.267164
volume,1,2,global_gbm,4,3850,38.6617,0.255432
volume,1,2,global_gbm,5,3850,37.3725,0.256486
volume,1,2,global_gbm,6,3850,39.0277,0.263119
volume,1,2,global_gbm,7,3850,45.4351,0.443145
volume,1,2,global_gbm,8,3850,48.3816,0.646185
volume,1,2,global_gbm,9,3850,43.5357,0.558796
volume,1,2,global_gbm,10,3850,39.5969,0.494588
volume,1,2,global_gbm,11,3850,31.1153,0.383384
volume,1,2,global_gbm,12,3850,57.9626,0.479247
volume,1,2,global_gbm,13,3850,50.9743,0.414643
volume,1,2,global_gbm,14,3850,50.4555,0.511347
volume,1,2,global_gbm,15,3850,37.4673,0.397953
volume,1,2,global_gbm,16,3850,34.2757,0.368164
volume,1,2,global_gbm,17,3850,37.362,0.402594
volume,1,2,global_gbm,18,3850,40.6603,0.505945
volume,1,2,global_gbm,19,3850,49.1914,0.581861
volume,1,2,global_gbm,20,3850,40.0823,0.454094
volume,1,2,global_gbm,21,3850,35.0815,0.406652
volume,1,2,global_gbm,22,3850,35.8376,0.379272
volume,1,2,global_gbm,23,3850,34.709,0.366646
volume,1,3,last_observation,0,3850,155.613,0.375113
volume,1,3,last_observation,1,3850,49.3182,0.180701
volume,1,3,last_observation,2,3850,58.4856,0.155083
volume,1,3,last_observation,3,3850,35.733,0.106114
volume,1,3,last_observation,4,3850,30.6317,0.0904767
volume,1,3,last_observation,5,3850,29.9039,0.0892726
volume,1,3,last_observation,6,3850,59.0387,0.158481
volume,1,3,last_observation,7,3850,59.1321,0.290419
volume,1,3,last_observation,8,3850,113.456,0.616821
volume,1,3,last_observation,9,3850,85.3541,0.526964
volume,1,3,last_observation,10,3850,39.8463,0.348958
volume,1,3,last_observation,11,3850,23.4422,0.268038
volume,1,3,last_observation,12,3850,88.7652,0.417992
volume,1,3,last_observation,13,3850,44.4748,0.316133
volume,1,3,last_observation,14,3850,61.9464,0.3538
volume,1,3,last_observation,15,3850,25.9371,0.262459
volume,1,3,last_observation,16,3850,33.4437,0.27129
volume,1,3,last_observation,17,3850,34.0064,0.31434
volume,1,3,last_observation,18,3850,34.9261,0.442116
volume,1,3,last_observation,19,3850,59.6618,0.500918
volume,1,3,last_observation,20,3850,54.3985,0.374354
volume,1,3,last_observation,21,3850,33.6207,0.287498
volume,1,3,last_observation,22,3850,30.3574,0.246031
volume,1,3,last_observation,23,3850,36.0443,0.215748
volume,1,3,seasonal_naive_daily,0,3850,72.3118,0.804519
volume,1,3,seasonal_naive_daily,1,3850,62.8911,0.788275
volume,1,3,seasonal_naive_daily,2,3850,65.4178,0.79399
volume,1,3,seasonal_naive_daily,3,3850,63.007,0.783591
volume,1,3,seasonal_naive_daily,4,3850,58.4315,0.776748
volume,1,3,seasonal_naive_daily,5,3850,58.4884,0.775878
volume,1,3,seasonal_naive_daily,6,3850,54.7457,0.77031
volume,1,3,seasonal_naive_daily,7,3850,53.4443,0.763964
volume,1,3,seasonal_naive_daily,8,3850,59.3091,0.827184
volume,1,3,seasonal_naive_daily,9,3850,57.304,0.922226
volume,1,3,seasonal_naive_daily,10,3850,54.9959,0.916885
volume,1,3,seasonal_naive_daily,11,3850,56.8166,0.915768
volume,1,3,seasonal_naive_daily,12,3850,71.806,0.925341
volume,1,3,seasonal_naive_daily,13,3850,62.0816,0.910344
volume,1,3,seasonal_naive_daily,14,3850,64.5514,0.907455
volume,1,3,seasonal_naive_daily,15,3850,63.5572,0.902473
volume,1,3,seasonal_naive_daily,16,3850,69.3755,0.905681
volume,1,3,seasonal_naive_daily,17,3850,74.4946,0.889354
volume,1,3,seasonal_naive_daily,18,3850,72.5397,0.826974
volume,1,3,seasonal_naive_daily,19,3850,56.8934,0.782425
volume,1,3,seasonal_naive_daily,20,3850,51.2454,0.772854
volume,1,3,seasonal_naive_daily,21,3850,49.898,0.771402
volume,1,3,seasonal_naive_daily,22,3850,51.1651,0.773955
volume,1,3,seasonal_naive_daily,23,3850,49.3095,0.776311
volume,1,3,seasonal_naive_weekly,0,3850,95.9901,1.10864
volume,1,3,seasonal_naive_weekly,1,3850,95.847,1.12085
volume,1,3,seasonal_naive_weekly,2,3850,95.8311,1.13113
volume,1,3,seasonal_naive_weekly,3,3850,98.5783,1.1343
volume,1,3,seasonal_naive_weekly,4,3850,100.944,1.13316
volume,1,3,seasonal_naive_weekly,5,3850,90.0181,1.10881
volume,1,3,seasonal_naive_weekly,6,3850,85.4726,1.08727
volume,1,3,seasonal_naive_weekly,7,3850,79.7756,1.01892
volume,1,3,seasonal_naive_weekly,8,3850,70.9631,1.0108
volume,1,3,seasonal_naive_weekly,9,3850,66.2561,1.0709
volume,1,3,seasonal_naive_weekly,10,3850,64.0983,1.07123
volume,1,3,seasonal_naive_weekly,11,3850,66.0614,1.08989
volume,1,3,seasonal_naive_weekly,12,3850,79.4252,1.11692
volume,1,3,seasonal_naive_weekly,13,3850,77.0645,1.12289
volume,1,3,seasonal_naive_weekly,14,3850,76.8359,1.1113
volume,1,3,seasonal_naive_weekly,15,3850,77.0007,1.09851
volume,1,3,seasonal_naive_weekly,16,3850,79.0777,1.10081
volume,1,3,seasonal_naive_weekly,17,3850,83.2258,1.09508
volume,1,3,seasonal_naive_weekly,18,3850,78.881,1.04923
volume,1,3,seasonal_naive_weekly,19,3850,68.8329,1.01284
volume,1,3,seasonal_naive_weekly,20,3850,68.094,1.00687
volume,1,3,seasonal_naive_weekly,21,3850,65.6668,1.00748
volume,1,3,seasonal_naive_weekly,22,3850,63.1398,1.01254
volume,1,3,seasonal_naive_weekly,23,3850,63.2944,1.01753
volume,1,3,autoregressive,0,3850,63.2612,0.269516
volume,1,3,autoregressive,1,3850,40.3761,0.218222
volume,1,3,autoregressive,2,3850,38.1822,0.189901
volume,1,3,autoregressive,3,3850,34.8828,0.173201
volume,1,3,autoregressive,4,3850,33.6054,0.17174
volume,1,3,autoregressive,5,3850,31.8009,0.17644
volume,1,3,autoregressive,6,3850,37.0283,0.207911
volume,1,3,autoregressive,7,3850,40.8918,0.26296
volume,1,3,autoregressive,8,3850,52.285,0.421322
volume,1,3,autoregressive,9,3850,36.7536,0.383175
volume,1,3,autoregressive,10,3850,31.2426,0.319469
volume,1,3,autoregressive,11,3850,32.2719,0.295437
volume,1,3,autoregressive,12,3850,52.6041,0.34917
volume,1,3,autoregressive,13,3850,37.8524,0.317962
volume,1,3,autoregressive,14,3850,43.6519,0.322864
volume,1,3,autoregressive,15,3850,34.6721,0.294099
volume,1,3,autoregressive,16,3850,39.187,0.304569
volume,1,3,autoregressive,17,3850,42.5438,0.325053
volume,1,3,autoregressive,18,3850,41.8255,0.390946
volume,1,3,autoregressive,19,3850,45.0299,0.386641
volume,1,3,autoregressive,20,3850,43.3239,0.3267
volume,1,3,autoregressive,21,3850,31.3292,0.28008
volume,1,3,autoregressive,22,3850,31.9612,0.260219
volume,1,3,autoregressive,23,3850,36.2272,0.238249
volume,1,3,zone_ridge,0,3850,53.0795,0.292683
volume,1,3,zone_ridge,1,3850,45.4913,0.248695
volume,1,3,zone_ridge,2,3850,41.6535,0.213918
volume,1,3,zone_ridge,3,3850,36.3667,0.190233
volume,1,3,zone_ridge,4,3850,37.8636,0.191292
volume,1,3,zone_ridge,5,3850,32.1363,0.192498
volume,1,3,zone_ridge,6,3850,35.6054,0.212901
volume,1,3,zone_ridge,7,3850,38.05,0.248984
volume,1,3,zone_ridge,8,3850,39.5038,0.372306
volume,1,3,zone_ridge,9,3850,34.8343,0.375166
volume,1,3,zone_ridge,10,3850,30.6445,0.330054
volume,1,3,zone_ridge,11,3850,31.1615,0.316945
volume,1,3,zone_ridge,12,3850,46.8942,0.358064
volume,1,3,zone_ridge,13,3850,38.1915,0.328962
volume,1,3,zone_ridge,14,3850,39.7234,0.32174
volume,1,3,zone_ridge,15,3850,33.0745,0.302158
volume,1,3,zone_ridge,16,3850,37.67,0.314534
volume,1,3,zone_ridge,17,3850,38.9681,0.330677
volume,1,3,zone_ridge,18,3850,39.1239,0.387353
volume,1,3,zone_ridge,19,3850,43.5979,0.393783
volume,1,3,zone_ridge,20,3850,39.4834,0.336084
volume,1,3,zone_ridge,21,3850,32.0406,0.298885
volume,1,3,zone_ridge,22,3850,30.6868,0.273067
volume,1,3,zone_ridge,23,3850,30.5533,0.253425
volume,1,3,zone_gbm,0,3850,57.2326,0.287416
volume,1,3,zone_gbm,1,3850,46.8447,0.240493
volume,1,3,zone_gbm,2,3850,45.381,0.209454
volume,1,3,zone_gbm,3,3850,39.5246,0.186058
volume,1,3,zone_gbm,4,3850,37.4718,0.17348
volume,1,3,zone_gbm,5,3850,31.5235,0.162474
volume,1,3,zone_gbm,6,3850,32.1331,0.174102
volume,1,3,zone_gbm,7,3850,38.7794,0.280807
volume,1,3,zone_gbm,8,3850,38.7852,0.375099
volume,1,3,zone_gbm,9,3850,34.1521,0.386385
volume,1,3,zone_gbm,10,3850,29.0525,0.329154
volume,1,3,zone_gbm,11,3850,28.4878,0.304989
volume,1,3,zone_gbm,12,3850,45.0641,0.35157
volume,1,3,zone_gbm,13,3850,36.038,0.337015
volume,1,3,zone_gbm,14,3850,38.2128,0.320629
volume,1,3,zone_gbm,15,3850,30.6221,0.301467
volume,1,3,zone_gbm,16,3850,34.6115,0.312581
volume,1,3,zone_gbm,17,3850,36.1355,0.328956
volume,1,3,zone_gbm,18,3850,35.3057,0.374848
volume,1,3,zone_gbm,19,3850,40.3691,0.390705
volume,1,3,zone_gbm,20,3850,36.4373,0.34657
volume,1,3,zone_gbm,21,3850,33.4152,0.312413
volume,1,3,zone_gbm,22,3850,31.6596,0.285822
volume,1,3,zone_gbm,23,3850,30.1971,0.259222
volume,1,3,global_ridge,0,3850,59.3575,0.725434
volume,1,3,global_ridge,1,3850,45.9644,0.571611
volume,1,3,global_ridge,2,3850,43.5647,0.474637
volume,1,3,global_ridge,3,3850,39.2018,0.407481
volume,1,3,global_ridge,4,3850,38.0056,0.379486
volume,1,3,global_ridge,5,3850,33.9426,0.383711
volume,1,3,global_ridge,6,3850,37.5441,0.41458
volume,1,3,global_ridge,7,3850,39.574,0.457163
volume,1,3,global_ridge,8,3850,43.4376,0.559087
volume,1,3,global_ridge,9,3850,38.7894,0.597613
volume,1,3,global_ridge,10,3850,34.6818,0.552686
volume,1,3,global_ridge,11,3850,33.6657,0.534921
volume,1,3,global_ridge,12,3850,51.5514,0.592636
volume,1,3,global_ridge,13,3850,42.0122,0.543222
volume,1,3,global_ridge,14,3850,42.4276,0.519252
volume,1,3,global_ridge,15,3850,34.8478,0.5279
volume,1,3,global_ridge,16,3850,39.6837,0.539763
volume,1,3,global_ridge,17,3850,41.0419,0.546857
volume,1,3,global_ridge,18,3850,38.8577,0.533927
volume,1,3,global_ridge,19,3850,45.6863,0.56468
volume,1,3,global_ridge,20,3850,40.8398,0.512826
volume,1,3,global_ridge,21,3850,33.7902,0.46589
volume,1,3,global_ridge,22,3850,34.0341,0.482813
volume,1,3,global_ridge,23,3850,34.2402,0.520326
volume,1,3,global_gbm,0,3850,51.7672,0.353556
volume,1,3,global_gbm,1,3850,37.9974,0.278841
volume,1,3,global_gbm,2,3850,37.4251,0.258855
volume,1,3,global_gbm,3,3850,34.0636,0.240146
volume,1,3,global_gbm,4,3850,34.0177,0.235851
volume,1,3,global_gbm,5,3850,30.538,0.230085
volume,1,3,global_gbm,6,3850,34.5621,0.24429
volume,1,3,global_gbm,7,3850,39.1697,0.307349
volume,1,3,global_gbm,8,3850,42.5011,0.464866
volume,1,3,global_gbm,9,3850,33.7707,0.430473
volume,1,3,global_gbm,10,3850,29.6872,0.35766
volume,1,3,global_gbm,11,3850,27.0737,0.327715
volume,1,3,global_gbm,12,3850,45.043,0.387704
volume,1,3,global_gbm,13,3850,36.701,0.361293
volume,1,3,global_gbm,14,3850,37.9539,0.358573
volume,1,3,global_gbm,15,3850,28.7411,0.327259
volume,1,3,global_gbm,16,3850,31.4556,0.341034
volume,1,3,global_gbm,17,3850,34.4662,0.368649
volume,1,3,global_gbm,18,3850,34.6751,0.451973
volume,1,3,global_gbm,19,3850,42.9631,0.469947
volume,1,3,global_gbm,20,3850,36.2041,0.388674
volume,1,3,global_gbm,21,3850,31.4822,0.347781
volume,1,3,global_gbm,22,3850,29.6806,0.324968
volume,1,3,global_gbm,23,3850,29.5136,0.29855
volume,1,4,last_observation,0,3850,151.31,0.453263
volume,1,4,last_observation,1,3850,45.1748,0.216607
volume,1,4,last_observation,2,3850,65.1846,0.195977
volume,1,4,last_observation,3,3850,42.7108,0.137695
volume,1,4,last_observation,4,3850,26.4577,0.102169
volume,1,4,last_observation,5,3850,26.4633,0.104113
volume,1,4,last_observation,6,3850,51.539,0.175361
volume,1,4,last_observation,7,3850,52.2595,0.42651
volume,1,4,last_observation,8,3850,124.361,0.9096
volume,1,4,last_observation,9,3850,78.9674,0.721352
volume,1,4,last_observation,10,3850,40.6731,0.450207
volume,1,4,last_observation,11,3850,19.2903,0.3216
volume,1,4,last_observation,12,3850,78.1102,0.443342
volume,1,4,last_observation,13,3850,42.8251,0.358701
volume,1,4,last_observation,14,3850,55.1777,0.406701
volume,1,4,last_observation,15,3850,27.7533,0.315324
volume,1,4,last_observation,16,3850,37.8961,0.336306
volume,1,4,last_observation,17,3850,31.2009,0.358851
volume,1,4,last_observation,18,3850,31.4259,0.509498
volume,1,4,last_observation,19,3850,54.4,0.60806
volume,1,4,last_observation,20,3850,50.1297,0.499084
volume,1,4,last_observation,21,3850,37.9655,0.439098
volume,1,4,last_observation,22,3850,34.1843,0.395005
volume,1,4,last_observation,23,3850,40.2431,0.34713
volume,1,4,seasonal_naive_daily,0,3850,61.9255,0.958537
volume,1,4,seasonal_naive_daily,1,3850,67.1422,0.958617
volume,1,4,seasonal_naive_daily,2,3850,68.775,0.957005
volume,1,4,seasonal_naive_daily,3,3850,60.7297,0.947141
volume,1,4,seasonal_naive_daily,4,3850,59.3092,0.94409
volume,1,4,seasonal_naive_daily,5,3850,59.5866,0.939196
volume,1,4,seasonal_naive_daily,6,3850,56.6591,0.931056
volume,1,4,seasonal_naive_daily,7,3850,61.8391,0.937924
volume,1,4,seasonal_naive_daily,8,3850,64.5115,0.990039
volume,1,4,seasonal_naive_daily,9,3850,60.43,1.06997
volume,1,4,seasonal_naive_daily,10,3850,58.0044,1.07663
volume,1,4,seasonal_naive_daily,11,3850,60.1378,1.05028
volume,1,4,seasonal_naive_daily,12,3850,65.7974,1.05116
volume,1,4,seasonal_naive_daily,13,3850,59.4105,1.01843
volume,1,4,seasonal_naive_daily,14,3850,63.6454,0.997776
volume,1,4,seasonal_naive_daily,15,3850,62.4434,0.987892
volume,1,4,seasonal_naive_daily,16,3850,61.5409,0.966863
volume,1,4,seasonal_naive_daily,17,3850,65.2067,0.976483
volume,1,4,seasonal_naive_daily,18,3850,59.9445,0.936832
volume,1,4,seasonal_naive_daily,19,3850,55.0047,0.927831
volume,1,4,seasonal_naive_daily,20,3850,53.3167,0.912765
volume,1,4,seasonal_naive_daily,21,3850,54.1324,0.913411
volume,1,4,seasonal_naive_daily,22,3850,51.5147,0.923197
volume,1,4,seasonal_naive_daily,23,3850,54.5547,0.93675
volume,1,4,seasonal_naive_weekly,0,3850,97.9004,1.13198
volume,1,4,seasonal_naive_weekly,1,3850,96.8985,1.13243
volume,1,4,seasonal_naive_weekly,2,3850,101.282,1.1401
volume,1,4,seasonal_naive_weekly,3,3850,98.9815,1.13006
volume,1,4,seasonal_naive_weekly,4,3850,96.8706,1.12298
volume,1,4,seasonal_naive_weekly,5,3850,100.89,1.12454
volume,1,4,seasonal_naive_weekly,6,3850,94.1978,1.11124
volume,1,4,seasonal_naive_weekly,7,3850,93.837,1.06543
volume,1,4,seasonal_naive_weekly,8,3850,78.2594,1.03241
volume,1,4,seasonal_naive_weekly,9,3850,70.385,1.0848
volume,1,4,seasonal_naive_weekly,10,3850,66.7515,1.09693
volume,1,4,seasonal_naive_weekly,11,3850,66.0055,1.09129
volume,1,4,seasonal_naive_weekly,12,3850,76.5377,1.09987
volume,1,4,seasonal_naive_weekly,13,3850,72.7819,1.0908
volume,1,4,seasonal_naive_weekly,14,3850,73.5844,1.0948
volume,1,4,seasonal_naive_weekly,15,3850,75.0711,1.08259
volume,1,4,seasonal_naive_weekly,16,3850,75.0489,1.05492
volume,1,4,seasonal_naive_weekly,17,3850,79.7097,1.09444
volume,1,4,seasonal_naive_weekly,18,3850,81.104,1.07351
volume,1,4,seasonal_naive_weekly,19,3850,71.9543,1.05299
volume,1,4,seasonal_naive_weekly,20,3850,63.1661,1.04347
volume,1,4,seasonal_naive_weekly,21,3850,63.7392,1.0546
volume,1,4,seasonal_naive_weekly,22,3850,69.2739,1.05706
volume,1,4,seasonal_naive_weekly,23,3850,71.238,1.06991
volume,1,4,autoregressive,0,3850,57.9973,0.316826
volume,1,4,autoregressive,1,3850,41.0597,0.243859
volume,1,4,autoregressive,2,3850,41.7253,0.214569
volume,1,4,autoregressive,3,3850,33.7643,0.196326
volume,1,4,autoregressive,4,3850,32.1178,0.18583
volume,1,4,autoregressive,5,3850,31.3141,0.192852
volume,1,4,autoregressive,6,3850,34.6197,0.237407
volume,1,4,autoregressive,7,3850,42.1057,0.333836
volume,1,4,autoregressive,8,3850,54.588,0.567222
volume,1,4,autoregressive,9,3850,38.4798,0.483343
volume,1,4,autoregressive,10,3850,33.9317,0.382997
volume,1,4,autoregressive,11,3850,30.9493,0.340967
volume,1,4,autoregressive,12,3850,42.6934,0.372316
volume,1,4,autoregressive,13,3850,37.7414,0.348872
volume,1,4,autoregressive,14,3850,41.5155,0.365955
volume,1,4,autoregressive,15,3850,34.1584,0.331468
volume,1,4,autoregressive,16,3850,38.365,0.34753
volume,1,4,autoregressive,17,3850,39.5637,0.373033
volume,1,4,autoregressive,18,3850,38.5203,0.429967
volume,1,4,autoregressive,19,3850,40.0307,0.431618
volume,1,4,autoregressive,20,3850,39.5443,0.379825
volume,1,4,autoregressive,21,3850,36.6511,0.365468
volume,1,4,autoregressive,22,3850,32.1522,0.344023
volume,1,4,autoregressive,23,3850,37.4606,0.321104
volume,1,4,zone_ridge,0,3850,48.1058,0.314504
volume,1,4,zone_ridge,1,3850,41.6634,0.254986
volume,1,4,zone_ridge,2,3850,42.905,0.226719
volume,1,4,zone_ridge,3,3850,33.3827,0.201057
volume,1,4,zone_ridge,4,3850,32.4198,0.199569
volume,1,4,zone_ridge,5,3850,32.9711,0.210353
volume,1,4,zone_ridge,6,3850,33.326,0.227909
volume,1,4,zone_ridge,7,3850,40.0916,0.321175
volume,1,4,zone_ridge,8,3850,45.9118,0.509371
volume,1,4,zone_ridge,9,3850,36.2121,0.463791
volume,1,4,zone_ridge,10,3850,31.0599,0.379845
volume,1,4,zone_ridge,11,3850,29.8775,0.341226
volume,1,4,zone_ridge,12,3850,40.5836,0.375216
volume,1,4,zone_ridge,13,3850,36.2143,0.351363
volume,1,4,zone_ridge,14,3850,36.2956,0.363915
volume,1,4,zone_ridge,15,3850,31.3396,0.341402
volume,1,4,zone_ridge,16,3850,33.7383,0.355328
volume,1,4,zone_ridge,17,3850,36.3794,0.38071
volume,1,4,zone_ridge,18,3850,33.2831,0.421034
volume,1,4,zone_ridge,19,3850,40.295,0.436025
volume,1,4,zone_ridge,20,3850,36.1181,0.381529
volume,1,4,zone_ridge,21,3850,33.9537,0.366757
volume,1,4,zone_ridge,22,3850,31.8831,0.349081
volume,1,4,zone_ridge,23,3850,32.9242,0.31697
volume,1,4,zone_gbm,0,3850,49.7187,0.296462
volume,1,4,zone_gbm,1,3850,43.3315,0.239574
volume,1,4,zone_gbm,2,3850,46.1366,0.211071
volume,1,4,zone_gbm,3,3850,37.3769,0.186958
volume,1,4,zone_gbm,4,3850,34.3511,0.172055
volume,1,4,zone_gbm,5,3850,33.7543,0.172111
volume,1,4,zone_gbm,6,3850,35.3225,0.192367
volume,1,4,zone_gbm,7,3850,40.1415,0.301949
volume,1,4,zone_gbm,8,3850,44.0557,0.453827
volume,1,4,zone_gbm,9,3850,36.0965,0.435469
volume,1,4,zone_gbm,10,3850,29.0878,0.375146
volume,1,4,zone_gbm,11,3850,25.5959,0.330036
volume,1,4,zone_gbm,12,3850,41.2185,0.371959
volume,1,4,zone_gbm,13,3850,34.6483,0.346018
volume,1,4,zone_gbm,14,3850,34.3493,0.360585
volume,1,4,zone_gbm,15,3850,28.9394,0.32771
volume,1,4,zone_gbm,16,3850,31.2844,0.337805
volume,1,4,zone_gbm,17,3850,33.6845,0.371595
volume,1,4,zone_gbm,18,3850,32.7801,0.404495
volume,1,4,zone_gbm,19,3850,41.5392,0.430197
volume,1,4,zone_gbm,20,3850,36.0038,0.383202
volume,1,4,zone_gbm,21,3850,35.4984,0.367655
volume,1,4,zone_gbm,22,3850,32.7147,0.344131
volume,1,4,zone_gbm,23,3850,33.4752,0.314934
volume,1,4,global_ridge,0,3850,54.2743,0.738591
volume,1,4,global_ridge,1,3850,45.9471,0.601441
volume,1,4,global_ridge,2,3850,47.7899,0.523252
volume,1,4,global_ridge,3,3850,38.3937,0.451287
volume,1,4,global_ridge,4,3850,37.2574,0.433637
volume,1,4,global_ridge,5,3850,37.0204,0.442571
volume,1,4,global_ridge,6,3850,37.8878,0.479332
volume,1,4,global_ridge,7,3850,44.0171,0.528364
volume,1,4,global_ridge,8,3850,49.0165,0.651086
volume,1,4,global_ridge,9,3850,40.6182,0.690063
volume,1,4,global_ridge,10,3850,35.6338,0.623206
volume,1,4,global_ridge,11,3850,32.316,0.572428
volume,1,4,global_ridge,12,3850,45.6655,0.629324
volume,1,4,global_ridge,13,3850,40.725,0.573696
volume,1,4,global_ridge,14,3850,40.1979,0.550341
volume,1,4,global_ridge,15,3850,35.3916,0.531816
volume,1,4,global_ridge,16,3850,37.5853,0.521096
volume,1,4,global_ridge,17,3850,39.2317,0.53839
volume,1,4,global_ridge,18,3850,34.9313,0.56404
volume,1,4,global_ridge,19,3850,43.6374,0.595451
volume,1,4,global_ridge,20,3850,38.0445,0.537796
volume,1,4,global_ridge,21,3850,36.8886,0.538869
volume,1,4,global_ridge,22,3850,34.7493,0.55248
volume,1,4,global_ridge,23,3850,37.2683,0.590985
volume,1,4,global_gbm,0,3850,46.96,0.381821
volume,1,4,global_gbm,1,3850,39.2038,0.304787
volume,1,4,global_gbm,2,3850,42.6776,0.285821
volume,1,4,global_gbm,3,3850,34.0446,0.260215
volume,1,4,global_gbm,4,3850,31.3939,0.255159
volume,1,4,global_gbm,5,3850,31.2669,0.25223
volume,1,4,global_gbm,6,3850,34.3616,0.26103
volume,1,4,global_gbm,7,3850,40.2405,0.37117
volume,1,4,global_gbm,8,3850,47.2528,0.632519
volume,1,4,global_gbm,9,3850,38.3702,0.556042
volume,1,4,global_gbm,10,3850,28.9496,0.408674
volume,1,4,global_gbm,11,3850,25.0049,0.360416
volume,1,4,global_gbm,12,3850,39.7034,0.407822
volume,1,4,global_gbm,13,3850,35.3212,0.381063
volume,1,4,global_gbm,14,3850,35.7671,0.397222
volume,1,4,global_gbm,15,3850,29.1141,0.355462
volume,1,4,global_gbm,16,3850,31.5259,0.376564
volume,1,4,global_gbm,17,3850,32.381,0.396967
volume,1,4,global_gbm,18,3850,31.0289,0.49462
volume,1,4,global_gbm,19,3850,41.4915,0.527559
volume,1,4,global_gbm,20,3850,34.897,0.438015
volume,1,4,global_gbm,21,3850,33.9371,0.428041
volume,1,4,global_gbm,22,3850,31.4069,0.39844
volume,1,4,global_gbm,23,3850,33.4538,0.365507
volume,1,5,last_observation,0,3850,76.3094,0.342423
volume,1,5,last_observation,1,3850,34.5107,0.202997
volume,1,5,last_observation,2,3850,32.295,0.107646
volume,1,5,last_observation,3,3850,22.7026,0.0785424
volume,1,5,last_observation,4,3850,17.4916,0.0684075
volume,1,5,last_observation,5,3850,17.8152,0.0677471
volume,1,5,last_observation,6,3850,31.579,0.105284
volume,1,5,last_observation,7,3850,32.7558,0.195314
volume,1,5,last_observation,8,3850,64.5657,0.418221
volume,1,5,last_observation,9,3850,36.4441,0.330631
volume,1,5,last_observation,10,3850,30.1817,0.3016
volume,1,5,last_observation,11,3850,26.2533,0.239659
volume,1,5,last_observation,12,3850,22.7465,0.217087
volume,1,5,last_observation,13,3850,52.527,0.297511
volume,1,5,last_observation,14,3850,39.6415,0.276152
volume,1,5,last_observation,15,3850,16.5639,0.203898
volume,1,5,last_observation,16,3850,21.4249,0.211208
volume,1,5,last_observation,17,3850,20.9627,0.233996
volume,1,5,last_observation,18,3850,15.8017,0.277134
volume,1,5,last_observation,19,3850,26.2595,0.297651
volume,1,5,last_observation,20,3850,34.9092,0.293572
volume,1,5,last_observation,21,3850,22.3736,0.262912
volume,1,5,last_observation,22,3850,21.7573,0.240495
volume,1,5,last_observation,23,3850,18.8945,0.198692
volume,1,5,seasonal_naive_daily,0,3850,61.4618,0.752187
volume,1,5,seasonal_naive_daily,1,3850,50.328,0.704775
volume,1,5,seasonal_naive_daily,2,3850,47.8354,0.698462
volume,1,5,seasonal_naive_daily,3,3850,47.0757,0.705801
volume,1,5,seasonal_naive_daily,4,3850,45.7177,0.698773
volume,1,5,seasonal_naive_daily,5,3850,46.9249,0.697878
volume,1,5,seasonal_naive_daily,6,3850,49.4286,0.69705
volume,1,5,seasonal_naive_daily,7,3850,47.8931,0.68243
volume,1,5,seasonal_naive_daily,8,3850,44.254,0.667122
volume,1,5,seasonal_naive_daily,9,3850,42.7078,0.676252
volume,1,5,seasonal_naive_daily,10,3850,42.2475,0.672285
volume,1,5,seasonal_naive_daily,11,3850,40.4429,0.655186
volume,1,5,seasonal_naive_daily,12,3850,47.9406,0.67019
volume,1,5,seasonal_naive_daily,13,3850,50.5639,0.670257
volume,1,5,seasonal_naive_daily,14,3850,43.3935,0.637941
volume,1,5,seasonal_naive_daily,15,3850,44.1696,0.643108
volume,1,5,seasonal_naive_daily,16,3850,47.051,0.634339
volume,1,5,seasonal_naive_daily,17,3850,44.1358,0.617925
volume,1,5,seasonal_naive_daily,18,3850,43.6994,0.612827
volume,1,5,seasonal_naive_daily,19,3850,39.9652,0.629875
volume,1,5,seasonal_naive_daily,20,3850,43.5788,0.669108
volume,1,5,seasonal_naive_daily,21,3850,42.4371,0.652019
volume,1,5,seasonal_naive_daily,22,3850,41.0226,0.669666
volume,1,5,seasonal_naive_daily,23,3850,40.8454,0.659451
volume,1,5,seasonal_naive_weekly,0,3850,133.574,1.3729
volume,1,5,seasonal_naive_weekly,1,3850,142.232,1.47316
volume,1,5,seasonal_naive_weekly,2,3850,126.789,1.44193
volume,1,5,seasonal_naive_weekly,3,3850,127.186,1.44756
volume,1,5,seasonal_naive_weekly,4,3850,130.246,1.45466
volume,1,5,seasonal_naive_weekly,5,3850,134.345,1.45088
volume,1,5,seasonal_naive_weekly,6,3850,147.674,1.46127
volume,1,5,seasonal_naive_weekly,7,3850,134.512,1.31665
volume,1,5,seasonal_naive_weekly,8,3850,99.9494,1.1557
volume,1,5,seasonal_naive_weekly,9,3850,91.826,1.2308
volume,1,5,seasonal_naive_weekly,10,3850,85.1002,1.20155
volume,1,5,seasonal_naive_weekly,11,3850,87.3966,1.19679
volume,1,5,seasonal_naive_weekly,12,3850,106.419,1.22751
volume,1,5,seasonal_naive_weekly,13,3850,111.273,1.24054
volume,1,5,seasonal_naive_weekly,14,3850,98.8761,1.19502
volume,1,5,seasonal_naive_weekly,15,3850,98.1252,1.16876
volume,1,5,seasonal_naive_weekly,16,3850,94.5751,1.14763
volume,1,5,seasonal_naive_weekly,17,3850,95.1182,1.12682
volume,1,5,seasonal_naive_weekly,18,3850,89.4166,1.08692
volume,1,5,seasonal_naive_weekly,19,3850,89.7238,1.14164
volume,1,5,seasonal_naive_weekly,20,3850,89.8007,1.20682
volume,1,5,seasonal_naive_weekly,21,3850,86.9094,1.23416
volume,1,5,seasonal_naive_weekly,22,3850,86.7603,1.2779
volume,1,5,seasonal_naive_weekly,23,3850,95.8569,1.3435
volume,1,5,autoregressive,0,3850,45.622,0.30288
volume,1,5,autoregressive,1,3850,34.0778,0.262527
volume,1,5,autoregressive,2,3850,28.3177,0.173657
volume,1,5,autoregressive,3,3850,25.53,0.158923
volume,1,5,autoregressive,4,3850,24.7889,0.151288
volume,1,5,autoregressive,5,3850,26.1206,0.15796
volume,1,5,autoregressive,6,3850,29.7329,0.174004
volume,1,5,autoregressive,7,3850,30.1615,0.204847
volume,1,5,autoregressive,8,3850,35.5492,0.30982
volume,1,5,autoregressive,9,3850,28.1515,0.277597
volume,1,5,autoregressive,10,3850,32.6886,0.293783
volume,1,5,autoregressive,11,3850,29.4184,0.260754
volume,1,5,autoregressive,12,3850,33.6547,0.2604
volume,1,5,autoregressive,13,3850,37.7968,0.288895
volume,1,5,autoregressive,14,3850,34.7612,0.284818
volume,1,5,autoregressive,15,3850,28.0086,0.246232
volume,1,5,autoregressive,16,3850,30.3277,0.253846
volume,1,5,autoregressive,17,3850,31.5598,0.265149
volume,1,5,autoregressive,18,3850,28.4334,0.275445
volume,1,5,autoregressive,19,3850,30.3781,0.27737
volume,1,5,autoregressive,20,3850,31.0799,0.268822
volume,1,5,autoregressive,21,3850,26.4479,0.263925
volume,1,5,autoregressive,22,3850,24.7346,0.244179
volume,1,5,autoregressive,23,3850,26.5194,0.236436
volume,1,5,zone_ridge,0,3850,57.4244,0.375865
volume,1,5,zone_ridge,1,3850,51.5023,0.334053
volume,1,5,zone_ridge,2,3850,37.5086,0.215042
volume,1,5,zone_ridge,3,3850,33.9949,0.198955
volume,1,5,zone_ridge,4,3850,31.7232,0.188777
volume,1,5,zone_ridge,5,3850,32.8435,0.193698
volume,1,5,zone_ridge,6,3850,37.8397,0.212323
volume,1,5,zone_ridge,7,3850,35.8917,0.234191
volume,1,5,zone_ridge,8,3850,34.1256,0.314107
volume,1,5,zone_ridge,9,3850,31.1905,0.311476
volume,1,5,zone_ridge,10,3850,33.7651,0.321406
volume,1,5,zone_ridge,11,3850,34.135,0.299136
volume,1,5,zone_ridge,12,3850,38.1961,0.301205
volume,1,5,zone_ridge,13,3850,40.3849,0.306927
volume,1,5,zone_ridge,14,3850,36.4228,0.299391
volume,1,5,zone_ridge,15,3850,32.1641,0.274355
volume,1,5,zone_ridge,16,3850,34.9727,0.289549
volume,1,5,zone_ridge,17,3850,34.2243,0.296224
volume,1,5,zone_ridge,18,3850,33.0577,0.304605
volume,1,5,zone_ridge,19,3850,35.5595,0.317396
volume,1,5,zone_ridge,20,3850,33.9567,0.311924
volume,1,5,zone_ridge,21,3850,30.4512,0.305018
volume,1,5,zone_ridge,22,3850,29.1922,0.292857
volume,1,5,zone_ridge,23,3850,30.9241,0.28307
volume,1,5,zone_gbm,0,3850,56.3187,0.358155
volume,1,5,zone_gbm,1,3850,47.672,0.31738
volume,1,5,zone_gbm,2,3850,39.2142,0.214906
volume,1,5,zone_gbm,3,3850,35.9285,0.202509
volume,1,5,zone_gbm,4,3850,35.5532,0.201889
volume,1,5,zone_gbm,5,3850,37.9511,0.205376
volume,1,5,zone_gbm,6,3850,41.6198,0.220527
volume,1,5,zone_gbm,7,3850,40.7458,0.271025
volume,1,5,zone_gbm,8,3850,38.0833,0.357256
volume,1,5,zone_gbm,9,3850,33.414,0.34505
volume,1,5,zone_gbm,10,3850,34.7374,0.338813
volume,1,5,zone_gbm,11,3850,35.0762,0.313967
volume,1,5,zone_gbm,12,3850,52.4017,0.355427
volume,1,5,zone_gbm,13,3850,45.2755,0.34334
volume,1,5,zone_gbm,14,3850,39.3298,0.331804
volume,1,5,zone_gbm,15,3850,30.6023,0.292342
volume,1,5,zone_gbm,16,3850,32.6682,0.298699
volume,1,5,zone_gbm,17,3850,34.3337,0.311247
volume,1,5,zone_gbm,18,3850,32.9542,0.342529
volume,1,5,zone_gbm,19,3850,42.2166,0.390725
volume,1,5,zone_gbm,20,3850,35.9664,0.357511
volume,1,5,zone_gbm,21,3850,33.1213,0.33652
volume,1,5,zone_gbm,22,3850,29.7231,0.312634
volume,1,5,zone_gbm,23,3850,31.901,0.30501
volume,1,5,global_ridge,0,3850,55.2561,0.819237
volume,1,5,global_ridge,1,3850,45.3219,0.677978
volume,1,5,global_ridge,2,3850,35.6382,0.507549
volume,1,5,global_ridge,3,3850,33.3947,0.426178
volume,1,5,global_ridge,4,3850,32.2969,0.390604
volume,1,5,global_ridge,5,3850,33.0876,0.395998
volume,1,5,global_ridge,6,3850,39.1671,0.433108
volume,1,5,global_ridge,7,3850,36.1702,0.436244
volume,1,5,global_ridge,8,3850,33.9555,0.484021
volume,1,5,global_ridge,9,3850,30.6565,0.519538
volume,1,5,global_ridge,10,3850,31.9088,0.527354
volume,1,5,global_ridge,11,3850,32.4636,0.507343
volume,1,5,global_ridge,12,3850,37.0005,0.516866
volume,1,5,global_ridge,13,3850,40.0093,0.513058
volume,1,5,global_ridge,14,3850,35.7919,0.466158
volume,1,5,global_ridge,15,3850,30.917,0.43295
volume,1,5,global_ridge,16,3850,34.085,0.43495
volume,1,5,global_ridge,17,3850,30.9974,0.423285
volume,1,5,global_ridge,18,3850,29.8425,0.429071
volume,1,5,global_ridge,19,3850,33.6323,0.464933
volume,1,5,global_ridge,20,3850,33.3276,0.475229
volume,1,5,global_ridge,21,3850,29.5371,0.456376
volume,1,5,global_ridge,22,3850,28.9977,0.480553
volume,1,5,global_ridge,23,3850,30.0036,0.499203
volume,1,5,global_gbm,0,3850,48.7586,0.404563
volume,1,5,global_gbm,1,3850,39.0349,0.354644
volume,1,5,global_gbm,2,3850,28.6339,0.249416
volume,1,5,global_gbm,3,3850,27.3935,0.246823
volume,1,5,global_gbm,4,3850,26.3722,0.241637
volume,1,5,global_gbm,5,3850,28.235,0.245529
volume,1,5,global_gbm,6,3850,34.6909,0.261938
volume,1,5,global_gbm,7,3850,34.3675,0.260623
volume,1,5,global_gbm,8,3850,33.0321,0.35214
volume,1,5,global_gbm,9,3850,26.9378,0.322325
volume,1,5,global_gbm,10,3850,28.6893,0.320918
volume,1,5,global_gbm,11,3850,27.5125,0.292323
volume,1,5,global_gbm,12,3850,32.6612,0.307211
volume,1,5,global_gbm,13,3850,41.4234,0.345676
volume,1,5,global_gbm,14,3850,31.5325,0.326802
volume,1,5,global_gbm,15,3850,24.025,0.284114
volume,1,5,global_gbm,16,3850,25.6498,0.290698
volume,1,5,global_gbm,17,3850,25.2003,0.31073
volume,1,5,global_gbm,18,3850,21.8613,0.333742
volume,1,5,global_gbm,19,3850,27.4695,0.3656
volume,1,5,global_gbm,20,3850,33.8622,0.364724
volume,1,5,global_gbm,21,3850,24.9674,0.348862
volume,1,5,global_gbm,22,3850,23.9538,0.330142
volume,1,5,global_gbm,23,3850,23.5212,0.314816
volume,1,6,last_observation,0,3850,141.583,0.428166
volume,1,6,last_observation,1,3850,40.1318,0.176489
volume,1,6,last_observation,2,3850,47.0543,0.143409
volume,1,6,last_observation,3,3850,37.1552,0.109966
volume,1,6,last_observation,4,3850,24.8701,0.084934
volume,1,6,last_observation,5,3850,27.3978,0.14805
volume,1,6,last_observation,6,3850,51.5481,0.178702
volume,1,6,last_observation,7,3850,54.6232,0.429752
volume,1,6,last_observation,8,3850,126.912,0.808787
volume,1,6,last_observation,9,3850,84.2883,0.608815
volume,1,6,last_observation,10,3850,41.6624,0.358382
volume,1,6,last_observation,11,3850,20.5817,0.227492
volume,1,6,last_observation,12,3850,52.3153,0.30669
volume,1,6,last_observation,13,3850,70.7514,0.449065
volume,1,6,last_observation,14,3850,63.8593,0.352133
volume,1,6,last_observation,15,3850,25.6597,0.260673
volume,1,6,last_observation,16,3850,27.8842,0.235466
volume,1,6,last_observation,17,3850,22.1598,0.260013
volume,1,6,last_observation,18,3850,23.0104,0.402725
volume,1,6,last_observation,19,3850,48.2329,0.516684
volume,1,6,last_observation,20,3850,61.5378,0.448766
volume,1,6,last_observation,21,3850,32.4305,0.337089
volume,1,6,last_observation,22,3850,33.43,0.298023
volume,1,6,last_observation,23,3850,30.6297,0.246679
volume,1,6,seasonal_naive_daily,0,3850,58.4454,0.748638
volume,1,6,seasonal_naive_daily,1,3850,56.4562,0.746791
volume,1,6,seasonal_naive_daily,2,3850,58.68,0.751713
volume,1,6,seasonal_naive_daily,3,3850,57.621,0.748708
volume,1,6,seasonal_naive_daily,4,3850,54.8982,0.740497
volume,1,6,seasonal_naive_daily,5,3850,55.5446,0.772463
volume,1,6,seasonal_naive_daily,6,3850,53.3288,0.757699
volume,1,6,seasonal_naive_daily,7,3850,59.9542,0.817206
volume,1,6,seasonal_naive_daily,8,3850,58.0665,0.867557
volume,1,6,seasonal_naive_daily,9,3850,52.8611,0.882349
volume,1,6,seasonal_naive_daily,10,3850,47.8371,0.871177
volume,1,6,seasonal_naive_daily,11,3850,48.1011,0.860902
volume,1,6,seasonal_naive_daily,12,3850,61.4725,0.876624
volume,1,6,seasonal_naive_daily,13,3850,64.3152,0.94978
volume,1,6,seasonal_naive_daily,14,3850,70.9389,0.954001
volume,1,6,seasonal_naive_daily,15,3850,67.8222,0.91831
volume,1,6,seasonal_naive_daily,16,3850,65.0183,0.908578
volume,1,6,seasonal_naive_daily,17,3850,68.6865,0.915556
volume,1,6,seasonal_naive_daily,18,3850,66.8792,0.888
volume,1,6,seasonal_naive_daily,19,3850,57.4773,0.800442
volume,1,6,seasonal_naive_daily,20,3850,48.304,0.769703
volume,1,6,seasonal_naive_daily,21,3850,46.4284,0.74272
volume,1,6,seasonal_naive_daily,22,3850,46.398,0.749029
volume,1,6,seasonal_naive_daily,23,3850,49.6528,0.755052
volume,1,6,seasonal_naive_weekly,0,3850,119.515,1.20257
volume,1,6,seasonal_naive_weekly,1,3850,125.032,1.21601
volume,1,6,seasonal_naive_weekly,2,3850,120.44,1.20456
volume,1,6,seasonal_naive_weekly,3,3850,117.122,1.19793
volume,1,6,seasonal_naive_weekly,4,3850,114.156,1.19254
volume,1,6,seasonal_naive_weekly,5,3850,117.801,1.21007
volume,1,6,seasonal_naive_weekly,6,3850,123.561,1.21117
volume,1,6,seasonal_naive_weekly,7,3850,117.415,1.19911
volume,1,6,seasonal_naive_weekly,8,3850,90.512,1.14395
volume,1,6,seasonal_naive_weekly,9,3850,74.9281,1.14338
volume,1,6,seasonal_naive_weekly,10,3850,70.7141,1.13118
volume,1,6,seasonal_naive_weekly,11,3850,71.8409,1.11833
volume,1,6,seasonal_naive_weekly,12,3850,85.3073,1.13272
volume,1,6,seasonal_naive_weekly,13,3850,86.1661,1.15161
volume,1,6,seasonal_naive_weekly,14,3850,87.3784,1.13386
volume,1,6,seasonal_naive_weekly,15,3850,80.0553,1.07486
volume,1,6,seasonal_naive_weekly,16,3850,80.7046,1.05824
volume,1,6,seasonal_naive_weekly,17,3850,87.0231,1.05891
volume,1,6,seasonal_naive_weekly,18,3850,88.2459,1.0665
volume,1,6,seasonal_naive_weekly,19,3850,82.4611,1.07527
volume,1,6,seasonal_naive_weekly,20,3850,70.9588,1.0662
volume,1,6,seasonal_naive_weekly,21,3850,69.1353,1.06294
volume,1,6,seasonal_naive_weekly,22,3850,72.3846,1.07828
volume,1,6,seasonal_naive_weekly,23,3850,76.673,1.09446
volume,1,6,autoregressive,0,3850,59.9147,0.312336
volume,1,6,autoregressive,1,3850,33.0828,0.20654
volume,1,6,autoregressive,2,3850,36.2316,0.18929
volume,1,6,autoregressive,3,3850,32.1812,0.170187
volume,1,6,autoregressive,4,3850,28.9724,0.166201
volume,1,6,autoregressive,5,3850,30.8383,0.23011
volume,1,6,autoregressive,6,3850,34.5156,0.232107
volume,1,6,autoregressive,7,3850,41.7007,0.356731
volume,1,6,autoregressive,8,3850,47.4349,0.51236
volume,1,6,autoregressive,9,3850,35.2599,0.417287
volume,1,6,autoregressive,10,3850,32.2921,0.311297
volume,1,6,autoregressive,11,3850,26.4356,0.260801
volume,1,6,autoregressive,12,3850,41.6158,0.32282
volume,1,6,autoregressive,13,3850,51.5646,0.425419
volume,1,6,autoregressive,14,3850,50.6671,0.346048
volume,1,6,autoregressive,15,3850,35.8305,0.29969
volume,1,6,autoregressive,16,3850,35.2216,0.289322
volume,1,6,autoregressive,17,3850,37.218,0.305406
volume,1,6,autoregressive,18,3850,37.7979,0.366502
volume,1,6,autoregressive,19,3850,40.6751,0.390902
volume,1,6,autoregressive,20,3850,42.079,0.33676
volume,1,6,autoregressive,21,3850,28.485,0.286837
volume,1,6,autoregressive,22,3850,30.3487,0.271162
volume,1,6,autoregressive,23,3850,33.9391,0.253488
volume,1,6,zone_ridge,0,3850,49.4814,0.320703
volume,1,6,zone_ridge,1,3850,35.0325,0.230582
volume,1,6,zone_ridge,2,3850,36.7857,0.204464
volume,1,6,zone_ridge,3,3850,33.0981,0.186991
volume,1,6,zone_ridge,4,3850,30.1721,0.183439
volume,1,6,zone_ridge,5,3850,33.4595,0.251047
volume,1,6,zone_ridge,6,3850,37.1547,0.227406
volume,1,6,zone_ridge,7,3850,42.463,0.345344
volume,1,6,zone_ridge,8,3850,39.8329,0.458433
volume,1,6,zone_ridge,9,3850,33.7969,0.413407
volume,1,6,zone_ridge,10,3850,29.7172,0.307426
volume,1,6,zone_ridge,11,3850,25.5411,0.265246
volume,1,6,zone_ridge,12,3850,40.868,0.317887
volume,1,6,zone_ridge,13,3850,47.2749,0.415867
volume,1,6,zone_ridge,14,3850,44.9902,0.322822
volume,1,6,zone_ridge,15,3850,33.8319,0.301897
volume,1,6,zone_ridge,16,3850,31.8459,0.294026
volume,1,6,zone_ridge,17,3850,33.7294,0.30102
volume,1,6,zone_ridge,18,3850,33.2141,0.357785
volume,1,6,zone_ridge,19,3850,39.6896,0.404699
volume,1,6,zone_ridge,20,3850,37.9321,0.347385
volume,1,6,zone_ridge,21,3850,28.831,0.304799
volume,1,6,zone_ridge,22,3850,29.3094,0.288266
volume,1,6,zone_ridge,23,3850,28.2136,0.26489
volume,1,6,zone_gbm,0,3850,43.835,0.306754
volume,1,6,zone_gbm,1,3850,35.7592,0.229182
volume,1,6,zone_gbm,2,3850,37.9618,0.201816
volume,1,6,zone_gbm,3,3850,33.7474,0.181228
volume,1,6,zone_gbm,4,3850,28.9175,0.170047
volume,1,6,zone_gbm,5,3850,31.2761,0.225281
volume,1,6,zone_gbm,6,3850,35.2042,0.205207
volume,1,6,zone_gbm,7,3850,38.1985,0.327651
volume,1,6,zone_gbm,8,3850,39.505,0.429211
volume,1,6,zone_gbm,9,3850,35.3111,0.404939
volume,1,6,zone_gbm,10,3850,33.9518,0.320547
volume,1,6,zone_gbm,11,3850,25.452,0.270431
volume,1,6,zone_gbm,12,3850,44.0017,0.33241
volume,1,6,zone_gbm,13,3850,47.2753,0.417382
volume,1,6,zone_gbm,14,3850,47.408,0.337839
volume,1,6,zone_gbm,15,3850,30.8291,0.301804
volume,1,6,zone_gbm,16,3850,31.5446,0.289238
volume,1,6,zone_gbm,17,3850,31.4886,0.302755
volume,1,6,zone_gbm,18,3850,31.9371,0.356912
volume,1,6,zone_gbm,19,3850,42.2443,0.412349
volume,1,6,zone_gbm,20,3850,35.6698,0.340403
volume,1,6,zone_gbm,21,3850,29.2477,0.305665
volume,1,6,zone_gbm,22,3850,29.404,0.290067
volume,1,6,zone_gbm,23,3850,28.4966,0.272583
volume,1,6,global_ridge,0,3850,56.4128,0.639077
volume,1,6,global_ridge,1,3850,40.1164,0.4945
volume,1,6,global_ridge,2,3850,41.8503,0.412087
volume,1,6,global_ridge,3,3850,38.2538,0.367865
volume,1,6,global_ridge,4,3850,35.1439,0.36319
volume,1,6,global_ridge,5,3850,35.898,0.432426
volume,1,6,global_ridge,6,3850,39.2742,0.440271
volume,1,6,global_ridge,7,3850,43.0919,0.535747
volume,1,6,global_ridge,8,3850,43.7849,0.619916
volume,1,6,global_ridge,9,3850,39.4733,0.645887
volume,1,6,global_ridge,10,3850,33.386,0.571548
volume,1,6,global_ridge,11,3850,28.2722,0.533836
volume,1,6,global_ridge,12,3850,44.2135,0.599586
volume,1,6,global_ridge,13,3850,51.2939,0.689331
volume,1,6,global_ridge,14,3850,48.3592,0.58384
volume,1,6,global_ridge,15,3850,36.3929,0.5366
volume,1,6,global_ridge,16,3850,34.6135,0.504393
volume,1,6,global_ridge,17,3850,35.4855,0.49854
volume,1,6,global_ridge,18,3850,33.8329,0.520611
volume,1,6,global_ridge,19,3850,41.4412,0.562866
volume,1,6,global_ridge,20,3850,40.2682,0.545061
volume,1,6,global_ridge,21,3850,32.2706,0.485425
volume,1,6,global_ridge,22,3850,33.428,0.508923
volume,1,6,global_ridge,23,3850,32.7097,0.544793
volume,1,6,global_gbm,0,3850,44.402,0.414768
volume,1,6,global_gbm,1,3850,34.4619,0.297263
volume,1,6,global_gbm,2,3850,37.2431,0.27954
volume,1,6,global_gbm,3,3850,33.9603,0.262356
volume,1,6,global_gbm,4,3850,29.7519,0.251533
volume,1,6,global_gbm,5,3850,33.371,0.307414
volume,1,6,global_gbm,6,3850,36.0038,0.292075
volume,1,6,global_gbm,7,3850,40.6252,0.406398
volume,1,6,global_gbm,8,3850,44.2392,0.584528
volume,1,6,global_gbm,9,3850,34.8215,0.497626
volume,1,6,global_gbm,10,3850,31.0658,0.358667
volume,1,6,global_gbm,11,3850,21.8164,0.303476
volume,1,6,global_gbm,12,3850,39.44,0.377053
volume,1,6,global_gbm,13,3850,46.6748,0.465837
volume,1,6,global_gbm,14,3850,45.7371,0.402354
volume,1,6,global_gbm,15,3850,28.1266,0.344341
volume,1,6,global_gbm,16,3850,26.292,0.326344
volume,1,6,global_gbm,17,3850,27.3823,0.345403
volume,1,6,global_gbm,18,3850,28.5278,0.431957
volume,1,6,global_gbm,19,3850,40.5831,0.506771
volume,1,6,global_gbm,20,3850,37.9663,0.419929
volume,1,6,global_gbm,21,3850,29.2667,0.379268
volume,1,6,global_gbm,22,3850,29.7117,0.357851
volume,1,6,global_gbm,23,3850,28.2873,0.338545
volume,1,7,last_observation,0,3850,161.656,0.419654
volume,1,7,last_observation,1,3850,40.3765,0.176369
volume,1,7,last_observation,2,3850,54.5378,0.241759
volume,1,7,last_observation,3,3850,42.091,0.135755
volume,1,7,last_observation,4,3850,27.2739,0.119721
volume,1,7,last_observation,5,3850,31.0419,0.109859
volume,1,7,last_observation,6,3850,50.3745,0.190412
volume,1,7,last_observation,7,3850,58.0703,0.448806
volume,1,7,last_observation,8,3850,132.248,0.82379
volume,1,7,last_observation,9,3850,86.7869,0.591757
volume,1,7,last_observation,10,3850,41.6238,0.355398
volume,1,7,last_observation,11,3850,19.9343,0.220415
volume,1,7,last_observation,12,3850,57.4138,0.300675
volume,1,7,last_observation,13,3850,68.9025,0.356306
volume,1,7,last_observation,14,3850,69.3093,0.361199
volume,1,7,last_observation,15,3850,21.3396,0.223088
volume,1,7,last_observation,16,3850,27.9742,0.218481
volume,1,7,last_observation,17,3850,27.0406,0.254902
volume,1,7,last_observation,18,3850,29.7471,0.385486
volume,1,7,last_observation,19,3850,49.7648,0.488678
volume,1,7,last_observation,20,3850,69.2428,0.461507
volume,1,7,last_observation,21,3850,32.724,0.341331
volume,1,7,last_observation,22,3850,33.0484,0.322682
volume,1,7,last_observation,23,3850,34.7299,0.266584
volume,1,7,seasonal_naive_daily,0,3850,52.6072,0.732725
volume,1,7,seasonal_naive_daily,1,3850,51.3992,0.733856
volume,1,7,seasonal_naive_daily,2,3850,58.8672,0.795151
volume,1,7,seasonal_naive_daily,3,3850,55.747,0.786788
volume,1,7,seasonal_naive_daily,4,3850,54.6272,0.767495
volume,1,7,seasonal_naive_daily,5,3850,56.5806,0.78814
volume,1,7,seasonal_naive_daily,6,3850,52.5577,0.772078
volume,1,7,seasonal_naive_daily,7,3850,60.7331,0.797125
volume,1,7,seasonal_naive_daily,8,3850,58.7657,0.820362
volume,1,7,seasonal_naive_daily,9,3850,56.0776,0.856555
volume,1,7,seasonal_naive_daily,10,3850,57.0832,0.839597
volume,1,7,seasonal_naive_daily,11,3850,58.6037,0.820779
volume,1,7,seasonal_naive_daily,12,3850,65.4232,0.845473
volume,1,7,seasonal_naive_daily,13,3850,61.4255,0.807984
volume,1,7,seasonal_naive_daily,14,3850,64.4868,0.791139
volume,1,7,seasonal_naive_daily,15,3850,64.0944,0.787503
volume,1,7,seasonal_naive_daily,16,3850,61.6408,0.778826
volume,1,7,seasonal_naive_daily,17,3850,63.0236,0.772972
volume,1,7,seasonal_naive_daily,18,3850,64.3064,0.748161
volume,1,7,seasonal_naive_daily,19,3850,58.271,0.734602
volume,1,7,seasonal_naive_daily,20,3850,48.1133,0.717472
volume,1,7,seasonal_naive_daily,21,3850,47.1348,0.6911
volume,1,7,seasonal_naive_daily,22,3850,45.8787,0.690382
volume,1,7,seasonal_naive_daily,23,3850,46.9145,0.70417
volume,1,7,seasonal_naive_weekly,0,3850,64.4856,0.990963
volume,1,7,seasonal_naive_weekly,1,3850,65.5038,0.989068
volume,1,7,seasonal_naive_weekly,2,3850,69.8924,1.01216
volume,1,7,seasonal_naive_weekly,3,3850,65.0754,0.996352
volume,1,7,seasonal_naive_weekly,4,3850,64.0234,0.985088
volume,1,7,seasonal_naive_weekly,5,3850,63.2054,0.959846
volume,1,7,seasonal_naive_weekly,6,3850,58.5405,0.916107
volume,1,7,seasonal_naive_weekly,7,3850,62.0464,0.917206
volume,1,7,seasonal_naive_weekly,8,3850,57.7417,0.911649
volume,1,7,seasonal_naive_weekly,9,3850,55.4508,0.935181
volume,1,7,seasonal_naive_weekly,10,3850,54.5821,0.931844
volume,1,7,seasonal_naive_weekly,11,3850,57.9259,0.93341
volume,1,7,seasonal_naive_weekly,12,3850,66.1024,0.952679
volume,1,7,seasonal_naive_weekly,13,3850,61.8388,0.945712
volume,1,7,seasonal_naive_weekly,14,3850,68.9599,0.945204
volume,1,7,seasonal_naive_weekly,15,3850,68.8356,0.937611
volume,1,7,seasonal_naive_weekly,16,3850,69.5962,0.930321
volume,1,7,seasonal_naive_weekly,17,3850,71.9025,0.931826
volume,1,7,seasonal_naive_weekly,18,3850,75.1704,0.954858
volume,1,7,seasonal_naive_weekly,19,3850,70.3406,0.970999
volume,1,7,seasonal_naive_weekly,20,3850,56.2418,0.9511
volume,1,7,seasonal_naive_weekly,21,3850,53.3277,0.929668
volume,1,7,seasonal_naive_weekly,22,3850,52.8465,0.943692
volume,1,7,seasonal_naive_weekly,23,3850,55.4574,0.963248
volume,1,7,autoregressive,0,3850,60.6461,0.267854
volume,1,7,autoregressive,1,3850,32.6901,0.205126
volume,1,7,autoregressive,2,3850,36.1088,0.259869
volume,1,7,autoregressive,3,3850,32.4088,0.186554
volume,1,7,autoregressive,4,3850,30.6279,0.19395
volume,1,7,autoregressive,5,3850,31.5776,0.1847
volume,1,7,autoregressive,6,3850,31.825,0.23946
volume,1,7,autoregressive,7,3850,45.2252,0.347357
volume,1,7,autoregressive,8,3850,46.2766,0.487627
volume,1,7,autoregressive,9,3850,35.7343,0.388631
volume,1,7,autoregressive,10,3850,34.9845,0.304691
volume,1,7,autoregressive,11,3850,31.5275,0.262162
volume,1,7,autoregressive,12,3850,45.4658,0.305741
volume,1,7,autoregressive,13,3850,46.3791,0.308063
volume,1,7,autoregressive,14,3850,51.8651,0.318082
volume,1,7,autoregressive,15,3850,35.6686,0.261076
volume,1,7,autoregressive,16,3850,36.747,0.261523
volume,1,7,autoregressive,17,3850,38.1088,0.285938
volume,1,7,autoregressive,18,3850,39.4784,0.334826
volume,1,7,autoregressive,19,3850,43.9931,0.360378
volume,1,7,autoregressive,20,3850,45.1786,0.328571
volume,1,7,autoregressive,21,3850,30.829,0.281572
volume,1,7,autoregressive,22,3850,30.6338,0.274579
volume,1,7,autoregressive,23,3850,33.0562,0.253589
volume,1,7,zone_ridge,0,3850,39.7192,0.25044
volume,1,7,zone_ridge,1,3850,33.262,0.21333
volume,1,7,zone_ridge,2,3850,36.3402,0.273185
volume,1,7,zone_ridge,3,3850,29.4818,0.181458
volume,1,7,zone_ridge,4,3850,29.7408,0.197978
volume,1,7,zone_ridge,5,3850,30.8762,0.204275
volume,1,7,zone_ridge,6,3850,33.0484,0.231058
volume,1,7,zone_ridge,7,3850,42.3603,0.335054
volume,1,7,zone_ridge,8,3850,40.3534,0.454573
volume,1,7,zone_ridge,9,3850,33.0842,0.394174
volume,1,7,zone_ridge,10,3850,31.6554,0.315257
volume,1,7,zone_ridge,11,3850,28.0949,0.273127
volume,1,7,zone_ridge,12,3850,43.828,0.316328
volume,1,7,zone_ridge,13,3850,39.9349,0.306909
volume,1,7,zone_ridge,14,3850,46.0396,0.308073
volume,1,7,zone_ridge,15,3850,32.4234,0.262006
volume,1,7,zone_ridge,16,3850,34.1623,0.265417
volume,1,7,zone_ridge,17,3850,32.7242,0.282205
volume,1,7,zone_ridge,18,3850,36.4194,0.334198
volume,1,7,zone_ridge,19,3850,38.4261,0.363639
volume,1,7,zone_ridge,20,3850,41.0713,0.330623
volume,1,7,zone_ridge,21,3850,29.0256,0.289189
volume,1,7,zone_ridge,22,3850,28.2675,0.279519
volume,1,7,zone_ridge,23,3850,28.3647,0.256545
volume,1,7,zone_gbm,0,3850,35.1223,0.232061
volume,1,7,zone_gbm,1,3850,30.304,0.205204
volume,1,7,zone_gbm,2,3850,35.4539,0.258555
volume,1,7,zone_gbm,3,3850,28.3936,0.173073
volume,1,7,zone_gbm,4,3850,27.9098,0.180241
volume,1,7,zone_gbm,5,3850,29.5409,0.170195
volume,1,7,zone_gbm,6,3850,29.9223,0.192915
volume,1,7,zone_gbm,7,3850,39.9396,0.297987
volume,1,7,zone_gbm,8,3850,35.8459,0.395268
volume,1,7,zone_gbm,9,3850,32.4877,0.353568
volume,1,7,zone_gbm,10,3850,30.6425,0.296514
volume,1,7,zone_gbm,11,3850,27.2135,0.259863
volume,1,7,zone_gbm,12,3850,44.8351,0.309096
volume,1,7,zone_gbm,13,3850,37.6727,0.288329
volume,1,7,zone_gbm,14,3850,43.6575,0.303842
volume,1,7,zone_gbm,15,3850,28.3417,0.256448
volume,1,7,zone_gbm,16,3850,28.8964,0.252729
volume,1,7,zone_gbm,17,3850,28.5414,0.276106
volume,1,7,zone_gbm,18,3850,30.2868,0.320488
volume,1,7,zone_gbm,19,3850,36.4595,0.352017
volume,1,7,zone_gbm,20,3850,35.9578,0.318353
volume,1,7,zone_gbm,21,3850,28.1393,0.287328
volume,1,7,zone_gbm,22,3850,27.2174,0.277204
volume,1,7,zone_gbm,23,3850,27.0116,0.257576
volume,1,7,global_ridge,0,3850,48.4071,0.700784
volume,1,7,global_ridge,1,3850,39.2338,0.562134
volume,1,7,global_ridge,2,3850,40.3665,0.526456
volume,1,7,global_ridge,3,3850,33.9022,0.390062
volume,1,7,global_ridge,4,3850,33.8588,0.355886
volume,1,7,global_ridge,5,3850,34.6982,0.384024
volume,1,7,global_ridge,6,3850,34.3526,0.410027
volume,1,7,global_ridge,7,3850,43.61,0.494715
volume,1,7,global_ridge,8,3850,44.7459,0.621301
volume,1,7,global_ridge,9,3850,38.351,0.608639
volume,1,7,global_ridge,10,3850,34.9166,0.539763
volume,1,7,global_ridge,11,3850,31.1884,0.507966
volume,1,7,global_ridge,12,3850,49.156,0.593632
volume,1,7,global_ridge,13,3850,43.3907,0.560383
volume,1,7,global_ridge,14,3850,48.2389,0.509918
volume,1,7,global_ridge,15,3850,33.9517,0.450966
volume,1,7,global_ridge,16,3850,35.8719,0.425123
volume,1,7,global_ridge,17,3850,34.2765,0.423416
volume,1,7,global_ridge,18,3850,36.8312,0.462775
volume,1,7,global_ridge,19,3850,40.0519,0.505588
volume,1,7,global_ridge,20,3850,43.6043,0.503623
volume,1,7,global_ridge,21,3850,31.9926,0.452469
volume,1,7,global_ridge,22,3850,32.1447,0.486294
volume,1,7,global_ridge,23,3850,32.2537,0.526707
volume,1,7,global_gbm,0,3850,36.8416,0.327682
volume,1,7,global_gbm,1,3850,30.6918,0.27583
volume,1,7,global_gbm,2,3850,38.1083,0.335444
volume,1,7,global_gbm,3,3850,31.9484,0.262822
volume,1,7,global_gbm,4,3850,31.8701,0.263548
volume,1,7,global_gbm,5,3850,34.9103,0.261631
volume,1,7,global_gbm,6,3850,37.2435,0.27844
volume,1,7,global_gbm,7,3850,43.5279,0.40402
volume,1,7,global_gbm,8,3850,42.205,0.558401
volume,1,7,global_gbm,9,3850,34.1407,0.459229
volume,1,7,global_gbm,10,3850,31.538,0.348169
volume,1,7,global_gbm,11,3850,24.3089,0.297516
volume,1,7,global_gbm,12,3850,41.8912,0.348918
volume,1,7,global_gbm,13,3850,39.0909,0.342263
volume,1,7,global_gbm,14,3850,44.7923,0.360421
volume,1,7,global_gbm,15,3850,25.4648,0.299111
volume,1,7,global_gbm,16,3850,26.4985,0.294295
volume,1,7,global_gbm,17,3850,26.6718,0.327262
volume,1,7,global_gbm,18,3850,29.7241,0.407111
volume,1,7,global_gbm,19,3850,37.8174,0.446244
volume,1,7,global_gbm,20,3850,40.16,0.395555
volume,1,7,global_gbm,21,3850,28.5719,0.358436
volume,1,7,global_gbm,22,3850,28.1432,0.349574
volume,1,7,global_gbm,23,3850,27.6974,0.318741
volume,6,0,last_observation,0,3850,236.005,1.96104
volume,6,0,last_observation,1,3850,226.395,1.61027
volume,6,0,last_observation,2,3850,169.898,1.22785
volume,6,0,last_observation,3,3850,155.157,0.988695
volume,6,0,last_observation,4,3850,152.842,0.773348
volume,6,0,last_observation,5,3850,151.44,0.658854
volume,6,0,last_observation,6,3850,118.243,0.480738
volume,6,0,last_observation,7,3850,121.853,0.795717
volume,6,0,last_observation,8,3850,132.933,1.46541
volume,6,0,last_observation,9,3850,166.837,1.94854
volume,6,0,last_observation,10,3850,194.466,2.15481
volume,6,0,last_observation,11,3850,211.005,2.2291
volume,6,0,last_observation,12,3850,182.485,2.10169
volume,6,0,last_observation,13,3850,181.801,1.81031
volume,6,0,last_observation,14,3850,111.096,1.21135
volume,6,0,last_observation,15,3850,83.1655,0.951994
volume,6,0,last_observation,16,3850,93.0199,0.92455
volume,6,0,last_observation,17,3850,93.2775,0.918922
volume,6,0,last_observation,18,3850,88.922,1.07474
volume,6,0,last_observation,19,3850,97.2054,1.32452
volume,6,0,last_observation,20,3850,104.233,1.57051
volume,6,0,last_observation,21,3850,111.005,1.77267
volume,6,0,last_observation,22,3850,118.204,1.91996
volume,6,0,last_observation,23,3850,125.819,1.88977
volume,6,0,seasonal_naive_daily,0,3850,63.931,0.983138
volume,6,0,seasonal_naive_daily,1,3850,66.6379,0.982792
volume,6,0,seasonal_naive_daily,2,3850,75.3573,1.00716
volume,6,0,seasonal_naive_daily,3,3850,74.7468,1.00132
volume,6,0,seasonal_naive_daily,4,3850,74.944,1.00055
volume,6,0,seasonal_naive_daily,5,3850,69.9253,0.989791
volume,6,0,seasonal_naive_daily,6,3850,66.9356,0.980529
volume,6,0,seasonal_naive_daily,7,3850,76.0997,1.0016
volume,6,0,seasonal_naive_daily,8,3850,70.2304,1.0733
volume,6,0,seasonal_naive_daily,9,3850,69.7536,1.16155
volume,6,0,seasonal_naive_daily,10,3850,65.7207,1.17224
volume,6,0,seasonal_naive_daily,11,3850,65.202,1.14867
volume,6,0,seasonal_naive_daily,12,3850,80.6468,1.18475
volume,6,0,seasonal_naive_daily,13,3850,68.6937,1.12877
volume,6,0,seasonal_naive_daily,14,3850,63.5702,1.11341
volume,6,0,seasonal_naive_daily,15,3850,63.156,1.09227
volume,6,0,seasonal_naive_daily,16,3850,67.313,1.08822
volume,6,0,seasonal_naive_daily,17,3850,66.3465,1.06036
volume,6,0,seasonal_naive_daily,18,3850,63.6159,0.993954
volume,6,0,seasonal_naive_daily,19,3850,59.4847,0.956051
volume,6,0,seasonal_naive_daily,20,3850,57.7102,0.964373
volume,6,0,seasonal_naive_daily,21,3850,58.8061,0.980473
volume,6,0,seasonal_naive_daily,22,3850,56.6475,0.976624
volume,6,0,seasonal_naive_daily,23,3850,61.7884,1.00467
volume,6,0,seasonal_naive_weekly,0,3850,85.2864,1.22285
volume,6,0,seasonal_naive_weekly,1,3850,83.5219,1.13738
volume,6,0,seasonal_naive_weekly,2,3850,87.5042,1.14481
volume,6,0,seasonal_naive_weekly,3,3850,93.2412,1.14704
volume,6,0,seasonal_naive_weekly,4,3850,91.4746,1.13772
volume,6,0,seasonal_naive_weekly,5,3850,88.6033,1.13801
volume,6,0,seasonal_naive_weekly,6,3850,78.3633,1.10256
volume,6,0,seasonal_naive_weekly,7,3850,81.1332,1.03957
volume,6,0,seasonal_naive_weekly,8,3850,68.0414,0.986489
volume,6,0,seasonal_naive_weekly,9,3850,64.7676,1.02397
volume,6,0,seasonal_naive_weekly,10,3850,63.8979,1.03805
volume,6,0,seasonal_naive_weekly,11,3850,63.3835,1.03448
volume,6,0,seasonal_naive_weekly,12,3850,78.9857,1.07236
volume,6,0,seasonal_naive_weekly,13,3850,70.0444,1.04623
volume,6,0,seasonal_naive_weekly,14,3850,66.6513,1.01858
volume,6,0,seasonal_naive_weekly,15,3850,63.4379,1.0068
volume,6,0,seasonal_naive_weekly,16,3850,69.3294,1.01748
volume,6,0,seasonal_naive_weekly,17,3850,72.3763,1.00677
volume,6,0,seasonal_naive_weekly,18,3850,67.8469,1.00537
volume,6,0,seasonal_naive_weekly,19,3850,64.653,1.04035
volume,6,0,seasonal_naive_weekly,20,3850,58.6846,1.07091
volume,6,0,seasonal_naive_weekly,21,3850,59.2758,1.09084
volume,6,0,seasonal_naive_weekly,22,3850,59.0014,1.08453
volume,6,0,seasonal_naive_weekly,23,3850,64.6199,1.07101
volume,6,0,autoregressive,0,3850,65.4574,0.860735
volume,6,0,autoregressive,1,3850,63.4065,0.795894
volume,6,0,autoregressive,2,3850,66.785,0.748989
volume,6,0,autoregressive,3,3850,68.616,0.715628
volume,6,0,autoregressive,4,3850,67.7246,0.656026
volume,6,0,autoregressive,5,3850,63.903,0.653498
volume,6,0,autoregressive,6,3850,59.4877,0.621994
volume,6,0,autoregressive,7,3850,64.7199,0.642051
volume,6,0,autoregressive,8,3850,61.2634,0.829392
volume,6,0,autoregressive,9,3850,64.9748,0.985248
volume,6,0,autoregressive,10,3850,63.0849,1.02894
volume,6,0,autoregressive,11,3850,64.8747,1.03192
volume,6,0,autoregressive,12,3850,73.6007,1.05983
volume,6,0,autoregressive,13,3850,62.998,0.958704
volume,6,0,autoregressive,14,3850,56.6116,0.821311
volume,6,0,autoregressive,15,3850,54.4499,0.759162
volume,6,0,autoregressive,16,3850,57.7736,0.752139
volume,6,0,autoregressive,17,3850,59.3218,0.757464
volume,6,0,autoregressive,18,3850,58.0337,0.76677
volume,6,0,autoregressive,19,3850,55.8336,0.799916
volume,6,0,autoregressive,20,3850,55.9156,0.839473
volume,6,0,autoregressive,21,3850,55.7054,0.853794
volume,6,0,autoregressive,22,3850,53.9915,0.863394
volume,6,0,autoregressive,23,3850,62.1621,0.863583
volume,6,0,zone_ridge,0,3850,78.9004,0.918815
volume,6,0,zone_ridge,1,3850,84.7582,0.883041
volume,6,0,zone_ridge,2,3850,72.506,0.831998
volume,6,0,zone_ridge,3,3850,79.223,0.82305
volume,6,0,zone_ridge,4,3850,73.7902,0.804808
volume,6,0,zone_ridge,5,3850,73.4118,0.849559
volume,6,0,zone_ridge,6,3850,83.3524,0.890569
volume,6,0,zone_ridge,7,3850,81.9224,0.769344
volume,6,0,zone_ridge,8,3850,63.238,0.817799
volume,6,0,zone_ridge,9,3850,84.624,1.02372
volume,6,0,zone_ridge,10,3850,87.0166,1.05735
volume,6,0,zone_ridge,11,3850,83.3401,1.02453
volume,6,0,zone_ridge,12,3850,77.5052,1.01712
volume,6,0,zone_ridge,13,3850,68.8596,0.96965
volume,6,0,zone_ridge,14,3850,66.4364,0.868493
volume,6,0,zone_ridge,15,3850,67.6741,0.812622
volume,6,0,zone_ridge,16,3850,64.7859,0.837087
volume,6,0,zone_ridge,17,3850,69.7482,0.858365
volume,6,0,zone_ridge,18,3850,64.3026,0.804954
volume,6,0,zone_ridge,19,3850,62.8782,0.823024
volume,6,0,zone_ridge,20,3850,58.5271,0.8876
volume,6,0,zone_ridge,21,3850,58.3743,0.923474
volume,6,0,zone_ridge,22,3850,63.8065,0.958564
volume,6,0,zone_ridge,23,3850,70.1949,0.941798
volume,6,0,zone_gbm,0,3850,60.7992,0.885789
volume,6,0,zone_gbm,1,3850,67.4717,0.896492
volume,6,0,zone_gbm,2,3850,68.0651,0.89583
volume,6,0,zone_gbm,3,3850,69.8547,0.893321
volume,6,0,zone_gbm,4,3850,70.8184,0.858806
volume,6,0,zone_gbm,5,3850,65.3285,0.833325
volume,6,0,zone_gbm,6,3850,62.7993,0.780166
volume,6,0,zone_gbm,7,3850,61.808,0.758373
volume,6,0,zone_gbm,8,3850,54.6387,0.769487
volume,6,0,zone_gbm,9,3850,53.5335,0.834092
volume,6,0,zone_gbm,10,3850,50.4687,0.850083
volume,6,0,zone_gbm,11,3850,51.1229,0.856969
volume,6,0,zone_gbm,12,3850,63.1305,0.888259
volume,6,0,zone_gbm,13,3850,56.619,0.851427
volume,6,0,zone_gbm,14,3850,55.8568,0.819807
volume,6,0,zone_gbm,15,3850,55.4377,0.80021
volume,6,0,zone_gbm,16,3850,54.6174,0.784147
volume,6,0,zone_gbm,17,3850,58.9662,0.789225
volume,6,0,zone_gbm,18,3850,57.546,0.79411
volume,6,0,zone_gbm,19,3850,49.1649,0.801843
volume,6,0,zone_gbm,20,3850,49.6419,0.839467
volume,6,0,zone_gbm,21,3850,48.8785,0.852556
volume,6,0,zone_gbm,22,3850,51.371,0.86355
volume,6,0,zone_gbm,23,3850,53.1826,0.862436
volume,6,0,global_ridge,0,3850,214.526,7.71787
volume,6,0,global_ridge,1,3850,212.193,7.2439
volume,6,0,global_ridge,2,3850,156.284,6.55943
volume,6,0,global_ridge,3,3850,151.503,5.80966
volume,6,0,global_ridge,4,3850,141.74,4.68461
volume,6,0,global_ridge,5,3850,132.734,3.55044
volume,6,0,global_ridge,6,3850,132.724,2.56316
volume,6,0,global_ridge,7,3850,122.795,1.73328
volume,6,0,global_ridge,8,3850,87.1145,1.32458
volume,6,0,global_ridge,9,3850,87.9498,1.68501
volume,6,0,global_ridge,10,3850,107.807,1.90412
volume,6,0,global_ridge,11,3850,123.6,2.01956
volume,6,0,global_ridge,12,3850,91.4314,2.04371
volume,6,0,global_ridge,13,3850,89.3868,2.1214
volume,6,0,global_ridge,14,3850,97.5079,2.03698
volume,6,0,global_ridge,15,3850,94.8417,1.89097
volume,6,0,global_ridge,16,3850,90.9026,1.83957
volume,6,0,global_ridge,17,3850,104.499,1.83139
volume,6,0,global_ridge,18,3850,112.995,1.83928
volume,6,0,global_ridge,19,3850,114.32,1.89397
volume,6,0,global_ridge,20,3850,104.959,1.99936
volume,6,0,global_ridge,21,3850,108.237,2.13479
volume,6,0,global_ridge,22,3850,119.527,2.30244
volume,6,0,global_ridge,23,3850,123.009,2.29487
volume,6,0,global_gbm,0,3850,63.8602,1.02701
volume,6,0,global_gbm,1,3850,67.2827,0.956545
volume,6,0,global_gbm,2,3850,66.3671,0.920154
volume,6,0,global_gbm,3,3850,69.2384,0.904021
volume,6,0,global_gbm,4,3850,71.7252,0.877749
volume,6,0,global_gbm,5,3850,67.1075,0.872107
volume,6,0,global_gbm,6,3850,66.0592,0.788046
volume,6,0,global_gbm,7,3850,65.8756,0.741934
volume,6,0,global_gbm,8,3850,56.7523,0.851085
volume,6,0,global_gbm,9,3850,61.3422,1.09156
volume,6,0,global_gbm,10,3850,61.2545,1.17736
volume,6,0,global_gbm,11,3850,60.357,1.1886
volume,6,0,global_gbm,12,3850,71.8183,1.19765
volume,6,0,global_gbm,13,3850,63.0055,1.09245
volume,6,0,global_gbm,14,3850,57.2761,0.926336
volume,6,0,global_gbm,15,3850,57.2692,0.890458
volume,6,0,global_gbm,16,3850,59.2705,0.94308
volume,6,0,global_gbm,17,3850,62.4218,0.925039
volume,6,0,global_gbm,18,3850,59.3835,0.838096
volume,6,0,global_gbm,19,3850,50.7967,0.845089
volume,6,0,global_gbm,20,3850,51.9983,0.945204
volume,6,0,global_gbm,21,3850,53.3087,1.02351
volume,6,0,global_gbm,22,3850,57.8559,1.09401
volume,6,0,global_gbm,23,3850,59.9811,1.08468
volume,6,1,last_observation,0,3850,235.086,1.88467
volume,6,1,last_observation,1,3850,230.387,1.52697
volume,6,1,last_observation,2,3850,187.127,1.17112
volume,6,1,last_observation,3,3850,165.438,0.911936
volume,6,1,last_observation,4,3850,158.094,0.729241
volume,6,1,last_observation,5,3850,152.979,0.6165
volume,6,1,last_observation,6,3850,111.013,0.445245
volume,6,1,last_observation,7,3850,108.713,0.742271
volume,6,1,last_observation,8,3850,125.956,1.38131
volume,6,1,last_observation,9,3850,158.833,1.85592
volume,6,1,last_observation,10,3850,191.289,2.06723
volume,6,1,last_observation,11,3850,198.46,2.13039
volume,6,1,last_observation,12,3850,183.238,2.04103
volume,6,1,last_observation,13,3850,174.803,1.74504
volume,6,1,last_observation,14,3850,118.835,1.19319
volume,6,1,last_observation,15,3850,95.4657,0.954772
volume,6,1,last_observation,16,3850,91.8272,0.906304
volume,6,1,last_observation,17,3850,83.8385,0.89719
volume,6,1,last_observation,18,3850,96.0552,1.06593
volume,6,1,last_observation,19,3850,104.858,1.33073
volume,6,1,last_observation,20,3850,100.398,1.56456
volume,6,1,last_observation,21,3850,106.293,1.74509
volume,6,1,last_observation,22,3850,118.49,1.88183
volume,6,1,last_observation,23,3850,126.733,1.8764
volume,6,1,seasonal_naive_daily,0,3850,66.073,0.965978
volume,6,1,seasonal_naive_daily,1,3850,63.4636,0.968892
volume,6,1,seasonal_naive_daily,2,3850,67.5541,0.965988
volume,6,1,seasonal_naive_daily,3,3850,64.5177,0.953399
volume,6,1,seasonal_naive_daily,4,3850,63.2827,0.951677
volume,6,1,seasonal_naive_daily,5,3850,59.3761,0.946002
volume,6,1,seasonal_naive_daily,6,3850,59.0229,0.947226
volume,6,1,seasonal_naive_daily,7,3850,67.1119,0.98404
volume,6,1,seasonal_naive_daily,8,3850,65.4446,1.0652
volume,6,1,seasonal_naive_daily,9,3850,60.3345,1.12207
volume,6,1,seasonal_naive_daily,10,3850,61.1551,1.14313
volume,6,1,seasonal_naive_daily,11,3850,64.0402,1.1431
volume,6,1,seasonal_naive_daily,12,3850,80.3187,1.16589
volume,6,1,seasonal_naive_daily,13,3850,73.7563,1.15286
volume,6,1,seasonal_naive_daily,14,3850,73.2726,1.13053
volume,6,1,seasonal_naive_daily,15,3850,70.3175,1.08433
volume,6,1,seasonal_naive_daily,16,3850,71.7393,1.07836
volume,6,1,seasonal_naive_daily,17,3850,72.4532,1.05417
volume,6,1,seasonal_naive_daily,18,3850,71.2351,1.01162
volume,6,1,seasonal_naive_daily,19,3850,61.9114,0.96042
volume,6,1,seasonal_naive_daily,20,3850,57.0481,0.932563
volume,6,1,seasonal_naive_daily,21,3850,54.6091,0.933938
volume,6,1,seasonal_naive_daily,22,3850,55.3128,0.939227
volume,6,1,seasonal_naive_daily,23,3850,53.6476,0.941032
volume,6,1,seasonal_naive_weekly,0,3850,79.4015,1.05376
volume,6,1,seasonal_naive_weekly,1,3850,78.6585,1.05633
volume,6,1,seasonal_naive_weekly,2,3850,81.9849,1.05888
volume,6,1,seasonal_naive_weekly,3,3850,79.6417,1.0528
volume,6,1,seasonal_naive_weekly,4,3850,80.4252,1.05253
volume,6,1,seasonal_naive_weekly,5,3850,79.3526,1.04936
volume,6,1,seasonal_naive_weekly,6,3850,71.4466,1.0333
volume,6,1,seasonal_naive_weekly,7,3850,74.2325,1.00227
volume,6,1,seasonal_naive_weekly,8,3850,70.9846,0.970277
volume,6,1,seasonal_naive_weekly,9,3850,63.0445,0.964221
volume,6,1,seasonal_naive_weekly,10,3850,60.2713,0.976693
volume,6,1,seasonal_naive_weekly,11,3850,61.8967,0.993787
volume,6,1,seasonal_naive_weekly,12,3850,77.517,1.03012
volume,6,1,seasonal_naive_weekly,13,3850,70.8281,1.00927
volume,6,1,seasonal_naive_weekly,14,3850,68.446,0.9905
volume,6,1,seasonal_naive_weekly,15,3850,67.6789,0.966905
volume,6,1,seasonal_naive_weekly,16,3850,67.2208,0.964195
volume,6,1,seasonal_naive_weekly,17,3850,70.4725,0.960692
volume,6,1,seasonal_naive_weekly,18,3850,73.8349,0.973556
volume,6,1,seasonal_naive_weekly,19,3850,70.9496,0.980042
volume,6,1,seasonal_naive_weekly,20,3850,60.2666,0.99917
volume,6,1,seasonal_naive_weekly,21,3850,59.6562,1.00421
volume,6,1,seasonal_naive_weekly,22,3850,59.2076,1.01611
volume,6,1,seasonal_naive_weekly,23,3850,61.1044,1.03346
volume,6,1,autoregressive,0,3850,67.4883,0.821845
volume,6,1,autoregressive,1,3850,59.5287,0.761593
volume,6,1,autoregressive,2,3850,62.2881,0.71517
volume,6,1,autoregressive,3,3850,58.9937,0.655074
volume,6,1,autoregressive,4,3850,55.8146,0.6097
volume,6,1,autoregressive,5,3850,55.2644,0.611943
volume,6,1,autoregressive,6,3850,50.4496,0.600127
volume,6,1,autoregressive,7,3850,57.9387,0.648284
volume,6,1,autoregressive,8,3850,56.8484,0.815016
volume,6,1,autoregressive,9,3850,54.8702,0.949366
volume,6,1,autoregressive,10,3850,55.6073,0.987781
volume,6,1,autoregressive,11,3850,60.864,1.00204
volume,6,1,autoregressive,12,3850,72.1604,1.03105
volume,6,1,autoregressive,13,3850,64.5961,0.956437
volume,6,1,autoregressive,14,3850,62.1703,0.824851
volume,6,1,autoregressive,15,3850,58.2064,0.745285
volume,6,1,autoregressive,16,3850,62.0898,0.751512
volume,6,1,autoregressive,17,3850,61.7316,0.756668
volume,6,1,autoregressive,18,3850,61.8922,0.766189
volume,6,1,autoregressive,19,3850,56.3441,0.788516
volume,6,1,autoregressive,20,3850,54.7521,0.813513
volume,6,1,autoregressive,21,3850,51.329,0.824008
volume,6,1,autoregressive,22,3850,52.2735,0.836283
volume,6,1,autoregressive,23,3850,55.9479,0.829665
volume,6,1,zone_ridge,0,3850,90.1751,0.834107
volume,6,1,zone_ridge,1,3850,94.4846,0.787709
volume,6,1,zone_ridge,2,3850,78.6256,0.74119
volume,6,1,zone_ridge,3,3850,87.5984,0.734587
volume,6,1,zone_ridge,4,3850,81.5604,0.71684
volume,6,1,zone_ridge,5,3850,74.0027,0.758602
volume,6,1,zone_ridge,6,3850,84.3282,0.832031
volume,6,1,zone_ridge,7,3850,84.413,0.771499
volume,6,1,zone_ridge,8,3850,74.4515,0.813457
volume,6,1,zone_ridge,9,3850,74.8383,0.970594
volume,6,1,zone_ridge,10,3850,75.2926,0.989345
volume,6,1,zone_ridge,11,3850,69.0376,0.970654
volume,6,1,zone_ridge,12,3850,88.5121,1.00046
volume,6,1,zone_ridge,13,3850,76.0398,0.961208
volume,6,1,zone_ridge,14,3850,69.0922,0.857705
volume,6,1,zone_ridge,15,3850,71.3697,0.794264
volume,6,1,zone_ridge,16,3850,74.9706,0.816548
volume,6,1,zone_ridge,17,3850,72.9778,0.825104
volume,6,1,zone_ridge,18,3850,68.0077,0.795296
volume,6,1,zone_ridge,19,3850,70.5259,0.820173
volume,6,1,zone_ridge,20,3850,62.0403,0.850451
volume,6,1,zone_ridge,21,3850,62.3859,0.860101
volume,6,1,zone_ridge,22,3850,66.362,0.86931
volume,6,1,zone_ridge,23,3850,67.7846,0.86019
volume,6,1,zone_gbm,0,3850,63.6567,0.786126
volume,6,1,zone_gbm,1,3850,62.0258,0.777623
volume,6,1,zone_gbm,2,3850,64.701,0.759807
volume,6,1,zone_gbm,3,3850,63.9263,0.721737
volume,6,1,zone_gbm,4,3850,65.4632,0.690623
volume,6,1,zone_gbm,5,3850,58.5145,0.654763
volume,6,1,zone_gbm,6,3850,56.4516,0.632033
volume,6,1,zone_gbm,7,3850,58.3059,0.67056
volume,6,1,zone_gbm,8,3850,63.2356,0.75306
volume,6,1,zone_gbm,9,3850,54.9704,0.804485
volume,6,1,zone_gbm,10,3850,52.1597,0.81974
volume,6,1,zone_gbm,11,3850,57.0539,0.844148
volume,6,1,zone_gbm,12,3850,65.5336,0.859127
volume,6,1,zone_gbm,13,3850,60.4595,0.842156
volume,6,1,zone_gbm,14,3850,60.7494,0.8004
volume,6,1,zone_gbm,15,3850,62.3333,0.7764
volume,6,1,zone_gbm,16,3850,63.4448,0.773919
volume,6,1,zone_gbm,17,3850,61.1574,0.769719
volume,6,1,zone_gbm,18,3850,61.1933,0.775072
volume,6,1,zone_gbm,19,3850,57.6415,0.793458
volume,6,1,zone_gbm,20,3850,51.95,0.797735
volume,6,1,zone_gbm,21,3850,51.0494,0.802387
volume,6,1,zone_gbm,22,3850,52.8821,0.806279
volume,6,1,zone_gbm,23,3850,53.2742,0.806902
volume,6,1,global_ridge,0,3850,218.76,7.99031
volume,6,1,global_ridge,1,3850,215.404,7.52136
volume,6,1,global_ridge,2,3850,166.32,6.69807
volume,6,1,global_ridge,3,3850,163.121,5.90113
volume,6,1,global_ridge,4,3850,148.488,4.74836
volume,6,1,global_ridge,5,3850,130.87,3.5658
volume,6,1,global_ridge,6,3850,124.016,2.53846
volume,6,1,global_ridge,7,3850,116.977,1.77814
volume,6,1,global_ridge,8,3850,97.0105,1.42867
volume,6,1,global_ridge,9,3850,85.74,1.68138
volume,6,1,global_ridge,10,3850,101.06,1.90098
volume,6,1,global_ridge,11,3850,115.472,2.00456
volume,6,1,global_ridge,12,3850,93.4404,2.03575
volume,6,1,global_ridge,13,3850,91.4445,2.1132
volume,6,1,global_ridge,14,3850,98.8233,2.01512
volume,6,1,global_ridge,15,3850,94.2302,1.86463
volume,6,1,global_ridge,16,3850,93.5791,1.83176
volume,6,1,global_ridge,17,3850,101.71,1.82419
volume,6,1,global_ridge,18,3850,116.24,1.81239
volume,6,1,global_ridge,19,3850,123.171,1.87579
volume,6,1,global_ridge,20,3850,117.361,1.97035
volume,6,1,global_ridge,21,3850,119.093,2.07974
volume,6,1,global_ridge,22,3850,121.756,2.21864
volume,6,1,global_ridge,23,3850,128.589,2.24673
volume,6,1,global_gbm,0,3850,69.2848,1.01776
volume,6,1,global_gbm,1,3850,63.4335,0.954643
volume,6,1,global_gbm,2,3850,63.6786,0.917652
volume,6,1,global_gbm,3,3850,64.7309,0.881769
volume,6,1,global_gbm,4,3850,68.3947,0.868865
volume,6,1,global_gbm,5,3850,60.3892,0.843595
volume,6,1,global_gbm,6,3850,58.294,0.788213
volume,6,1,global_gbm,7,3850,58.5424,0.780333
volume,6,1,global_gbm,8,3850,59.2322,0.878161
volume,6,1,global_gbm,9,3850,62.7236,1.10812
volume,6,1,global_gbm,10,3850,59.3276,1.18441
volume,6,1,global_gbm,11,3850,64.1366,1.22008
volume,6,1,global_gbm,12,3850,75.0206,1.21435
volume,6,1,global_gbm,13,3850,67.7832,1.12274
volume,6,1,global_gbm,14,3850,62.3083,0.975582
volume,6,1,global_gbm,15,3850,63.9165,0.950251
volume,6,1,global_gbm,16,3850,65.456,1.00582
volume,6,1,global_gbm,17,3850,64.0792,0.970894
volume,6,1,global_gbm,18,3850,62.7993,0.877611
volume,6,1,global_gbm,19,3850,59.0511,0.877795
volume,6,1,global_gbm,20,3850,54.3069,0.95467
volume,6,1,global_gbm,21,3850,53.9515,1.02369
volume,6,1,global_gbm,22,3850,57.7442,1.09633
volume,6,1,global_gbm,23,3850,59.9356,1.09454
volume,6,2,last_observation,0,3850,234.914,1.87173
volume,6,2,last_observation,1,3850,233.126,1.50336
volume,6,2,last_observation,2,3850,187.161,1.14046
volume,6,2,last_observation,3,3850,168.293,0.886678
volume,6,2,last_observation,4,3850,164.984,0.717878
volume,6,2,last_observation,5,3850,153.485,0.579494
volume,6,2,last_observation,6,3850,114.955,0.421205
volume,6,2,last_observation,7,3850,100.501,0.686097
volume,6,2,last_observation,8,3850,122.389,1.33002
volume,6,2,last_observation,9,3850,173.295,1.821
volume,6,2,last_observation,10,3850,207.735,2.11496
volume,6,2,last_observation,11,3850,213.552,2.1273
volume,6,2,last_observation,12,3850,188.681,2.03806
volume,6,2,last_observation,13,3850,189.712,1.7416
volume,6,2,last_observation,14,3850,129.088,1.1557
volume,6,2,last_observation,15,3850,97.711,0.924272
volume,6,2,last_observation,16,3850,103.109,0.980263
volume,6,2,last_observation,17,3850,105.232,0.941806
volume,6,2,last_observation,18,3850,102.08,1.10468
volume,6,2,last_observation,19,3850,115.158,1.37935
volume,6,2,last_observation,20,3850,106.922,1.51782
volume,6,2,last_observation,21,3850,116.383,1.69347
volume,6,2,last_observation,22,3850,130.859,1.81399
volume,6,2,last_observation,23,3850,135.558,1.79265
volume,6,2,seasonal_naive_daily,0,3850,68.0451,0.939136
volume,6,2,seasonal_naive_daily,1,3850,71.1507,0.943914
volume,6,2,seasonal_naive_daily,2,3850,73.2226,0.95074
volume,6,2,seasonal_naive_daily,3,3850,76.5699,0.948212
volume,6,2,seasonal_naive_daily,4,3850,71.7932,0.936276
volume,6,2,seasonal_naive_daily,5,3850,69.5677,0.934351
volume,6,2,seasonal_naive_daily,6,3850,69.2464,0.928356
volume,6,2,seasonal_naive_daily,7,3850,69.2206,0.939875
volume,6,2,seasonal_naive_daily,8,3850,69.0791,1.01691
volume,6,2,seasonal_naive_daily,9,3850,69.1585,1.10758
volume,6,2,seasonal_naive_daily,10,3850,78.6512,1.31018
volume,6,2,seasonal_naive_daily,11,3850,75.9227,1.20323
volume,6,2,seasonal_naive_daily,12,3850,101.392,1.28326
volume,6,2,seasonal_naive_daily,13,3850,96.8173,1.25779
volume,6,2,seasonal_naive_daily,14,3850,82.1616,1.05997
volume,6,2,seasonal_naive_daily,15,3850,83.4942,1.0815
volume,6,2,seasonal_naive_daily,16,3850,83.8473,1.08323
volume,6,2,seasonal_naive_daily,17,3850,85.9623,1.05841
volume,6,2,seasonal_naive_daily,18,3850,84.9401,1.01815
volume,6,2,seasonal_naive_daily,19,3850,66.3653,0.93501
volume,6,2,seasonal_naive_daily,20,3850,60.8599,0.932103
volume,6,2,seasonal_naive_daily,21,3850,58.9524,0.916259
volume,6,2,seasonal_naive_daily,22,3850,57.9007,0.915055
volume,6,2,seasonal_naive_daily,23,3850,56.832,0.930754
volume,6,2,seasonal_naive_weekly,0,3850,87.4279,1.07204
volume,6,2,seasonal_naive_weekly,1,3850,94.0404,1.09084
volume,6,2,seasonal_naive_weekly,2,3850,93.4034,1.08584
volume,6,2,seasonal_naive_weekly,3,3850,95.3958,1.08635
volume,6,2,seasonal_naive_weekly,4,3850,93.7282,1.08378
volume,6,2,seasonal_naive_weekly,5,3850,91.4937,1.08226
volume,6,2,seasonal_naive_weekly,6,3850,92.9773,1.07869
volume,6,2,seasonal_naive_weekly,7,3850,85.474,1.01749
volume,6,2,seasonal_naive_weekly,8,3850,76.2985,0.98397
volume,6,2,seasonal_naive_weekly,9,3850,70.6942,1.01856
volume,6,2,seasonal_naive_weekly,10,3850,81.5862,1.24478
volume,6,2,seasonal_naive_weekly,11,3850,75.5893,1.14688
volume,6,2,seasonal_naive_weekly,12,3850,112.164,1.26653
volume,6,2,seasonal_naive_weekly,13,3850,105.911,1.25287
volume,6,2,seasonal_naive_weekly,14,3850,86.1907,1.02453
volume,6,2,seasonal_naive_weekly,15,3850,88.9661,1.04365
volume,6,2,seasonal_naive_weekly,16,3850,90.7728,1.04187
volume,6,2,seasonal_naive_weekly,17,3850,90.6322,1.03476
volume,6,2,seasonal_naive_weekly,18,3850,91.4004,1.02658
volume,6,2,seasonal_naive_weekly,19,3850,78.1702,1.01788
volume,6,2,seasonal_naive_weekly,20,3850,67.951,1.01988
volume,6,2,seasonal_naive_weekly,21,3850,65.5303,1.01258
volume,6,2,seasonal_naive_weekly,22,3850,74.5489,1.0375
volume,6,2,seasonal_naive_weekly,23,3850,70.4301,1.05494
volume,6,2,autoregressive,0,3850,69.2144,0.813615
volume,6,2,autoregressive,1,3850,67.8964,0.760455
volume,6,2,autoregressive,2,3850,67.5125,0.706967
volume,6,2,autoregressive,3,3850,68.1481,0.660273
volume,6,2,autoregressive,4,3850,64.3033,0.624693
volume,6,2,autoregressive,5,3850,62.0913,0.619133
volume,6,2,autoregressive,6,3850,61.1604,0.608099
volume,6,2,autoregressive,7,3850,58.4133,0.627138
volume,6,2,autoregressive,8,3850,59.1994,0.7812
volume,6,2,autoregressive,9,3850,62.2111,0.922405
volume,6,2,autoregressive,10,3850,67.9553,1.07658
volume,6,2,autoregressive,11,3850,69.1592,1.02964
volume,6,2,autoregressive,12,3850,87.8106,1.09459
volume,6,2,autoregressive,13,3850,83.2152,1.01016
volume,6,2,autoregressive,14,3850,69.7783,0.788534
volume,6,2,autoregressive,15,3850,69.9398,0.784496
volume,6,2,autoregressive,16,3850,73.0951,0.838182
volume,6,2,autoregressive,17,3850,74.9089,0.79298
volume,6,2,autoregressive,18,3850,71.8033,0.821182
volume,6,2,autoregressive,19,3850,60.9017,0.824927
volume,6,2,autoregressive,20,3850,58.4324,0.822957
volume,6,2,autoregressive,21,3850,55.572,0.816673
volume,6,2,autoregressive,22,3850,54.7965,0.823453
volume,6,2,autoregressive,23,3850,55.7548,0.816822
volume,6,2,zone_ridge,0,3850,87.0444,0.863727
volume,6,2,zone_ridge,1,3850,97.9064,0.815489
volume,6,2,zone_ridge,2,3850,71.292,0.739926
volume,6,2,zone_ridge,3,3850,80.5854,0.726786
volume,6,2,zone_ridge,4,3850,79.5391,0.715533
volume,6,2,zone_ridge,5,3850,77.5683,0.757278
volume,6,2,zone_ridge,6,3850,85.5623,0.826248
volume,6,2,zone_ridge,7,3850,89.2379,0.75849
volume,6,2,zone_ridge,8,3850,71.955,0.776327
volume,6,2,zone_ridge,9,3850,79.3809,0.935697
volume,6,2,zone_ridge,10,3850,89.9539,1.0732
volume,6,2,zone_ridge,11,3850,78.5137,0.995227
volume,6,2,zone_ridge,12,3850,96.8136,1.06872
volume,6,2,zone_ridge,13,3850,93.1098,1.01912
volume,6,2,zone_ridge,14,3850,74.9508,0.83451
volume,6,2,zone_ridge,15,3850,74.0863,0.808827
volume,6,2,zone_ridge,16,3850,76.6795,0.85743
volume,6,2,zone_ridge,17,3850,77.2553,0.83912
volume,6,2,zone_ridge,18,3850,73.7229,0.836529
volume,6,2,zone_ridge,19,3850,73.0719,0.852895
volume,6,2,zone_ridge,20,3850,60.2926,0.855081
volume,6,2,zone_ridge,21,3850,57.8915,0.855512
volume,6,2,zone_ridge,22,3850,66.097,0.867898
volume,6,2,zone_ridge,23,3850,70.044,0.880239
volume,6,2,zone_gbm,0,3850,72.1377,0.816721
volume,6,2,zone_gbm,1,3850,72.1976,0.789835
volume,6,2,zone_gbm,2,3850,70.2559,0.765944
volume,6,2,zone_gbm,3,3850,73.0089,0.73127
volume,6,2,zone_gbm,4,3850,69.2097,0.685338
volume,6,2,zone_gbm,5,3850,67.9954,0.658995
volume,6,2,zone_gbm,6,3850,67.1494,0.622877
volume,6,2,zone_gbm,7,3850,67.5315,0.643492
volume,6,2,zone_gbm,8,3850,58.9043,0.717904
volume,6,2,zone_gbm,9,3850,55.5432,0.810309
volume,6,2,zone_gbm,10,3850,60.985,0.952071
volume,6,2,zone_gbm,11,3850,59.3905,0.915272
volume,6,2,zone_gbm,12,3850,78.4028,0.975914
volume,6,2,zone_gbm,13,3850,78.1814,0.963081
volume,6,2,zone_gbm,14,3850,64.6671,0.806732
volume,6,2,zone_gbm,15,3850,66.2226,0.814683
volume,6,2,zone_gbm,16,3850,69.6657,0.82653
volume,6,2,zone_gbm,17,3850,73.565,0.816082
volume,6,2,zone_gbm,18,3850,74.2078,0.823339
volume,6,2,zone_gbm,19,3850,62.7592,0.825388
volume,6,2,zone_gbm,20,3850,55.9635,0.826003
volume,6,2,zone_gbm,21,3850,51.2974,0.817842
volume,6,2,zone_gbm,22,3850,58.5364,0.833183
volume,6,2,zone_gbm,23,3850,59.1725,0.838583
volume,6,2,global_ridge,0,3850,229.005,8.13077
volume,6,2,global_ridge,1,3850,226.073,7.66737
volume,6,2,global_ridge,2,3850,174.994,6.74931
volume,6,2,global_ridge,3,3850,170.95,5.93959
volume,6,2,global_ridge,4,3850,156.682,4.79734
volume,6,2,global_ridge,5,3850,143.257,3.58294
volume,6,2,global_ridge,6,3850,132.118,2.5842
volume,6,2,global_ridge,7,3850,119.835,1.69035
volume,6,2,global_ridge,8,3850,100.96,1.32422
volume,6,2,global_ridge,9,3850,88.5877,1.61104
volume,6,2,global_ridge,10,3850,113.694,1.84864
volume,6,2,global_ridge,11,3850,123.576,1.92468
volume,6,2,global_ridge,12,3850,98.6208,1.93929
volume,6,2,global_ridge,13,3850,107.059,2.01354
volume,6,2,global_ridge,14,3850,104.058,1.94359
volume,6,2,global_ridge,15,3850,99.2953,1.83138
volume,6,2,global_ridge,16,3850,97.2675,1.79068
volume,6,2,global_ridge,17,3850,108.581,1.77185
volume,6,2,global_ridge,18,3850,115.925,1.72045
volume,6,2,global_ridge,19,3850,116.014,1.73248
volume,6,2,global_ridge,20,3850,110.776,1.8157
volume,6,2,global_ridge,21,3850,113.286,1.91314
volume,6,2,global_ridge,22,3850,119.201,2.07825
volume,6,2,global_ridge,23,3850,118.98,2.12522
volume,6,2,global_gbm,0,3850,69.3837,1.01991
volume,6,2,global_gbm,1,3850,74.4042,0.947394
volume,6,2,global_gbm,2,3850,72.8378,0.913765
volume,6,2,global_gbm,3,3850,74.3268,0.895354
volume,6,2,global_gbm,4,3850,73.7749,0.871021
volume,6,2,global_gbm,5,3850,69.6169,0.832459
volume,6,2,global_gbm,6,3850,67.7054,0.795278
volume,6,2,global_gbm,7,3850,63.2664,0.751842
volume,6,2,global_gbm,8,3850,58.1091,0.851297
volume,6,2,global_gbm,9,3850,60.3884,1.07691
volume,6,2,global_gbm,10,3850,66.6851,1.24338
volume,6,2,global_gbm,11,3850,66.0999,1.20301
volume,6,2,global_gbm,12,3850,80.8376,1.23336
volume,6,2,global_gbm,13,3850,79.1344,1.13169
volume,6,2,global_gbm,14,3850,67.2476,0.922792
volume,6,2,global_gbm,15,3850,67.7215,0.901624
volume,6,2,global_gbm,16,3850,70.6156,0.958623
volume,6,2,global_gbm,17,3850,69.8078,0.932819
volume,6,2,global_gbm,18,3850,68.7594,0.868945
volume,6,2,global_gbm,19,3850,57.8776,0.871507
volume,6,2,global_gbm,20,3850,52.9047,0.947721
volume,6,2,global_gbm,21,3850,51.6498,0.985435
volume,6,2,global_gbm,22,3850,58.8939,1.05589
volume,6,2,global_gbm,23,3850,60.5568,1.05328
volume,6,3,last_observation,0,3850,177.639,1.13676
volume,6,3,last_observation,1,3850,181.081,0.929748
volume,6,3,last_observation,2,3850,150.596,0.733943
volume,6,3,last_observation,3,3850,141.121,0.609912
volume,6,3,last_observation,4,3850,142.318,0.516301
volume,6,3,last_observation,5,3850,132.736,0.420945
volume,6,3,last_observation,6,3850,107.334,0.350905
volume,6,3,last_observation,7,3850,92.0067,0.415082
volume,6,3,last_observation,8,3850,87.2726,0.763324
volume,6,3,last_observation,9,3850,130.142,1.11273
volume,6,3,last_observation,10,3850,147.05,1.29513
volume,6,3,last_observation,11,3850,154.805,1.37724
volume,6,3,last_observation,12,3850,146.146,1.35411
volume,6,3,last_observation,13,3850,170.054,1.27438
volume,6,3,last_observation,14,3850,115.539,0.965999
volume,6,3,last_observation,15,3850,84.3872,0.81763
volume,6,3,last_observation,16,3850,86.1687,0.762321
volume,6,3,last_observation,17,3850,91.5448,0.782704
volume,6,3,last_observation,18,3850,86.936,0.89799
volume,6,3,last_observation,19,3850,98.4066,1.04383
volume,6,3,last_observation,20,3850,91.7841,1.1468
volume,6,3,last_observation,21,3850,101.359,1.23838
volume,6,3,last_observation,22,3850,106.803,1.28081
volume,6,3,last_observation,23,3850,110.39,1.24679
volume,6,3,seasonal_naive_daily,0,3850,72.3118,0.804519
volume,6,3,seasonal_naive_daily,1,3850,62.8911,0.788275
volume,6,3,seasonal_naive_daily,2,3850,65.4178,0.79399
volume,6,3,seasonal_naive_daily,3,3850,63.007,0.783591
volume,6,3,seasonal_naive_daily,4,3850,58.4315,0.776748
volume,6,3,seasonal_naive_daily,5,3850,58.4884,0.775878
volume,6,3,seasonal_naive_daily,6,3850,54.7457,0.77031
volume,6,3,seasonal_naive_daily,7,3850,53.4443,0.763964
volume,6,3,seasonal_naive_daily,8,3850,59.3091,0.827184
volume,6,3,seasonal_naive_daily,9,3850,57.304,0.922226
volume,6,3,seasonal_naive_daily,10,3850,54.9959,0.916885
volume,6,3,seasonal_naive_daily,11,3850,56.8166,0.915768
volume,6,3,seasonal_naive_daily,12,3850,71.806,0.925341
volume,6,3,seasonal_naive_daily,13,3850,62.0816,0.910344
volume,6,3,seasonal_naive_daily,14,3850,64.5514,0.907455
volume,6,3,seasonal_naive_daily,15,3850,63.5572,0.902473
volume,6,3,seasonal_naive_daily,16,3850,69.3755,0.905681
volume,6,3,seasonal_naive_daily,17,3850,74.4946,0.889354
volume,6,3,seasonal_naive_daily,18,3850,72.5397,0.826974
volume,6,3,seasonal_naive_daily,19,3850,56.8934,0.782425
volume,6,3,seasonal_naive_daily,20,3850,51.2454,0.772854
volume,6,3,seasonal_naive_daily,21,3850,49.898,0.771402
volume,6,3,seasonal_naive_daily,22,3850,51.1651,0.773955
volume,6,3,seasonal_naive_daily,23,3850,49.3095,0.776311
volume,6,3,seasonal_naive_weekly,0,3850,95.9901,1.10864
volume,6,3,seasonal_naive_weekly,1,3850,95.847,1.12085
volume,6,3,seasonal_naive_weekly,2,3850,95.8311,1.13113
volume,6,3,seasonal_naive_weekly,3,3850,98.5783,1.1343
volume,6,3,seasonal_naive_weekly,4,3850,100.944,1.13316
volume,6,3,seasonal_naive_weekly,5,3850,90.0181,1.10881
volume,6,3,seasonal_naive_weekly,6,3850,85.4726,1.08727
volume,6,3,seasonal_naive_weekly,7,3850,79.7756,1.01892
volume,6,3,seasonal_naive_weekly,8,3850,70.9631,1.0108
volume,6,3,seasonal_naive_weekly,9,3850,66.2561,1.0709
volume,6,3,seasonal_naive_weekly,10,3850,64.0983,1.07123
volume,6,3,seasonal_naive_weekly,11,3850,66.0614,1.08989
volume,6,3,seasonal_naive_weekly,12,3850,79.4252,1.11692
volume,6,3,seasonal_naive_weekly,13,3850,77.0645,1.12289
volume,6,3,seasonal_naive_weekly,14,3850,76.8359,1.1113
volume,6,3,seasonal_naive_weekly,15,3850,77.0007,1.09851
volume,6,3,seasonal_naive_weekly,16,3850,79.0777,1.10081
volume,6,3,seasonal_naive_weekly,17,3850,83.2258,1.09508
volume,6,3,seasonal_naive_weekly,18,3850,78.881,1.04923
volume,6,3,seasonal_naive_weekly,19,3850,68.8329,1.01284
volume,6,3,seasonal_naive_weekly,20,3850,68.094,1.00687
volume,6,3,seasonal_naive_weekly,21,3850,65.6668,1.00748
volume,6,3,seasonal_naive_weekly,22,3850,63.1398,1.01254
volume,6,3,seasonal_naive_weekly,23,3850,63.2944,1.01753
volume,6,3,autoregressive,0,3850,68.8033,0.675269
volume,6,3,autoregressive,1,3850,60.3111,0.632612
volume,6,3,autoregressive,2,3850,62.1577,0.60064
volume,6,3,autoregressive,3,3850,59.4461,0.566171
volume,6,3,autoregressive,4,3850,55.0912,0.535726
volume,6,3,autoregressive,5,3850,55.6611,0.532575
volume,6,3,autoregressive,6,3850,51.6401,0.538932
volume,6,3,autoregressive,7,3850,52.6892,0.554375
volume,6,3,autoregressive,8,3850,55.2231,0.62264
volume,6,3,autoregressive,9,3850,52.5332,0.725873
volume,6,3,autoregressive,10,3850,51.6427,0.764763
volume,6,3,autoregressive,11,3850,55.6766,0.786875
volume,6,3,autoregressive,12,3850,65.0378,0.802991
volume,6,3,autoregressive,13,3850,58.5624,0.772873
volume,6,3,autoregressive,14,3850,59.8173,0.718874
volume,6,3,autoregressive,15,3850,57.0325,0.702513
volume,6,3,autoregressive,16,3850,62.2174,0.698208
volume,6,3,autoregressive,17,3850,66.6462,0.694065
volume,6,3,autoregressive,18,3850,66.0987,0.690767
volume,6,3,autoregressive,19,3850,58.2187,0.712895
volume,6,3,autoregressive,20,3850,51.5419,0.715509
volume,6,3,autoregressive,21,3850,51.3015,0.716565
volume,6,3,autoregressive,22,3850,51.1938,0.723798
volume,6,3,autoregressive,23,3850,52.0392,0.711662
volume,6,3,zone_ridge,0,3850,90.1929,0.847252
volume,6,3,zone_ridge,1,3850,83.7344,0.820977
volume,6,3,zone_ridge,2,3850,82.6784,0.811004
volume,6,3,zone_ridge,3,3850,88.0526,0.767287
volume,6,3,zone_ridge,4,3850,84.2923,0.701866
volume,6,3,zone_ridge,5,3850,66.2167,0.635298
volume,6,3,zone_ridge,6,3850,70.2321,0.648479
volume,6,3,zone_ridge,7,3850,82.178,0.661264
volume,6,3,zone_ridge,8,3850,63.8987,0.616478
volume,6,3,zone_ridge,9,3850,67.6928,0.709923
volume,6,3,zone_ridge,10,3850,71.9432,0.760651
volume,6,3,zone_ridge,11,3850,62.7397,0.793162
volume,6,3,zone_ridge,12,3850,80.4349,0.863551
volume,6,3,zone_ridge,13,3850,66.6499,0.836299
volume,6,3,zone_ridge,14,3850,64.8925,0.808287
volume,6,3,zone_ridge,15,3850,64.4201,0.771011
volume,6,3,zone_ridge,16,3850,62.9548,0.729485
volume,6,3,zone_ridge,17,3850,66.4897,0.718596
volume,6,3,zone_ridge,18,3850,70.0103,0.730055
volume,6,3,zone_ridge,19,3850,76.1611,0.775189
volume,6,3,zone_ridge,20,3850,58.9882,0.768013
volume,6,3,zone_ridge,21,3850,60.9238,0.785549
volume,6,3,zone_ridge,22,3850,65.6935,0.821766
volume,6,3,zone_ridge,23,3850,66.8565,0.841025
volume,6,3,zone_gbm,0,3850,80.8176,0.854456
volume,6,3,zone_gbm,1,3850,80.0279,0.81988
volume,6,3,zone_gbm,2,3850,76.3279,0.790553
volume,6,3,zone_gbm,3,3850,73.6495,0.750075
volume,6,3,zone_gbm,4,3850,76.0861,0.700421
volume,6,3,zone_gbm,5,3850,68.5995,0.647257
volume,6,3,zone_gbm,6,3850,62.5566,0.625084
volume,6,3,zone_gbm,7,3850,58.395,0.58121
volume,6,3,zone_gbm,8,3850,54.2602,0.680678
volume,6,3,zone_gbm,9,3850,50.8297,0.782288
volume,6,3,zone_gbm,10,3850,51.7365,0.807102
volume,6,3,zone_gbm,11,3850,55.3832,0.82469
volume,6,3,zone_gbm,12,3850,65.725,0.847462
volume,6,3,zone_gbm,13,3850,59.5559,0.84425
volume,6,3,zone_gbm,14,3850,64.9204,0.85001
volume,6,3,zone_gbm,15,3850,60.5272,0.83212
volume,6,3,zone_gbm,16,3850,63.6081,0.800231
volume,6,3,zone_gbm,17,3850,64.1834,0.763831
volume,6,3,zone_gbm,18,3850,65.2269,0.77975
volume,6,3,zone_gbm,19,3850,56.8026,0.762427
volume,6,3,zone_gbm,20,3850,51.644,0.773882
volume,6,3,zone_gbm,21,3850,55.8327,0.804742
volume,6,3,zone_gbm,22,3850,57.6128,0.825041
volume,6,3,zone_gbm,23,3850,55.8956,0.812873
volume,6,3,global_ridge,0,3850,205.432,8.1627
volume,6,3,global_ridge,1,3850,199.928,7.66013
volume,6,3,global_ridge,2,3850,162.325,6.67196
volume,6,3,global_ridge,3,3850,159.375,5.85951
volume,6,3,global_ridge,4,3850,140.272,4.64258
volume,6,3,global_ridge,5,3850,125.393,3.46132
volume,6,3,global_ridge,6,3850,111.945,2.38036
volume,6,3,global_ridge,7,3850,114.436,1.46407
volume,6,3,global_ridge,8,3850,88.3838,1.17501
volume,6,3,global_ridge,9,3850,76.6752,1.48505
volume,6,3,global_ridge,10,3850,94.9945,1.64531
volume,6,3,global_ridge,11,3850,103.138,1.72279
volume,6,3,global_ridge,12,3850,78.9394,1.73952
volume,6,3,global_ridge,13,3850,83.7504,1.82607
volume,6,3,global_ridge,14,3850,94.1572,1.75402
volume,6,3,global_ridge,15,3850,87.235,1.66032
volume,6,3,global_ridge,16,3850,82.3627,1.60585
volume,6,3,global_ridge,17,3850,92.6331,1.57448
volume,6,3,global_ridge,18,3850,98.8303,1.60306
volume,6,3,global_ridge,19,3850,105.518,1.6314
volume,6,3,global_ridge,20,3850,105.979,1.64219
volume,6,3,global_ridge,21,3850,109.618,1.69655
volume,6,3,global_ridge,22,3850,113.772,1.77941
volume,6,3,global_ridge,23,3850,110.237,1.89322
volume,6,3,global_gbm,0,3850,69.8747,0.867378
volume,6,3,global_gbm,1,3850,65.5728,0.830098
volume,6,3,global_gbm,2,3850,64.7869,0.806367
volume,6,3,global_gbm,3,3850,65.4206,0.776972
volume,6,3,global_gbm,4,3850,69.7849,0.742505
volume,6,3,global_gbm,5,3850,62.9526,0.686911
volume,6,3,global_gbm,6,3850,57.3184,0.660495
volume,6,3,global_gbm,7,3850,55.1763,0.643702
volume,6,3,global_gbm,8,3850,51.3163,0.68962
volume,6,3,global_gbm,9,3850,51.4754,0.82801
volume,6,3,global_gbm,10,3850,48.7471,0.86176
volume,6,3,global_gbm,11,3850,51.1174,0.881902
volume,6,3,global_gbm,12,3850,60.9843,0.887332
volume,6,3,global_gbm,13,3850,54.4146,0.839464
volume,6,3,global_gbm,14,3850,53.9388,0.788009
volume,6,3,global_gbm,15,3850,53.1573,0.739443
volume,6,3,global_gbm,16,3850,56.9242,0.761003
volume,6,3,global_gbm,17,3850,58.1956,0.762093
volume,6,3,global_gbm,18,3850,62.4256,0.762439
volume,6,3,global_gbm,19,3850,53.0156,0.757878
volume,6,3,global_gbm,20,3850,46.6499,0.788314
volume,6,3,global_gbm,21,3850,50.3473,0.830065
volume,6,3,global_gbm,22,3850,52.7636,0.894761
volume,6,3,global_gbm,23,3850,55.1134,0.883071
volume,6,4,last_observation,0,3850,205.313,1.83655
volume,6,4,last_observation,1,3850,200.517,1.53012
volume,6,4,last_observation,2,3850,155.141,1.20096
volume,6,4,last_observation,3,3850,142.68,0.947932
volume,6,4,last_observation,4,3850,131.593,0.73396
volume,6,4,last_observation,5,3850,119.646,0.555687
volume,6,4,last_observation,6,3850,105.011,0.4369
volume,6,4,last_observation,7,3850,83.5011,0.606136
volume,6,4,last_observation,8,3850,113.21,1.26074
volume,6,4,last_observation,9,3850,158.754,1.7775
volume,6,4,last_observation,10,3850,176.861,2.0411
volume,6,4,last_observation,11,3850,180.319,2.1095
volume,6,4,last_observation,12,3850,165.576,2.02338
volume,6,4,last_observation,13,3850,167.485,1.79108
volume,6,4,last_observation,14,3850,101.757,1.25413
volume,6,4,last_observation,15,3850,80.415,0.995155
volume,6,4,last_observation,16,3850,84.9219,0.886181
volume,6,4,last_observation,17,3850,88.5366,0.879205
volume,6,4,last_observation,18,3850,79.6532,0.996822
volume,6,4,last_observation,19,3850,90.9517,1.23456
volume,6,4,last_observation,20,3850,97.5596,1.45758
volume,6,4,last_observation,21,3850,113.172,1.6779
volume,6,4,last_observation,22,3850,109.663,1.7921
volume,6,4,last_observation,23,3850,114.732,1.85203
volume,6,4,seasonal_naive_daily,0,3850,61.9255,0.958537
volume,6,4,seasonal_naive_daily,1,3850,67.1422,0.958617
volume,6,4,seasonal_naive_daily,2,3850,68.775,0.957005
volume,6,4,seasonal_naive_daily,3,3850,60.7297,0.947141
volume,6,4,seasonal_naive_daily,4,3850,59.3092,0.94409
volume,6,4,seasonal_naive_daily,5,3850,59.5866,0.939196
volume,6,4,seasonal_naive_daily,6,3850,56.6591,0.931056
volume,6,4,seasonal_naive_daily,7,3850,61.8391,0.937924
volume,6,4,seasonal_naive_daily,8,3850,64.5115,0.990039
volume,6,4,seasonal_naive_daily,9,3850,60.43,1.06997
volume,6,4,seasonal_naive_daily,10,3850,58.0044,1.07663
volume,6,4,seasonal_naive_daily,11,3850,60.1378,1.05028
volume,6,4,seasonal_naive_daily,12,3850,65.7974,1.05116
volume,6,4,seasonal_naive_daily,13,3850,59.4105,1.01843
volume,6,4,seasonal_naive_daily,14,3850,63.6454,0.997776
volume,6,4,seasonal_naive_daily,15,3850,62.4434,0.987892
volume,6,4,seasonal_naive_daily,16,3850,61.5409,0.966863
volume,6,4,seasonal_naive_daily,17,3850,65.2067,0.976483
volume,6,4,seasonal_naive_daily,18,3850,59.9445,0.936832
volume,6,4,seasonal_naive_daily,19,3850,55.0047,0.927831
volume,6,4,seasonal_naive_daily,20,3850,53.3167,0.912765
volume,6,4,seasonal_naive_daily,21,3850,54.1324,0.913411
volume,6,4,seasonal_naive_daily,22,3850,51.5147,0.923197
volume,6,4,seasonal_naive_daily,23,3850,54.5547,0.93675
volume,6,4,seasonal_naive_weekly,0,3850,97.9004,1.13198
volume,6,4,seasonal_naive_weekly,1,3850,96.8985,1.13243
volume,6,4,seasonal_naive_weekly,2,3850,101.282,1.1401
volume,6,4,seasonal_naive_weekly,3,3850,98.9815,1.13006
volume,6,4,seasonal_naive_weekly,4,3850,96.8706,1.12298
volume,6,4,seasonal_naive_weekly,5,3850,100.89,1.12454
volume,6,4,seasonal_naive_weekly,6,3850,94.1978,1.11124
volume,6,4,seasonal_naive_weekly,7,3850,93.837,1.06543
volume,6,4,seasonal_naive_weekly,8,3850,78.2594,1.03241
volume,6,4,seasonal_naive_weekly,9,3850,70.385,1.0848
volume,6,4,seasonal_naive_weekly,10,3850,66.7515,1.09693
volume,6,4,seasonal_naive_weekly,11,3850,66.0055,1.09129
volume,6,4,seasonal_naive_weekly,12,3850,76.5377,1.09987
volume,6,4,seasonal_naive_weekly,13,3850,72.7819,1.0908
volume,6,4,seasonal_naive_weekly,14,3850,73.5844,1.0948
volume,6,4,seasonal_naive_weekly,15,3850,75.0711,1.08259
volume,6,4,seasonal_naive_weekly,16,3850,75.0489,1.05492
volume,6,4,seasonal_naive_weekly,17,3850,79.7097,1.09444
volume,6,4,seasonal_naive_weekly,18,3850,81.104,1.07351
volume,6,4,seasonal_naive_weekly,19,3850,71.9543,1.05299
volume,6,4,seasonal_naive_weekly,20,3850,63.1661,1.04347
volume,6,4,seasonal_naive_weekly,21,3850,63.7392,1.0546
volume,6,4,seasonal_naive_weekly,22,3850,69.2739,1.05706
volume,6,4,seasonal_naive_weekly,23,3850,71.238,1.06991
volume,6,4,autoregressive,0,3850,62.4608,0.822976
volume,6,4,autoregressive,1,3850,62.6745,0.766549
volume,6,4,autoregressive,2,3850,64.2683,0.719946
volume,6,4,autoregressive,3,3850,58.9209,0.657326
volume,6,4,autoregressive,4,3850,56.3962,0.614363
volume,6,4,autoregressive,5,3850,54.0847,0.584491
volume,6,4,autoregressive,6,3850,51.2959,0.575288
volume,6,4,autoregressive,7,3850,56.1542,0.603548
volume,6,4,autoregressive,8,3850,59.6641,0.731958
volume,6,4,autoregressive,9,3850,58.5225,0.872457
volume,6,4,autoregressive,10,3850,57.4265,0.927706
volume,6,4,autoregressive,11,3850,60.2466,0.929961
volume,6,4,autoregressive,12,3850,61.9315,0.928594
volume,6,4,autoregressive,13,3850,58.5184,0.889762
volume,6,4,autoregressive,14,3850,59.1581,0.790203
volume,6,4,autoregressive,15,3850,55.7898,0.752203
volume,6,4,autoregressive,16,3850,55.9516,0.720653
volume,6,4,autoregressive,17,3850,60.6584,0.745668
volume,6,4,autoregressive,18,3850,57.7262,0.749464
volume,6,4,autoregressive,19,3850,55.642,0.790564
volume,6,4,autoregressive,20,3850,55.2228,0.798759
volume,6,4,autoregressive,21,3850,58.5041,0.807369
volume,6,4,autoregressive,22,3850,54.636,0.818654
volume,6,4,autoregressive,23,3850,59.2529,0.831186
volume,6,4,zone_ridge,0,3850,94.7532,0.889586
volume,6,4,zone_ridge,1,3850,94.0865,0.827724
volume,6,4,zone_ridge,2,3850,85.555,0.785628
volume,6,4,zone_ridge,3,3850,95.5265,0.769965
volume,6,4,zone_ridge,4,3850,86.6364,0.741486
volume,6,4,zone_ridge,5,3850,83.2094,0.757518
volume,6,4,zone_ridge,6,3850,86.8624,0.832733
volume,6,4,zone_ridge,7,3850,85.128,0.768417
volume,6,4,zone_ridge,8,3850,69.7884,0.73747
volume,6,4,zone_ridge,9,3850,88.9631,0.927816
volume,6,4,zone_ridge,10,3850,91.7575,1.00325
volume,6,4,zone_ridge,11,3850,79.8954,0.970312
volume,6,4,zone_ridge,12,3850,65.0155,0.919656
volume,6,4,zone_ridge,13,3850,61.0209,0.847952
volume,6,4,zone_ridge,14,3850,58.5772,0.767663
volume,6,4,zone_ridge,15,3850,58.4661,0.785566
volume,6,4,zone_ridge,16,3850,56.4495,0.816814
volume,6,4,zone_ridge,17,3850,61.2112,0.89647
volume,6,4,zone_ridge,18,3850,56.6289,0.814699
volume,6,4,zone_ridge,19,3850,61.2039,0.800575
volume,6,4,zone_ridge,20,3850,56.1237,0.81773
volume,6,4,zone_ridge,21,3850,59.2312,0.837289
volume,6,4,zone_ridge,22,3850,60.7914,0.85071
volume,6,4,zone_ridge,23,3850,64.2406,0.882489
volume,6,4,zone_gbm,0,3850,75.5166,0.841408
volume,6,4,zone_gbm,1,3850,76.8509,0.809849
volume,6,4,zone_gbm,2,3850,78.3588,0.774133
volume,6,4,zone_gbm,3,3850,79.8704,0.727259
volume,6,4,zone_gbm,4,3850,74.7634,0.666362
volume,6,4,zone_gbm,5,3850,73.5905,0.617769
volume,6,4,zone_gbm,6,3850,67.6636,0.586359
volume,6,4,zone_gbm,7,3850,69.6382,0.628172
volume,6,4,zone_gbm,8,3850,62.7703,0.686031
volume,6,4,zone_gbm,9,3850,55.9815,0.745953
volume,6,4,zone_gbm,10,3850,52.9733,0.797007
volume,6,4,zone_gbm,11,3850,53.1253,0.819079
volume,6,4,zone_gbm,12,3850,61.1595,0.843044
volume,6,4,zone_gbm,13,3850,56.8007,0.836258
volume,6,4,zone_gbm,14,3850,59.5271,0.827138
volume,6,4,zone_gbm,15,3850,58.753,0.815802
volume,6,4,zone_gbm,16,3850,55.4893,0.764275
volume,6,4,zone_gbm,17,3850,61.4478,0.794922
volume,6,4,zone_gbm,18,3850,60.2404,0.770803
volume,6,4,zone_gbm,19,3850,60.1012,0.83541
volume,6,4,zone_gbm,20,3850,54.8952,0.832906
volume,6,4,zone_gbm,21,3850,56.0465,0.837958
volume,6,4,zone_gbm,22,3850,56.4348,0.839493
volume,6,4,zone_gbm,23,3850,55.4458,0.843319
volume,6,4,global_ridge,0,3850,203.585,7.9116
volume,6,4,global_ridge,1,3850,195.05,7.38881
volume,6,4,global_ridge,2,3850,146.792,6.58419
volume,6,4,global_ridge,3,3850,146.767,5.74019
volume,6,4,global_ridge,4,3850,130.089,4.534
volume,6,4,global_ridge,5,3850,121.471,3.49144
volume,6,4,global_ridge,6,3850,112.072,2.54793
volume,6,4,global_ridge,7,3850,103.704,1.67046
volume,6,4,global_ridge,8,3850,81.7225,1.3512
volume,6,4,global_ridge,9,3850,91.4842,1.72606
volume,6,4,global_ridge,10,3850,108.167,1.88756
volume,6,4,global_ridge,11,3850,115.138,1.94642
volume,6,4,global_ridge,12,3850,79.8067,1.91532
volume,6,4,global_ridge,13,3850,80.9409,1.97154
volume,6,4,global_ridge,14,3850,85.9656,1.80153
volume,6,4,global_ridge,15,3850,80.4071,1.66476
volume,6,4,global_ridge,16,3850,81.3525,1.65613
volume,6,4,global_ridge,17,3850,90.7994,1.64929
volume,6,4,global_ridge,18,3850,97.0756,1.5834
volume,6,4,global_ridge,19,3850,101.795,1.58742
volume,6,4,global_ridge,20,3850,96.071,1.71524
volume,6,4,global_ridge,21,3850,101.403,1.85873
volume,6,4,global_ridge,22,3850,105.373,2.02918
volume,6,4,global_ridge,23,3850,105.712,2.1753
volume,6,4,global_gbm,0,3850,73.0579,1.01651
volume,6,4,global_gbm,1,3850,70.7679,0.937901
volume,6,4,global_gbm,2,3850,75.7631,0.910742
volume,6,4,global_gbm,3,3850,76.3992,0.8687
volume,6,4,global_gbm,4,3850,75.509,0.856495
volume,6,4,global_gbm,5,3850,72.4938,0.79994
volume,6,4,global_gbm,6,3850,65.0215,0.769703
volume,6,4,global_gbm,7,3850,64.2499,0.755233
volume,6,4,global_gbm,8,3850,55.2296,0.778942
volume,6,4,global_gbm,9,3850,58.7647,1.00136
volume,6,4,global_gbm,10,3850,54.4812,1.10895
volume,6,4,global_gbm,11,3850,56.6309,1.13157
volume,6,4,global_gbm,12,3850,62.9942,1.12285
volume,6,4,global_gbm,13,3850,59.325,1.03602
volume,6,4,global_gbm,14,3850,55.2907,0.926391
volume,6,4,global_gbm,15,3850,57.8517,0.910894
volume,6,4,global_gbm,16,3850,54.4037,0.91067
volume,6,4,global_gbm,17,3850,58.4979,0.928859
volume,6,4,global_gbm,18,3850,53.5271,0.820612
volume,6,4,global_gbm,19,3850,53.6355,0.849744
volume,6,4,global_gbm,20,3850,51.6254,0.903934
volume,6,4,global_gbm,21,3850,53.6542,0.953244
volume,6,4,global_gbm,22,3850,54.3175,1.0081
volume,6,4,global_gbm,23,3850,56.821,1.04322
volume,6,5,last_observation,0,3850,110.249,1.04599
volume,6,5,last_observation,1,3850,104.895,0.879493
volume,6,5,last_observation,2,3850,73.4597,0.721831
volume,6,5,last_observation,3,3850,70.7772,0.597602
volume,6,5,last_observation,4,3850,67.0969,0.482995
volume,6,5,last_observation,5,3850,65.4039,0.380824
volume,6,5,last_observation,6,3850,62.5186,0.329451
volume,6,5,last_observation,7,3850,56.606,0.319261
volume,6,5,last_observation,8,3850,55.9589,0.558753
volume,6,5,last_observation,9,3850,70.6345,0.79193
volume,6,5,last_observation,10,3850,90.3405,0.979959
volume,6,5,last_observation,11,3850,107.283,1.09942
volume,6,5,last_observation,12,3850,115.5,1.13039
volume,6,5,last_observation,13,3850,91.0272,1.01285
volume,6,5,last_observation,14,3850,61.5755,0.795782
volume,6,5,last_observation,15,3850,50.3298,0.679109
volume,6,5,last_observation,16,3850,47.3206,0.591475
volume,6,5,last_observation,17,3850,46.1276,0.547672
volume,6,5,last_observation,18,3850,45.0887,0.600354
volume,6,5,last_observation,19,3850,68.8214,0.745695
volume,6,5,last_observation,20,3850,62.8111,0.808589
volume,6,5,last_observation,21,3850,68.5814,0.909979
volume,6,5,last_observation,22,3850,64.2128,0.983374
volume,6,5,last_observation,23,3850,63.851,0.977448
volume,6,5,seasonal_naive_daily,0,3850,61.4618,0.752187
volume,6,5,seasonal_naive_daily,1,3850,50.328,0.704775
volume,6,5,seasonal_naive_daily,2,3850,47.8354,0.698462
volume,6,5,seasonal_naive_daily,3,3850,47.0757,0.705801
volume,6,5,seasonal_naive_daily,4,3850,45.7177,0.698773
volume,6,5,seasonal_naive_daily,5,3850,46.9249,0.697878
volume,6,5,seasonal_naive_daily,6,3850,49.4286,0.69705
volume,6,5,seasonal_naive_daily,7,3850,47.8931,0.68243
volume,6,5,seasonal_naive_daily,8,3850,44.254,0.667122
volume,6,5,seasonal_naive_daily,9,3850,42.7078,0.676252
volume,6,5,seasonal_naive_daily,10,3850,42.2475,0.672285
volume,6,5,seasonal_naive_daily,11,3850,40.4429,0.655186
volume,6,5,seasonal_naive_daily,12,3850,47.9406,0.67019
volume,6,5,seasonal_naive_daily,13,3850,50.5639,0.670257
volume,6,5,seasonal_naive_daily,14,3850,43.3935,0.637941
volume,6,5,seasonal_naive_daily,15,3850,44.1696,0.643108
volume,6,5,seasonal_naive_daily,16,3850,47.051,0.634339
volume,6,5,seasonal_naive_daily,17,3850,44.1358,0.617925
volume,6,5,seasonal_naive_daily,18,3850,43.6994,0.612827
volume,6,5,seasonal_naive_daily,19,3850,39.9652,0.629875
volume,6,5,seasonal_naive_daily,20,3850,43.5788,0.669108
volume,6,5,seasonal_naive_daily,21,3850,42.4371,0.652019
volume,6,5,seasonal_naive_daily,22,3850,41.0226,0.669666
volume,6,5,seasonal_naive_daily,23,3850,40.8454,0.659451
volume,6,5,seasonal_naive_weekly,0,3850,133.574,1.3729
volume,6,5,seasonal_naive_weekly,1,3850,142.232,1.47316
volume,6,5,seasonal_naive_weekly,2,3850,126.789,1.44193
volume,6,5,seasonal_naive_weekly,3,3850,127.186,1.44756
volume,6,5,seasonal_naive_weekly,4,3850,130.246,1.45466
volume,6,5,seasonal_naive_weekly,5,3850,134.345,1.45088
volume,6,5,seasonal_naive_weekly,6,3850,147.674,1.46127
volume,6,5,seasonal_naive_weekly,7,3850,134.512,1.31665
volume,6,5,seasonal_naive_weekly,8,3850,99.9494,1.1557
volume,6,5,seasonal_naive_weekly,9,3850,91.826,1.2308
volume,6,5,seasonal_naive_weekly,10,3850,85.1002,1.20155
volume,6,5,seasonal_naive_weekly,11,3850,87.3966,1.19679
volume,6,5,seasonal_naive_weekly,12,3850,106.419,1.22751
volume,6,5,seasonal_naive_weekly,13,3850,111.273,1.24054
volume,6,5,seasonal_naive_weekly,14,3850,98.8761,1.19502
volume,6,5,seasonal_naive_weekly,15,3850,98.1252,1.16876
volume,6,5,seasonal_naive_weekly,16,3850,94.5751,1.14763
volume,6,5,seasonal_naive_weekly,17,3850,95.1182,1.12682
volume,6,5,seasonal_naive_weekly,18,3850,89.4166,1.08692
volume,6,5,seasonal_naive_weekly,19,3850,89.7238,1.14164
volume,6,5,seasonal_naive_weekly,20,3850,89.8007,1.20682
volume,6,5,seasonal_naive_weekly,21,3850,86.9094,1.23416
volume,6,5,seasonal_naive_weekly,22,3850,86.7603,1.2779
volume,6,5,seasonal_naive_weekly,23,3850,95.8569,1.3435
volume,6,5,autoregressive,0,3850,59.5233,0.670608
volume,6,5,autoregressive,1,3850,56.1941,0.663144
volume,6,5,autoregressive,2,3850,54.1709,0.644328
volume,6,5,autoregressive,3,3850,52.5708,0.608468
volume,6,5,autoregressive,4,3850,52.3045,0.594841
volume,6,5,autoregressive,5,3850,52.6683,0.561562
volume,6,5,autoregressive,6,3850,53.9165,0.575307
volume,6,5,autoregressive,7,3850,51.1008,0.531185
volume,6,5,autoregressive,8,3850,52.4375,0.569379
volume,6,5,autoregressive,9,3850,51.894,0.617356
volume,6,5,autoregressive,10,3850,56.6942,0.664728
volume,6,5,autoregressive,11,3850,57.3355,0.696923
volume,6,5,autoregressive,12,3850,65.4285,0.731729
volume,6,5,autoregressive,13,3850,57.808,0.722814
volume,6,5,autoregressive,14,3850,58.5366,0.701008
volume,6,5,autoregressive,15,3850,57.2662,0.689629
volume,6,5,autoregressive,16,3850,58.1607,0.674626
volume,6,5,autoregressive,17,3850,59.0192,0.662022
volume,6,5,autoregressive,18,3850,58.5191,0.666211
volume,6,5,autoregressive,19,3850,59.3229,0.682072
volume,6,5,autoregressive,20,3850,51.7211,0.659805
volume,6,5,autoregressive,21,3850,53.1489,0.655036
volume,6,5,autoregressive,22,3850,51.1361,0.659433
volume,6,5,autoregressive,23,3850,53.2143,0.651642
volume,6,5,zone_ridge,0,3850,121.955,0.935958
volume,6,5,zone_ridge,1,3850,113.334,0.969978
volume,6,5,zone_ridge,2,3850,118.241,0.977138
volume,6,5,zone_ridge,3,3850,109.954,0.916168
volume,6,5,zone_ridge,4,3850,101.126,0.839335
volume,6,5,zone_ridge,5,3850,95.2678,0.760388
volume,6,5,zone_ridge,6,3850,92.7333,0.727936
volume,6,5,zone_ridge,7,3850,88.1061,0.669675
volume,6,5,zone_ridge,8,3850,77.234,0.663582
volume,6,5,zone_ridge,9,3850,80.051,0.746232
volume,6,5,zone_ridge,10,3850,80.1752,0.783467
volume,6,5,zone_ridge,11,3850,76.9432,0.817992
volume,6,5,zone_ridge,12,3850,74.5638,0.842478
volume,6,5,zone_ridge,13,3850,64.2618,0.808642
volume,6,5,zone_ridge,14,3850,62.3933,0.787981
volume,6,5,zone_ridge,15,3850,64.3042,0.753683
volume,6,5,zone_ridge,16,3850,62.3197,0.720166
volume,6,5,zone_ridge,17,3850,67.4683,0.725751
volume,6,5,zone_ridge,18,3850,68.6168,0.723748
volume,6,5,zone_ridge,19,3850,71.4591,0.749336
volume,6,5,zone_ridge,20,3850,61.5119,0.76232
volume,6,5,zone_ridge,21,3850,61.5109,0.806557
volume,6,5,zone_ridge,22,3850,62.8857,0.856199
volume,6,5,zone_ridge,23,3850,65.5252,0.903135
volume,6,5,zone_gbm,0,3850,100.348,0.93656
volume,6,5,zone_gbm,1,3850,101.397,0.951784
volume,6,5,zone_gbm,2,3850,88.8184,0.913082
volume,6,5,zone_gbm,3,3850,82.3269,0.863521
volume,6,5,zone_gbm,4,3850,82.3958,0.818625
volume,6,5,zone_gbm,5,3850,87.2179,0.783097
volume,6,5,zone_gbm,6,3850,93.2884,0.792441
volume,6,5,zone_gbm,7,3850,88.0098,0.682586
volume,6,5,zone_gbm,8,3850,71.6258,0.723542
volume,6,5,zone_gbm,9,3850,66.5943,0.810784
volume,6,5,zone_gbm,10,3850,64.7669,0.830239
volume,6,5,zone_gbm,11,3850,73.7769,0.882174
volume,6,5,zone_gbm,12,3850,96.3338,0.956538
volume,6,5,zone_gbm,13,3850,72.705,0.90551
volume,6,5,zone_gbm,14,3850,75.0071,0.914804
volume,6,5,zone_gbm,15,3850,73.9661,0.886928
volume,6,5,zone_gbm,16,3850,75.6098,0.831248
volume,6,5,zone_gbm,17,3850,80.8338,0.797304
volume,6,5,zone_gbm,18,3850,78.1411,0.802288
volume,6,5,zone_gbm,19,3850,78.8467,0.895446
volume,6,5,zone_gbm,20,3850,68.9424,0.89792
volume,6,5,zone_gbm,21,3850,65.8838,0.901958
volume,6,5,zone_gbm,22,3850,65.3245,0.910833
volume,6,5,zone_gbm,23,3850,68.4746,0.912732
volume,6,5,global_ridge,0,3850,151.677,7.78386
volume,6,5,global_ridge,1,3850,144.454,7.15689
volume,6,5,global_ridge,2,3850,124.178,6.53684
volume,6,5,global_ridge,3,3850,116.045,5.54888
volume,6,5,global_ridge,4,3850,110.576,4.50249
volume,6,5,global_ridge,5,3850,100.438,3.41796
volume,6,5,global_ridge,6,3850,93.4685,2.32634
volume,6,5,global_ridge,7,3850,79.6567,1.41789
volume,6,5,global_ridge,8,3850,58.0202,1.19018
volume,6,5,global_ridge,9,3850,64.3963,1.42824
volume,6,5,global_ridge,10,3850,76.0858,1.54083
volume,6,5,global_ridge,11,3850,83.5455,1.57478
volume,6,5,global_ridge,12,3850,79.1015,1.58918
volume,6,5,global_ridge,13,3850,68.4449,1.56078
volume,6,5,global_ridge,14,3850,67.3183,1.50987
volume,6,5,global_ridge,15,3850,61.2289,1.34734
volume,6,5,global_ridge,16,3850,64.554,1.32045
volume,6,5,global_ridge,17,3850,69.1694,1.34218
volume,6,5,global_ridge,18,3850,70.1422,1.31667
volume,6,5,global_ridge,19,3850,78.8355,1.37241
volume,6,5,global_ridge,20,3850,70.1482,1.44897
volume,6,5,global_ridge,21,3850,70.0908,1.528
volume,6,5,global_ridge,22,3850,71.8172,1.65019
volume,6,5,global_ridge,23,3850,73.4505,1.75888
volume,6,5,global_gbm,0,3850,64.7378,0.768113
volume,6,5,global_gbm,1,3850,61.8883,0.753383
volume,6,5,global_gbm,2,3850,56.9955,0.743362
volume,6,5,global_gbm,3,3850,57.0869,0.71188
volume,6,5,global_gbm,4,3850,57.7153,0.689596
volume,6,5,global_gbm,5,3850,58.2653,0.636775
volume,6,5,global_gbm,6,3850,63.0129,0.669623
volume,6,5,global_gbm,7,3850,57.7802,0.581928
volume,6,5,global_gbm,8,3850,46.6954,0.580101
volume,6,5,global_gbm,9,3850,45.4933,0.647361
volume,6,5,global_gbm,10,3850,50.9496,0.681963
volume,6,5,global_gbm,11,3850,57.0434,0.724265
volume,6,5,global_gbm,12,3850,65.1998,0.762921
volume,6,5,global_gbm,13,3850,49.9753,0.719147
volume,6,5,global_gbm,14,3850,47.4318,0.691866
volume,6,5,global_gbm,15,3850,47.5363,0.645639
volume,6,5,global_gbm,16,3850,49.0203,0.658569
volume,6,5,global_gbm,17,3850,48.2153,0.647407
volume,6,5,global_gbm,18,3850,47.9834,0.623439
volume,6,5,global_gbm,19,3850,50.8371,0.656623
volume,6,5,global_gbm,20,3850,44.4198,0.674517
volume,6,5,global_gbm,21,3850,43.7091,0.695377
volume,6,5,global_gbm,22,3850,43.0813,0.749133
volume,6,5,global_gbm,23,3850,42.5554,0.735099
volume,6,6,last_observation,0,3850,186.727,1.50963
volume,6,6,last_observation,1,3850,192.471,1.26685
volume,6,6,last_observation,2,3850,162.583,0.994339
volume,6,6,last_observation,3,3850,155.786,0.813694
volume,6,6,last_observation,4,3850,146.948,0.655559
volume,6,6,last_observation,5,3850,143.28,0.576696
volume,6,6,last_observation,6,3850,87.6138,0.396117
volume,6,6,last_observation,7,3850,73.3353,0.566183
volume,6,6,last_observation,8,3850,116.354,1.09322
volume,6,6,last_observation,9,3850,173.632,1.51926
volume,6,6,last_observation,10,3850,204.463,1.76438
volume,6,6,last_observation,11,3850,217.474,1.85224
volume,6,6,last_observation,12,3850,213.622,1.79742
volume,6,6,last_observation,13,3850,169.456,1.53386
volume,6,6,last_observation,14,3850,113.231,1.07648
volume,6,6,last_observation,15,3850,79.6006,0.796553
volume,6,6,last_observation,16,3850,74.5652,0.715963
volume,6,6,last_observation,17,3850,73.4264,0.700026
volume,6,6,last_observation,18,3850,66.3252,0.798225
volume,6,6,last_observation,19,3850,91.6374,1.06128
volume,6,6,last_observation,20,3850,102.269,1.2611
volume,6,6,last_observation,21,3850,108.303,1.41625
volume,6,6,last_observation,22,3850,108.891,1.51675
volume,6,6,last_observation,23,3850,115.18,1.52609
volume,6,6,seasonal_naive_daily,0,3850,58.4454,0.748638
volume,6,6,seasonal_naive_daily,1,3850,56.4562,0.746791
volume,6,6,seasonal_naive_daily,2,3850,58.68,0.751713
volume,6,6,seasonal_naive_daily,3,3850,57.621,0.748708
volume,6,6,seasonal_naive_daily,4,3850,54.8982,0.740497
volume,6,6,seasonal_naive_daily,5,3850,55.5446,0.772463
volume,6,6,seasonal_naive_daily,6,3850,53.3288,0.757699
volume,6,6,seasonal_naive_daily,7,3850,59.9542,0.817206
volume,6,6,seasonal_naive_daily,8,3850,58.0665,0.867557
volume,6,6,seasonal_naive_daily,9,3850,52.8611,0.882349
volume,6,6,seasonal_naive_daily,10,3850,47.8371,0.871177
volume,6,6,seasonal_naive_daily,11,3850,48.1011,0.860902
volume,6,6,seasonal_naive_daily,12,3850,61.4725,0.876624
volume,6,6,seasonal_naive_daily,13,3850,64.3152,0.94978
volume,6,6,seasonal_naive_daily,14,3850,70.9389,0.954001
volume,6,6,seasonal_naive_daily,15,3850,67.8222,0.91831
volume,6,6,seasonal_naive_daily,16,3850,65.0183,0.908578
volume,6,6,seasonal_naive_daily,17,3850,68.6865,0.915556
volume,6,6,seasonal_naive_daily,18,3850,66.8792,0.888
volume,6,6,seasonal_naive_daily,19,3850,57.4773,0.800442
volume,6,6,seasonal_naive_daily,20,3850,48.304,0.769703
volume,6,6,seasonal_naive_daily,21,3850,46.4284,0.74272
volume,6,6,seasonal_naive_daily,22,3850,46.398,0.749029
volume,6,6,seasonal_naive_daily,23,3850,49.6528,0.755052
volume,6,6,seasonal_naive_weekly,0,3850,119.515,1.20257
volume,6,6,seasonal_naive_weekly,1,3850,125.032,1.21601
volume,6,6,seasonal_naive_weekly,2,3850,120.44,1.20456
volume,6,6,seasonal_naive_weekly,3,3850,117.122,1.19793
volume,6,6,seasonal_naive_weekly,4,3850,114.156,1.19254
volume,6,6,seasonal_naive_weekly,5,3850,117.801,1.21007
volume,6,6,seasonal_naive_weekly,6,3850,123.561,1.21117
volume,6,6,seasonal_naive_weekly,7,3850,117.415,1.19911
volume,6,6,seasonal_naive_weekly,8,3850,90.512,1.14395
volume,6,6,seasonal_naive_weekly,9,3850,74.9281,1.14338
volume,6,6,seasonal_naive_weekly,10,3850,70.7141,1.13118
volume,6,6,seasonal_naive_weekly,11,3850,71.8409,1.11833
volume,6,6,seasonal_naive_weekly,12,3850,85.3073,1.13272
volume,6,6,seasonal_naive_weekly,13,3850,86.1661,1.15161
volume,6,6,seasonal_naive_weekly,14,3850,87.3784,1.13386
volume,6,6,seasonal_naive_weekly,15,3850,80.0553,1.07486
volume,6,6,seasonal_naive_weekly,16,3850,80.7046,1.05824
volume,6,6,seasonal_naive_weekly,17,3850,87.0231,1.05891
volume,6,6,seasonal_naive_weekly,18,3850,88.2459,1.0665
volume,6,6,seasonal_naive_weekly,19,3850,82.4611,1.07527
volume,6,6,seasonal_naive_weekly,20,3850,70.9588,1.0662
volume,6,6,seasonal_naive_weekly,21,3850,69.1353,1.06294
volume,6,6,seasonal_naive_weekly,22,3850,72.3846,1.07828
volume,6,6,seasonal_naive_weekly,23,3850,76.673,1.09446
volume,6,6,autoregressive,0,3850,59.3284,0.72769
volume,6,6,autoregressive,1,3850,55.2882,0.681557
volume,6,6,autoregressive,2,3850,56.835,0.650513
volume,6,6,autoregressive,3,3850,55.0815,0.61132
volume,6,6,autoregressive,4,3850,49.7232,0.572548
volume,6,6,autoregressive,5,3850,52.2822,0.591082
volume,6,6,autoregressive,6,3850,52.0167,0.574451
volume,6,6,autoregressive,7,3850,54.5256,0.626272
volume,6,6,autoregressive,8,3850,52.0535,0.731876
volume,6,6,autoregressive,9,3850,50.3615,0.819717
volume,6,6,autoregressive,10,3850,52.5254,0.86305
volume,6,6,autoregressive,11,3850,53.3899,0.877474
volume,6,6,autoregressive,12,3850,62.2812,0.885882
volume,6,6,autoregressive,13,3850,59.113,0.903967
volume,6,6,autoregressive,14,3850,66.5753,0.818018
volume,6,6,autoregressive,15,3850,61.4859,0.749471
volume,6,6,autoregressive,16,3850,58.5848,0.737346
volume,6,6,autoregressive,17,3850,61.0476,0.736863
volume,6,6,autoregressive,18,3850,61.2449,0.726916
volume,6,6,autoregressive,19,3850,56.3931,0.74472
volume,6,6,autoregressive,20,3850,46.5268,0.72043
volume,6,6,autoregressive,21,3850,45.1346,0.715015
volume,6,6,autoregressive,22,3850,45.52,0.719223
volume,6,6,autoregressive,23,3850,50.0842,0.718592
volume,6,6,zone_ridge,0,3850,80.4432,0.895675
volume,6,6,zone_ridge,1,3850,84.1153,0.847279
volume,6,6,zone_ridge,2,3850,72.4945,0.799208
volume,6,6,zone_ridge,3,3850,78.2184,0.780824
volume,6,6,zone_ridge,4,3850,76.272,0.756682
volume,6,6,zone_ridge,5,3850,80.2377,0.783407
volume,6,6,zone_ridge,6,3850,101.692,0.836396
volume,6,6,zone_ridge,7,3850,98.3056,0.778833
volume,6,6,zone_ridge,8,3850,59.1008,0.719852
volume,6,6,zone_ridge,9,3850,80.6736,0.862145
volume,6,6,zone_ridge,10,3850,90.8647,0.93237
volume,6,6,zone_ridge,11,3850,78.0604,0.895921
volume,6,6,zone_ridge,12,3850,69.074,0.833771
volume,6,6,zone_ridge,13,3850,63.6285,0.808964
volume,6,6,zone_ridge,14,3850,72.4326,0.767284
volume,6,6,zone_ridge,15,3850,69.9476,0.712245
volume,6,6,zone_ridge,16,3850,65.2383,0.735597
volume,6,6,zone_ridge,17,3850,71.6604,0.776651
volume,6,6,zone_ridge,18,3850,72.5343,0.756845
volume,6,6,zone_ridge,19,3850,76.572,0.763492
volume,6,6,zone_ridge,20,3850,58.1464,0.767193
volume,6,6,zone_ridge,21,3850,56.951,0.801598
volume,6,6,zone_ridge,22,3850,58.4411,0.836629
volume,6,6,zone_ridge,23,3850,63.395,0.864248
volume,6,6,zone_gbm,0,3850,86.5317,0.870341
volume,6,6,zone_gbm,1,3850,88.8721,0.846605
volume,6,6,zone_gbm,2,3850,91.016,0.818465
volume,6,6,zone_gbm,3,3850,89.5825,0.774449
volume,6,6,zone_gbm,4,3850,83.8297,0.713532
volume,6,6,zone_gbm,5,3850,86.8107,0.69839
volume,6,6,zone_gbm,6,3850,89.0306,0.661959
volume,6,6,zone_gbm,7,3850,82.9936,0.649917
volume,6,6,zone_gbm,8,3850,60.2543,0.68999
volume,6,6,zone_gbm,9,3850,55.7438,0.751284
volume,6,6,zone_gbm,10,3850,64.3701,0.808846
volume,6,6,zone_gbm,11,3850,64.7438,0.813944
volume,6,6,zone_gbm,12,3850,86.0674,0.837246
volume,6,6,zone_gbm,13,3850,61.1433,0.790839
volume,6,6,zone_gbm,14,3850,71.9628,0.79566
volume,6,6,zone_gbm,15,3850,69.3631,0.753076
volume,6,6,zone_gbm,16,3850,67.9487,0.741464
volume,6,6,zone_gbm,17,3850,72.9851,0.749215
volume,6,6,zone_gbm,18,3850,75.5003,0.756935
volume,6,6,zone_gbm,19,3850,71.4611,0.803892
volume,6,6,zone_gbm,20,3850,56.4735,0.787879
volume,6,6,zone_gbm,21,3850,53.475,0.801393
volume,6,6,zone_gbm,22,3850,55.2747,0.819775
volume,6,6,zone_gbm,23,3850,58.0244,0.844152
volume,6,6,global_ridge,0,3850,176.146,7.26111
volume,6,6,global_ridge,1,3850,178.735,6.55429
volume,6,6,global_ridge,2,3850,156.331,6.18281
volume,6,6,global_ridge,3,3850,151.263,5.32728
volume,6,6,global_ridge,4,3850,138.173,4.23956
volume,6,6,global_ridge,5,3850,127.489,3.20803
volume,6,6,global_ridge,6,3850,132.929,2.22577
volume,6,6,global_ridge,7,3850,107.107,1.43159
volume,6,6,global_ridge,8,3850,77.2425,1.25362
volume,6,6,global_ridge,9,3850,81.6683,1.45218
volume,6,6,global_ridge,10,3850,104.858,1.6073
volume,6,6,global_ridge,11,3850,110.804,1.65734
volume,6,6,global_ridge,12,3850,85.7494,1.63541
volume,6,6,global_ridge,13,3850,79.8762,1.72007
volume,6,6,global_ridge,14,3850,89.2826,1.68249
volume,6,6,global_ridge,15,3850,79.3311,1.47922
volume,6,6,global_ridge,16,3850,85.1038,1.48105
volume,6,6,global_ridge,17,3850,95.464,1.54295
volume,6,6,global_ridge,18,3850,104.005,1.49648
volume,6,6,global_ridge,19,3850,107.094,1.48043
volume,6,6,global_ridge,20,3850,98.3068,1.57312
volume,6,6,global_ridge,21,3850,98.0525,1.71912
volume,6,6,global_ridge,22,3850,103.39,1.83228
volume,6,6,global_ridge,23,3850,105.184,1.9615
volume,6,6,global_gbm,0,3850,63.784,0.922066
volume,6,6,global_gbm,1,3850,63.6686,0.852923
volume,6,6,global_gbm,2,3850,64.4289,0.830732
volume,6,6,global_gbm,3,3850,62.8593,0.80154
volume,6,6,global_gbm,4,3850,62.096,0.774432
volume,6,6,global_gbm,5,3850,57.255,0.769689
volume,6,6,global_gbm,6,3850,59.6653,0.737224
volume,6,6,global_gbm,7,3850,62.0425,0.742594
volume,6,6,global_gbm,8,3850,56.3689,0.765021
volume,6,6,global_gbm,9,3850,63.4448,0.945973
volume,6,6,global_gbm,10,3850,70.4727,1.0357
volume,6,6,global_gbm,11,3850,66.8787,1.05782
volume,6,6,global_gbm,12,3850,72.5683,1.0264
volume,6,6,global_gbm,13,3850,63.9911,0.982471
volume,6,6,global_gbm,14,3850,70.5815,0.88222
volume,6,6,global_gbm,15,3850,63.8421,0.813743
volume,6,6,global_gbm,16,3850,61.2808,0.835413
volume,6,6,global_gbm,17,3850,62.1258,0.824057
volume,6,6,global_gbm,18,3850,62.0067,0.750481
volume,6,6,global_gbm,19,3850,58.2838,0.774814
volume,6,6,global_gbm,20,3850,49.4851,0.788574
volume,6,6,global_gbm,21,3850,47.0228,0.851291
volume,6,6,global_gbm,22,3850,48.3981,0.932475
volume,6,6,global_gbm,23,3850,51.8172,0.942995
volume,6,7,last_observation,0,3850,200.879,1.57548
volume,6,7,last_observation,1,3850,214.662,1.319
volume,6,7,last_observation,2,3850,181.635,1.08428
volume,6,7,last_observation,3,3850,164.063,0.87147
volume,6,7,last_observation,4,3850,159.415,0.70024
volume,6,7,last_observation,5,3850,152.679,0.567028
volume,6,7,last_observation,6,3850,78.2041,0.375709
volume,6,7,last_observation,7,3850,80.6749,0.583569
volume,6,7,last_observation,8,3850,130.032,1.17184
volume,6,7,last_observation,9,3850,180.307,1.59081
volume,6,7,last_observation,10,3850,213.664,1.80092
volume,6,7,last_observation,11,3850,224.641,1.87153
volume,6,7,last_observation,12,3850,218.899,1.82797
volume,6,7,last_observation,13,3850,168.159,1.4582
volume,6,7,last_observation,14,3850,115.382,0.984459
volume,6,7,last_observation,15,3850,78.9293,0.732794
volume,6,7,last_observation,16,3850,78.9709,0.659096
volume,6,7,last_observation,17,3850,83.4289,0.657496
volume,6,7,last_observation,18,3850,74.2951,0.758049
volume,6,7,last_observation,19,3850,101.415,1.02612
volume,6,7,last_observation,20,3850,98.4602,1.21387
volume,6,7,last_observation,21,3850,109.595,1.39592
volume,6,7,last_observation,22,3850,110.014,1.5115
volume,6,7,last_observation,23,3850,123.247,1.55299
volume,6,7,seasonal_naive_daily,0,3850,52.6072,0.732725
volume,6,7,seasonal_naive_daily,1,3850,51.3992,0.733856
volume,6,7,seasonal_naive_daily,2,3850,58.8672,0.795151
volume,6,7,seasonal_naive_daily,3,3850,55.747,0.786788
volume,6,7,seasonal_naive_daily,4,3850,54.6272,0.767495
volume,6,7,seasonal_naive_daily,5,3850,56.5806,0.78814
volume,6,7,seasonal_naive_daily,6,3850,52.5577,0.772078
volume,6,7,seasonal_naive_daily,7,3850,60.7331,0.797125
volume,6,7,seasonal_naive_daily,8,3850,58.7657,0.820362
volume,6,7,seasonal_naive_daily,9,3850,56.0776,0.856555
volume,6,7,seasonal_naive_daily,10,3850,57.0832,0.839597
volume,6,7,seasonal_naive_daily,11,3850,58.6037,0.820779
volume,6,7,seasonal_naive_daily,12,3850,65.4232,0.845473
volume,6,7,seasonal_naive_daily,13,3850,61.4255,0.807984
volume,6,7,seasonal_naive_daily,14,3850,64.4868,0.791139
volume,6,7,seasonal_naive_daily,15,3850,64.0944,0.787503
volume,6,7,seasonal_naive_daily,16,3850,61.6408,0.778826
volume,6,7,seasonal_naive_daily,17,3850,63.0236,0.772972
volume,6,7,seasonal_naive_daily,18,3850,64.3064,0.748161
volume,6,7,seasonal_naive_daily,19,3850,58.271,0.734602
volume,6,7,seasonal_naive_daily,20,3850,48.1133,0.717472
volume,6,7,seasonal_naive_daily,21,3850,47.1348,0.6911
volume,6,7,seasonal_naive_daily,22,3850,45.8787,0.690382
volume,6,7,seasonal_naive_daily,23,3850,46.9145,0.70417
volume,6,7,seasonal_naive_weekly,0,3850,64.4856,0.990963
volume,6,7,seasonal_naive_weekly,1,3850,65.5038,0.989068
volume,6,7,seasonal_naive_weekly,2,3850,69.8924,1.01216
volume,6,7,seasonal_naive_weekly,3,3850,65.0754,0.996352
volume,6,7,seasonal_naive_weekly,4,3850,64.0234,0.985088
volume,6,7,seasonal_naive_weekly,5,3850,63.2054,0.959846
volume,6,7,seasonal_naive_weekly,6,3850,58.5405,0.916107
volume,6,7,seasonal_naive_weekly,7,3850,62.0464,0.917206
volume,6,7,seasonal_naive_weekly,8,3850,57.7417,0.911649
volume,6,7,seasonal_naive_weekly,9,3850,55.4508,0.935181
volume,6,7,seasonal_naive_weekly,10,3850,54.5821,0.931844
volume,6,7,seasonal_naive_weekly,11,3850,57.9259,0.93341
volume,6,7,seasonal_naive_weekly,12,3850,66.1024,0.952679
volume,6,7,seasonal_naive_weekly,13,3850,61.8388,0.945712
volume,6,7,seasonal_naive_weekly,14,3850,68.9599,0.945204
volume,6,7,seasonal_naive_weekly,15,3850,68.8356,0.937611
volume,6,7,seasonal_naive_weekly,16,3850,69.5962,0.930321
volume,6,7,seasonal_naive_weekly,17,3850,71.9025,0.931826
volume,6,7,seasonal_naive_weekly,18,3850,75.1704,0.954858
volume,6,7,seasonal_naive_weekly,19,3850,70.3406,0.970999
volume,6,7,seasonal_naive_weekly,20,3850,56.2418,0.9511
volume,6,7,seasonal_naive_weekly,21,3850,53.3277,0.929668
volume,6,7,seasonal_naive_weekly,22,3850,52.8465,0.943692
volume,6,7,seasonal_naive_weekly,23,3850,55.4574,0.963248
volume,6,7,autoregressive,0,3850,55.2278,0.671584
volume,6,7,autoregressive,1,3850,50.1831,0.622377
volume,6,7,autoregressive,2,3850,54.5579,0.638281
volume,6,7,autoregressive,3,3850,52.7634,0.608786
volume,6,7,autoregressive,4,3850,49.7498,0.566732
volume,6,7,autoregressive,5,3850,53.4032,0.560672
volume,6,7,autoregressive,6,3850,48.4071,0.556035
volume,6,7,autoregressive,7,3850,55.3574,0.580603
volume,6,7,autoregressive,8,3850,52.5631,0.69354
volume,6,7,autoregressive,9,3850,52.0537,0.775763
volume,6,7,autoregressive,10,3850,56.5602,0.788802
volume,6,7,autoregressive,11,3850,57.8427,0.790936
volume,6,7,autoregressive,12,3850,64.7047,0.820715
volume,6,7,autoregressive,13,3850,56.9291,0.733954
volume,6,7,autoregressive,14,3850,61.8678,0.669466
volume,6,7,autoregressive,15,3850,57.4615,0.629206
volume,6,7,autoregressive,16,3850,55.0777,0.616233
volume,6,7,autoregressive,17,3850,58.3867,0.612434
volume,6,7,autoregressive,18,3850,59.197,0.622509
volume,6,7,autoregressive,19,3850,58.9297,0.659474
volume,6,7,autoregressive,20,3850,44.6715,0.649523
volume,6,7,autoregressive,21,3850,44.6832,0.658562
volume,6,7,autoregressive,22,3850,44.0118,0.665483
volume,6,7,autoregressive,23,3850,46.5377,0.668479
volume,6,7,zone_ridge,0,3850,74.0125,0.806999
volume,6,7,zone_ridge,1,3850,83.469,0.758807
volume,6,7,zone_ridge,2,3850,64.5117,0.716051
volume,6,7,zone_ridge,3,3850,68.0088,0.692669
volume,6,7,zone_ridge,4,3850,65.5301,0.65454
volume,6,7,zone_ridge,5,3850,71.579,0.679032
volume,6,7,zone_ridge,6,3850,87.5776,0.747937
volume,6,7,zone_ridge,7,3850,85.3085,0.67353
volume,6,7,zone_ridge,8,3850,51.6707,0.658625
volume,6,7,zone_ridge,9,3850,73.0071,0.803894
volume,6,7,zone_ridge,10,3850,86.373,0.858767
volume,6,7,zone_ridge,11,3850,74.3021,0.837818
volume,6,7,zone_ridge,12,3850,67.3284,0.833349
volume,6,7,zone_ridge,13,3850,63.5766,0.793802
volume,6,7,zone_ridge,14,3850,67.9952,0.752544
volume,6,7,zone_ridge,15,3850,64.7792,0.682869
volume,6,7,zone_ridge,16,3850,62.339,0.67437
volume,6,7,zone_ridge,17,3850,68.9246,0.686744
volume,6,7,zone_ridge,18,3850,72.5342,0.673143
volume,6,7,zone_ridge,19,3850,75.5744,0.68599
volume,6,7,zone_ridge,20,3850,54.9729,0.690971
volume,6,7,zone_ridge,21,3850,56.9612,0.710214
volume,6,7,zone_ridge,22,3850,53.5528,0.733677
volume,6,7,zone_ridge,23,3850,56.1616,0.768738
volume,6,7,zone_gbm,0,3850,51.4534,0.661849
volume,6,7,zone_gbm,1,3850,48.9094,0.629815
volume,6,7,zone_gbm,2,3850,54.5678,0.64444
volume,6,7,zone_gbm,3,3850,49.2174,0.604363
volume,6,7,zone_gbm,4,3850,48.9355,0.559142
volume,6,7,zone_gbm,5,3850,54.2021,0.536411
volume,6,7,zone_gbm,6,3850,52.0648,0.502423
volume,6,7,zone_gbm,7,3850,54.5956,0.527252
volume,6,7,zone_gbm,8,3850,52.778,0.590778
volume,6,7,zone_gbm,9,3850,47.0823,0.648781
volume,6,7,zone_gbm,10,3850,51.3477,0.672392
volume,6,7,zone_gbm,11,3850,51.3012,0.68736
volume,6,7,zone_gbm,12,3850,63.593,0.721786
volume,6,7,zone_gbm,13,3850,58.8308,0.692422
volume,6,7,zone_gbm,14,3850,60.474,0.667422
volume,6,7,zone_gbm,15,3850,57.9198,0.650567
volume,6,7,zone_gbm,16,3850,58.302,0.636139
volume,6,7,zone_gbm,17,3850,61.0572,0.629525
volume,6,7,zone_gbm,18,3850,64.5284,0.635267
volume,6,7,zone_gbm,19,3850,58.8312,0.661321
volume,6,7,zone_gbm,20,3850,48.0591,0.66005
volume,6,7,zone_gbm,21,3850,45.4409,0.653608
volume,6,7,zone_gbm,22,3850,42.9753,0.65539
volume,6,7,zone_gbm,23,3850,45.1777,0.677983
volume,6,7,global_ridge,0,3850,187.595,7.49738
volume,6,7,global_ridge,1,3850,195.832,6.88307
volume,6,7,global_ridge,2,3850,163.994,6.38637
volume,6,7,global_ridge,3,3850,150.314,5.51266
volume,6,7,global_ridge,4,3850,137.632,4.42341
volume,6,7,global_ridge,5,3850,127.549,3.41154
volume,6,7,global_ridge,6,3850,129.206,2.41859
volume,6,7,global_ridge,7,3850,107.284,1.50676
volume,6,7,global_ridge,8,3850,76.6156,1.24332
volume,6,7,global_ridge,9,3850,79.4954,1.55185
volume,6,7,global_ridge,10,3850,108.815,1.73231
volume,6,7,global_ridge,11,3850,116.706,1.79602
volume,6,7,global_ridge,12,3850,86.9593,1.80087
volume,6,7,global_ridge,13,3850,83.4283,1.8485
volume,6,7,global_ridge,14,3850,91.0381,1.82644
volume,6,7,global_ridge,15,3850,84.2336,1.61604
volume,6,7,global_ridge,16,3850,87.8412,1.60734
volume,6,7,global_ridge,17,3850,99.917,1.68124
volume,6,7,global_ridge,18,3850,106.335,1.61652
volume,6,7,global_ridge,19,3850,113.875,1.65937
volume,6,7,global_ridge,20,3850,102.952,1.75811
volume,6,7,global_ridge,21,3850,108.8,1.89457
volume,6,7,global_ridge,22,3850,114.415,2.02863
volume,6,7,global_ridge,23,3850,112.614,2.16345
volume,6,7,global_gbm,0,3850,56.2352,0.839738
volume,6,7,global_gbm,1,3850,50.7742,0.761188
volume,6,7,global_gbm,2,3850,55.4165,0.787226
volume,6,7,global_gbm,3,3850,50.8234,0.752397
volume,6,7,global_gbm,4,3850,51.569,0.725678
volume,6,7,global_gbm,5,3850,53.5527,0.720196
volume,6,7,global_gbm,6,3850,52.6234,0.700816
volume,6,7,global_gbm,7,3850,55.675,0.674553
volume,6,7,global_gbm,8,3850,53.3134,0.757588
volume,6,7,global_gbm,9,3850,53.5639,0.895856
volume,6,7,global_gbm,10,3850,59.6251,0.958234
volume,6,7,global_gbm,11,3850,57.8153,0.975651
volume,6,7,global_gbm,12,3850,66.7234,0.991093
volume,6,7,global_gbm,13,3850,59.8476,0.873433
volume,6,7,global_gbm,14,3850,60.9745,0.766049
volume,6,7,global_gbm,15,3850,59.6595,0.741072
volume,6,7,global_gbm,16,3850,59.2358,0.762915
volume,6,7,global_gbm,17,3850,61.4012,0.759939
volume,6,7,global_gbm,18,3850,63.1453,0.697571
volume,6,7,global_gbm,19,3850,57.8096,0.710487
volume,6,7,global_gbm,20,3850,48.4916,0.750281
volume,6,7,global_gbm,21,3850,45.9465,0.79868
volume,6,7,global_gbm,22,3850,45.8629,0.875784
volume,6,7,global_gbm,23,3850,49.6283,0.904687
volume,24,0,last_observation,0,3850,63.931,0.983138
volume,24,0,last_observation,1,3850,66.6379,0.982792
volume,24,0,last_observation,2,3850,75.3573,1.00716
volume,24,0,last_observation,3,3850,74.7468,1.00132
volume,24,0,last_observation,4,3850,74.944,1.00055
volume,24,0,last_observation,5,3850,69.9253,0.989791
volume,24,0,last_observation,6,3850,66.9356,0.980529
volume,24,0,last_observation,7,3850,76.0997,1.0016
volume,24,0,last_observation,8,3850,70.2304,1.0733
volume,24,0,last_observation,9,3850,69.7536,1.16155
volume,24,0,last_observation,10,3850,65.7207,1.17224
volume,24,0,last_observation,11,3850,65.202,1.14867
volume,24,0,last_observation,12,3850,80.6468,1.18475
volume,24,0,last_observation,13,3850,68.6937,1.12877
volume,24,0,last_observation,14,3850,63.5702,1.11341
volume,24,0,last_observation,15,3850,63.156,1.09227
volume,24,0,last_observation,16,3850,67.313,1.08822
volume,24,0,last_observation,17,3850,66.3465,1.06036
volume,24,0,last_observation,18,3850,63.6159,0.993954
volume,24,0,last_observation,19,3850,59.4847,0.956051
volume,24,0,last_observation,20,3850,57.7102,0.964373
volume,24,0,last_observation,21,3850,58.8061,0.980473
volume,24,0,last_observation,22,3850,56.6475,0.976624
volume,24,0,last_observation,23,3850,61.7884,1.00467
volume,24,0,seasonal_naive_daily,0,3850,63.931,0.983138
volume,24,0,seasonal_naive_daily,1,3850,66.6379,0.982792
volume,24,0,seasonal_naive_daily,2,3850,75.3573,1.00716
volume,24,0,seasonal_naive_daily,3,3850,74.7468,1.00132
volume,24,0,seasonal_naive_daily,4,3850,74.944,1.00055
volume,24,0,seasonal_naive_daily,5,3850,69.9253,0.989791
volume,24,0,seasonal_naive_daily,6,3850,66.9356,0.980529
volume,24,0,seasonal_naive_daily,7,3850,76.0997,1.0016
volume,24,0,seasonal_naive_daily,8,3850,70.2304,1.0733
volume,24,0,seasonal_naive_daily,9,3850,69.7536,1.16155
volume,24,0,seasonal_naive_daily,10,3850,65.7207,1.17224
volume,24,0,seasonal_naive_daily,11,3850,65.202,1.14867
volume,24,0,seasonal_naive_daily,12,3850,80.6468,1.18475
volume,24,0,seasonal_naive_daily,13,3850,68.6937,1.12877
volume,24,0,seasonal_naive_daily,14,3850,63.5702,1.11341
volume,24,0,seasonal_naive_daily,15,3850,63.156,1.09227
volume,24,0,seasonal_naive_daily,16,3850,67.313,1.08822
volume,24,0,seasonal_naive_daily,17,3850,66.3465,1.06036
volume,24,0,seasonal_naive_daily,18,3850,63.6159,0.993954
volume,24,0,seasonal_naive_daily,19,3850,59.4847,0.956051
volume,24,0,seasonal_naive_daily,20,3850,57.7102,0.964373
volume,24,0,seasonal_naive_daily,21,3850,58.8061,0.980473
volume,24,0,seasonal_naive_daily,22,3850,56.6475,0.976624
volume,24,0,seasonal_naive_daily,23,3850,61.7884,1.00467
volume,24,0,seasonal_naive_weekly,0,3850,85.2864,1.22285
volume,24,0,seasonal_naive_weekly,1,3850,83.5219,1.13738
volume,24,0,seasonal_naive_weekly,2,3850,87.5042,1.14481
volume,24,0,seasonal_naive_weekly,3,3850,93.2412,1.14704
volume,24,0,seasonal_naive_weekly,4,3850,91.4746,1.13772
volume,24,0,seasonal_naive_weekly,5,3850,88.6033,1.13801
volume,24,0,seasonal_naive_weekly,6,3850,78.3633,1.10256
volume,24,0,seasonal_naive_weekly,7,3850,81.1332,1.03957
volume,24,0,seasonal_naive_weekly,8,3850,68.0414,0.986489
volume,24,0,seasonal_naive_weekly,9,3850,64.7676,1.02397
volume,24,0,seasonal_naive_weekly,10,3850,63.8979,1.03805
volume,24,0,seasonal_naive_weekly,11,3850,63.3835,1.03448
volume,24,0,seasonal_naive_weekly,12,3850,78.9857,1.07236
volume,24,0,seasonal_naive_weekly,13,3850,70.0444,1.04623
volume,24,0,seasonal_naive_weekly,14,3850,66.6513,1.01858
volume,24,0,seasonal_naive_weekly,15,3850,63.4379,1.0068
volume,24,0,seasonal_naive_weekly,16,3850,69.3294,1.01748
volume,24,0,seasonal_naive_weekly,17,3850,72.3763,1.00677
volume,24,0,seasonal_naive_weekly,18,3850,67.8469,1.00537
volume,24,0,seasonal_naive_weekly,19,3850,64.653,1.04035
volume,24,0,seasonal_naive_weekly,20,3850,58.6846,1.07091
volume,24,0,seasonal_naive_weekly,21,3850,59.2758,1.09084
volume,24,0,seasonal_naive_weekly,22,3850,59.0014,1.08453
volume,24,0,seasonal_naive_weekly,23,3850,64.6199,1.07101
volume,24,0,autoregressive,0,3850,62.6103,0.868249
volume,24,0,autoregressive,1,3850,61.817,0.872661
volume,24,0,autoregressive,2,3850,65.243,0.880963
volume,24,0,autoregressive,3,3850,67.2547,0.886909
volume,24,0,autoregressive,4,3850,69.1987,0.886892
volume,24,0,autoregressive,5,3850,63.6197,0.872622
volume,24,0,autoregressive,6,3850,64.1734,0.879756
volume,24,0,autoregressive,7,3850,71.7795,0.877863
volume,24,0,autoregressive,8,3850,64.0128,0.937544
volume,24,0,autoregressive,9,3850,63.347,1.03701
volume,24,0,autoregressive,10,3850,60.6437,1.04424
volume,24,0,autoregressive,11,3850,63.476,1.0269
volume,24,0,autoregressive,12,3850,70.7118,1.04002
volume,24,0,autoregressive,13,3850,62.3681,0.995896
volume,24,0,autoregressive,14,3850,59.7131,0.974615
volume,24,0,autoregressive,15,3850,59.66,0.962534
volume,24,0,autoregressive,16,3850,61.6781,0.958856
volume,24,0,autoregressive,17,3850,63.3556,0.93374
volume,24,0,autoregressive,18,3850,58.7853,0.858147
volume,24,0,autoregressive,19,3850,54.6859,0.817765
volume,24,0,autoregressive,20,3850,53.9523,0.832711
volume,24,0,autoregressive,21,3850,54.0579,0.83688
volume,24,0,autoregressive,22,3850,50.7549,0.837101
volume,24,0,autoregressive,23,3850,64.7439,0.86546
volume,24,0,zone_ridge,0,3850,63.9276,0.919753
volume,24,0,zone_ridge,1,3850,63.8967,0.930708
volume,24,0,zone_ridge,2,3850,65.006,0.934385
volume,24,0,zone_ridge,3,3850,65.9462,0.942145
volume,24,0,zone_ridge,4,3850,68,0.949574
volume,24,0,zone_ridge,5,3850,65.8782,0.954237
volume,24,0,zone_ridge,6,3850,70.1974,0.983378
volume,24,0,zone_ridge,7,3850,72.1336,0.921988
volume,24,0,zone_ridge,8,3850,62.859,0.907106
volume,24,0,zone_ridge,9,3850,62.7632,0.998639
volume,24,0,zone_ridge,10,3850,60.8701,1.00563
volume,24,0,zone_ridge,11,3850,63.9184,0.992839
volume,24,0,zone_ridge,12,3850,72.7263,1.01643
volume,24,0,zone_ridge,13,3850,61.7223,0.96656
volume,24,0,zone_ridge,14,3850,59.87,0.934112
volume,24,0,zone_ridge,15,3850,57.7143,0.917807
volume,24,0,zone_ridge,16,3850,58.1438,0.914286
volume,24,0,zone_ridge,17,3850,59.1137,0.887172
volume,24,0,zone_ridge,18,3850,57.0041,0.844592
volume,24,0,zone_ridge,19,3850,56.4208,0.861285
volume,24,0,zone_ridge,20,3850,56.4794,0.902198
volume,24,0,zone_ridge,21,3850,54.6847,0.912181
volume,24,0,zone_ridge,22,3850,53.4849,0.937523
volume,24,0,zone_ridge,23,3850,60.3513,0.923737
volume,24,0,zone_gbm,0,3850,64.5038,1.11678
volume,24,0,zone_gbm,1,3850,69.4924,1.14635
volume,24,0,zone_gbm,2,3850,73.553,1.159
volume,24,0,zone_gbm,3,3850,73.9906,1.16903
volume,24,0,zone_gbm,4,3850,74.1036,1.16467
volume,24,0,zone_gbm,5,3850,69.8083,1.15727
volume,24,0,zone_gbm,6,3850,68.6649,1.12656
volume,24,0,zone_gbm,7,3850,68.0907,1.03228
volume,24,0,zone_gbm,8,3850,57.4872,0.948807
volume,24,0,zone_gbm,9,3850,57.2241,0.989407
volume,24,0,zone_gbm,10,3850,54.1376,0.993788
volume,24,0,zone_gbm,11,3850,54.1189,1.00525
volume,24,0,zone_gbm,12,3850,66.8216,1.03666
volume,24,0,zone_gbm,13,3850,57.4112,0.98341
volume,24,0,zone_gbm,14,3850,55.409,0.951678
volume,24,0,zone_gbm,15,3850,53.9711,0.935139
volume,24,0,zone_gbm,16,3850,54.494,0.942997
volume,24,0,zone_gbm,17,3850,56.7054,0.930783
volume,24,0,zone_gbm,18,3850,55.699,0.925365
volume,24,0,zone_gbm,19,3850,53.6816,0.968296
volume,24,0,zone_gbm,20,3850,53.116,0.991543
volume,24,0,zone_gbm,21,3850,52.3772,1.01507
volume,24,0,zone_gbm,22,3850,54.4431,1.04641
volume,24,0,zone_gbm,23,3850,57.069,1.04158
volume,24,0,global_ridge,0,3850,62.641,0.996996
volume,24,0,global_ridge,1,3850,61.7464,0.987469
volume,24,0,global_ridge,2,3850,64.0662,0.994274
volume,24,0,global_ridge,3,3850,65.9678,1.00404
volume,24,0,global_ridge,4,3850,66.6021,1.01752
volume,24,0,global_ridge,5,3850,65.0864,1.0286
volume,24,0,global_ridge,6,3850,64.7075,1.03188
volume,24,0,global_ridge,7,3850,70.3191,1.01228
volume,24,0,global_ridge,8,3850,64.2805,1.03602
volume,24,0,global_ridge,9,3850,62.3076,1.1411
volume,24,0,global_ridge,10,3850,59.595,1.15611
volume,24,0,global_ridge,11,3850,61.9094,1.19472
volume,24,0,global_ridge,12,3850,74.1531,1.17855
volume,24,0,global_ridge,13,3850,62.2987,1.11506
volume,24,0,global_ridge,14,3850,59.9145,1.12951
volume,24,0,global_ridge,15,3850,59.1619,1.10243
volume,24,0,global_ridge,16,3850,61.2084,1.10775
volume,24,0,global_ridge,17,3850,62.3981,1.04681
volume,24,0,global_ridge,18,3850,59.8696,1.01948
volume,24,0,global_ridge,19,3850,55.8756,1.01787
volume,24,0,global_ridge,20,3850,53.7721,1.01523
volume,24,0,global_ridge,21,3850,53.4691,1.06301
volume,24,0,global_ridge,22,3850,53.2862,1.13255
volume,24,0,global_ridge,23,3850,62.5136,1.16734
volume,24,0,global_gbm,0,3850,59.5587,0.925917
volume,24,0,global_gbm,1,3850,63.1378,0.936046
volume,24,0,global_gbm,2,3850,63.3435,0.942757
volume,24,0,global_gbm,3,3850,64.9816,0.946307
volume,24,0,global_gbm,4,3850,67.785,0.948568
volume,24,0,global_gbm,5,3850,66.0892,0.942066
volume,24,0,global_gbm,6,3850,64.5338,0.940722
volume,24,0,global_gbm,7,3850,68.1064,0.924983
volume,24,0,global_gbm,8,3850,60.6298,0.975631
volume,24,0,global_gbm,9,3850,61.566,1.07725
volume,24,0,global_gbm,10,3850,57.2567,1.0811
volume,24,0,global_gbm,11,3850,61.3815,1.07047
volume,24,0,global_gbm,12,3850,68.9639,1.09052
volume,24,0,global_gbm,13,3850,60.2167,1.05229
volume,24,0,global_gbm,14,3850,59.7719,1.02734
volume,24,0,global_gbm,15,3850,57.431,1.00403
volume,24,0,global_gbm,16,3850,58.5649,1.00298
volume,24,0,global_gbm,17,3850,59.1508,0.994306
volume,24,0,global_gbm,18,3850,55.7787,0.912973
volume,24,0,global_gbm,19,3850,52.1673,0.865869
volume,24,0,global_gbm,20,3850,49.655,0.874662
volume,24,0,global_gbm,21,3850,49.9271,0.894252
volume,24,0,global_gbm,22,3850,48.9054,0.907807
volume,24,0,global_gbm,23,3850,56.2577,0.932066
volume,24,1,last_observation,0,3850,66.073,0.965978
volume,24,1,last_observation,1,3850,63.4636,0.968892
volume,24,1,last_observation,2,3850,67.5541,0.965988
volume,24,1,last_observation,3,3850,64.5177,0.953399
volume,24,1,last_observation,4,3850,63.2827,0.951677
volume,24,1,last_observation,5,3850,59.3761,0.946002
volume,24,1,last_observation,6,3850,59.0229,0.947226
volume,24,1,last_observation,7,3850,67.1119,0.98404
volume,24,1,last_observation,8,3850,65.4446,1.0652
volume,24,1,last_observation,9,3850,60.3345,1.12207
volume,24,1,last_observation,10,3850,61.1551,1.14313
volume,24,1,last_observation,11,3850,64.0402,1.1431
volume,24,1,last_observation,12,3850,80.3187,1.16589
volume,24,1,last_observation,13,3850,73.7563,1.15286
volume,24,1,last_observation,14,3850,73.2726,1.13053
volume,24,1,last_observation,15,3850,70.3175,1.08433
volume,24,1,last_observation,16,3850,71.7393,1.07836
volume,24,1,last_observation,17,3850,72.4532,1.05417
volume,24,1,last_observation,18,3850,71.2351,1.01162
volume,24,1,last_observation,19,3850,61.9114,0.96042
volume,24,1,last_observation,20,3850,57.0481,0.932563
volume,24,1,last_observation,21,3850,54.6091,0.933938
volume,24,1,last_observation,22,3850,55.3128,0.939227
volume,24,1,last_observation,23,3850,53.6476,0.941032
volume,24,1,seasonal_naive_daily,0,3850,66.073,0.965978
volume,24,1,seasonal_naive_daily,1,3850,63.4636,0.968892
volume,24,1,seasonal_naive_daily,2,3850,67.5541,0.965988
volume,24,1,seasonal_naive_daily,3,3850,64.5177,0.953399
volume,24,1,seasonal_naive_daily,4,3850,63.2827,0.951677
volume,24,1,seasonal_naive_daily,5,3850,59.3761,0.946002
volume,24,1,seasonal_naive_daily,6,3850,59.0229,0.947226
volume,24,1,seasonal_naive_daily,7,3850,67.1119,0.98404
volume,24,1,seasonal_naive_daily,8,3850,65.4446,1.0652
volume,24,1,seasonal_naive_daily,9,3850,60.3345,1.12207
volume,24,1,seasonal_naive_daily,10,3850,61.1551,1.14313
volume,24,1,seasonal_naive_daily,11,3850,64.0402,1.1431
volume,24,1,seasonal_naive_daily,12,3850,80.3187,1.16589
volume,24,1,seasonal_naive_daily,13,3850,73.7563,1.15286
volume,24,1,seasonal_naive_daily,14,3850,73.2726,1.13053
volume,24,1,seasonal_naive_daily,15,3850,70.3175,1.08433
volume,24,1,seasonal_naive_daily,16,3850,71.7393,1.07836
volume,24,1,seasonal_naive_daily,17,3850,72.4532,1.05417
volume,24,1,seasonal_naive_daily,18,3850,71.2351,1.01162
volume,24,1,seasonal_naive_daily,19,3850,61.9114,0.96042
volume,24,1,seasonal_naive_daily,20,3850,57.0481,0.932563
volume,24,1,seasonal_naive_daily,21,3850,54.6091,0.933938
volume,24,1,seasonal_naive_daily,22,3850,55.3128,0.939227
volume,24,1,seasonal_naive_daily,23,3850,53.6476,0.941032
volume,24,1,seasonal_naive_weekly,0,3850,79.4015,1.05376
volume,24,1,seasonal_naive_weekly,1,3850,78.6585,1.05633
volume,24,1,seasonal_naive_weekly,2,3850,81.9849,1.05888
volume,24,1,seasonal_naive_weekly,3,3850,79.6417,1.0528
volume,24,1,seasonal_naive_weekly,4,3850,80.4252,1.05253
volume,24,1,seasonal_naive_weekly,5,3850,79.3526,1.04936
volume,24,1,seasonal_naive_weekly,6,3850,71.4466,1.0333
volume,24,1,seasonal_naive_weekly,7,3850,74.2325,1.00227
volume,24,1,seasonal_naive_weekly,8,3850,70.9846,0.970277
volume,24,1,seasonal_naive_weekly,9,3850,63.0445,0.964221
volume,24,1,seasonal_naive_weekly,10,3850,60.2713,0.976693
volume,24,1,seasonal_naive_weekly,11,3850,61.8967,0.993787
volume,24,1,seasonal_naive_weekly,12,3850,77.517,1.03012
volume,24,1,seasonal_naive_weekly,13,3850,70.8281,1.00927
volume,24,1,seasonal_naive_weekly,14,3850,68.446,0.9905
volume,24,1,seasonal_naive_weekly,15,3850,67.6789,0.966905
volume,24,1,seasonal_naive_weekly,16,3850,67.2208,0.964195
volume,24,1,seasonal_naive_weekly,17,3850,70.4725,0.960692
volume,24,1,seasonal_naive_weekly,18,3850,73.8349,0.973556
volume,24,1,seasonal_naive_weekly,19,3850,70.9496,0.980042
volume,24,1,seasonal_naive_weekly,20,3850,60.2666,0.99917
volume,24,1,seasonal_naive_weekly,21,3850,59.6562,1.00421
volume,24,1,seasonal_naive_weekly,22,3850,59.2076,1.01611
volume,24,1,seasonal_naive_weekly,23,3850,61.1044,1.03346
volume,24,1,autoregressive,0,3850,65.9081,0.84939
volume,24,1,autoregressive,1,3850,58.8523,0.847441
volume,24,1,autoregressive,2,3850,63.5526,0.850952
volume,24,1,autoregressive,3,3850,60.7338,0.843018
volume,24,1,autoregressive,4,3850,60.6045,0.842652
volume,24,1,autoregressive,5,3850,55.9014,0.831732
volume,24,1,autoregressive,6,3850,55.5011,0.844396
volume,24,1,autoregressive,7,3850,62.9044,0.864779
volume,24,1,autoregressive,8,3850,59.9487,0.938449
volume,24,1,autoregressive,9,3850,56.5005,1.01584
volume,24,1,autoregressive,10,3850,57.2911,1.02532
volume,24,1,autoregressive,11,3850,61.1559,1.02669
volume,24,1,autoregressive,12,3850,72.8424,1.03277
volume,24,1,autoregressive,13,3850,66.1319,1.01579
volume,24,1,autoregressive,14,3850,66.8906,0.991197
volume,24,1,autoregressive,15,3850,64.6633,0.960364
volume,24,1,autoregressive,16,3850,65.5944,0.957799
volume,24,1,autoregressive,17,3850,66.8887,0.937553
volume,24,1,autoregressive,18,3850,65.9169,0.871117
volume,24,1,autoregressive,19,3850,56.5491,0.81439
volume,24,1,autoregressive,20,3850,53.0599,0.796189
volume,24,1,autoregressive,21,3850,49.4034,0.801381
volume,24,1,autoregressive,22,3850,51.6255,0.810991
volume,24,1,autoregressive,23,3850,61.0173,0.833225
volume,24,1,zone_ridge,0,3850,67.4923,0.84634
volume,24,1,zone_ridge,1,3850,63.8989,0.846922
volume,24,1,zone_ridge,2,3850,68.4446,0.856035
volume,24,1,zone_ridge,3,3850,66.9955,0.853752
volume,24,1,zone_ridge,4,3850,67.3893,0.860669
volume,24,1,zone_ridge,5,3850,66.1579,0.863642
volume,24,1,zone_ridge,6,3850,64.8524,0.885659
volume,24,1,zone_ridge,7,3850,69.801,0.885258
volume,24,1,zone_ridge,8,3850,66.6655,0.908301
volume,24,1,zone_ridge,9,3850,60.7552,0.969172
volume,24,1,zone_ridge,10,3850,58.1975,0.965715
volume,24,1,zone_ridge,11,3850,62.0067,0.960627
volume,24,1,zone_ridge,12,3850,73.8458,0.976122
volume,24,1,zone_ridge,13,3850,67.1447,0.952914
volume,24,1,zone_ridge,14,3850,66.9981,0.916604
volume,24,1,zone_ridge,15,3850,65.7893,0.893193
volume,24,1,zone_ridge,16,3850,66.8815,0.897701
volume,24,1,zone_ridge,17,3850,67.5237,0.895508
volume,24,1,zone_ridge,18,3850,68.7247,0.851604
volume,24,1,zone_ridge,19,3850,62.9106,0.838683
volume,24,1,zone_ridge,20,3850,59.4911,0.846709
volume,24,1,zone_ridge,21,3850,56.7943,0.842439
volume,24,1,zone_ridge,22,3850,58.4433,0.855779
volume,24,1,zone_ridge,23,3850,59.153,0.849755
volume,24,1,zone_gbm,0,3850,63.4773,0.861279
volume,24,1,zone_gbm,1,3850,57.5676,0.860827
volume,24,1,zone_gbm,2,3850,62.9163,0.872747
volume,24,1,zone_gbm,3,3850,61.8515,0.869764
volume,24,1,zone_gbm,4,3850,63.8817,0.871226
volume,24,1,zone_gbm,5,3850,58.7172,0.860289
volume,24,1,zone_gbm,6,3850,57.1012,0.857196
volume,24,1,zone_gbm,7,3850,61.8885,0.861173
volume,24,1,zone_gbm,8,3850,58.6768,0.873588
volume,24,1,zone_gbm,9,3850,51.0128,0.869785
volume,24,1,zone_gbm,10,3850,50.8239,0.872929
volume,24,1,zone_gbm,11,3850,53.9016,0.877561
volume,24,1,zone_gbm,12,3850,65.741,0.896058
volume,24,1,zone_gbm,13,3850,60.4376,0.885459
volume,24,1,zone_gbm,14,3850,59.7807,0.865781
volume,24,1,zone_gbm,15,3850,57.9464,0.844296
volume,24,1,zone_gbm,16,3850,58.8991,0.853855
volume,24,1,zone_gbm,17,3850,61.7036,0.862392
volume,24,1,zone_gbm,18,3850,60.319,0.844238
volume,24,1,zone_gbm,19,3850,56.5783,0.84764
volume,24,1,zone_gbm,20,3850,52.9604,0.840834
volume,24,1,zone_gbm,21,3850,51.0585,0.83738
volume,24,1,zone_gbm,22,3850,51.5299,0.849019
volume,24,1,zone_gbm,23,3850,52.4283,0.861578
volume,24,1,global_ridge,0,3850,66.509,1.12185
volume,24,1,global_ridge,1,3850,62.2607,1.10296
volume,24,1,global_ridge,2,3850,63.6843,1.07868
volume,24,1,global_ridge,3,3850,62.184,1.05815
volume,24,1,global_ridge,4,3850,61.805,1.05454
volume,24,1,global_ridge,5,3850,58.9571,1.03593
volume,24,1,global_ridge,6,3850,57.0935,1.03679
volume,24,1,global_ridge,7,3850,64.9046,1.04439
volume,24,1,global_ridge,8,3850,63.3242,1.06114
volume,24,1,global_ridge,9,3850,58.8277,1.13601
volume,24,1,global_ridge,10,3850,56.8796,1.15546
volume,24,1,global_ridge,11,3850,60.9239,1.16462
volume,24,1,global_ridge,12,3850,73.9554,1.16767
volume,24,1,global_ridge,13,3850,67.7333,1.15529
volume,24,1,global_ridge,14,3850,67.8121,1.15675
volume,24,1,global_ridge,15,3850,65.8863,1.11324
volume,24,1,global_ridge,16,3850,67.1901,1.11097
volume,24,1,global_ridge,17,3850,66.5523,1.08878
volume,24,1,global_ridge,18,3850,67.4839,1.04267
volume,24,1,global_ridge,19,3850,58.0948,0.995289
volume,24,1,global_ridge,20,3850,54.8519,0.988691
volume,24,1,global_ridge,21,3850,52.4937,0.996667
volume,24,1,global_ridge,22,3850,53.5008,1.04959
volume,24,1,global_ridge,23,3850,57.8951,1.09246
volume,24,1,global_gbm,0,3850,62.9893,0.967746
volume,24,1,global_gbm,1,3850,58.7024,0.972375
volume,24,1,global_gbm,2,3850,61.3931,0.981904
volume,24,1,global_gbm,3,3850,60.0734,0.980657
volume,24,1,global_gbm,4,3850,60.446,0.998343
volume,24,1,global_gbm,5,3850,59.5602,0.994071
volume,24,1,global_gbm,6,3850,58.4852,0.996223
volume,24,1,global_gbm,7,3850,62.4728,1.03385
volume,24,1,global_gbm,8,3850,60.6036,1.08023
volume,24,1,global_gbm,9,3850,57.4102,1.1559
volume,24,1,global_gbm,10,3850,54.5503,1.16614
volume,24,1,global_gbm,11,3850,57.0027,1.14403
volume,24,1,global_gbm,12,3850,69.0334,1.15113
volume,24,1,global_gbm,13,3850,65.9158,1.14682
volume,24,1,global_gbm,14,3850,65.6623,1.14008
volume,24,1,global_gbm,15,3850,63.1618,1.11511
volume,24,1,global_gbm,16,3850,63.0495,1.11155
volume,24,1,global_gbm,17,3850,63.9696,1.11552
volume,24,1,global_gbm,18,3850,62.6869,1.03081
volume,24,1,global_gbm,19,3850,54.7075,0.960858
volume,24,1,global_gbm,20,3850,52.0924,0.931528
volume,24,1,global_gbm,21,3850,48.599,0.93205
volume,24,1,global_gbm,22,3850,49.822,0.951217
volume,24,1,global_gbm,23,3850,50.904,0.963334
volume,24,2,last_observation,0,3850,68.0451,0.939136
volume,24,2,last_observation,1,3850,71.1507,0.943914
volume,24,2,last_observation,2,3850,73.2226,0.95074
volume,24,2,last_observation,3,3850,76.5699,0.948212
volume,24,2,last_observation,4,3850,71.7932,0.936276
volume,24,2,last_observation,5,3850,69.5677,0.934351
volume,24,2,last_observation,6,3850,69.2464,0.928356
volume,24,2,last_observation,7,3850,69.2206,0.939875
volume,24,2,last_observation,8,3850,69.0791,1.01691
volume,24,2,last_observation,9,3850,69.1585,1.10758
volume,24,2,last_observation,10,3850,78.6512,1.31018
volume,24,2,last_observation,11,3850,75.9227,1.20323
volume,24,2,last_observation,12,3850,101.392,1.28326
volume,24,2,last_observation,13,3850,96.8173,1.25779
volume,24,2,last_observation,14,3850,82.1616,1.05997
volume,24,2,last_observation,15,3850,83.4942,1.0815
volume,24,2,last_observation,16,3850,83.8473,1.08323
volume,24,2,last_observation,17,3850,85.9623,1.05841
volume,24,2,last_observation,18,3850,84.9401,1.01815
volume,24,2,last_observation,19,3850,66.3653,0.93501
volume,24,2,last_observation,20,3850,60.8599,0.932103
volume,24,2,last_observation,21,3850,58.9524,0.916259
volume,24,2,last_observation,22,3850,57.9007,0.915055
volume,24,2,last_observation,23,3850,56.832,0.930754
volume,24,2,seasonal_naive_daily,0,3850,68.0451,0.939136
volume,24,2,seasonal_naive_daily,1,3850,71.1507,0.943914
volume,24,2,seasonal_naive_daily,2,3850,73.2226,0.95074
volume,24,2,seasonal_naive_daily,3,3850,76.5699,0.948212
volume,24,2,seasonal_naive_daily,4,3850,71.7932,0.936276
volume,24,2,seasonal_naive_daily,5,3850,69.5677,0.934351
volume,24,2,seasonal_naive_daily,6,3850,69.2464,0.928356
volume,24,2,seasonal_naive_daily,7,3850,69.2206,0.939875
volume,24,2,seasonal_naive_daily,8,3850,69.0791,1.01691
volume,24,2,seasonal_naive_daily,9,3850,69.1585,1.10758
volume,24,2,seasonal_naive_daily,10,3850,78.6512,1.31018
volume,24,2,seasonal_naive_daily,11,3850,75.9227,1.20323
volume,24,2,seasonal_naive_daily,12,3850,101.392,1.28326
volume,24,2,seasonal_naive_daily,13,3850,96.8173,1.25779
volume,24,2,seasonal_naive_daily,14,3850,82.1616,1.05997
volume,24,2,seasonal_naive_daily,15,3850,83.4942,1.0815
volume,24,2,seasonal_naive_daily,16,3850,83.8473,1.08323
volume,24,2,seasonal_naive_daily,17,3850,85.9623,1.05841
volume,24,2,seasonal_naive_daily,18,3850,84.9401,1.01815
volume,24,2,seasonal_naive_daily,19,3850,66.3653,0.93501
volume,24,2,seasonal_naive_daily,20,3850,60.8599,0.932103
volume,24,2,seasonal_naive_daily,21,3850,58.9524,0.916259
volume,24,2,seasonal_naive_daily,22,3850,57.9007,0.915055
volume,24,2,seasonal_naive_daily,23,3850,56.832,0.930754
volume,24,2,seasonal_naive_weekly,0,3850,87.4279,1.07204
volume,24,2,seasonal_naive_weekly,1,3850,94.0404,1.09084
volume,24,2,seasonal_naive_weekly,2,3850,93.4034,1.08584
volume,24,2,seasonal_naive_weekly,3,3850,95.3958,1.08635
volume,24,2,seasonal_naive_weekly,4,3850,93.7282,1.08378
volume,24,2,seasonal_naive_weekly,5,3850,91.4937,1.08226
volume,24,2,seasonal_naive_weekly,6,3850,92.9773,1.07869
volume,24,2,seasonal_naive_weekly,7,3850,85.474,1.01749
volume,24,2,seasonal_naive_weekly,8,3850,76.2985,0.98397
volume,24,2,seasonal_naive_weekly,9,3850,70.6942,1.01856
volume,24,2,seasonal_naive_weekly,10,3850,81.5862,1.24478
volume,24,2,seasonal_naive_weekly,11,3850,75.5893,1.14688
volume,24,2,seasonal_naive_weekly,12,3850,112.164,1.26653
volume,24,2,seasonal_naive_weekly,13,3850,105.911,1.25287
volume,24,2,seasonal_naive_weekly,14,3850,86.1907,1.02453
volume,24,2,seasonal_naive_weekly,15,3850,88.9661,1.04365
volume,24,2,seasonal_naive_weekly,16,3850,90.7728,1.04187
volume,24,2,seasonal_naive_weekly,17,3850,90.6322,1.03476
volume,24,2,seasonal_naive_weekly,18,3850,91.4004,1.02658
volume,24,2,seasonal_naive_weekly,19,3850,78.1702,1.01788
volume,24,2,seasonal_naive_weekly,20,3850,67.951,1.01988
volume,24,2,seasonal_naive_weekly,21,3850,65.5303,1.01258
volume,24,2,seasonal_naive_weekly,22,3850,74.5489,1.0375
volume,24,2,seasonal_naive_weekly,23,3850,70.4301,1.05494
volume,24,2,autoregressive,0,3850,68.5793,0.846154
volume,24,2,autoregressive,1,3850,68.9904,0.84418
volume,24,2,autoregressive,2,3850,68.7853,0.845025
volume,24,2,autoregressive,3,3850,70.712,0.845975
volume,24,2,autoregressive,4,3850,68.4338,0.839533
volume,24,2,autoregressive,5,3850,64.543,0.833543
volume,24,2,autoregressive,6,3850,64.8285,0.841023
volume,24,2,autoregressive,7,3850,63.1729,0.829517
volume,24,2,autoregressive,8,3850,62.1504,0.89578
volume,24,2,autoregressive,9,3850,63.8471,0.986979
volume,24,2,autoregressive,10,3850,69.7787,1.12252
volume,24,2,autoregressive,11,3850,70.7857,1.05874
volume,24,2,autoregressive,12,3850,86.5846,1.11158
volume,24,2,autoregressive,13,3850,85.2058,1.08073
volume,24,2,autoregressive,14,3850,73.8827,0.932996
volume,24,2,autoregressive,15,3850,75.1597,0.945752
volume,24,2,autoregressive,16,3850,76.0976,0.954903
volume,24,2,autoregressive,17,3850,76.797,0.931923
volume,24,2,autoregressive,18,3850,74.1491,0.879439
volume,24,2,autoregressive,19,3850,60.6024,0.815522
volume,24,2,autoregressive,20,3850,57.2615,0.810622
volume,24,2,autoregressive,21,3850,54.1255,0.794365
volume,24,2,autoregressive,22,3850,55.1071,0.799853
volume,24,2,autoregressive,23,3850,60.4963,0.828213
volume,24,2,zone_ridge,0,3850,69.0627,0.886492
volume,24,2,zone_ridge,1,3850,71.0036,0.887695
volume,24,2,zone_ridge,2,3850,69.3565,0.887436
volume,24,2,zone_ridge,3,3850,69.8439,0.886621
volume,24,2,zone_ridge,4,3850,70.6952,0.890792
volume,24,2,zone_ridge,5,3850,66.5872,0.892997
volume,24,2,zone_ridge,6,3850,68.5589,0.907228
volume,24,2,zone_ridge,7,3850,67.8112,0.868995
volume,24,2,zone_ridge,8,3850,63.0227,0.875018
volume,24,2,zone_ridge,9,3850,64.6136,0.962843
volume,24,2,zone_ridge,10,3850,68.0659,1.08818
volume,24,2,zone_ridge,11,3850,67.7344,1.01431
volume,24,2,zone_ridge,12,3850,84.5926,1.08027
volume,24,2,zone_ridge,13,3850,81.7468,1.04097
volume,24,2,zone_ridge,14,3850,69.3234,0.880997
volume,24,2,zone_ridge,15,3850,69.8104,0.896957
volume,24,2,zone_ridge,16,3850,71.092,0.900373
volume,24,2,zone_ridge,17,3850,73.0853,0.892246
volume,24,2,zone_ridge,18,3850,71.2883,0.863372
volume,24,2,zone_ridge,19,3850,62.3193,0.852627
volume,24,2,zone_ridge,20,3850,58.6265,0.866888
volume,24,2,zone_ridge,21,3850,55.888,0.855982
volume,24,2,zone_ridge,22,3850,56.779,0.862545
volume,24,2,zone_ridge,23,3850,60.3777,0.888215
volume,24,2,zone_gbm,0,3850,71.8032,0.908908
volume,24,2,zone_gbm,1,3850,71.9216,0.917514
volume,24,2,zone_gbm,2,3850,72.8286,0.927097
volume,24,2,zone_gbm,3,3850,72.7914,0.929721
volume,24,2,zone_gbm,4,3850,72.0776,0.92866
volume,24,2,zone_gbm,5,3850,71.2222,0.930402
volume,24,2,zone_gbm,6,3850,68.2303,0.914334
volume,24,2,zone_gbm,7,3850,65.9741,0.888404
volume,24,2,zone_gbm,8,3850,58.9651,0.860423
volume,24,2,zone_gbm,9,3850,56.3405,0.886444
volume,24,2,zone_gbm,10,3850,61.1921,1.00923
volume,24,2,zone_gbm,11,3850,59.2378,0.95346
volume,24,2,zone_gbm,12,3850,79.7395,1.02224
volume,24,2,zone_gbm,13,3850,79.1527,1.01099
volume,24,2,zone_gbm,14,3850,64.0429,0.868261
volume,24,2,zone_gbm,15,3850,65.815,0.886121
volume,24,2,zone_gbm,16,3850,67.2007,0.88845
volume,24,2,zone_gbm,17,3850,71.9648,0.886555
volume,24,2,zone_gbm,18,3850,70.2441,0.88853
volume,24,2,zone_gbm,19,3850,63.2339,0.889536
volume,24,2,zone_gbm,20,3850,58.0431,0.88906
volume,24,2,zone_gbm,21,3850,54.2565,0.879873
volume,24,2,zone_gbm,22,3850,58.6862,0.884859
volume,24,2,zone_gbm,23,3850,60.516,0.907078
volume,24,2,global_ridge,0,3850,68.7078,1.03908
volume,24,2,global_ridge,1,3850,68.4244,0.995468
volume,24,2,global_ridge,2,3850,69.0361,1.00244
volume,24,2,global_ridge,3,3850,70.668,0.98348
volume,24,2,global_ridge,4,3850,68.2915,0.975813
volume,24,2,global_ridge,5,3850,65.3264,0.969513
volume,24,2,global_ridge,6,3850,65.6732,0.964681
volume,24,2,global_ridge,7,3850,63.0832,0.935072
volume,24,2,global_ridge,8,3850,61.2744,0.949524
volume,24,2,global_ridge,9,3850,62.2829,1.0643
volume,24,2,global_ridge,10,3850,69.6902,1.23297
volume,24,2,global_ridge,11,3850,67.744,1.15702
volume,24,2,global_ridge,12,3850,87.1749,1.20249
volume,24,2,global_ridge,13,3850,83.9657,1.17824
volume,24,2,global_ridge,14,3850,71.7269,1.02854
volume,24,2,global_ridge,15,3850,74.6781,1.04298
volume,24,2,global_ridge,16,3850,76.1386,1.04602
volume,24,2,global_ridge,17,3850,76.9237,1.02714
volume,24,2,global_ridge,18,3850,75.0197,0.985075
volume,24,2,global_ridge,19,3850,60.156,0.9293
volume,24,2,global_ridge,20,3850,56.5636,0.918365
volume,24,2,global_ridge,21,3850,53.7965,0.924224
volume,24,2,global_ridge,22,3850,55.8841,0.986649
volume,24,2,global_ridge,23,3850,59.7109,1.04393
volume,24,2,global_gbm,0,3850,64.1027,0.926378
volume,24,2,global_gbm,1,3850,67.3949,0.93329
volume,24,2,global_gbm,2,3850,69.2955,0.94025
volume,24,2,global_gbm,3,3850,70.7146,0.938778
volume,24,2,global_gbm,4,3850,69.2478,0.934739
volume,24,2,global_gbm,5,3850,67.15,0.934585
volume,24,2,global_gbm,6,3850,66.0323,0.931357
volume,24,2,global_gbm,7,3850,61.4496,0.907803
volume,24,2,global_gbm,8,3850,60.4507,0.953288
volume,24,2,global_gbm,9,3850,62.42,1.05021
volume,24,2,global_gbm,10,3850,67.3983,1.18721
volume,24,2,global_gbm,11,3850,69.7834,1.11704
volume,24,2,global_gbm,12,3850,82.1327,1.15891
volume,24,2,global_gbm,13,3850,77.327,1.12958
volume,24,2,global_gbm,14,3850,68.1638,0.984585
volume,24,2,global_gbm,15,3850,69.3214,1.00754
volume,24,2,global_gbm,16,3850,70.7445,1.01702
volume,24,2,global_gbm,17,3850,71.8081,1.00321
volume,24,2,global_gbm,18,3850,70.8612,0.95153
volume,24,2,global_gbm,19,3850,58.3566,0.884464
volume,24,2,global_gbm,20,3850,55.5693,0.884276
volume,24,2,global_gbm,21,3850,51.9077,0.877792
volume,24,2,global_gbm,22,3850,54.1282,0.890013
volume,24,2,global_gbm,23,3850,56.5496,0.909278
volume,24,3,last_observation,0,3850,72.3118,0.804519
volume,24,3,last_observation,1,3850,62.8911,0.788275
volume,24,3,last_observation,2,3850,65.4178,0.79399
volume,24,3,last_observation,3,3850,63.007,0.783591
volume,24,3,last_observation,4,3850,58.4315,0.776748
volume,24,3,last_observation,5,3850,58.4884,0.775878
volume,24,3,last_observation,6,3850,54.7457,0.77031
volume,24,3,last_observation,7,3850,53.4443,0.763964
volume,24,3,last_observation,8,3850,59.3091,0.827184
volume,24,3,last_observation,9,3850,57.304,0.922226
volume,24,3,last_observation,10,3850,54.9959,0.916885
volume,24,3,last_observation,11,3850,56.8166,0.915768
volume,24,3,last_observation,12,3850,71.806,0.925341
volume,24,3,last_observation,13,3850,62.0816,0.910344
volume,24,3,last_observation,14,3850,64.5514,0.907455
volume,24,3,last_observation,15,3850,63.5572,0.902473
volume,24,3,last_observation,16,3850,69.3755,0.905681
volume,24,3,last_observation,17,3850,74.4946,0.889354
volume,24,3,last_observation,18,3850,72.5397,0.826974
volume,24,3,last_observation,19,3850,56.8934,0.782425
volume,24,3,last_observation,20,3850,51.2454,0.772854
volume,24,3,last_observation,21,3850,49.898,0.771402
volume,24,3,last_observation,22,3850,51.1651,0.773955
volume,24,3,last_observation,23,3850,49.3095,0.776311
volume,24,3,seasonal_naive_daily,0,3850,72.3118,0.804519
volume,24,3,seasonal_naive_daily,1,3850,62.8911,0.788275
volume,24,3,seasonal_naive_daily,2,3850,65.4178,0.79399
volume,24,3,seasonal_naive_daily,3,3850,63.007,0.783591
volume,24,3,seasonal_naive_daily,4,3850,58.4315,0.776748
volume,24,3,seasonal_naive_daily,5,3850,58.4884,0.775878
volume,24,3,seasonal_naive_daily,6,3850,54.7457,0.77031
volume,24,3,seasonal_naive_daily,7,3850,53.4443,0.763964
volume,24,3,seasonal_naive_daily,8,3850,59.3091,0.827184
volume,24,3,seasonal_naive_daily,9,3850,57.304,0.922226
volume,24,3,seasonal_naive_daily,10,3850,54.9959,0.916885
volume,24,3,seasonal_naive_daily,11,3850,56.8166,0.915768
volume,24,3,seasonal_naive_daily,12,3850,71.806,0.925341
volume,24,3,seasonal_naive_daily,13,3850,62.0816,0.910344
volume,24,3,seasonal_naive_daily,14,3850,64.5514,0.907455
volume,24,3,seasonal_naive_daily,15,3850,63.5572,0.902473
volume,24,3,seasonal_naive_daily,16,3850,69.3755,0.905681
volume,24,3,seasonal_naive_daily,17,3850,74.4946,0.889354
volume,24,3,seasonal_naive_daily,18,3850,72.5397,0.826974
volume,24,3,seasonal_naive_daily,19,3850,56.8934,0.782425
volume,24,3,seasonal_naive_daily,20,3850,51.2454,0.772854
volume,24,3,seasonal_naive_daily,21,3850,49.898,0.771402
volume,24,3,seasonal_naive_daily,22,3850,51.1651,0.773955
volume,24,3,seasonal_naive_daily,23,3850,49.3095,0.776311
volume,24,3,seasonal_naive_weekly,0,3850,95.9901,1.10864
volume,24,3,seasonal_naive_weekly,1,3850,95.847,1.12085
volume,24,3,seasonal_naive_weekly,2,3850,95.8311,1.13113
volume,24,3,seasonal_naive_weekly,3,3850,98.5783,1.1343
volume,24,3,seasonal_naive_weekly,4,3850,100.944,1.13316
volume,24,3,seasonal_naive_weekly,5,3850,90.0181,1.10881
volume,24,3,seasonal_naive_weekly,6,3850,85.4726,1.08727
volume,24,3,seasonal_naive_weekly,7,3850,79.7756,1.01892
volume,24,3,seasonal_naive_weekly,8,3850,70.9631,1.0108
volume,24,3,seasonal_naive_weekly,9,3850,66.2561,1.0709
volume,24,3,seasonal_naive_weekly,10,3850,64.0983,1.07123
volume,24,3,seasonal_naive_weekly,11,3850,66.0614,1.08989
volume,24,3,seasonal_naive_weekly,12,3850,79.4252,1.11692
volume,24,3,seasonal_naive_weekly,13,3850,77.0645,1.12289
volume,24,3,seasonal_naive_weekly,14,3850,76.8359,1.1113
volume,24,3,seasonal_naive_weekly,15,3850,77.0007,1.09851
volume,24,3,seasonal_naive_weekly,16,3850,79.0777,1.10081
volume,24,3,seasonal_naive_weekly,17,3850,83.2258,1.09508
volume,24,3,seasonal_naive_weekly,18,3850,78.881,1.04923
volume,24,3,seasonal_naive_weekly,19,3850,68.8329,1.01284
volume,24,3,seasonal_naive_weekly,20,3850,68.094,1.00687
volume,24,3,seasonal_naive_weekly,21,3850,65.6668,1.00748
volume,24,3,seasonal_naive_weekly,22,3850,63.1398,1.01254
volume,24,3,seasonal_naive_weekly,23,3850,63.2944,1.01753
volume,24,3,autoregressive,0,3850,69.0469,0.771709
volume,24,3,autoregressive,1,3850,60.3521,0.759712
volume,24,3,autoregressive,2,3850,63.5984,0.769384
volume,24,3,autoregressive,3,3850,61.6572,0.763004
volume,24,3,autoregressive,4,3850,58.3638,0.756262
volume,24,3,autoregressive,5,3850,59.014,0.758241
volume,24,3,autoregressive,6,3850,53.8658,0.748614
volume,24,3,autoregressive,7,3850,57.0742,0.748891
volume,24,3,autoregressive,8,3850,56.978,0.773645
volume,24,3,autoregressive,9,3850,53.5417,0.833905
volume,24,3,autoregressive,10,3850,52.2892,0.842234
volume,24,3,autoregressive,11,3850,59.0362,0.855396
volume,24,3,autoregressive,12,3850,64.9565,0.845645
volume,24,3,autoregressive,13,3850,58.1143,0.834837
volume,24,3,autoregressive,14,3850,61.9585,0.842782
volume,24,3,autoregressive,15,3850,60.222,0.845904
volume,24,3,autoregressive,16,3850,65.2082,0.840516
volume,24,3,autoregressive,17,3850,68.8132,0.822012
volume,24,3,autoregressive,18,3850,66.0083,0.768831
volume,24,3,autoregressive,19,3850,56.5371,0.734889
volume,24,3,autoregressive,20,3850,50.1887,0.732611
volume,24,3,autoregressive,21,3850,50.3817,0.737079
volume,24,3,autoregressive,22,3850,49.7453,0.740739
volume,24,3,autoregressive,23,3850,57.0126,0.760283
volume,24,3,zone_ridge,0,3850,74.6893,0.856073
volume,24,3,zone_ridge,1,3850,70.1844,0.851035
volume,24,3,zone_ridge,2,3850,70.6781,0.861031
volume,24,3,zone_ridge,3,3850,69.4731,0.850786
volume,24,3,zone_ridge,4,3850,67.7342,0.83939
volume,24,3,zone_ridge,5,3850,66.4386,0.829261
volume,24,3,zone_ridge,6,3850,60.7623,0.814257
volume,24,3,zone_ridge,7,3850,60.3628,0.800206
volume,24,3,zone_ridge,8,3850,55.8372,0.773453
volume,24,3,zone_ridge,9,3850,53.1336,0.811893
volume,24,3,zone_ridge,10,3850,53.2769,0.819401
volume,24,3,zone_ridge,11,3850,57.083,0.829259
volume,24,3,zone_ridge,12,3850,64.8354,0.836339
volume,24,3,zone_ridge,13,3850,58.8926,0.829059
volume,24,3,zone_ridge,14,3850,59.3334,0.82915
volume,24,3,zone_ridge,15,3850,58.6118,0.827177
volume,24,3,zone_ridge,16,3850,63.0751,0.829061
volume,24,3,zone_ridge,17,3850,66.494,0.818338
volume,24,3,zone_ridge,18,3850,66.8133,0.804278
volume,24,3,zone_ridge,19,3850,56.3571,0.799703
volume,24,3,zone_ridge,20,3850,54.6887,0.80819
volume,24,3,zone_ridge,21,3850,52.4993,0.801207
volume,24,3,zone_ridge,22,3850,52.1266,0.807729
volume,24,3,zone_ridge,23,3850,54.0508,0.82301
volume,24,3,zone_gbm,0,3850,78.1784,0.931634
volume,24,3,zone_gbm,1,3850,76.0361,0.925032
volume,24,3,zone_gbm,2,3850,78.005,0.937067
volume,24,3,zone_gbm,3,3850,76.1425,0.928534
volume,24,3,zone_gbm,4,3850,71.8295,0.914087
volume,24,3,zone_gbm,5,3850,70.6222,0.908595
volume,24,3,zone_gbm,6,3850,60.9992,0.890463
volume,24,3,zone_gbm,7,3850,58.9527,0.837075
volume,24,3,zone_gbm,8,3850,54.5192,0.834528
volume,24,3,zone_gbm,9,3850,52.232,0.883238
volume,24,3,zone_gbm,10,3850,53.1539,0.885822
volume,24,3,zone_gbm,11,3850,57.1335,0.901683
volume,24,3,zone_gbm,12,3850,66.8056,0.90569
volume,24,3,zone_gbm,13,3850,58.6011,0.904194
volume,24,3,zone_gbm,14,3850,62.9301,0.905304
volume,24,3,zone_gbm,15,3850,61.2322,0.89843
volume,24,3,zone_gbm,16,3850,63.747,0.885328
volume,24,3,zone_gbm,17,3850,64.8645,0.873715
volume,24,3,zone_gbm,18,3850,64.5115,0.866182
volume,24,3,zone_gbm,19,3850,55.7776,0.84207
volume,24,3,zone_gbm,20,3850,51.781,0.844753
volume,24,3,zone_gbm,21,3850,53.1153,0.852537
volume,24,3,zone_gbm,22,3850,54.4488,0.867483
volume,24,3,zone_gbm,23,3850,52.0667,0.86444
volume,24,3,global_ridge,0,3850,69.8233,1.02772
volume,24,3,global_ridge,1,3850,60.3767,0.932382
volume,24,3,global_ridge,2,3850,61.8142,0.907172
volume,24,3,global_ridge,3,3850,61.6393,0.875792
volume,24,3,global_ridge,4,3850,58.8123,0.8603
volume,24,3,global_ridge,5,3850,57.7661,0.873487
volume,24,3,global_ridge,6,3850,54.0309,0.864737
volume,24,3,global_ridge,7,3850,52.4306,0.834206
volume,24,3,global_ridge,8,3850,54.0075,0.810544
volume,24,3,global_ridge,9,3850,51.5592,0.912423
volume,24,3,global_ridge,10,3850,49.3906,0.951095
volume,24,3,global_ridge,11,3850,54.5376,0.955526
volume,24,3,global_ridge,12,3850,64.6856,0.926746
volume,24,3,global_ridge,13,3850,57.9984,0.915063
volume,24,3,global_ridge,14,3850,59.1313,0.941086
volume,24,3,global_ridge,15,3850,59.2363,0.939992
volume,24,3,global_ridge,16,3850,63.2918,0.928834
volume,24,3,global_ridge,17,3850,65.6286,0.895785
volume,24,3,global_ridge,18,3850,64.9014,0.849297
volume,24,3,global_ridge,19,3850,51.5823,0.823954
volume,24,3,global_ridge,20,3850,47.1021,0.811023
volume,24,3,global_ridge,21,3850,47.2015,0.837935
volume,24,3,global_ridge,22,3850,48.8223,0.90842
volume,24,3,global_ridge,23,3850,52.7011,0.959025
volume,24,3,global_gbm,0,3850,65.8899,0.869719
volume,24,3,global_gbm,1,3850,59.9632,0.864035
volume,24,3,global_gbm,2,3850,61.4936,0.877744
volume,24,3,global_gbm,3,3850,61.2103,0.872332
volume,24,3,global_gbm,4,3850,59.8316,0.867465
volume,24,3,global_gbm,5,3850,59.9983,0.863361
volume,24,3,global_gbm,6,3850,54.1645,0.849749
volume,24,3,global_gbm,7,3850,55.863,0.836161
volume,24,3,global_gbm,8,3850,53.6237,0.840629
volume,24,3,global_gbm,9,3850,49.5371,0.908602
volume,24,3,global_gbm,10,3850,48.8276,0.912964
volume,24,3,global_gbm,11,3850,53.9865,0.916677
volume,24,3,global_gbm,12,3850,61.5304,0.909927
volume,24,3,global_gbm,13,3850,57.3515,0.901433
volume,24,3,global_gbm,14,3850,59.292,0.898972
volume,24,3,global_gbm,15,3850,59.0049,0.904747
volume,24,3,global_gbm,16,3850,61.7653,0.900837
volume,24,3,global_gbm,17,3850,64.6144,0.884457
volume,24,3,global_gbm,18,3850,63.2288,0.823818
volume,24,3,global_gbm,19,3850,51.3891,0.800249
volume,24,3,global_gbm,20,3850,46.3589,0.802705
volume,24,3,global_gbm,21,3850,46.2516,0.818915
volume,24,3,global_gbm,22,3850,45.8067,0.829305
volume,24,3,global_gbm,23,3850,46.9413,0.849422
volume,24,4,last_observation,0,3850,61.9255,0.958537
volume,24,4,last_observation,1,3850,67.1422,0.958617
volume,24,4,last_observation,2,3850,68.775,0.957005
volume,24,4,last_observation,3,3850,60.7297,0.947141
volume,24,4,last_observation,4,3850,59.3092,0.94409
volume,24,4,last_observation,5,3850,59.5866,0.939196
volume,24,4,last_observation,6,3850,56.6591,0.931056
volume,24,4,last_observation,7,3850,61.8391,0.937924
volume,24,4,last_observation,8,3850,64.5115,0.990039
volume,24,4,last_observation,9,3850,60.43,1.06997
volume,24,4,last_observation,10,3850,58.0044,1.07663
volume,24,4,last_observation,11,3850,60.1378,1.05028
volume,24,4,last_observation,12,3850,65.7974,1.05116
volume,24,4,last_observation,13,3850,59.4105,1.01843
volume,24,4,last_observation,14,3850,63.6454,0.997776
volume,24,4,last_observation,15,3850,62.4434,0.987892
volume,24,4,last_observation,16,3850,61.5409,0.966863
volume,24,4,last_observation,17,3850,65.2067,0.976483
volume,24,4,last_observation,18,3850,59.9445,0.936832
volume,24,4,last_observation,19,3850,55.0047,0.927831
volume,24,4,last_observation,20,3850,53.3167,0.912765
volume,24,4,last_observation,21,3850,54.1324,0.913411
volume,24,4,last_observation,22,3850,51.5147,0.923197
volume,24,4,last_observation,23,3850,54.5547,0.93675
volume,24,4,seasonal_naive_daily,0,3850,61.9255,0.958537
volume,24,4,seasonal_naive_daily,1,3850,67.1422,0.958617
volume,24,4,seasonal_naive_daily,2,3850,68.775,0.957005
volume,24,4,seasonal_naive_daily,3,3850,60.7297,0.947141
volume,24,4,seasonal_naive_daily,4,3850,59.3092,0.94409
volume,24,4,seasonal_naive_daily,5,3850,59.5866,0.939196
volume,24,4,seasonal_naive_daily,6,3850,56.6591,0.931056
volume,24,4,seasonal_naive_daily,7,3850,61.8391,0.937924
volume,24,4,seasonal_naive_daily,8,3850,64.5115,0.990039
volume,24,4,seasonal_naive_daily,9,3850,60.43,1.06997
volume,24,4,seasonal_naive_daily,10,3850,58.0044,1.07663
volume,24,4,seasonal_naive_daily,11,3850,60.1378,1.05028
volume,24,4,seasonal_naive_daily,12,3850,65.7974,1.05116
volume,24,4,seasonal_naive_daily,13,3850,59.4105,1.01843
volume,24,4,seasonal_naive_daily,14,3850,63.6454,0.997776
volume,24,4,seasonal_naive_daily,15,3850,62.4434,0.987892
volume,24,4,seasonal_naive_daily,16,3850,61.5409,0.966863
volume,24,4,seasonal_naive_daily,17,3850,65.2067,0.976483
volume,24,4,seasonal_naive_daily,18,3850,59.9445,0.936832
volume,24,4,seasonal_naive_daily,19,3850,55.0047,0.927831
volume,24,4,seasonal_naive_daily,20,3850,53.3167,0.912765
volume,24,4,seasonal_naive_daily,21,3850,54.1324,0.913411
volume,24,4,seasonal_naive_daily,22,3850,51.5147,0.923197
volume,24,4,seasonal_naive_daily,23,3850,54.5547,0.93675
volume,24,4,seasonal_naive_weekly,0,3850,97.9004,1.13198
volume,24,4,seasonal_naive_weekly,1,3850,96.8985,1.13243
volume,24,4,seasonal_naive_weekly,2,3850,101.282,1.1401
volume,24,4,seasonal_naive_weekly,3,3850,98.9815,1.13006
volume,24,4,seasonal_naive_weekly,4,3850,96.8706,1.12298
volume,24,4,seasonal_naive_weekly,5,3850,100.89,1.12454
volume,24,4,seasonal_naive_weekly,6,3850,94.1978,1.11124
volume,24,4,seasonal_naive_weekly,7,3850,93.837,1.06543
volume,24,4,seasonal_naive_weekly,8,3850,78.2594,1.03241
volume,24,4,seasonal_naive_weekly,9,3850,70.385,1.0848
volume,24,4,seasonal_naive_weekly,10,3850,66.7515,1.09693
volume,24,4,seasonal_naive_weekly,11,3850,66.0055,1.09129
volume,24,4,seasonal_naive_weekly,12,3850,76.5377,1.09987
volume,24,4,seasonal_naive_weekly,13,3850,72.7819,1.0908
volume,24,4,seasonal_naive_weekly,14,3850,73.5844,1.0948
volume,24,4,seasonal_naive_weekly,15,3850,75.0711,1.08259
volume,24,4,seasonal_naive_weekly,16,3850,75.0489,1.05492
volume,24,4,seasonal_naive_weekly,17,3850,79.7097,1.09444
volume,24,4,seasonal_naive_weekly,18,3850,81.104,1.07351
volume,24,4,seasonal_naive_weekly,19,3850,71.9543,1.05299
volume,24,4,seasonal_naive_weekly,20,3850,63.1661,1.04347
volume,24,4,seasonal_naive_weekly,21,3850,63.7392,1.0546
volume,24,4,seasonal_naive_weekly,22,3850,69.2739,1.05706
volume,24,4,seasonal_naive_weekly,23,3850,71.238,1.06991
volume,24,4,autoregressive,0,3850,61.6164,0.857919
volume,24,4,autoregressive,1,3850,63.4645,0.858568
volume,24,4,autoregressive,2,3850,65.3117,0.86067
volume,24,4,autoregressive,3,3850,61.6218,0.855326
volume,24,4,autoregressive,4,3850,60.1736,0.853834
volume,24,4,autoregressive,5,3850,60.1448,0.848458
volume,24,4,autoregressive,6,3850,56.8943,0.841
volume,24,4,autoregressive,7,3850,61.974,0.840819
volume,24,4,autoregressive,8,3850,61.5865,0.87788
volume,24,4,autoregressive,9,3850,59.8497,0.962604
volume,24,4,autoregressive,10,3850,57.0784,0.960569
volume,24,4,autoregressive,11,3850,59.953,0.952312
volume,24,4,autoregressive,12,3850,59.9193,0.9366
volume,24,4,autoregressive,13,3850,57.6448,0.912915
volume,24,4,autoregressive,14,3850,60.0182,0.905331
volume,24,4,autoregressive,15,3850,58.2922,0.90127
volume,24,4,autoregressive,16,3850,57.8509,0.876582
volume,24,4,autoregressive,17,3850,61.754,0.891967
volume,24,4,autoregressive,18,3850,59.5358,0.843159
volume,24,4,autoregressive,19,3850,54.0666,0.813104
volume,24,4,autoregressive,20,3850,53.9351,0.806736
volume,24,4,autoregressive,21,3850,54.1706,0.805472
volume,24,4,autoregressive,22,3850,52.0683,0.812828
volume,24,4,autoregressive,23,3850,61.9282,0.837222
volume,24,4,zone_ridge,0,3850,66.9034,0.871733
volume,24,4,zone_ridge,1,3850,67.4091,0.872663
volume,24,4,zone_ridge,2,3850,70.0822,0.877874
volume,24,4,zone_ridge,3,3850,67.7612,0.876097
volume,24,4,zone_ridge,4,3850,66.5106,0.876864
volume,24,4,zone_ridge,5,3850,68.5342,0.88188
volume,24,4,zone_ridge,6,3850,61.8921,0.877997
volume,24,4,zone_ridge,7,3850,63.2662,0.864111
volume,24,4,zone_ridge,8,3850,60.9535,0.848154
volume,24,4,zone_ridge,9,3850,60.6321,0.914639
volume,24,4,zone_ridge,10,3850,55.1742,0.907068
volume,24,4,zone_ridge,11,3850,57.3213,0.882238
volume,24,4,zone_ridge,12,3850,59.2946,0.881559
volume,24,4,zone_ridge,13,3850,57.0416,0.86524
volume,24,4,zone_ridge,14,3850,57.959,0.86009
volume,24,4,zone_ridge,15,3850,56.6092,0.860509
volume,24,4,zone_ridge,16,3850,53.2082,0.837061
volume,24,4,zone_ridge,17,3850,57.5129,0.864965
volume,24,4,zone_ridge,18,3850,54.2776,0.820672
volume,24,4,zone_ridge,19,3850,51.3823,0.806485
volume,24,4,zone_ridge,20,3850,52.2045,0.811627
volume,24,4,zone_ridge,21,3850,53.0817,0.815664
volume,24,4,zone_ridge,22,3850,51.0658,0.821957
volume,24,4,zone_ridge,23,3850,55.362,0.845586
volume,24,4,zone_gbm,0,3850,73.9472,0.940019
volume,24,4,zone_gbm,1,3850,73.6387,0.947604
volume,24,4,zone_gbm,2,3850,77.1743,0.951771
volume,24,4,zone_gbm,3,3850,76.3725,0.948646
volume,24,4,zone_gbm,4,3850,74.4821,0.943314
volume,24,4,zone_gbm,5,3850,74.7493,0.93682
volume,24,4,zone_gbm,6,3850,67.1751,0.916104
volume,24,4,zone_gbm,7,3850,66.0226,0.905837
volume,24,4,zone_gbm,8,3850,62.4107,0.865046
volume,24,4,zone_gbm,9,3850,55.7387,0.860802
volume,24,4,zone_gbm,10,3850,51.7991,0.856187
volume,24,4,zone_gbm,11,3850,53.2064,0.853801
volume,24,4,zone_gbm,12,3850,57.0869,0.876064
volume,24,4,zone_gbm,13,3850,53.3235,0.871888
volume,24,4,zone_gbm,14,3850,55.5847,0.890263
volume,24,4,zone_gbm,15,3850,55.4015,0.881344
volume,24,4,zone_gbm,16,3850,53.9914,0.851823
volume,24,4,zone_gbm,17,3850,57.576,0.875799
volume,24,4,zone_gbm,18,3850,55.9285,0.845756
volume,24,4,zone_gbm,19,3850,56.1217,0.887883
volume,24,4,zone_gbm,20,3850,53.7511,0.883213
volume,24,4,zone_gbm,21,3850,53.3246,0.890596
volume,24,4,zone_gbm,22,3850,52.3852,0.894913
volume,24,4,zone_gbm,23,3850,54.2668,0.90617
volume,24,4,global_ridge,0,3850,63.5749,1.09441
volume,24,4,global_ridge,1,3850,63.4122,1.00669
volume,24,4,global_ridge,2,3850,64.6469,0.962695
volume,24,4,global_ridge,3,3850,61.3255,0.947385
volume,24,4,global_ridge,4,3850,59.5121,0.948306
volume,24,4,global_ridge,5,3850,59.2214,0.944127
volume,24,4,global_ridge,6,3850,56.1045,0.936367
volume,24,4,global_ridge,7,3850,58.5645,0.907804
volume,24,4,global_ridge,8,3850,59.7962,0.890393
volume,24,4,global_ridge,9,3850,57.4746,0.986545
volume,24,4,global_ridge,10,3850,54.0174,1.00615
volume,24,4,global_ridge,11,3850,55.6868,0.989492
volume,24,4,global_ridge,12,3850,59.6744,0.971441
volume,24,4,global_ridge,13,3850,56.4905,0.965163
volume,24,4,global_ridge,14,3850,57.7707,0.955612
volume,24,4,global_ridge,15,3850,56.9724,0.951636
volume,24,4,global_ridge,16,3850,55.6332,0.929932
volume,24,4,global_ridge,17,3850,59.9364,0.953278
volume,24,4,global_ridge,18,3850,55.86,0.887
volume,24,4,global_ridge,19,3850,50.7285,0.83905
volume,24,4,global_ridge,20,3850,48.5114,0.809698
volume,24,4,global_ridge,21,3850,49.3055,0.820254
volume,24,4,global_ridge,22,3850,49.2972,0.891319
volume,24,4,global_ridge,23,3850,56.2608,0.961535
volume,24,4,global_gbm,0,3850,63.3244,0.94004
volume,24,4,global_gbm,1,3850,62.2042,0.937849
volume,24,4,global_gbm,2,3850,67.2373,0.941532
volume,24,4,global_gbm,3,3850,62.4804,0.932205
volume,24,4,global_gbm,4,3850,61.319,0.929297
volume,24,4,global_gbm,5,3850,62.3603,0.926873
volume,24,4,global_gbm,6,3850,59.9492,0.922993
volume,24,4,global_gbm,7,3850,60.9709,0.907962
volume,24,4,global_gbm,8,3850,58.7986,0.922858
volume,24,4,global_gbm,9,3850,55.9757,1.01245
volume,24,4,global_gbm,10,3850,53.8633,1.02034
volume,24,4,global_gbm,11,3850,56.2337,1.00058
volume,24,4,global_gbm,12,3850,58.5248,0.995193
volume,24,4,global_gbm,13,3850,55.3297,0.975927
volume,24,4,global_gbm,14,3850,56.1838,0.964762
volume,24,4,global_gbm,15,3850,57.0886,0.96707
volume,24,4,global_gbm,16,3850,54.7914,0.944442
volume,24,4,global_gbm,17,3850,57.6006,0.95786
volume,24,4,global_gbm,18,3850,54.7751,0.903646
volume,24,4,global_gbm,19,3850,51.0926,0.885285
volume,24,4,global_gbm,20,3850,48.1322,0.865413
volume,24,4,global_gbm,21,3850,48.5042,0.865424
volume,24,4,global_gbm,22,3850,48.0191,0.877829
volume,24,4,global_gbm,23,3850,52.3137,0.911724
volume,24,5,last_observation,0,3850,61.4618,0.752187
volume,24,5,last_observation,1,3850,50.328,0.704775
volume,24,5,last_observation,2,3850,47.8354,0.698462
volume,24,5,last_observation,3,3850,47.0757,0.705801
volume,24,5,last_observation,4,3850,45.7177,0.698773
volume,24,5,last_observation,5,3850,46.9249,0.697878
volume,24,5,last_observation,6,3850,49.4286,0.69705
volume,24,5,last_observation,7,3850,47.8931,0.68243
volume,24,5,last_observation,8,3850,44.254,0.667122
volume,24,5,last_observation,9,3850,42.7078,0.676252
volume,24,5,last_observation,10,3850,42.2475,0.672285
volume,24,5,last_observation,11,3850,40.4429,0.655186
volume,24,5,last_observation,12,3850,47.9406,0.67019
volume,24,5,last_observation,13,3850,50.5639,0.670257
volume,24,5,last_observation,14,3850,43.3935,0.637941
volume,24,5,last_observation,15,3850,44.1696,0.643108
volume,24,5,last_observation,16,3850,47.051,0.634339
volume,24,5,last_observation,17,3850,44.1358,0.617925
volume,24,5,last_observation,18,3850,43.6994,0.612827
volume,24,5,last_observation,19,3850,39.9652,0.629875
volume,24,5,last_observation,20,3850,43.5788,0.669108
volume,24,5,last_observation,21,3850,42.4371,0.652019
volume,24,5,last_observation,22,3850,41.0226,0.669666
volume,24,5,last_observation,23,3850,40.8454,0.659451
volume,24,5,seasonal_naive_daily,0,3850,61.4618,0.752187
volume,24,5,seasonal_naive_daily,1,3850,50.328,0.704775
volume,24,5,seasonal_naive_daily,2,3850,47.8354,0.698462
volume,24,5,seasonal_naive_daily,3,3850,47.0757,0.705801
volume,24,5,seasonal_naive_daily,4,3850,45.7177,0.698773
volume,24,5,seasonal_naive_daily,5,3850,46.9249,0.697878
volume,24,5,seasonal_naive_daily,6,3850,49.4286,0.69705
volume,24,5,seasonal_naive_daily,7,3850,47.8931,0.68243
volume,24,5,seasonal_naive_daily,8,3850,44.254,0.667122
volume,24,5,seasonal_naive_daily,9,3850,42.7078,0.676252
volume,24,5,seasonal_naive_daily,10,3850,42.2475,0.672285
volume,24,5,seasonal_naive_daily,11,3850,40.4429,0.655186
volume,24,5,seasonal_naive_daily,12,3850,47.9406,0.67019
volume,24,5,seasonal_naive_daily,13,3850,50.5639,0.670257
volume,24,5,seasonal_naive_daily,14,3850,43.3935,0.637941
volume,24,5,seasonal_naive_daily,15,3850,44.1696,0.643108
volume,24,5,seasonal_naive_daily,16,3850,47.051,0.634339
volume,24,5,seasonal_naive_daily,17,3850,44.1358,0.617925
volume,24,5,seasonal_naive_daily,18,3850,43.6994,0.612827
volume,24,5,seasonal_naive_daily,19,3850,39.9652,0.629875
volume,24,5,seasonal_naive_daily,20,3850,43.5788,0.669108
volume,24,5,seasonal_naive_daily,21,3850,42.4371,0.652019
volume,24,5,seasonal_naive_daily,22,3850,41.0226,0.669666
volume,24,5,seasonal_naive_daily,23,3850,40.8454,0.659451
volume,24,5,seasonal_naive_weekly,0,3850,133.574,1.3729
volume,24,5,seasonal_naive_weekly,1,3850,142.232,1.47316
volume,24,5,seasonal_naive_weekly,2,3850,126.789,1.44193
volume,24,5,seasonal_naive_weekly,3,3850,127.186,1.44756
volume,24,5,seasonal_naive_weekly,4,3850,130.246,1.45466
volume,24,5,seasonal_naive_weekly,5,3850,134.345,1.45088
volume,24,5,seasonal_naive_weekly,6,3850,147.674,1.46127
volume,24,5,seasonal_naive_weekly,7,3850,134.512,1.31665
volume,24,5,seasonal_naive_weekly,8,3850,99.9494,1.1557
volume,24,5,seasonal_naive_weekly,9,3850,91.826,1.2308
volume,24,5,seasonal_naive_weekly,10,3850,85.1002,1.20155
volume,24,5,seasonal_naive_weekly,11,3850,87.3966,1.19679
volume,24,5,seasonal_naive_weekly,12,3850,106.419,1.22751
volume,24,5,seasonal_naive_weekly,13,3850,111.273,1.24054
volume,24,5,seasonal_naive_weekly,14,3850,98.8761,1.19502
volume,24,5,seasonal_naive_weekly,15,3850,98.1252,1.16876
volume,24,5,seasonal_naive_weekly,16,3850,94.5751,1.14763
volume,24,5,seasonal_naive_weekly,17,3850,95.1182,1.12682
volume,24,5,seasonal_naive_weekly,18,3850,89.4166,1.08692
volume,24,5,seasonal_naive_weekly,19,3850,89.7238,1.14164
volume,24,5,seasonal_naive_weekly,20,3850,89.8007,1.20682
volume,24,5,seasonal_naive_weekly,21,3850,86.9094,1.23416
volume,24,5,seasonal_naive_weekly,22,3850,86.7603,1.2779
volume,24,5,seasonal_naive_weekly,23,3850,95.8569,1.3435
volume,24,5,autoregressive,0,3850,63.0663,0.794637
volume,24,5,autoregressive,1,3850,60.2543,0.814332
volume,24,5,autoregressive,2,3850,57.5563,0.804698
volume,24,5,autoregressive,3,3850,57.7599,0.807028
volume,24,5,autoregressive,4,3850,56.6632,0.805085
volume,24,5,autoregressive,5,3850,59.5951,0.806018
volume,24,5,autoregressive,6,3850,59.234,0.79589
volume,24,5,autoregressive,7,3850,57.401,0.780666
volume,24,5,autoregressive,8,3850,57.5832,0.780251
volume,24,5,autoregressive,9,3850,55.2136,0.790962
volume,24,5,autoregressive,10,3850,58.3409,0.798922
volume,24,5,autoregressive,11,3850,60.2163,0.80312
volume,24,5,autoregressive,12,3850,68.5318,0.820349
volume,24,5,autoregressive,13,3850,60.4089,0.804009
volume,24,5,autoregressive,14,3850,61.747,0.819172
volume,24,5,autoregressive,15,3850,61.5481,0.818526
volume,24,5,autoregressive,16,3850,61.2089,0.806428
volume,24,5,autoregressive,17,3850,63.6802,0.801694
volume,24,5,autoregressive,18,3850,62.8409,0.783345
volume,24,5,autoregressive,19,3850,62.0706,0.789427
volume,24,5,autoregressive,20,3850,54.9513,0.777852
volume,24,5,autoregressive,21,3850,56.3615,0.775001
volume,24,5,autoregressive,22,3850,54.3583,0.772814
volume,24,5,autoregressive,23,3850,60.5244,0.787544
volume,24,5,zone_ridge,0,3850,80.6587,0.910122
volume,24,5,zone_ridge,1,3850,82.3726,0.958577
volume,24,5,zone_ridge,2,3850,80.1429,0.957478
volume,24,5,zone_ridge,3,3850,78.0492,0.951826
volume,24,5,zone_ridge,4,3850,77.1008,0.939773
volume,24,5,zone_ridge,5,3850,78.6986,0.927274
volume,24,5,zone_ridge,6,3850,75.4368,0.905216
volume,24,5,zone_ridge,7,3850,70.9426,0.874988
volume,24,5,zone_ridge,8,3850,67.3784,0.846035
volume,24,5,zone_ridge,9,3850,61.1715,0.846114
volume,24,5,zone_ridge,10,3850,63.3367,0.838488
volume,24,5,zone_ridge,11,3850,63.0472,0.827784
volume,24,5,zone_ridge,12,3850,69.3966,0.854414
volume,24,5,zone_ridge,13,3850,63.6119,0.840447
volume,24,5,zone_ridge,14,3850,65.5228,0.844657
volume,24,5,zone_ridge,15,3850,63.1953,0.83159
volume,24,5,zone_ridge,16,3850,62.8462,0.816528
volume,24,5,zone_ridge,17,3850,65.2692,0.811239
volume,24,5,zone_ridge,18,3850,64.4717,0.798654
volume,24,5,zone_ridge,19,3850,62.4128,0.812865
volume,24,5,zone_ridge,20,3850,57.5795,0.822315
volume,24,5,zone_ridge,21,3850,57.8812,0.826066
volume,24,5,zone_ridge,22,3850,57.2617,0.841319
volume,24,5,zone_ridge,23,3850,60.5591,0.870297
volume,24,5,zone_gbm,0,3850,76.1948,0.992297
volume,24,5,zone_gbm,1,3850,74.2345,1.03068
volume,24,5,zone_gbm,2,3850,74.2452,1.02684
volume,24,5,zone_gbm,3,3850,73.7291,1.02491
volume,24,5,zone_gbm,4,3850,75.2797,1.02611
volume,24,5,zone_gbm,5,3850,77.4508,1.02992
volume,24,5,zone_gbm,6,3850,76.969,1.02365
volume,24,5,zone_gbm,7,3850,74.2205,0.973907
volume,24,5,zone_gbm,8,3850,65.0793,0.948522
volume,24,5,zone_gbm,9,3850,62.8321,0.968065
volume,24,5,zone_gbm,10,3850,65.8756,0.974505
volume,24,5,zone_gbm,11,3850,70.0631,0.988743
volume,24,5,zone_gbm,12,3850,85.4193,1.03197
volume,24,5,zone_gbm,13,3850,71.6428,0.998899
volume,24,5,zone_gbm,14,3850,75.0145,1.01427
volume,24,5,zone_gbm,15,3850,71.7489,0.997509
volume,24,5,zone_gbm,16,3850,71.2833,0.967498
volume,24,5,zone_gbm,17,3850,75.6247,0.94834
volume,24,5,zone_gbm,18,3850,75.0617,0.927661
volume,24,5,zone_gbm,19,3850,76.1633,0.977369
volume,24,5,zone_gbm,20,3850,65.1935,0.963334
volume,24,5,zone_gbm,21,3850,62.9953,0.946387
volume,24,5,zone_gbm,22,3850,58.6927,0.941425
volume,24,5,zone_gbm,23,3850,59.6471,0.952715
volume,24,5,global_ridge,0,3850,66.4857,0.902105
volume,24,5,global_ridge,1,3850,61.589,0.89838
volume,24,5,global_ridge,2,3850,56.7135,0.869214
volume,24,5,global_ridge,3,3850,55.4922,0.866849
volume,24,5,global_ridge,4,3850,56.5323,0.873957
volume,24,5,global_ridge,5,3850,58.7708,0.867001
volume,24,5,global_ridge,6,3850,61.6777,0.865099
volume,24,5,global_ridge,7,3850,57.3532,0.826336
volume,24,5,global_ridge,8,3850,50.3023,0.773877
volume,24,5,global_ridge,9,3850,46.9501,0.739598
volume,24,5,global_ridge,10,3850,48.0619,0.727287
volume,24,5,global_ridge,11,3850,49.6531,0.789519
volume,24,5,global_ridge,12,3850,56.8487,0.789313
volume,24,5,global_ridge,13,3850,54.9763,0.76352
volume,24,5,global_ridge,14,3850,52.1994,0.771991
volume,24,5,global_ridge,15,3850,53.0749,0.781152
volume,24,5,global_ridge,16,3850,53.4053,0.769756
volume,24,5,global_ridge,17,3850,53.727,0.74679
volume,24,5,global_ridge,18,3850,52.6,0.751574
volume,24,5,global_ridge,19,3850,50.0438,0.786217
volume,24,5,global_ridge,20,3850,49.1963,0.76764
volume,24,5,global_ridge,21,3850,48.3024,0.811577
volume,24,5,global_ridge,22,3850,48.0256,0.889743
volume,24,5,global_ridge,23,3850,52.0392,0.92604
volume,24,5,global_gbm,0,3850,63.6303,0.878531
volume,24,5,global_gbm,1,3850,59.3503,0.891839
volume,24,5,global_gbm,2,3850,56.283,0.879196
volume,24,5,global_gbm,3,3850,55.5922,0.882281
volume,24,5,global_gbm,4,3850,55.0422,0.88079
volume,24,5,global_gbm,5,3850,57.6421,0.881659
volume,24,5,global_gbm,6,3850,59.5194,0.87074
volume,24,5,global_gbm,7,3850,56.2248,0.839786
volume,24,5,global_gbm,8,3850,48.6484,0.795659
volume,24,5,global_gbm,9,3850,47.3517,0.809033
volume,24,5,global_gbm,10,3850,49.362,0.811093
volume,24,5,global_gbm,11,3850,52.2891,0.814357
volume,24,5,global_gbm,12,3850,59.2176,0.827578
volume,24,5,global_gbm,13,3850,55.7273,0.827797
volume,24,5,global_gbm,14,3850,53.518,0.815046
volume,24,5,global_gbm,15,3850,53.737,0.813008
volume,24,5,global_gbm,16,3850,53.5325,0.802999
volume,24,5,global_gbm,17,3850,55.2443,0.805867
volume,24,5,global_gbm,18,3850,53.1091,0.787411
volume,24,5,global_gbm,19,3850,50.9171,0.80325
volume,24,5,global_gbm,20,3850,49.5347,0.815497
volume,24,5,global_gbm,21,3850,46.6936,0.807377
volume,24,5,global_gbm,22,3850,45.9434,0.81796
volume,24,5,global_gbm,23,3850,46.4547,0.824713
volume,24,6,last_observation,0,3850,58.4454,0.748638
volume,24,6,last_observation,1,3850,56.4562,0.746791
volume,24,6,last_observation,2,3850,58.68,0.751713
volume,24,6,last_observation,3,3850,57.621,0.748708
volume,24,6,last_observation,4,3850,54.8982,0.740497
volume,24,6,last_observation,5,3850,55.5446,0.772463
volume,24,6,last_observation,6,3850,53.3288,0.757699
volume,24,6,last_observation,7,3850,59.9542,0.817206
volume,24,6,last_observation,8,3850,58.0665,0.867557
volume,24,6,last_observation,9,3850,52.8611,0.882349
volume,24,6,last_observation,10,3850,47.8371,0.871177
volume,24,6,last_observation,11,3850,48.1011,0.860902
volume,24,6,last_observation,12,3850,61.4725,0.876624
volume,24,6,last_observation,13,3850,64.3152,0.94978
volume,24,6,last_observation,14,3850,70.9389,0.954001
volume,24,6,last_observation,15,3850,67.8222,0.91831
volume,24,6,last_observation,16,3850,65.0183,0.908578
volume,24,6,last_observation,17,3850,68.6865,0.915556
volume,24,6,last_observation,18,3850,66.8792,0.888
volume,24,6,last_observation,19,3850,57.4773,0.800442
volume,24,6,last_observation,20,3850,48.304,0.769703
volume,24,6,last_observation,21,3850,46.4284,0.74272
volume,24,6,last_observation,22,3850,46.398,0.749029
volume,24,6,last_observation,23,3850,49.6528,0.755052
volume,24,6,seasonal_naive_daily,0,3850,58.4454,0.748638
volume,24,6,seasonal_naive_daily,1,3850,56.4562,0.746791
volume,24,6,seasonal_naive_daily,2,3850,58.68,0.751713
volume,24,6,seasonal_naive_daily,3,3850,57.621,0.748708
volume,24,6,seasonal_naive_daily,4,3850,54.8982,0.740497
volume,24,6,seasonal_naive_daily,5,3850,55.5446,0.772463
volume,24,6,seasonal_naive_daily,6,3850,53.3288,0.757699
volume,24,6,seasonal_naive_daily,7,3850,59.9542,0.817206
volume,24,6,seasonal_naive_daily,8,3850,58.0665,0.867557
volume,24,6,seasonal_naive_daily,9,3850,52.8611,0.882349
volume,24,6,seasonal_naive_daily,10,3850,47.8371,0.871177
volume,24,6,seasonal_naive_daily,11,3850,48.1011,0.860902
volume,24,6,seasonal_naive_daily,12,3850,61.4725,0.876624
volume,24,6,seasonal_naive_daily,13,3850,64.3152,0.94978
volume,24,6,seasonal_naive_daily,14,3850,70.9389,0.954001
volume,24,6,seasonal_naive_daily,15,3850,67.8222,0.91831
volume,24,6,seasonal_naive_daily,16,3850,65.0183,0.908578
volume,24,6,seasonal_naive_daily,17,3850,68.6865,0.915556
volume,24,6,seasonal_naive_daily,18,3850,66.8792,0.888
volume,24,6,seasonal_naive_daily,19,3850,57.4773,0.800442
volume,24,6,seasonal_naive_daily,20,3850,48.304,0.769703
volume,24,6,seasonal_naive_daily,21,3850,46.4284,0.74272
volume,24,6,seasonal_naive_daily,22,3850,46.398,0.749029
volume,24,6,seasonal_naive_daily,23,3850,49.6528,0.755052
volume,24,6,seasonal_naive_weekly,0,3850,119.515,1.20257
volume,24,6,seasonal_naive_weekly,1,3850,125.032,1.21601
volume,24,6,seasonal_naive_weekly,2,3850,120.44,1.20456
volume,24,6,seasonal_naive_weekly,3,3850,117.122,1.19793
volume,24,6,seasonal_naive_weekly,4,3850,114.156,1.19254
volume,24,6,seasonal_naive_weekly,5,3850,117.801,1.21007
volume,24,6,seasonal_naive_weekly,6,3850,123.561,1.21117
volume,24,6,seasonal_naive_weekly,7,3850,117.415,1.19911
volume,24,6,seasonal_naive_weekly,8,3850,90.512,1.14395
volume,24,6,seasonal_naive_weekly,9,3850,74.9281,1.14338
volume,24,6,seasonal_naive_weekly,10,3850,70.7141,1.13118
volume,24,6,seasonal_naive_weekly,11,3850,71.8409,1.11833
volume,24,6,seasonal_naive_weekly,12,3850,85.3073,1.13272
volume,24,6,seasonal_naive_weekly,13,3850,86.1661,1.15161
volume,24,6,seasonal_naive_weekly,14,3850,87.3784,1.13386
volume,24,6,seasonal_naive_weekly,15,3850,80.0553,1.07486
volume,24,6,seasonal_naive_weekly,16,3850,80.7046,1.05824
volume,24,6,seasonal_naive_weekly,17,3850,87.0231,1.05891
volume,24,6,seasonal_naive_weekly,18,3850,88.2459,1.0665
volume,24,6,seasonal_naive_weekly,19,3850,82.4611,1.07527
volume,24,6,seasonal_naive_weekly,20,3850,70.9588,1.0662
volume,24,6,seasonal_naive_weekly,21,3850,69.1353,1.06294
volume,24,6,seasonal_naive_weekly,22,3850,72.3846,1.07828
volume,24,6,seasonal_naive_weekly,23,3850,76.673,1.09446
volume,24,6,autoregressive,0,3850,60.0098,0.808812
volume,24,6,autoregressive,1,3850,57.4977,0.803582
volume,24,6,autoregressive,2,3850,58.5628,0.805531
volume,24,6,autoregressive,3,3850,57.5153,0.802952
volume,24,6,autoregressive,4,3850,53.9338,0.795056
volume,24,6,autoregressive,5,3850,54.8203,0.802638
volume,24,6,autoregressive,6,3850,57.4852,0.809048
volume,24,6,autoregressive,7,3850,60.1927,0.833978
volume,24,6,autoregressive,8,3850,55.8459,0.88683
volume,24,6,autoregressive,9,3850,53.1161,0.937658
volume,24,6,autoregressive,10,3850,52.7948,0.94507
volume,24,6,autoregressive,11,3850,52.6941,0.932225
volume,24,6,autoregressive,12,3850,65.6874,0.951785
volume,24,6,autoregressive,13,3850,61.4872,0.967431
volume,24,6,autoregressive,14,3850,69.8153,0.98775
volume,24,6,autoregressive,15,3850,65.7936,0.953371
volume,24,6,autoregressive,16,3850,63.8793,0.9486
volume,24,6,autoregressive,17,3850,66.1701,0.940104
volume,24,6,autoregressive,18,3850,66.2381,0.903469
volume,24,6,autoregressive,19,3850,58.7598,0.841923
volume,24,6,autoregressive,20,3850,47.653,0.800669
volume,24,6,autoregressive,21,3850,45.7086,0.77412
volume,24,6,autoregressive,22,3850,45.7629,0.780193
volume,24,6,autoregressive,23,3850,53.7564,0.789183
volume,24,6,zone_ridge,0,3850,66.2568,0.89035
volume,24,6,zone_ridge,1,3850,64.2742,0.88713
volume,24,6,zone_ridge,2,3850,64.3027,0.890794
volume,24,6,zone_ridge,3,3850,64.1795,0.887029
volume,24,6,zone_ridge,4,3850,61.7215,0.880359
volume,24,6,zone_ridge,5,3850,61.521,0.88326
volume,24,6,zone_ridge,6,3850,64.3967,0.891083
volume,24,6,zone_ridge,7,3850,65.5918,0.880506
volume,24,6,zone_ridge,8,3850,56.8881,0.858317
volume,24,6,zone_ridge,9,3850,51.806,0.873546
volume,24,6,zone_ridge,10,3850,53.6808,0.874857
volume,24,6,zone_ridge,11,3850,54.0385,0.847384
volume,24,6,zone_ridge,12,3850,63.8446,0.852461
volume,24,6,zone_ridge,13,3850,58.5202,0.866969
volume,24,6,zone_ridge,14,3850,67.1215,0.876141
volume,24,6,zone_ridge,15,3850,64.917,0.845623
volume,24,6,zone_ridge,16,3850,63.7289,0.845678
volume,24,6,zone_ridge,17,3850,67.8057,0.853535
volume,24,6,zone_ridge,18,3850,67.1349,0.827632
volume,24,6,zone_ridge,19,3850,60.2883,0.811337
volume,24,6,zone_ridge,20,3850,48.7915,0.806286
volume,24,6,zone_ridge,21,3850,48.1893,0.807433
volume,24,6,zone_ridge,22,3850,47.402,0.825962
volume,24,6,zone_ridge,23,3850,53.0223,0.85039
volume,24,6,zone_gbm,0,3850,72.352,0.983116
volume,24,6,zone_gbm,1,3850,74.39,0.994582
volume,24,6,zone_gbm,2,3850,76.6462,1.00528
volume,24,6,zone_gbm,3,3850,78.0532,1.0071
volume,24,6,zone_gbm,4,3850,73.8596,0.998007
volume,24,6,zone_gbm,5,3850,71.3926,0.989594
volume,24,6,zone_gbm,6,3850,73.3597,0.97814
volume,24,6,zone_gbm,7,3850,73.2237,0.948825
volume,24,6,zone_gbm,8,3850,57.6232,0.914729
volume,24,6,zone_gbm,9,3850,51.2528,0.912677
volume,24,6,zone_gbm,10,3850,55.4262,0.913191
volume,24,6,zone_gbm,11,3850,57.376,0.895905
volume,24,6,zone_gbm,12,3850,70.3035,0.911192
volume,24,6,zone_gbm,13,3850,60.7422,0.905606
volume,24,6,zone_gbm,14,3850,67.2855,0.91118
volume,24,6,zone_gbm,15,3850,66.1466,0.892202
volume,24,6,zone_gbm,16,3850,67.1497,0.891755
volume,24,6,zone_gbm,17,3850,71.0057,0.90186
volume,24,6,zone_gbm,18,3850,71.9211,0.89821
volume,24,6,zone_gbm,19,3850,66.2139,0.920839
volume,24,6,zone_gbm,20,3850,51.1778,0.901497
volume,24,6,zone_gbm,21,3850,49.5182,0.897279
volume,24,6,zone_gbm,22,3850,50.9443,0.912883
volume,24,6,zone_gbm,23,3850,55.3504,0.945397
volume,24,6,global_ridge,0,3850,60.1573,0.828854
volume,24,6,global_ridge,1,3850,56.6701,0.82914
volume,24,6,global_ridge,2,3850,56.9059,0.827399
volume,24,6,global_ridge,3,3850,56.3374,0.82361
volume,24,6,global_ridge,4,3850,53.9468,0.827287
volume,24,6,global_ridge,5,3850,54.4927,0.861164
volume,24,6,global_ridge,6,3850,55.2189,0.853264
volume,24,6,global_ridge,7,3850,58.428,0.87696
volume,24,6,global_ridge,8,3850,54.5859,0.913538
volume,24,6,global_ridge,9,3850,51.1975,0.912801
volume,24,6,global_ridge,10,3850,48.5346,0.894279
volume,24,6,global_ridge,11,3850,48.4985,0.936867
volume,24,6,global_ridge,12,3850,61.0196,0.921879
volume,24,6,global_ridge,13,3850,59.4992,0.930188
volume,24,6,global_ridge,14,3850,65.7592,0.977732
volume,24,6,global_ridge,15,3850,63.8541,0.954355
volume,24,6,global_ridge,16,3850,62.1898,0.944448
volume,24,6,global_ridge,17,3850,64.3246,0.93098
volume,24,6,global_ridge,18,3850,63.1321,0.912222
volume,24,6,global_ridge,19,3850,55.9573,0.889832
volume,24,6,global_ridge,20,3850,46.5253,0.810888
volume,24,6,global_ridge,21,3850,44.7567,0.834477
volume,24,6,global_ridge,22,3850,45.4319,0.883821
volume,24,6,global_ridge,23,3850,50.5532,0.927575
volume,24,6,global_gbm,0,3850,61.4609,0.948494
volume,24,6,global_gbm,1,3850,58.3271,0.949648
volume,24,6,global_gbm,2,3850,59.5577,0.96099
volume,24,6,global_gbm,3,3850,59.5525,0.956064
volume,24,6,global_gbm,4,3850,57.1896,0.948453
volume,24,6,global_gbm,5,3850,58.9607,0.959376
volume,24,6,global_gbm,6,3850,58.9073,0.955397
volume,24,6,global_gbm,7,3850,61.3238,0.979362
volume,24,6,global_gbm,8,3850,60.8832,1.00028
volume,24,6,global_gbm,9,3850,54.118,1.04657
volume,24,6,global_gbm,10,3850,54.9189,1.05844
volume,24,6,global_gbm,11,3850,55.1811,1.03841
volume,24,6,global_gbm,12,3850,66.1015,1.04985
volume,24,6,global_gbm,13,3850,62.3562,1.06302
volume,24,6,global_gbm,14,3850,71.8606,1.07867
volume,24,6,global_gbm,15,3850,68.6542,1.05358
volume,24,6,global_gbm,16,3850,66.3196,1.04197
volume,24,6,global_gbm,17,3850,67.9621,1.05087
volume,24,6,global_gbm,18,3850,66.4996,1.00297
volume,24,6,global_gbm,19,3850,59.8958,0.937236
volume,24,6,global_gbm,20,3850,49.1471,0.904983
volume,24,6,global_gbm,21,3850,45.4579,0.882627
volume,24,6,global_gbm,22,3850,45.9353,0.899701
volume,24,6,global_gbm,23,3850,50.4014,0.915782
volume,24,7,last_observation,0,3850,52.6072,0.732725
volume,24,7,last_observation,1,3850,51.3992,0.733856
volume,24,7,last_observation,2,3850,58.8672,0.795151
volume,24,7,last_observation,3,3850,55.747,0.786788
volume,24,7,last_observation,4,3850,54.6272,0.767495
volume,24,7,last_observation,5,3850,56.5806,0.78814
volume,24,7,last_observation,6,3850,52.5577,0.772078
volume,24,7,last_observation,7,3850,60.7331,0.797125
volume,24,7,last_observation,8,3850,58.7657,0.820362
volume,24,7,last_observation,9,3850,56.0776,0.856555
volume,24,7,last_observation,10,3850,57.0832,0.839597
volume,24,7,last_observation,11,3850,58.6037,0.820779
volume,24,7,last_observation,12,3850,65.4232,0.845473
volume,24,7,last_observation,13,3850,61.4255,0.807984
volume,24,7,last_observation,14,3850,64.4868,0.791139
volume,24,7,last_observation,15,3850,64.0944,0.787503
volume,24,7,last_observation,16,3850,61.6408,0.778826
volume,24,7,last_observation,17,3850,63.0236,0.772972
volume,24,7,last_observation,18,3850,64.3064,0.748161
volume,24,7,last_observation,19,3850,58.271,0.734602
volume,24,7,last_observation,20,3850,48.1133,0.717472
volume,24,7,last_observation,21,3850,47.1348,0.6911
volume,24,7,last_observation,22,3850,45.8787,0.690382
volume,24,7,last_observation,23,3850,46.9145,0.70417
volume,24,7,seasonal_naive_daily,0,3850,52.6072,0.732725
volume,24,7,seasonal_naive_daily,1,3850,51.3992,0.733856
volume,24,7,seasonal_naive_daily,2,3850,58.8672,0.795151
volume,24,7,seasonal_naive_daily,3,3850,55.747,0.786788
volume,24,7,seasonal_naive_daily,4,3850,54.6272,0.767495
volume,24,7,seasonal_naive_daily,5,3850,56.5806,0.78814
volume,24,7,seasonal_naive_daily,6,3850,52.5577,0.772078
volume,24,7,seasonal_naive_daily,7,3850,60.7331,0.797125
volume,24,7,seasonal_naive_daily,8,3850,58.7657,0.820362
volume,24,7,seasonal_naive_daily,9,3850,56.0776,0.856555
volume,24,7,seasonal_naive_daily,10,3850,57.0832,0.839597
volume,24,7,seasonal_naive_daily,11,3850,58.6037,0.820779
volume,24,7,seasonal_naive_daily,12,3850,65.4232,0.845473
volume,24,7,seasonal_naive_daily,13,3850,61.4255,0.807984
volume,24,7,seasonal_naive_daily,14,3850,64.4868,0.791139
volume,24,7,seasonal_naive_daily,15,3850,64.0944,0.787503
volume,24,7,seasonal_naive_daily,16,3850,61.6408,0.778826
volume,24,7,seasonal_naive_daily,17,3850,63.0236,0.772972
volume,24,7,seasonal_naive_daily,18,3850,64.3064,0.748161
volume,24,7,seasonal_naive_daily,19,3850,58.271,0.734602
volume,24,7,seasonal_naive_daily,20,3850,48.1133,0.717472
volume,24,7,seasonal_naive_daily,21,3850,47.1348,0.6911
volume,24,7,seasonal_naive_daily,22,3850,45.8787,0.690382
volume,24,7,seasonal_naive_daily,23,3850,46.9145,0.70417
volume,24,7,seasonal_naive_weekly,0,3850,64.4856,0.990963
volume,24,7,seasonal_naive_weekly,1,3850,65.5038,0.989068
volume,24,7,seasonal_naive_weekly,2,3850,69.8924,1.01216
volume,24,7,seasonal_naive_weekly,3,3850,65.0754,0.996352
volume,24,7,seasonal_naive_weekly,4,3850,64.0234,0.985088
volume,24,7,seasonal_naive_weekly,5,3850,63.2054,0.959846
volume,24,7,seasonal_naive_weekly,6,3850,58.5405,0.916107
volume,24,7,seasonal_naive_weekly,7,3850,62.0464,0.917206
volume,24,7,seasonal_naive_weekly,8,3850,57.7417,0.911649
volume,24,7,seasonal_naive_weekly,9,3850,55.4508,0.935181
volume,24,7,seasonal_naive_weekly,10,3850,54.5821,0.931844
volume,24,7,seasonal_naive_weekly,11,3850,57.9259,0.93341
volume,24,7,seasonal_naive_weekly,12,3850,66.1024,0.952679
volume,24,7,seasonal_naive_weekly,13,3850,61.8388,0.945712
volume,24,7,seasonal_naive_weekly,14,3850,68.9599,0.945204
volume,24,7,seasonal_naive_weekly,15,3850,68.8356,0.937611
volume,24,7,seasonal_naive_weekly,16,3850,69.5962,0.930321
volume,24,7,seasonal_naive_weekly,17,3850,71.9025,0.931826
volume,24,7,seasonal_naive_weekly,18,3850,75.1704,0.954858
volume,24,7,seasonal_naive_weekly,19,3850,70.3406,0.970999
volume,24,7,seasonal_naive_weekly,20,3850,56.2418,0.9511
volume,24,7,seasonal_naive_weekly,21,3850,53.3277,0.929668
volume,24,7,seasonal_naive_weekly,22,3850,52.8465,0.943692
volume,24,7,seasonal_naive_weekly,23,3850,55.4574,0.963248
volume,24,7,autoregressive,0,3850,55.0306,0.725924
volume,24,7,autoregressive,1,3850,50.0892,0.721231
volume,24,7,autoregressive,2,3850,56.7854,0.75458
volume,24,7,autoregressive,3,3850,53.7713,0.747188
volume,24,7,autoregressive,4,3850,52.4096,0.743059
volume,24,7,autoregressive,5,3850,54.3911,0.755284
volume,24,7,autoregressive,6,3850,51.9573,0.759999
volume,24,7,autoregressive,7,3850,60.8523,0.772803
volume,24,7,autoregressive,8,3850,54.2357,0.803872
volume,24,7,autoregressive,9,3850,52.6757,0.851509
volume,24,7,autoregressive,10,3850,55.6934,0.839602
volume,24,7,autoregressive,11,3850,56.5185,0.82525
volume,24,7,autoregressive,12,3850,64.7634,0.84826
volume,24,7,autoregressive,13,3850,59.1981,0.803095
volume,24,7,autoregressive,14,3850,63.5186,0.79506
volume,24,7,autoregressive,15,3850,61.379,0.790065
volume,24,7,autoregressive,16,3850,59.3734,0.779639
volume,24,7,autoregressive,17,3850,61.1325,0.767969
volume,24,7,autoregressive,18,3850,60.0662,0.735434
volume,24,7,autoregressive,19,3850,58.8792,0.71749
volume,24,7,autoregressive,20,3850,45.0185,0.694032
volume,24,7,autoregressive,21,3850,44.758,0.679767
volume,24,7,autoregressive,22,3850,43.648,0.680231
volume,24,7,autoregressive,23,3850,51.2151,0.699367
volume,24,7,zone_ridge,0,3850,54.9259,0.770327
volume,24,7,zone_ridge,1,3850,49.6251,0.752967
volume,24,7,zone_ridge,2,3850,56.366,0.779843
volume,24,7,zone_ridge,3,3850,52.9016,0.771718
volume,24,7,zone_ridge,4,3850,53.0052,0.764777
volume,24,7,zone_ridge,5,3850,53.8179,0.776147
volume,24,7,zone_ridge,6,3850,55.2313,0.792286
volume,24,7,zone_ridge,7,3850,60.7459,0.765147
volume,24,7,zone_ridge,8,3850,50.9402,0.746001
volume,24,7,zone_ridge,9,3850,49.9001,0.784884
volume,24,7,zone_ridge,10,3850,53.1187,0.782331
volume,24,7,zone_ridge,11,3850,52.804,0.77574
volume,24,7,zone_ridge,12,3850,61.8603,0.801319
volume,24,7,zone_ridge,13,3850,55.4014,0.763576
volume,24,7,zone_ridge,14,3850,60.4807,0.760945
volume,24,7,zone_ridge,15,3850,59.7136,0.750906
volume,24,7,zone_ridge,16,3850,57.8023,0.739511
volume,24,7,zone_ridge,17,3850,58.2314,0.725497
volume,24,7,zone_ridge,18,3850,59.3886,0.705812
volume,24,7,zone_ridge,19,3850,58.3829,0.72089
volume,24,7,zone_ridge,20,3850,46.8962,0.717644
volume,24,7,zone_ridge,21,3850,44.6678,0.712472
volume,24,7,zone_ridge,22,3850,44.3877,0.726648
volume,24,7,zone_ridge,23,3850,46.9642,0.743522
volume,24,7,zone_gbm,0,3850,53.7034,0.761998
volume,24,7,zone_gbm,1,3850,51.5914,0.75967
volume,24,7,zone_gbm,2,3850,57.0452,0.784487
volume,24,7,zone_gbm,3,3850,52.7453,0.778113
volume,24,7,zone_gbm,4,3850,51.3875,0.769512
volume,24,7,zone_gbm,5,3850,54.8454,0.785623
volume,24,7,zone_gbm,6,3850,56.906,0.782345
volume,24,7,zone_gbm,7,3850,59.7466,0.76372
volume,24,7,zone_gbm,8,3850,51.5487,0.736068
volume,24,7,zone_gbm,9,3850,48.7069,0.756241
volume,24,7,zone_gbm,10,3850,51.8292,0.752519
volume,24,7,zone_gbm,11,3850,53.734,0.75101
volume,24,7,zone_gbm,12,3850,62.9119,0.774975
volume,24,7,zone_gbm,13,3850,55.777,0.739691
volume,24,7,zone_gbm,14,3850,60.6627,0.739547
volume,24,7,zone_gbm,15,3850,59.4615,0.735973
volume,24,7,zone_gbm,16,3850,58.3019,0.735641
volume,24,7,zone_gbm,17,3850,59.3226,0.741784
volume,24,7,zone_gbm,18,3850,59.7441,0.73576
volume,24,7,zone_gbm,19,3850,58.2642,0.753213
volume,24,7,zone_gbm,20,3850,47.8229,0.748754
volume,24,7,zone_gbm,21,3850,44.8511,0.728262
volume,24,7,zone_gbm,22,3850,44.5408,0.73961
volume,24,7,zone_gbm,23,3850,44.8868,0.757235
volume,24,7,global_ridge,0,3850,53.2005,0.864457
volume,24,7,global_ridge,1,3850,48.1678,0.830718
volume,24,7,global_ridge,2,3850,55.8285,0.875348
volume,24,7,global_ridge,3,3850,53.2436,0.855111
volume,24,7,global_ridge,4,3850,52.765,0.849222
volume,24,7,global_ridge,5,3850,54.6184,0.876063
volume,24,7,global_ridge,6,3850,52.2256,0.866851
volume,24,7,global_ridge,7,3850,60.4037,0.875383
volume,24,7,global_ridge,8,3850,55.0944,0.901197
volume,24,7,global_ridge,9,3850,54.1087,0.889346
volume,24,7,global_ridge,10,3850,54.5682,0.882581
volume,24,7,global_ridge,11,3850,55.4342,0.948231
volume,24,7,global_ridge,12,3850,63.8899,0.943667
volume,24,7,global_ridge,13,3850,57.4301,0.859779
volume,24,7,global_ridge,14,3850,61.8896,0.892666
volume,24,7,global_ridge,15,3850,61.3548,0.885503
volume,24,7,global_ridge,16,3850,59.4226,0.867315
volume,24,7,global_ridge,17,3850,59.4341,0.836069
volume,24,7,global_ridge,18,3850,61.0499,0.833322
volume,24,7,global_ridge,19,3850,58.5762,0.874529
volume,24,7,global_ridge,20,3850,46.4372,0.790435
volume,24,7,global_ridge,21,3850,44.1651,0.825001
volume,24,7,global_ridge,22,3850,45.9361,0.915218
volume,24,7,global_ridge,23,3850,48.5933,0.935543
volume,24,7,global_gbm,0,3850,51.2395,0.816243
volume,24,7,global_gbm,1,3850,47.3686,0.815266
volume,24,7,global_gbm,2,3850,56.8921,0.854179
volume,24,7,global_gbm,3,3850,53.5417,0.846403
volume,24,7,global_gbm,4,3850,52.3306,0.843594
volume,24,7,global_gbm,5,3850,54.7057,0.854091
volume,24,7,global_gbm,6,3850,55.3503,0.855807
volume,24,7,global_gbm,7,3850,56.1968,0.845268
volume,24,7,global_gbm,8,3850,52.9643,0.865232
volume,24,7,global_gbm,9,3850,51.8182,0.921502
volume,24,7,global_gbm,10,3850,55.0198,0.91478
volume,24,7,global_gbm,11,3850,55.6247,0.894771
volume,24,7,global_gbm,12,3850,62.9839,0.913238
volume,24,7,global_gbm,13,3850,56.5751,0.872074
volume,24,7,global_gbm,14,3850,61.6662,0.868636
volume,24,7,global_gbm,15,3850,61.0213,0.865715
volume,24,7,global_gbm,16,3850,58.8736,0.861981
volume,24,7,global_gbm,17,3850,60.0389,0.858175
volume,24,7,global_gbm,18,3850,60.4509,0.814705
volume,24,7,global_gbm,19,3850,57.4826,0.796369
volume,24,7,global_gbm,20,3850,46.2882,0.781278
volume,24,7,global_gbm,21,3850,42.4739,0.768838
volume,24,7,global_gbm,22,3850,43.6932,0.788672
volume,24,7,global_gbm,23,3850,44.0149,0.807942
duration,1,0,last_observation,0,3850,2.17394,0.557206
duration,1,0,last_observation,1,3850,0.768506,0.214566
duration,1,0,last_observation,2,3850,0.780628,0.194731
duration,1,0,last_observation,3,3850,0.552143,0.138954
duration,1,0,last_observation,4,3850,0.353312,0.0988489
duration,1,0,last_observation,5,3850,0.376775,0.102418
duration,1,0,last_observation,6,3850,0.720087,0.184324
duration,1,0,last_observation,7,3850,2.33593,0.582551
duration,1,0,last_observation,8,3850,3.75968,0.989931
duration,1,0,last_observation,9,3850,2.62565,0.763538
duration,1,0,last_observation,10,3850,1.32103,0.415015
duration,1,0,last_observation,11,3850,0.915054,0.314387
duration,1,0,last_observation,12,3850,1.3224,0.429907
duration,1,0,last_observation,13,3850,1.08,0.359985
duration,1,0,last_observation,14,3850,1.16448,0.376901
duration,1,0,last_observation,15,3850,0.904091,0.309113
duration,1,0,last_observation,16,3850,0.901104,0.305348
duration,1,0,last_observation,17,3850,1.09342,0.366202
duration,1,0,last_observation,18,3850,1.77035,0.538629
duration,1,0,last_observation,19,3850,2.48242,0.66737
duration,1,0,last_observation,20,3850,2.00455,0.547602
duration,1,0,last_observation,21,3850,1.47303,0.438401
duration,1,0,last_observation,22,3850,1.30978,0.394395
duration,1,0,last_observation,23,3850,1.20831,0.356764
duration,1,0,seasonal_naive_daily,0,3850,2.78831,0.9775
duration,1,0,seasonal_naive_daily,1,3850,2.78359,0.97843
duration,1,0,seasonal_naive_daily,2,3850,2.91303,1.00409
duration,1,0,seasonal_naive_daily,3,3850,2.916,1.00357
duration,1,0,seasonal_naive_daily,4,3850,2.92009,1.00272
duration,1,0,seasonal_naive_daily,5,3850,2.89623,0.99684
duration,1,0,seasonal_naive_daily,6,3850,2.89015,0.991989
duration,1,0,seasonal_naive_daily,7,3850,3.0637,1.00883
duration,1,0,seasonal_naive_daily,8,3850,3.35677,1.07699
duration,1,0,seasonal_naive_daily,9,3850,3.55779,1.15413
duration,1,0,seasonal_naive_daily,10,3850,3.5289,1.17021
duration,1,0,seasonal_naive_daily,11,3850,3.4292,1.14815
duration,1,0,seasonal_naive_daily,12,3850,3.45483,1.16329
duration,1,0,seasonal_naive_daily,13,3850,3.30652,1.11926
duration,1,0,seasonal_naive_daily,14,3850,3.26045,1.11062
duration,1,0,seasonal_naive_daily,15,3850,3.1905,1.08982
duration,1,0,seasonal_naive_daily,16,3850,3.16688,1.08231
duration,1,0,seasonal_naive_daily,17,3850,3.09794,1.05322
duration,1,0,seasonal_naive_daily,18,3850,2.87255,0.993347
duration,1,0,seasonal_naive_daily,19,3850,2.72173,0.956516
duration,1,0,seasonal_naive_daily,20,3850,2.699,0.961873
duration,1,0,seasonal_naive_daily,21,3850,2.72522,0.96966
duration,1,0,seasonal_naive_daily,22,3850,2.71288,0.966412
duration,1,0,seasonal_naive_daily,23,3850,2.9739,1.00565
duration,1,0,seasonal_naive_weekly,0,3850,4.04156,1.2244
duration,1,0,seasonal_naive_weekly,1,3850,3.68959,1.13971
duration,1,0,seasonal_naive_weekly,2,3850,3.76565,1.15091
duration,1,0,seasonal_naive_weekly,3,3850,3.72472,1.15155
duration,1,0,seasonal_naive_weekly,4,3850,3.71543,1.14271
duration,1,0,seasonal_naive_weekly,5,3850,3.71307,1.14691
duration,1,0,seasonal_naive_weekly,6,3850,3.60567,1.11695
duration,1,0,seasonal_naive_weekly,7,3850,3.27496,1.04447
duration,1,0,seasonal_naive_weekly,8,3850,2.94511,0.990979
duration,1,0,seasonal_naive_weekly,9,3850,2.93582,1.01303
duration,1,0,seasonal_naive_weekly,10,3850,2.89695,1.02173
duration,1,0,seasonal_naive_weekly,11,3850,2.88015,1.01668
duration,1,0,seasonal_naive_weekly,12,3850,2.95883,1.04359
duration,1,0,seasonal_naive_weekly,13,3850,2.91965,1.03017
duration,1,0,seasonal_naive_weekly,14,3850,2.79848,1.00152
duration,1,0,seasonal_naive_weekly,15,3850,2.7529,0.985402
duration,1,0,seasonal_naive_weekly,16,3850,2.76574,0.990113
duration,1,0,seasonal_naive_weekly,17,3850,2.78325,0.981035
duration,1,0,seasonal_naive_weekly,18,3850,2.8824,0.994649
duration,1,0,seasonal_naive_weekly,19,3850,3.11011,1.03173
duration,1,0,seasonal_naive_weekly,20,3850,3.21667,1.06347
duration,1,0,seasonal_naive_weekly,21,3850,3.38041,1.09013
duration,1,0,seasonal_naive_weekly,22,3850,3.41372,1.08508
duration,1,0,seasonal_naive_weekly,23,3850,3.4695,1.07475
duration,1,0,autoregressive,0,3850,1.46071,0.413404
duration,1,0,autoregressive,1,3850,0.838971,0.251544
duration,1,0,autoregressive,2,3850,0.739351,0.219016
duration,1,0,autoregressive,3,3850,0.700875,0.204877
duration,1,0,autoregressive,4,3850,0.629811,0.190639
duration,1,0,autoregressive,5,3850,0.67946,0.201529
duration,1,0,autoregressive,6,3850,0.943269,0.257515
duration,1,0,autoregressive,7,3850,1.54698,0.436059
duration,1,0,autoregressive,8,3850,1.98973,0.622304
duration,1,0,autoregressive,9,3850,1.55805,0.536248
duration,1,0,autoregressive,10,3850,1.12198,0.377796
duration,1,0,autoregressive,11,3850,0.976309,0.336172
duration,1,0,autoregressive,12,3850,1.1552,0.387781
duration,1,0,autoregressive,13,3850,1.03851,0.354715
duration,1,0,autoregressive,14,3850,1.01066,0.347444
duration,1,0,autoregressive,15,3850,0.928825,0.323463
duration,1,0,autoregressive,16,3850,0.973378,0.332309
duration,1,0,autoregressive,17,3850,1.06914,0.370009
duration,1,0,autoregressive,18,3850,1.25289,0.428402
duration,1,0,autoregressive,19,3850,1.39304,0.449949
duration,1,0,autoregressive,20,3850,1.18531,0.397893
duration,1,0,autoregressive,21,3850,1.06966,0.361856
duration,1,0,autoregressive,22,3850,1.03422,0.344582
duration,1,0,autoregressive,23,3850,1.18979,0.355472
duration,1,0,zone_ridge,0,3850,1.3112,0.382669
duration,1,0,zone_ridge,1,3850,0.919541,0.272281
duration,1,0,zone_ridge,2,3850,0.842693,0.245563
duration,1,0,zone_ridge,3,3850,0.795309,0.227661
duration,1,0,zone_ridge,4,3850,0.759983,0.222984
duration,1,0,zone_ridge,5,3850,0.804403,0.232516
duration,1,0,zone_ridge,6,3850,0.843913,0.24902
duration,1,0,zone_ridge,7,3850,1.43853,0.404958
duration,1,0,zone_ridge,8,3850,1.77117,0.564491
duration,1,0,zone_ridge,9,3850,1.51633,0.520878
duration,1,0,zone_ridge,10,3850,1.12719,0.379628
duration,1,0,zone_ridge,11,3850,1.02376,0.350043
duration,1,0,zone_ridge,12,3850,1.19104,0.398631
duration,1,0,zone_ridge,13,3850,1.09634,0.369753
duration,1,0,zone_ridge,14,3850,1.01869,0.348766
duration,1,0,zone_ridge,15,3850,0.964748,0.331625
duration,1,0,zone_ridge,16,3850,0.981558,0.337302
duration,1,0,zone_ridge,17,3850,1.05006,0.363283
duration,1,0,zone_ridge,18,3850,1.26383,0.429423
duration,1,0,zone_ridge,19,3850,1.49359,0.466264
duration,1,0,zone_ridge,20,3850,1.22649,0.405928
duration,1,0,zone_ridge,21,3850,1.10942,0.37021
duration,1,0,zone_ridge,22,3850,1.07055,0.349288
duration,1,0,zone_ridge,23,3850,1.26089,0.366434
duration,1,0,zone_gbm,0,3850,1.28112,0.380891
duration,1,0,zone_gbm,1,3850,0.888614,0.273965
duration,1,0,zone_gbm,2,3850,0.856394,0.248612
duration,1,0,zone_gbm,3,3850,0.810799,0.234489
duration,1,0,zone_gbm,4,3850,0.742003,0.220831
duration,1,0,zone_gbm,5,3850,0.724711,0.217331
duration,1,0,zone_gbm,6,3850,0.761105,0.230471
duration,1,0,zone_gbm,7,3850,1.244,0.371871
duration,1,0,zone_gbm,8,3850,1.4655,0.49681
duration,1,0,zone_gbm,9,3850,1.40497,0.494452
duration,1,0,zone_gbm,10,3850,1.13156,0.397915
duration,1,0,zone_gbm,11,3850,0.977481,0.352098
duration,1,0,zone_gbm,12,3850,1.11987,0.393818
duration,1,0,zone_gbm,13,3850,1.07582,0.374795
duration,1,0,zone_gbm,14,3850,1.02817,0.362683
duration,1,0,zone_gbm,15,3850,0.95507,0.337759
duration,1,0,zone_gbm,16,3850,0.973132,0.344083
duration,1,0,zone_gbm,17,3850,1.03108,0.362586
duration,1,0,zone_gbm,18,3850,1.18849,0.41028
duration,1,0,zone_gbm,19,3850,1.30567,0.433074
duration,1,0,zone_gbm,20,3850,1.17662,0.400825
duration,1,0,zone_gbm,21,3850,1.10758,0.373212
duration,1,0,zone_gbm,22,3850,1.06472,0.356247
duration,1,0,zone_gbm,23,3850,1.2113,0.366998
duration,1,0,global_ridge,0,3850,1.56014,0.458393
duration,1,0,global_ridge,1,3850,0.934717,0.297412
duration,1,0,global_ridge,2,3850,0.847676,0.257591
duration,1,0,global_ridge,3,3850,0.726421,0.223097
duration,1,0,global_ridge,4,3850,0.631702,0.204559
duration,1,0,global_ridge,5,3850,0.623866,0.20399
duration,1,0,global_ridge,6,3850,0.725576,0.238709
duration,1,0,global_ridge,7,3850,1.4355,0.408723
duration,1,0,global_ridge,8,3850,1.92824,0.609041
duration,1,0,global_ridge,9,3850,1.63695,0.574124
duration,1,0,global_ridge,10,3850,1.17922,0.419272
duration,1,0,global_ridge,11,3850,0.985104,0.367626
duration,1,0,global_ridge,12,3850,1.25949,0.447418
duration,1,0,global_ridge,13,3850,1.21648,0.425479
duration,1,0,global_ridge,14,3850,1.09855,0.392484
duration,1,0,global_ridge,15,3850,0.962807,0.350272
duration,1,0,global_ridge,16,3850,0.959274,0.349427
duration,1,0,global_ridge,17,3850,1.05882,0.382009
duration,1,0,global_ridge,18,3850,1.27526,0.449535
duration,1,0,global_ridge,19,3850,1.54181,0.49646
duration,1,0,global_ridge,20,3850,1.32756,0.444707
duration,1,0,global_ridge,21,3850,1.15954,0.405553
duration,1,0,global_ridge,22,3850,1.09536,0.375355
duration,1,0,global_ridge,23,3850,1.28104,0.393431
duration,1,0,global_gbm,0,3850,1.1628,0.351788
duration,1,0,global_gbm,1,3850,0.828005,0.24426
duration,1,0,global_gbm,2,3850,0.77325,0.220803
duration,1,0,global_gbm,3,3850,0.678996,0.193894
duration,1,0,global_gbm,4,3850,0.583968,0.172932
duration,1,0,global_gbm,5,3850,0.57951,0.171169
duration,1,0,global_gbm,6,3850,0.716101,0.205406
duration,1,0,global_gbm,7,3850,1.14016,0.355682
duration,1,0,global_gbm,8,3850,1.5385,0.540277
duration,1,0,global_gbm,9,3850,1.45151,0.511101
duration,1,0,global_gbm,10,3850,1.06904,0.370227
duration,1,0,global_gbm,11,3850,0.892385,0.318463
duration,1,0,global_gbm,12,3850,1.08599,0.382269
duration,1,0,global_gbm,13,3850,1.04184,0.358
duration,1,0,global_gbm,14,3850,0.983345,0.346066
duration,1,0,global_gbm,15,3850,0.880802,0.312145
duration,1,0,global_gbm,16,3850,0.891314,0.318462
duration,1,0,global_gbm,17,3850,0.993648,0.352579
duration,1,0,global_gbm,18,3850,1.19789,0.428924
duration,1,0,global_gbm,19,3850,1.37711,0.458587
duration,1,0,global_gbm,20,3850,1.2151,0.405626
duration,1,0,global_gbm,21,3850,1.09166,0.370059
duration,1,0,global_gbm,22,3850,1.0122,0.339297
duration,1,0,global_gbm,23,3850,1.20435,0.363009
duration,1,1,last_observation,0,3850,2.04701,0.520816
duration,1,1,last_observation,1,3850,0.693095,0.195667
duration,1,1,last_observation,2,3850,0.665693,0.177906
duration,1,1,last_observation,3,3850,0.533182,0.14026
duration,1,1,last_observation,4,3850,0.330368,0.0920868
duration,1,1,last_observation,5,3850,0.347229,0.0988774
duration,1,1,last_observation,6,3850,0.73381,0.190983
duration,1,1,last_observation,7,3850,2.32926,0.561675
duration,1,1,last_observation,8,3850,3.5976,0.93743
duration,1,1,last_observation,9,3850,2.53433,0.735451
duration,1,1,last_observation,10,3850,1.36335,0.420531
duration,1,1,last_observation,11,3850,0.93987,0.312657
duration,1,1,last_observation,12,3850,1.30135,0.418559
duration,1,1,last_observation,13,3850,1.00683,0.328486
duration,1,1,last_observation,14,3850,1.16206,0.374032
duration,1,1,last_observation,15,3850,0.918268,0.309334
duration,1,1,last_observation,16,3850,0.878268,0.300721
duration,1,1,last_observation,17,3850,1.02569,0.348916
duration,1,1,last_observation,18,3850,1.81864,0.537633
duration,1,1,last_observation,19,3850,2.53255,0.674756
duration,1,1,last_observation,20,3850,2.04294,0.539822
duration,1,1,last_observation,21,3850,1.51286,0.422698
duration,1,1,last_observation,22,3850,1.23307,0.366306
duration,1,1,last_observation,23,3850,1.02736,0.301071
duration,1,1,seasonal_naive_daily,0,3850,2.74474,0.959055
duration,1,1,seasonal_naive_daily,1,3850,2.73961,0.960734
duration,1,1,seasonal_naive_daily,2,3850,2.7639,0.960276
duration,1,1,seasonal_naive_daily,3,3850,2.73318,0.948186
duration,1,1,seasonal_naive_daily,4,3850,2.75119,0.95052
duration,1,1,seasonal_naive_daily,5,3850,2.70154,0.937672
duration,1,1,seasonal_naive_daily,6,3850,2.71619,0.942554
duration,1,1,seasonal_naive_daily,7,3850,3.00455,0.981068
duration,1,1,seasonal_naive_daily,8,3850,3.42435,1.06827
duration,1,1,seasonal_naive_daily,9,3850,3.49504,1.11377
duration,1,1,seasonal_naive_daily,10,3850,3.52156,1.14006
duration,1,1,seasonal_naive_daily,11,3850,3.50959,1.14224
duration,1,1,seasonal_naive_daily,12,3850,3.54439,1.14849
duration,1,1,seasonal_naive_daily,13,3850,3.4742,1.13247
duration,1,1,seasonal_naive_daily,14,3850,3.43026,1.11486
duration,1,1,seasonal_naive_daily,15,3850,3.32026,1.07487
duration,1,1,seasonal_naive_daily,16,3850,3.24186,1.06018
duration,1,1,seasonal_naive_daily,17,3850,3.15937,1.03197
duration,1,1,seasonal_naive_daily,18,3850,2.99991,0.989596
duration,1,1,seasonal_naive_daily,19,3850,2.80857,0.959625
duration,1,1,seasonal_naive_daily,20,3850,2.61123,0.926799
duration,1,1,seasonal_naive_daily,21,3850,2.6342,0.928888
duration,1,1,seasonal_naive_daily,22,3850,2.64476,0.93926
duration,1,1,seasonal_naive_daily,23,3850,2.63989,0.937299
duration,1,1,seasonal_naive_weekly,0,3850,3.03078,1.03877
duration,1,1,seasonal_naive_weekly,1,3850,3.04346,1.0421
duration,1,1,seasonal_naive_weekly,2,3850,3.05006,1.04003
duration,1,1,seasonal_naive_weekly,3,3850,3.04511,1.04083
duration,1,1,seasonal_naive_weekly,4,3850,3.06253,1.04047
duration,1,1,seasonal_naive_weekly,5,3850,3.0361,1.03469
duration,1,1,seasonal_naive_weekly,6,3850,2.98121,1.02173
duration,1,1,seasonal_naive_weekly,7,3850,2.86011,0.979218
duration,1,1,seasonal_naive_weekly,8,3850,2.73074,0.95081
duration,1,1,seasonal_naive_weekly,9,3850,2.61593,0.940841
duration,1,1,seasonal_naive_weekly,10,3850,2.61346,0.951211
duration,1,1,seasonal_naive_weekly,11,3850,2.70266,0.97819
duration,1,1,seasonal_naive_weekly,12,3850,2.80216,1.00365
duration,1,1,seasonal_naive_weekly,13,3850,2.74011,0.988519
duration,1,1,seasonal_naive_weekly,14,3850,2.70188,0.973523
duration,1,1,seasonal_naive_weekly,15,3850,2.63742,0.949432
duration,1,1,seasonal_naive_weekly,16,3850,2.58706,0.941933
duration,1,1,seasonal_naive_weekly,17,3850,2.58173,0.93344
duration,1,1,seasonal_naive_weekly,18,3850,2.7031,0.95862
duration,1,1,seasonal_naive_weekly,19,3850,2.77013,0.980728
duration,1,1,seasonal_naive_weekly,20,3850,2.78463,0.996463
duration,1,1,seasonal_naive_weekly,21,3850,2.8208,0.996525
duration,1,1,seasonal_naive_weekly,22,3850,2.86229,1.01273
duration,1,1,seasonal_naive_weekly,23,3850,2.96459,1.03081
duration,1,1,autoregressive,0,3850,1.34117,0.374403
duration,1,1,autoregressive,1,3850,0.737415,0.228985
duration,1,1,autoregressive,2,3850,0.624602,0.198841
duration,1,1,autoregressive,3,3850,0.587979,0.184045
duration,1,1,autoregressive,4,3850,0.586385,0.179615
duration,1,1,autoregressive,5,3850,0.627687,0.191382
duration,1,1,autoregressive,6,3850,0.952934,0.25526
duration,1,1,autoregressive,7,3850,1.55296,0.426146
duration,1,1,autoregressive,8,3850,1.9061,0.584938
duration,1,1,autoregressive,9,3850,1.46278,0.506487
duration,1,1,autoregressive,10,3850,1.1021,0.375858
duration,1,1,autoregressive,11,3850,0.979391,0.334869
duration,1,1,autoregressive,12,3850,1.11676,0.370078
duration,1,1,autoregressive,13,3850,0.990137,0.33195
duration,1,1,autoregressive,14,3850,1.01229,0.339739
duration,1,1,autoregressive,15,3850,0.932468,0.319242
duration,1,1,autoregressive,16,3850,0.974123,0.329495
duration,1,1,autoregressive,17,3850,1.05016,0.359438
duration,1,1,autoregressive,18,3850,1.23111,0.42179
duration,1,1,autoregressive,19,3850,1.41384,0.449709
duration,1,1,autoregressive,20,3850,1.17597,0.385756
duration,1,1,autoregressive,21,3850,1.01569,0.339092
duration,1,1,autoregressive,22,3850,0.966144,0.323823
duration,1,1,autoregressive,23,3850,0.96303,0.300202
duration,1,1,zone_ridge,0,3850,1.10638,0.321059
duration,1,1,zone_ridge,1,3850,0.79153,0.243041
duration,1,1,zone_ridge,2,3850,0.65746,0.207451
duration,1,1,zone_ridge,3,3850,0.6485,0.200005
duration,1,1,zone_ridge,4,3850,0.650403,0.193813
duration,1,1,zone_ridge,5,3850,0.693926,0.209688
duration,1,1,zone_ridge,6,3850,0.745117,0.229391
duration,1,1,zone_ridge,7,3850,1.42177,0.392108
duration,1,1,zone_ridge,8,3850,1.69615,0.53327
duration,1,1,zone_ridge,9,3850,1.38728,0.486211
duration,1,1,zone_ridge,10,3850,1.08714,0.377448
duration,1,1,zone_ridge,11,3850,0.96857,0.337515
duration,1,1,zone_ridge,12,3850,1.11389,0.371462
duration,1,1,zone_ridge,13,3850,1.01247,0.341638
duration,1,1,zone_ridge,14,3850,1.00168,0.336993
duration,1,1,zone_ridge,15,3850,0.96615,0.327897
duration,1,1,zone_ridge,16,3850,0.988488,0.333959
duration,1,1,zone_ridge,17,3850,1.01351,0.352942
duration,1,1,zone_ridge,18,3850,1.26076,0.425537
duration,1,1,zone_ridge,19,3850,1.43792,0.456423
duration,1,1,zone_ridge,20,3850,1.18143,0.38592
duration,1,1,zone_ridge,21,3850,1.02573,0.340043
duration,1,1,zone_ridge,22,3850,0.966073,0.324051
duration,1,1,zone_ridge,23,3850,0.96009,0.299008
duration,1,1,zone_gbm,0,3850,1.03037,0.306294
duration,1,1,zone_gbm,1,3850,0.7505,0.236818
duration,1,1,zone_gbm,2,3850,0.662396,0.20426
duration,1,1,zone_gbm,3,3850,0.636131,0.193409
duration,1,1,zone_gbm,4,3850,0.605747,0.179815
duration,1,1,zone_gbm,5,3850,0.581462,0.175186
duration,1,1,zone_gbm,6,3850,0.650646,0.195903
duration,1,1,zone_gbm,7,3850,1.21509,0.35029
duration,1,1,zone_gbm,8,3850,1.39943,0.465044
duration,1,1,zone_gbm,9,3850,1.27857,0.448954
duration,1,1,zone_gbm,10,3850,1.07214,0.381098
duration,1,1,zone_gbm,11,3850,0.965331,0.340471
duration,1,1,zone_gbm,12,3850,1.09091,0.370439
duration,1,1,zone_gbm,13,3850,1.02395,0.348248
duration,1,1,zone_gbm,14,3850,1.02151,0.347801
duration,1,1,zone_gbm,15,3850,0.967261,0.331552
duration,1,1,zone_gbm,16,3850,0.966404,0.334706
duration,1,1,zone_gbm,17,3850,1.00457,0.350571
duration,1,1,zone_gbm,18,3850,1.16546,0.401237
duration,1,1,zone_gbm,19,3850,1.27705,0.422894
duration,1,1,zone_gbm,20,3850,1.13922,0.37674
duration,1,1,zone_gbm,21,3850,1.01749,0.340023
duration,1,1,zone_gbm,22,3850,0.962604,0.324866
duration,1,1,zone_gbm,23,3850,0.971759,0.303389
duration,1,1,global_ridge,0,3850,1.37496,0.41265
duration,1,1,global_ridge,1,3850,0.864484,0.29774
duration,1,1,global_ridge,2,3850,0.698196,0.244577
duration,1,1,global_ridge,3,3850,0.650157,0.21822
duration,1,1,global_ridge,4,3850,0.587103,0.19336
duration,1,1,global_ridge,5,3850,0.58133,0.196314
duration,1,1,global_ridge,6,3850,0.693974,0.227874
duration,1,1,global_ridge,7,3850,1.43747,0.397192
duration,1,1,global_ridge,8,3850,1.86569,0.580872
duration,1,1,global_ridge,9,3850,1.52857,0.53681
duration,1,1,global_ridge,10,3850,1.16575,0.414213
duration,1,1,global_ridge,11,3850,1.00323,0.360144
duration,1,1,global_ridge,12,3850,1.1745,0.407032
duration,1,1,global_ridge,13,3850,1.13424,0.388033
duration,1,1,global_ridge,14,3850,1.07762,0.375581
duration,1,1,global_ridge,15,3850,0.974357,0.346085
duration,1,1,global_ridge,16,3850,0.988731,0.352799
duration,1,1,global_ridge,17,3850,1.04704,0.380145
duration,1,1,global_ridge,18,3850,1.2822,0.44668
duration,1,1,global_ridge,19,3850,1.53709,0.498169
duration,1,1,global_ridge,20,3850,1.33192,0.444438
duration,1,1,global_ridge,21,3850,1.148,0.394752
duration,1,1,global_ridge,22,3850,1.04645,0.364389
duration,1,1,global_ridge,23,3850,1.04873,0.336676
duration,1,1,global_gbm,0,3850,1.25472,0.362478
duration,1,1,global_gbm,1,3850,1.14058,0.353423
duration,1,1,global_gbm,2,3850,0.748087,0.208231
duration,1,1,global_gbm,3,3850,0.71697,0.190061
duration,1,1,global_gbm,4,3850,0.660856,0.170078
duration,1,1,global_gbm,5,3850,0.667405,0.174235
duration,1,1,global_gbm,6,3850,0.809102,0.212047
duration,1,1,global_gbm,7,3850,1.28552,0.36024
duration,1,1,global_gbm,8,3850,1.57248,0.525388
duration,1,1,global_gbm,9,3850,1.41249,0.485415
duration,1,1,global_gbm,10,3850,1.11951,0.379619
duration,1,1,global_gbm,11,3850,1.14442,0.378191
duration,1,1,global_gbm,12,3850,1.31869,0.421871
duration,1,1,global_gbm,13,3850,1.19172,0.385055
duration,1,1,global_gbm,14,3850,1.2278,0.396986
duration,1,1,global_gbm,15,3850,1.16328,0.37778
duration,1,1,global_gbm,16,3850,1.16068,0.381882
duration,1,1,global_gbm,17,3850,1.21233,0.398913
duration,1,1,global_gbm,18,3850,1.3986,0.475381
duration,1,1,global_gbm,19,3850,1.48604,0.487887
duration,1,1,global_gbm,20,3850,1.36044,0.430073
duration,1,1,global_gbm,21,3850,1.22773,0.391689
duration,1,1,global_gbm,22,3850,1.16798,0.370485
duration,1,1,global_gbm,23,3850,1.2851,0.370604
duration,1,2,last_observation,0,3850,1.91076,0.485618
duration,1,2,last_observation,1,3850,0.635195,0.170713
duration,1,2,last_observation,2,3850,0.648095,0.166948
duration,1,2,last_observation,3,3850,0.485238,0.12507
duration,1,2,last_observation,4,3850,0.328874,0.0877441
duration,1,2,last_observation,5,3850,0.386364,0.0978599
duration,1,2,last_observation,6,3850,0.667554,0.17187
duration,1,2,last_observation,7,3850,2.14686,0.529344
duration,1,2,last_observation,8,3850,3.60344,0.913679
duration,1,2,last_observation,9,3850,2.5516,0.713031
duration,1,2,last_observation,10,3850,1.75387,0.519702
duration,1,2,last_observation,11,3850,1.04532,0.339583
duration,1,2,last_observation,12,3850,1.3819,0.425383
duration,1,2,last_observation,13,3850,1.03342,0.334085
duration,1,2,last_observation,14,3850,1.6734,0.511643
duration,1,2,last_observation,15,3850,0.94119,0.31039
duration,1,2,last_observation,16,3850,0.854351,0.284877
duration,1,2,last_observation,17,3850,1.04398,0.339997
duration,1,2,last_observation,18,3850,1.73623,0.506171
duration,1,2,last_observation,19,3850,2.57732,0.680196
duration,1,2,last_observation,20,3850,1.99333,0.517252
duration,1,2,last_observation,21,3850,1.41011,0.401563
duration,1,2,last_observation,22,3850,1.13422,0.331807
duration,1,2,last_observation,23,3850,1.01606,0.297763
duration,1,2,seasonal_naive_daily,0,3850,2.67167,0.920181
duration,1,2,seasonal_naive_daily,1,3850,2.6869,0.925839
duration,1,2,seasonal_naive_daily,2,3850,2.70095,0.929005
duration,1,2,seasonal_naive_daily,3,3850,2.72558,0.933272
duration,1,2,seasonal_naive_daily,4,3850,2.71494,0.925355
duration,1,2,seasonal_naive_daily,5,3850,2.68277,0.921112
duration,1,2,seasonal_naive_daily,6,3850,2.67803,0.91453
duration,1,2,seasonal_naive_daily,7,3850,2.85121,0.923993
duration,1,2,seasonal_naive_daily,8,3850,3.29835,1.01417
duration,1,2,seasonal_naive_daily,9,3850,3.57574,1.09949
duration,1,2,seasonal_naive_daily,10,3850,4.32041,1.32076
duration,1,2,seasonal_naive_daily,11,3850,3.90409,1.20405
duration,1,2,seasonal_naive_daily,12,3850,4.21126,1.28186
duration,1,2,seasonal_naive_daily,13,3850,4.11777,1.25523
duration,1,2,seasonal_naive_daily,14,3850,3.24874,1.04126
duration,1,2,seasonal_naive_daily,15,3850,3.29736,1.06999
duration,1,2,seasonal_naive_daily,16,3850,3.27606,1.06803
duration,1,2,seasonal_naive_daily,17,3850,3.20773,1.04295
duration,1,2,seasonal_naive_daily,18,3850,3.12794,1.01143
duration,1,2,seasonal_naive_daily,19,3850,2.76872,0.929695
duration,1,2,seasonal_naive_daily,20,3850,2.6429,0.921615
duration,1,2,seasonal_naive_daily,21,3850,2.5963,0.900937
duration,1,2,seasonal_naive_daily,22,3850,2.58017,0.897221
duration,1,2,seasonal_naive_daily,23,3850,2.7497,0.925854
duration,1,2,seasonal_naive_weekly,0,3850,3.07623,1.04984
duration,1,2,seasonal_naive_weekly,1,3850,3.11827,1.06244
duration,1,2,seasonal_naive_weekly,2,3850,3.12574,1.06564
duration,1,2,seasonal_naive_weekly,3,3850,3.14403,1.066
duration,1,2,seasonal_naive_weekly,4,3850,3.15641,1.06282
duration,1,2,seasonal_naive_weekly,5,3850,3.13894,1.05701
duration,1,2,seasonal_naive_weekly,6,3850,3.11535,1.05715
duration,1,2,seasonal_naive_weekly,7,3850,2.88011,0.980437
duration,1,2,seasonal_naive_weekly,8,3850,2.79227,0.962185
duration,1,2,seasonal_naive_weekly,9,3850,2.91082,1.00449
duration,1,2,seasonal_naive_weekly,10,3850,3.76054,1.24208
duration,1,2,seasonal_naive_weekly,11,3850,3.38916,1.13582
duration,1,2,seasonal_naive_weekly,12,3850,3.8316,1.24775
duration,1,2,seasonal_naive_weekly,13,3850,3.80835,1.23544
duration,1,2,seasonal_naive_weekly,14,3850,2.90528,1.00387
duration,1,2,seasonal_naive_weekly,15,3850,2.95991,1.0214
duration,1,2,seasonal_naive_weekly,16,3850,2.94662,1.01284
duration,1,2,seasonal_naive_weekly,17,3850,2.92387,1.00799
duration,1,2,seasonal_naive_weekly,18,3850,2.9513,1.00325
duration,1,2,seasonal_naive_weekly,19,3850,2.9258,1.00183
duration,1,2,seasonal_naive_weekly,20,3850,2.91134,1.00873
duration,1,2,seasonal_naive_weekly,21,3850,2.88489,1.00245
duration,1,2,seasonal_naive_weekly,22,3850,3.0016,1.02879
duration,1,2,seasonal_naive_weekly,23,3850,3.11069,1.04702
duration,1,2,autoregressive,0,3850,1.22119,0.349867
duration,1,2,autoregressive,1,3850,0.732031,0.218953
duration,1,2,autoregressive,2,3850,0.650342,0.200255
duration,1,2,autoregressive,3,3850,0.654186,0.192642
duration,1,2,autoregressive,4,3850,0.611792,0.185062
duration,1,2,autoregressive,5,3850,0.665213,0.19543
duration,1,2,autoregressive,6,3850,0.945075,0.250076
duration,1,2,autoregressive,7,3850,1.37174,0.389327
duration,1,2,autoregressive,8,3850,1.92727,0.572609
duration,1,2,autoregressive,9,3850,1.53979,0.502709
duration,1,2,autoregressive,10,3850,1.42503,0.458172
duration,1,2,autoregressive,11,3850,1.18859,0.37641
duration,1,2,autoregressive,12,3850,1.37558,0.424378
duration,1,2,autoregressive,13,3850,1.09176,0.353549
duration,1,2,autoregressive,14,3850,1.49938,0.467523
duration,1,2,autoregressive,15,3850,1.1199,0.366191
duration,1,2,autoregressive,16,3850,0.994005,0.324785
duration,1,2,autoregressive,17,3850,1.08687,0.356442
duration,1,2,autoregressive,18,3850,1.26755,0.416203
duration,1,2,autoregressive,19,3850,1.45075,0.460494
duration,1,2,autoregressive,20,3850,1.17484,0.376902
duration,1,2,autoregressive,21,3850,1.08404,0.350445
duration,1,2,autoregressive,22,3850,0.930379,0.302195
duration,1,2,autoregressive,23,3850,1.01218,0.307176
duration,1,2,zone_ridge,0,3850,1.07275,0.314301
duration,1,2,zone_ridge,1,3850,0.791029,0.232413
duration,1,2,zone_ridge,2,3850,0.674131,0.206548
duration,1,2,zone_ridge,3,3850,0.66515,0.19533
duration,1,2,zone_ridge,4,3850,0.671989,0.195218
duration,1,2,zone_ridge,5,3850,0.718298,0.205957
duration,1,2,zone_ridge,6,3850,0.765365,0.223714
duration,1,2,zone_ridge,7,3850,1.32553,0.368856
duration,1,2,zone_ridge,8,3850,1.71418,0.519644
duration,1,2,zone_ridge,9,3850,1.45249,0.475128
duration,1,2,zone_ridge,10,3850,1.51399,0.479669
duration,1,2,zone_ridge,11,3850,1.18138,0.374273
duration,1,2,zone_ridge,12,3850,1.37934,0.426704
duration,1,2,zone_ridge,13,3850,1.12388,0.359304
duration,1,2,zone_ridge,14,3850,1.57203,0.478455
duration,1,2,zone_ridge,15,3850,1.14155,0.367905
duration,1,2,zone_ridge,16,3850,1.0189,0.330632
duration,1,2,zone_ridge,17,3850,1.06795,0.354103
duration,1,2,zone_ridge,18,3850,1.28437,0.41642
duration,1,2,zone_ridge,19,3850,1.49486,0.466308
duration,1,2,zone_ridge,20,3850,1.16319,0.369162
duration,1,2,zone_ridge,21,3850,1.04749,0.341157
duration,1,2,zone_ridge,22,3850,0.940496,0.305395
duration,1,2,zone_ridge,23,3850,1.01966,0.30745
duration,1,2,zone_gbm,0,3850,0.942558,0.287604
duration,1,2,zone_gbm,1,3850,0.695637,0.2158
duration,1,2,zone_gbm,2,3850,0.658952,0.202831
duration,1,2,zone_gbm,3,3850,0.618006,0.184515
duration,1,2,zone_gbm,4,3850,0.570343,0.171475
duration,1,2,zone_gbm,5,3850,0.585506,0.171894
duration,1,2,zone_gbm,6,3850,0.610341,0.187021
duration,1,2,zone_gbm,7,3850,1.10453,0.325007
duration,1,2,zone_gbm,8,3850,1.35511,0.444623
duration,1,2,zone_gbm,9,3850,1.36243,0.453391
duration,1,2,zone_gbm,10,3850,1.48162,0.475979
duration,1,2,zone_gbm,11,3850,1.02337,0.344251
duration,1,2,zone_gbm,12,3850,1.3354,0.424349
duration,1,2,zone_gbm,13,3850,1.18371,0.376761
duration,1,2,zone_gbm,14,3850,1.3956,0.452961
duration,1,2,zone_gbm,15,3850,1.03036,0.34616
duration,1,2,zone_gbm,16,3850,0.949351,0.322542
duration,1,2,zone_gbm,17,3850,1.0194,0.347316
duration,1,2,zone_gbm,18,3850,1.21654,0.405238
duration,1,2,zone_gbm,19,3850,1.32245,0.433785
duration,1,2,zone_gbm,20,3850,1.12345,0.366702
duration,1,2,zone_gbm,21,3850,1.02947,0.340464
duration,1,2,zone_gbm,22,3850,0.936591,0.307032
duration,1,2,zone_gbm,23,3850,0.995895,0.309667
duration,1,2,global_ridge,0,3850,1.3042,0.396062
duration,1,2,global_ridge,1,3850,0.826797,0.270694
duration,1,2,global_ridge,2,3850,0.692796,0.232262
duration,1,2,global_ridge,3,3850,0.654312,0.215502
duration,1,2,global_ridge,4,3850,0.593497,0.198076
duration,1,2,global_ridge,5,3850,0.597977,0.197611
duration,1,2,global_ridge,6,3850,0.673974,0.22438
duration,1,2,global_ridge,7,3850,1.31666,0.377792
duration,1,2,global_ridge,8,3850,1.8433,0.56267
duration,1,2,global_ridge,9,3850,1.56077,0.525652
duration,1,2,global_ridge,10,3850,1.63915,0.534659
duration,1,2,global_ridge,11,3850,1.17976,0.402759
duration,1,2,global_ridge,12,3850,1.40311,0.451224
duration,1,2,global_ridge,13,3850,1.1874,0.393876
duration,1,2,global_ridge,14,3850,1.74186,0.553551
duration,1,2,global_ridge,15,3850,1.07422,0.376151
duration,1,2,global_ridge,16,3850,0.971028,0.34589
duration,1,2,global_ridge,17,3850,1.05511,0.375096
duration,1,2,global_ridge,18,3850,1.31515,0.450525
duration,1,2,global_ridge,19,3850,1.62224,0.521115
duration,1,2,global_ridge,20,3850,1.28612,0.423285
duration,1,2,global_ridge,21,3850,1.12164,0.386472
duration,1,2,global_ridge,22,3850,0.986506,0.339394
duration,1,2,global_ridge,23,3850,1.06296,0.342583
duration,1,2,global_gbm,0,3850,1.10573,0.328358
duration,1,2,global_gbm,1,3850,0.751977,0.216941
duration,1,2,global_gbm,2,3850,0.631056,0.184048
duration,1,2,global_gbm,3,3850,0.582247,0.164207
duration,1,2,global_gbm,4,3850,0.531643,0.15056
duration,1,2,global_gbm,5,3850,0.547697,0.151157
duration,1,2,global_gbm,6,3850,0.638193,0.18001
duration,1,2,global_gbm,7,3850,1.05332,0.317956
duration,1,2,global_gbm,8,3850,1.44748,0.488126
duration,1,2,global_gbm,9,3850,1.41508,0.47303
duration,1,2,global_gbm,10,3850,1.43215,0.460133
duration,1,2,global_gbm,11,3850,0.980059,0.330265
duration,1,2,global_gbm,12,3850,1.27333,0.408404
duration,1,2,global_gbm,13,3850,1.04896,0.342649
duration,1,2,global_gbm,14,3850,1.46069,0.465121
duration,1,2,global_gbm,15,3850,0.930687,0.324175
duration,1,2,global_gbm,16,3850,0.856546,0.296554
duration,1,2,global_gbm,17,3850,0.941924,0.32521
duration,1,2,global_gbm,18,3850,1.23941,0.412753
duration,1,2,global_gbm,19,3850,1.41935,0.462981
duration,1,2,global_gbm,20,3850,1.1727,0.373859
duration,1,2,global_gbm,21,3850,1.04734,0.339465
duration,1,2,global_gbm,22,3850,0.937743,0.297112
duration,1,2,global_gbm,23,3850,0.97555,0.293035
duration,1,3,last_observation,0,3850,1.33253,0.331608
duration,1,3,last_observation,1,3850,0.600714,0.15952
duration,1,3,last_observation,2,3850,0.531991,0.132679
duration,1,3,last_observation,3,3850,0.346775,0.090634
duration,1,3,last_observation,4,3850,0.29461,0.0769951
duration,1,3,last_observation,5,3850,0.279957,0.0743435
duration,1,3,last_observation,6,3850,0.515758,0.136817
duration,1,3,last_observation,7,3850,1.08199,0.272482
duration,1,3,last_observation,8,3850,2.31236,0.599563
duration,1,3,last_observation,9,3850,1.84978,0.515661
duration,1,3,last_observation,10,3850,1.18474,0.349156
duration,1,3,last_observation,11,3850,0.84158,0.264007
duration,1,3,last_observation,12,3850,1.24069,0.377734
duration,1,3,last_observation,13,3850,0.918615,0.29361
duration,1,3,last_observation,14,3850,1.05868,0.328671
duration,1,3,last_observation,15,3850,0.76526,0.252652
duration,1,3,last_observation,16,3850,0.797511,0.257706
duration,1,3,last_observation,17,3850,0.971017,0.301451
duration,1,3,last_observation,18,3850,1.47491,0.439646
duration,1,3,last_observation,19,3850,1.77208,0.487825
duration,1,3,last_observation,20,3850,1.29004,0.356986
duration,1,3,last_observation,21,3850,0.91974,0.273913
duration,1,3,last_observation,22,3850,0.758355,0.229155
duration,1,3,last_observation,23,3850,0.684957,0.196174
duration,1,3,seasonal_naive_daily,0,3850,2.38526,0.79102
duration,1,3,seasonal_naive_daily,1,3850,2.27911,0.772886
duration,1,3,seasonal_naive_daily,2,3850,2.30855,0.782168
duration,1,3,seasonal_naive_daily,3,3850,2.28913,0.776488
duration,1,3,seasonal_naive_daily,4,3850,2.26835,0.773573
duration,1,3,seasonal_naive_daily,5,3850,2.27554,0.771545
duration,1,3,seasonal_naive_daily,6,3850,2.2481,0.767596
duration,1,3,seasonal_naive_daily,7,3850,2.25318,0.760845
duration,1,3,seasonal_naive_daily,8,3850,2.50435,0.81655
duration,1,3,seasonal_naive_daily,9,3850,2.79636,0.914009
duration,1,3,seasonal_naive_daily,10,3850,2.8284,0.91797
duration,1,3,seasonal_naive_daily,11,3850,2.81864,0.916285
duration,1,3,seasonal_naive_daily,12,3850,2.77939,0.906989
duration,1,3,seasonal_naive_daily,13,3850,2.71775,0.899656
duration,1,3,seasonal_naive_daily,14,3850,2.74996,0.902586
duration,1,3,seasonal_naive_daily,15,3850,2.71565,0.897365
duration,1,3,seasonal_naive_daily,16,3850,2.71041,0.897958
duration,1,3,seasonal_naive_daily,17,3850,2.65195,0.873999
duration,1,3,seasonal_naive_daily,18,3850,2.45478,0.816664
duration,1,3,seasonal_naive_daily,19,3850,2.2568,0.776809
duration,1,3,seasonal_naive_daily,20,3850,2.23203,0.770336
duration,1,3,seasonal_naive_daily,21,3850,2.25628,0.767282
duration,1,3,seasonal_naive_daily,22,3850,2.26219,0.764579
duration,1,3,seasonal_naive_daily,23,3850,2.26976,0.768342
duration,1,3,seasonal_naive_weekly,0,3850,3.66816,1.11143
duration,1,3,seasonal_naive_weekly,1,3850,3.6816,1.11927
duration,1,3,seasonal_naive_weekly,2,3850,3.70372,1.12731
duration,1,3,seasonal_naive_weekly,3,3850,3.73563,1.13502
duration,1,3,seasonal_naive_weekly,4,3850,3.72489,1.13398
duration,1,3,seasonal_naive_weekly,5,3850,3.64314,1.11596
duration,1,3,seasonal_naive_weekly,6,3850,3.57457,1.09817
duration,1,3,seasonal_naive_weekly,7,3850,3.23541,1.02138
duration,1,3,seasonal_naive_weekly,8,3850,3.1363,1.00915
duration,1,3,seasonal_naive_weekly,9,3850,3.29807,1.06691
duration,1,3,seasonal_naive_weekly,10,3850,3.29745,1.06942
duration,1,3,seasonal_naive_weekly,11,3850,3.35413,1.09221
duration,1,3,seasonal_naive_weekly,12,3850,3.39857,1.10302
duration,1,3,seasonal_naive_weekly,13,3850,3.36074,1.11022
duration,1,3,seasonal_naive_weekly,14,3850,3.38597,1.10719
duration,1,3,seasonal_naive_weekly,15,3850,3.3768,1.09793
duration,1,3,seasonal_naive_weekly,16,3850,3.35052,1.0899
duration,1,3,seasonal_naive_weekly,17,3850,3.33273,1.07491
duration,1,3,seasonal_naive_weekly,18,3850,3.23942,1.04331
duration,1,3,seasonal_naive_weekly,19,3850,3.09147,1.01395
duration,1,3,seasonal_naive_weekly,20,3850,3.129,1.01462
duration,1,3,seasonal_naive_weekly,21,3850,3.24604,1.02499
duration,1,3,seasonal_naive_weekly,22,3850,3.3371,1.03631
duration,1,3,seasonal_naive_weekly,23,3850,3.33652,1.03649
duration,1,3,autoregressive,0,3850,0.858178,0.247685
duration,1,3,autoregressive,1,3850,0.65709,0.195871
duration,1,3,autoregressive,2,3850,0.567638,0.171493
duration,1,3,autoregressive,3,3850,0.514273,0.155965
duration,1,3,autoregressive,4,3850,0.523524,0.157069
duration,1,3,autoregressive,5,3850,0.54984,0.162254
duration,1,3,autoregressive,6,3850,0.705402,0.195051
duration,1,3,autoregressive,7,3850,0.865949,0.250699
duration,1,3,autoregressive,8,3850,1.39773,0.41217
duration,1,3,autoregressive,9,3850,1.11414,0.37187
duration,1,3,autoregressive,10,3850,0.954763,0.310793
duration,1,3,autoregressive,11,3850,0.850739,0.280221
duration,1,3,autoregressive,12,3850,1.01128,0.325477
duration,1,3,autoregressive,13,3850,0.909692,0.297819
duration,1,3,autoregressive,14,3850,0.939448,0.306119
duration,1,3,autoregressive,15,3850,0.82684,0.275307
duration,1,3,autoregressive,16,3850,0.86317,0.283239
duration,1,3,autoregressive,17,3850,0.928906,0.304334
duration,1,3,autoregressive,18,3850,1.12476,0.376988
duration,1,3,autoregressive,19,3850,1.17707,0.369916
duration,1,3,autoregressive,20,3850,0.977644,0.305778
duration,1,3,autoregressive,21,3850,0.821079,0.265366
duration,1,3,autoregressive,22,3850,0.743331,0.239028
duration,1,3,autoregressive,23,3850,0.681591,0.215025
duration,1,3,zone_ridge,0,3850,0.910999,0.26375
duration,1,3,zone_ridge,1,3850,0.765772,0.221815
duration,1,3,zone_ridge,2,3850,0.632603,0.18863
duration,1,3,zone_ridge,3,3850,0.572037,0.171854
duration,1,3,zone_ridge,4,3850,0.594589,0.173824
duration,1,3,zone_ridge,5,3850,0.625456,0.179856
duration,1,3,zone_ridge,6,3850,0.712049,0.202125
duration,1,3,zone_ridge,7,3850,0.802969,0.238457
duration,1,3,zone_ridge,8,3850,1.13759,0.358374
duration,1,3,zone_ridge,9,3850,1.13329,0.36735
duration,1,3,zone_ridge,10,3850,1.02263,0.323673
duration,1,3,zone_ridge,11,3850,0.960225,0.306825
duration,1,3,zone_ridge,12,3850,1.08157,0.337312
duration,1,3,zone_ridge,13,3850,0.946547,0.307153
duration,1,3,zone_ridge,14,3850,0.933333,0.305482
duration,1,3,zone_ridge,15,3850,0.857173,0.285284
duration,1,3,zone_ridge,16,3850,0.909228,0.295163
duration,1,3,zone_ridge,17,3850,0.934914,0.311484
duration,1,3,zone_ridge,18,3850,1.12672,0.375585
duration,1,3,zone_ridge,19,3850,1.19389,0.38114
duration,1,3,zone_ridge,20,3850,1.02239,0.3177
duration,1,3,zone_ridge,21,3850,0.891332,0.285758
duration,1,3,zone_ridge,22,3850,0.799891,0.255973
duration,1,3,zone_ridge,23,3850,0.749461,0.234477
duration,1,3,zone_gbm,0,3850,0.948314,0.258222
duration,1,3,zone_gbm,1,3850,0.764444,0.209177
duration,1,3,zone_gbm,2,3850,0.684681,0.183031
duration,1,3,zone_gbm,3,3850,0.57943,0.159628
duration,1,3,zone_gbm,4,3850,0.554564,0.152466
duration,1,3,zone_gbm,5,3850,0.511811,0.147334
duration,1,3,zone_gbm,6,3850,0.535708,0.156661
duration,1,3,zone_gbm,7,3850,0.989249,0.273622
duration,1,3,zone_gbm,8,3850,1.17879,0.366125
duration,1,3,zone_gbm,9,3850,1.17257,0.373048
duration,1,3,zone_gbm,10,3850,1.0011,0.319826
duration,1,3,zone_gbm,11,3850,0.890394,0.292861
duration,1,3,zone_gbm,12,3850,1.02409,0.324149
duration,1,3,zone_gbm,13,3850,0.95646,0.31443
duration,1,3,zone_gbm,14,3850,0.929286,0.302291
duration,1,3,zone_gbm,15,3850,0.851345,0.285135
duration,1,3,zone_gbm,16,3850,0.901489,0.294965
duration,1,3,zone_gbm,17,3850,0.947661,0.309536
duration,1,3,zone_gbm,18,3850,1.09061,0.36082
duration,1,3,zone_gbm,19,3850,1.17538,0.375526
duration,1,3,zone_gbm,20,3850,1.07781,0.327888
duration,1,3,zone_gbm,21,3850,0.976809,0.29865
duration,1,3,zone_gbm,22,3850,0.876749,0.266362
duration,1,3,zone_gbm,23,3850,0.774775,0.234053
duration,1,3,global_ridge,0,3850,0.971949,0.298733
duration,1,3,global_ridge,1,3850,0.792725,0.246251
duration,1,3,global_ridge,2,3850,0.609726,0.192904
duration,1,3,global_ridge,3,3850,0.536846,0.169839
duration,1,3,global_ridge,4,3850,0.524065,0.16913
duration,1,3,global_ridge,5,3850,0.523053,0.172769
duration,1,3,global_ridge,6,3850,0.614468,0.20605
duration,1,3,global_ridge,7,3850,0.828201,0.260294
duration,1,3,global_ridge,8,3850,1.40068,0.433952
duration,1,3,global_ridge,9,3850,1.21986,0.411838
duration,1,3,global_ridge,10,3850,1.05979,0.355026
duration,1,3,global_ridge,11,3850,0.94657,0.32509
duration,1,3,global_ridge,12,3850,1.14447,0.374739
duration,1,3,global_ridge,13,3850,1.04838,0.349432
duration,1,3,global_ridge,14,3850,0.988106,0.335592
duration,1,3,global_ridge,15,3850,0.879178,0.307261
duration,1,3,global_ridge,16,3850,0.917932,0.315371
duration,1,3,global_ridge,17,3850,0.952402,0.332255
duration,1,3,global_ridge,18,3850,1.13983,0.395201
duration,1,3,global_ridge,19,3850,1.29386,0.423245
duration,1,3,global_ridge,20,3850,1.06041,0.347741
duration,1,3,global_ridge,21,3850,0.915046,0.304148
duration,1,3,global_ridge,22,3850,0.795485,0.268766
duration,1,3,global_ridge,23,3850,0.71834,0.236918
duration,1,3,global_gbm,0,3850,0.894243,0.252837
duration,1,3,global_gbm,1,3850,0.658319,0.185264
duration,1,3,global_gbm,2,3850,0.567019,0.161542
duration,1,3,global_gbm,3,3850,0.499708,0.139165
duration,1,3,global_gbm,4,3850,0.494933,0.135107
duration,1,3,global_gbm,5,3850,0.469986,0.130498
duration,1,3,global_gbm,6,3850,0.531716,0.152821
duration,1,3,global_gbm,7,3850,0.843135,0.235224
duration,1,3,global_gbm,8,3850,1.14476,0.368808
duration,1,3,global_gbm,9,3850,1.08509,0.354674
duration,1,3,global_gbm,10,3850,0.9545,0.306382
duration,1,3,global_gbm,11,3850,0.844718,0.272335
duration,1,3,global_gbm,12,3850,1.00581,0.322523
duration,1,3,global_gbm,13,3850,0.909159,0.298834
duration,1,3,global_gbm,14,3850,0.905515,0.299088
duration,1,3,global_gbm,15,3850,0.785062,0.265435
duration,1,3,global_gbm,16,3850,0.815431,0.271461
duration,1,3,global_gbm,17,3850,0.861877,0.292698
duration,1,3,global_gbm,18,3850,1.07822,0.365754
duration,1,3,global_gbm,19,3850,1.1672,0.378956
duration,1,3,global_gbm,20,3850,0.99773,0.308431
duration,1,3,global_gbm,21,3850,0.850535,0.266263
duration,1,3,global_gbm,22,3850,0.766318,0.238835
duration,1,3,global_gbm,23,3850,0.701303,0.210546
duration,1,4,last_observation,0,3850,1.54608,0.408293
duration,1,4,last_observation,1,3850,0.663312,0.191196
duration,1,4,last_observation,2,3850,0.650022,0.169392
duration,1,4,last_observation,3,3850,0.448636,0.117893
duration,1,4,last_observation,4,3850,0.31987,0.0878472
duration,1,4,last_observation,5,3850,0.320498,0.0901321
duration,1,4,last_observation,6,3850,0.58619,0.159377
duration,1,4,last_observation,7,3850,1.68857,0.427728
duration,1,4,last_observation,8,3850,3.55939,0.914623
duration,1,4,last_observation,9,3850,2.52708,0.717478
duration,1,4,last_observation,10,3850,1.50022,0.447115
duration,1,4,last_observation,11,3850,0.94092,0.315708
duration,1,4,last_observation,12,3850,1.20423,0.397639
duration,1,4,last_observation,13,3850,0.985563,0.334066
duration,1,4,last_observation,14,3850,1.16701,0.381253
duration,1,4,last_observation,15,3850,0.894394,0.302357
duration,1,4,last_observation,16,3850,0.928268,0.315267
duration,1,4,last_observation,17,3850,1.04342,0.348819
duration,1,4,last_observation,18,3850,1.61548,0.502681
duration,1,4,last_observation,19,3850,2.17506,0.599202
duration,1,4,last_observation,20,3850,1.82372,0.49722
duration,1,4,last_observation,21,3850,1.49677,0.426778
duration,1,4,last_observation,22,3850,1.30409,0.383713
duration,1,4,last_observation,23,3850,1.18812,0.333023
duration,1,4,seasonal_naive_daily,0,3850,2.73361,0.954702
duration,1,4,seasonal_naive_daily,1,3850,2.76413,0.960349
duration,1,4,seasonal_naive_daily,2,3850,2.7508,0.95313
duration,1,4,seasonal_naive_daily,3,3850,2.70929,0.943241
duration,1,4,seasonal_naive_daily,4,3850,2.70835,0.945524
duration,1,4,seasonal_naive_daily,5,3850,2.69736,0.942362
duration,1,4,seasonal_naive_daily,6,3850,2.68065,0.936841
duration,1,4,seasonal_naive_daily,7,3850,2.7269,0.934072
duration,1,4,seasonal_naive_daily,8,3850,3.04268,0.988678
duration,1,4,seasonal_naive_daily,9,3850,3.25234,1.05542
duration,1,4,seasonal_naive_daily,10,3850,3.2381,1.05975
duration,1,4,seasonal_naive_daily,11,3850,3.13013,1.03527
duration,1,4,seasonal_naive_daily,12,3850,3.08604,1.03169
duration,1,4,seasonal_naive_daily,13,3850,3.00186,1.00388
duration,1,4,seasonal_naive_daily,14,3850,2.95147,0.981624
duration,1,4,seasonal_naive_daily,15,3850,2.94115,0.981841
duration,1,4,seasonal_naive_daily,16,3850,2.83576,0.955295
duration,1,4,seasonal_naive_daily,17,3850,2.83069,0.960808
duration,1,4,seasonal_naive_daily,18,3850,2.72249,0.919912
duration,1,4,seasonal_naive_daily,19,3850,2.66331,0.914044
duration,1,4,seasonal_naive_daily,20,3850,2.57939,0.907395
duration,1,4,seasonal_naive_daily,21,3850,2.58807,0.913581
duration,1,4,seasonal_naive_daily,22,3850,2.62229,0.924451
duration,1,4,seasonal_naive_daily,23,3850,2.65225,0.932276
duration,1,4,seasonal_naive_weekly,0,3850,3.48413,1.13023
duration,1,4,seasonal_naive_weekly,1,3850,3.45786,1.12725
duration,1,4,seasonal_naive_weekly,2,3850,3.47481,1.13391
duration,1,4,seasonal_naive_weekly,3,3850,3.44799,1.12805
duration,1,4,seasonal_naive_weekly,4,3850,3.44548,1.12483
duration,1,4,seasonal_naive_weekly,5,3850,3.45781,1.12742
duration,1,4,seasonal_naive_weekly,6,3850,3.41881,1.12203
duration,1,4,seasonal_naive_weekly,7,3850,3.20537,1.06723
duration,1,4,seasonal_naive_weekly,8,3850,3.03606,1.02764
duration,1,4,seasonal_naive_weekly,9,3850,3.13621,1.07034
duration,1,4,seasonal_naive_weekly,10,3850,3.2058,1.0819
duration,1,4,seasonal_naive_weekly,11,3850,3.17041,1.08147
duration,1,4,seasonal_naive_weekly,12,3850,3.17335,1.08377
duration,1,4,seasonal_naive_weekly,13,3850,3.14279,1.07749
duration,1,4,seasonal_naive_weekly,14,3850,3.14422,1.08027
duration,1,4,seasonal_naive_weekly,15,3850,3.12132,1.06992
duration,1,4,seasonal_naive_weekly,16,3850,3.03636,1.0409
duration,1,4,seasonal_naive_weekly,17,3850,3.13665,1.07806
duration,1,4,seasonal_naive_weekly,18,3850,3.14636,1.06045
duration,1,4,seasonal_naive_weekly,19,3850,3.12409,1.0528
duration,1,4,seasonal_naive_weekly,20,3850,3.10831,1.05839
duration,1,4,seasonal_naive_weekly,21,3850,3.14063,1.06162
duration,1,4,seasonal_naive_weekly,22,3850,3.20247,1.06639
duration,1,4,seasonal_naive_weekly,23,3850,3.24879,1.07844
duration,1,4,autoregressive,0,3850,0.960124,0.29714
duration,1,4,autoregressive,1,3850,0.70084,0.223449
duration,1,4,autoregressive,2,3850,0.622252,0.192963
duration,1,4,autoregressive,3,3850,0.578665,0.178729
duration,1,4,autoregressive,4,3850,0.553301,0.172641
duration,1,4,autoregressive,5,3850,0.582752,0.179707
duration,1,4,autoregressive,6,3850,0.803259,0.227486
duration,1,4,autoregressive,7,3850,1.0899,0.323473
duration,1,4,autoregressive,8,3850,1.93732,0.567336
duration,1,4,autoregressive,9,3850,1.35633,0.470911
duration,1,4,autoregressive,10,3850,1.06771,0.367404
duration,1,4,autoregressive,11,3850,0.950136,0.327559
duration,1,4,autoregressive,12,3850,1.00856,0.348493
duration,1,4,autoregressive,13,3850,0.945365,0.325708
duration,1,4,autoregressive,14,3850,1.01805,0.347124
duration,1,4,autoregressive,15,3850,0.923026,0.31654
duration,1,4,autoregressive,16,3850,0.972996,0.327499
duration,1,4,autoregressive,17,3850,1.03023,0.354775
duration,1,4,autoregressive,18,3850,1.20172,0.413521
duration,1,4,autoregressive,19,3850,1.25307,0.415628
duration,1,4,autoregressive,20,3850,1.12813,0.36979
duration,1,4,autoregressive,21,3850,1.02213,0.345346
duration,1,4,autoregressive,22,3850,0.997418,0.33135
duration,1,4,autoregressive,23,3850,0.94851,0.300496
duration,1,4,zone_ridge,0,3850,0.935353,0.291747
duration,1,4,zone_ridge,1,3850,0.749502,0.235445
duration,1,4,zone_ridge,2,3850,0.661923,0.206529
duration,1,4,zone_ridge,3,3850,0.583457,0.183788
duration,1,4,zone_ridge,4,3850,0.595143,0.185199
duration,1,4,zone_ridge,5,3850,0.639621,0.196437
duration,1,4,zone_ridge,6,3850,0.688406,0.21554
duration,1,4,zone_ridge,7,3850,1.03924,0.311204
duration,1,4,zone_ridge,8,3850,1.67459,0.507149
duration,1,4,zone_ridge,9,3850,1.28279,0.449152
duration,1,4,zone_ridge,10,3850,1.05526,0.365568
duration,1,4,zone_ridge,11,3850,0.926218,0.326359
duration,1,4,zone_ridge,12,3850,1.00589,0.350294
duration,1,4,zone_ridge,13,3850,0.95575,0.330241
duration,1,4,zone_ridge,14,3850,1.00337,0.343306
duration,1,4,zone_ridge,15,3850,0.958194,0.325561
duration,1,4,zone_ridge,16,3850,0.980009,0.336328
duration,1,4,zone_ridge,17,3850,1.05459,0.363775
duration,1,4,zone_ridge,18,3850,1.15039,0.403523
duration,1,4,zone_ridge,19,3850,1.28197,0.421922
duration,1,4,zone_ridge,20,3850,1.11371,0.367805
duration,1,4,zone_ridge,21,3850,1.03227,0.349409
duration,1,4,zone_ridge,22,3850,1.01393,0.335374
duration,1,4,zone_ridge,23,3850,0.922521,0.297711
duration,1,4,zone_gbm,0,3850,0.858147,0.266748
duration,1,4,zone_gbm,1,3850,0.713411,0.216937
duration,1,4,zone_gbm,2,3850,0.639674,0.188156
duration,1,4,zone_gbm,3,3850,0.553609,0.166251
duration,1,4,zone_gbm,4,3850,0.522606,0.155869
duration,1,4,zone_gbm,5,3850,0.517056,0.156239
duration,1,4,zone_gbm,6,3850,0.582531,0.177274
duration,1,4,zone_gbm,7,3850,0.94727,0.288755
duration,1,4,zone_gbm,8,3850,1.42366,0.44457
duration,1,4,zone_gbm,9,3850,1.21627,0.420439
duration,1,4,zone_gbm,10,3850,1.06436,0.36099
duration,1,4,zone_gbm,11,3850,0.922808,0.31843
duration,1,4,zone_gbm,12,3850,0.995492,0.345755
duration,1,4,zone_gbm,13,3850,0.93588,0.324078
duration,1,4,zone_gbm,14,3850,0.992822,0.341845
duration,1,4,zone_gbm,15,3850,0.91034,0.314164
duration,1,4,zone_gbm,16,3850,0.919488,0.31914
duration,1,4,zone_gbm,17,3850,1.00744,0.353871
duration,1,4,zone_gbm,18,3850,1.11807,0.383782
duration,1,4,zone_gbm,19,3850,1.2695,0.413176
duration,1,4,zone_gbm,20,3850,1.14983,0.369859
duration,1,4,zone_gbm,21,3850,1.05048,0.348361
duration,1,4,zone_gbm,22,3850,1.0117,0.330402
duration,1,4,zone_gbm,23,3850,0.93403,0.294184
duration,1,4,global_ridge,0,3850,1.06053,0.350098
duration,1,4,global_ridge,1,3850,0.821036,0.27475
duration,1,4,global_ridge,2,3850,0.713384,0.232713
duration,1,4,global_ridge,3,3850,0.631031,0.205398
duration,1,4,global_ridge,4,3850,0.592735,0.194095
duration,1,4,global_ridge,5,3850,0.580697,0.19532
duration,1,4,global_ridge,6,3850,0.664887,0.225658
duration,1,4,global_ridge,7,3850,1.07185,0.325069
duration,1,4,global_ridge,8,3850,1.79564,0.540739
duration,1,4,global_ridge,9,3850,1.40907,0.493409
duration,1,4,global_ridge,10,3850,1.12328,0.394458
duration,1,4,global_ridge,11,3850,0.970095,0.351841
duration,1,4,global_ridge,12,3850,1.09558,0.39026
duration,1,4,global_ridge,13,3850,1.07786,0.373933
duration,1,4,global_ridge,14,3850,1.08001,0.377658
duration,1,4,global_ridge,15,3850,0.972523,0.345372
duration,1,4,global_ridge,16,3850,1.00245,0.355278
duration,1,4,global_ridge,17,3850,1.07144,0.383238
duration,1,4,global_ridge,18,3850,1.17344,0.420602
duration,1,4,global_ridge,19,3850,1.37127,0.459295
duration,1,4,global_ridge,20,3850,1.18698,0.399824
duration,1,4,global_ridge,21,3850,1.10752,0.387125
duration,1,4,global_ridge,22,3850,1.08114,0.370656
duration,1,4,global_ridge,23,3850,0.987766,0.328081
duration,1,4,global_gbm,0,3850,0.917851,0.283777
duration,1,4,global_gbm,1,3850,0.6873,0.210408
duration,1,4,global_gbm,2,3850,0.629343,0.186641
duration,1,4,global_gbm,3,3850,0.53992,0.160333
duration,1,4,global_gbm,4,3850,0.481912,0.143836
duration,1,4,global_gbm,5,3850,0.493508,0.148991
duration,1,4,global_gbm,6,3850,0.582569,0.177147
duration,1,4,global_gbm,7,3850,0.89751,0.280561
duration,1,4,global_gbm,8,3850,1.42359,0.472236
duration,1,4,global_gbm,9,3850,1.30202,0.45202
duration,1,4,global_gbm,10,3850,1.08669,0.369285
duration,1,4,global_gbm,11,3850,0.892054,0.310793
duration,1,4,global_gbm,12,3850,1.01185,0.350148
duration,1,4,global_gbm,13,3850,0.956814,0.327119
duration,1,4,global_gbm,14,3850,1.00835,0.34685
duration,1,4,global_gbm,15,3850,0.892093,0.309
duration,1,4,global_gbm,16,3850,0.905511,0.316249
duration,1,4,global_gbm,17,3850,0.997566,0.347858
duration,1,4,global_gbm,18,3850,1.18298,0.412766
duration,1,4,global_gbm,19,3850,1.27048,0.422845
duration,1,4,global_gbm,20,3850,1.13955,0.364139
duration,1,4,global_gbm,21,3850,1.06724,0.347915
duration,1,4,global_gbm,22,3850,1.01785,0.329487
duration,1,4,global_gbm,23,3850,0.917539,0.288232
duration,1,5,last_observation,0,3850,1.19558,0.325701
duration,1,5,last_observation,1,3850,0.718074,0.194556
duration,1,5,last_observation,2,3850,0.346255,0.0918624
duration,1,5,last_observation,3,3850,0.247338,0.0666466
duration,1,5,last_observation,4,3850,0.207792,0.058616
duration,1,5,last_observation,5,3850,0.20829,0.0583488
duration,1,5,last_observation,6,3850,0.345693,0.0924496
duration,1,5,last_observation,7,3850,0.750823,0.188457
duration,1,5,last_observation,8,3850,1.6711,0.416836
duration,1,5,last_observation,9,3850,1.2197,0.328762
duration,1,5,last_observation,10,3850,1.05665,0.296001
duration,1,5,last_observation,11,3850,0.821667,0.241024
duration,1,5,last_observation,12,3850,0.676667,0.206513
duration,1,5,last_observation,13,3850,0.885844,0.273695
duration,1,5,last_observation,14,3850,0.850519,0.256217
duration,1,5,last_observation,15,3850,0.616818,0.197566
duration,1,5,last_observation,16,3850,0.644264,0.203919
duration,1,5,last_observation,17,3850,0.735866,0.226925
duration,1,5,last_observation,18,3850,0.97316,0.279126
duration,1,5,last_observation,19,3850,1.13803,0.298554
duration,1,5,last_observation,20,3850,1.05203,0.290515
duration,1,5,last_observation,21,3850,0.890628,0.255833
duration,1,5,last_observation,22,3850,0.858442,0.23872
duration,1,5,last_observation,23,3850,0.674177,0.192603
duration,1,5,seasonal_naive_daily,0,3850,2.49506,0.772279
duration,1,5,seasonal_naive_daily,1,3850,2.25502,0.721726
duration,1,5,seasonal_naive_daily,2,3850,2.23602,0.715461
duration,1,5,seasonal_naive_daily,3,3850,2.24831,0.719739
duration,1,5,seasonal_naive_daily,4,3850,2.23983,0.717435
duration,1,5,seasonal_naive_daily,5,3850,2.23167,0.713414
duration,1,5,seasonal_naive_daily,6,3850,2.23905,0.712911
duration,1,5,seasonal_naive_daily,7,3850,2.15041,0.691243
duration,1,5,seasonal_naive_daily,8,3850,2.08838,0.671112
duration,1,5,seasonal_naive_daily,9,3850,2.10755,0.676065
duration,1,5,seasonal_naive_daily,10,3850,2.09963,0.676929
duration,1,5,seasonal_naive_daily,11,3850,2.06017,0.663983
duration,1,5,seasonal_naive_daily,12,3850,2.0858,0.665875
duration,1,5,seasonal_naive_daily,13,3850,2.03186,0.658928
duration,1,5,seasonal_naive_daily,14,3850,1.95623,0.632553
duration,1,5,seasonal_naive_daily,15,3850,1.96052,0.638822
duration,1,5,seasonal_naive_daily,16,3850,1.96552,0.632139
duration,1,5,seasonal_naive_daily,17,3850,1.95219,0.621302
duration,1,5,seasonal_naive_daily,18,3850,1.92926,0.614414
duration,1,5,seasonal_naive_daily,19,3850,1.9474,0.632166
duration,1,5,seasonal_naive_daily,20,3850,2.09006,0.674049
duration,1,5,seasonal_naive_daily,21,3850,2.09905,0.666338
duration,1,5,seasonal_naive_daily,22,3850,2.19682,0.689781
duration,1,5,seasonal_naive_daily,23,3850,2.15723,0.681784
duration,1,5,seasonal_naive_weekly,0,3850,5.04963,1.40976
duration,1,5,seasonal_naive_weekly,1,3850,5.55203,1.5242
duration,1,5,seasonal_naive_weekly,2,3850,5.43807,1.49532
duration,1,5,seasonal_naive_weekly,3,3850,5.44487,1.49888
duration,1,5,seasonal_naive_weekly,4,3850,5.47424,1.50605
duration,1,5,seasonal_naive_weekly,5,3850,5.46154,1.49975
duration,1,5,seasonal_naive_weekly,6,3850,5.50009,1.50629
duration,1,5,seasonal_naive_weekly,7,3850,4.75355,1.33945
duration,1,5,seasonal_naive_weekly,8,3850,3.79838,1.167
duration,1,5,seasonal_naive_weekly,9,3850,3.96812,1.24965
duration,1,5,seasonal_naive_weekly,10,3850,3.85093,1.22192
duration,1,5,seasonal_naive_weekly,11,3850,3.83864,1.21461
duration,1,5,seasonal_naive_weekly,12,3850,3.91069,1.23027
duration,1,5,seasonal_naive_weekly,13,3850,3.94881,1.24386
duration,1,5,seasonal_naive_weekly,14,3850,3.84357,1.20253
duration,1,5,seasonal_naive_weekly,15,3850,3.77916,1.17929
duration,1,5,seasonal_naive_weekly,16,3850,3.71368,1.15688
duration,1,5,seasonal_naive_weekly,17,3850,3.65483,1.13301
duration,1,5,seasonal_naive_weekly,18,3850,3.56108,1.08805
duration,1,5,seasonal_naive_weekly,19,3850,3.95061,1.15572
duration,1,5,seasonal_naive_weekly,20,3850,4.38361,1.23683
duration,1,5,seasonal_naive_weekly,21,3850,4.61145,1.27463
duration,1,5,seasonal_naive_weekly,22,3850,4.84431,1.32413
duration,1,5,seasonal_naive_weekly,23,3850,5.14686,1.39535
duration,1,5,autoregressive,0,3850,1.01081,0.294793
duration,1,5,autoregressive,1,3850,0.89379,0.255704
duration,1,5,autoregressive,2,3850,0.563393,0.162124
duration,1,5,autoregressive,3,3850,0.489643,0.147585
duration,1,5,autoregressive,4,3850,0.450513,0.138541
duration,1,5,autoregressive,5,3850,0.474168,0.144641
duration,1,5,autoregressive,6,3850,0.564315,0.162319
duration,1,5,autoregressive,7,3850,0.639559,0.191057
duration,1,5,autoregressive,8,3850,1.08099,0.306362
duration,1,5,autoregressive,9,3850,0.826517,0.265538
duration,1,5,autoregressive,10,3850,0.894869,0.28019
duration,1,5,autoregressive,11,3850,0.797433,0.253474
duration,1,5,autoregressive,12,3850,0.747863,0.240029
duration,1,5,autoregressive,13,3850,0.857893,0.270024
duration,1,5,autoregressive,14,3850,0.861062,0.26815
duration,1,5,autoregressive,15,3850,0.722492,0.23304
duration,1,5,autoregressive,16,3850,0.749891,0.238844
duration,1,5,autoregressive,17,3850,0.774112,0.249952
duration,1,5,autoregressive,18,3850,0.814112,0.262586
duration,1,5,autoregressive,19,3850,0.870403,0.267546
duration,1,5,autoregressive,20,3850,0.825634,0.258651
duration,1,5,autoregressive,21,3850,0.812565,0.252328
duration,1,5,autoregressive,22,3850,0.745821,0.234758
duration,1,5,autoregressive,23,3850,0.73799,0.227325
duration,1,5,zone_ridge,0,3850,1.334,0.363309
duration,1,5,zone_ridge,1,3850,1.2065,0.322288
duration,1,5,zone_ridge,2,3850,0.72877,0.197393
duration,1,5,zone_ridge,3,3850,0.671382,0.185036
duration,1,5,zone_ridge,4,3850,0.630085,0.177086
duration,1,5,zone_ridge,5,3850,0.644681,0.182594
duration,1,5,zone_ridge,6,3850,0.711098,0.200935
duration,1,5,zone_ridge,7,3850,0.735458,0.218283
duration,1,5,zone_ridge,8,3850,1.01492,0.302409
duration,1,5,zone_ridge,9,3850,0.967024,0.303275
duration,1,5,zone_ridge,10,3850,0.976048,0.306148
duration,1,5,zone_ridge,11,3850,0.917107,0.288177
duration,1,5,zone_ridge,12,3850,0.917112,0.282192
duration,1,5,zone_ridge,13,3850,0.920831,0.287278
duration,1,5,zone_ridge,14,3850,0.922642,0.28139
duration,1,5,zone_ridge,15,3850,0.849772,0.260929
duration,1,5,zone_ridge,16,3850,0.913599,0.273768
duration,1,5,zone_ridge,17,3850,0.929226,0.281421
duration,1,5,zone_ridge,18,3850,0.953958,0.290698
duration,1,5,zone_ridge,19,3850,1.06402,0.308395
duration,1,5,zone_ridge,20,3850,1.03996,0.300621
duration,1,5,zone_ridge,21,3850,0.987755,0.290827
duration,1,5,zone_ridge,22,3850,0.976023,0.284098
duration,1,5,zone_ridge,23,3850,0.94432,0.273076
duration,1,5,zone_gbm,0,3850,1.19326,0.343851
duration,1,5,zone_gbm,1,3850,1.08316,0.310774
duration,1,5,zone_gbm,2,3850,0.660569,0.195107
duration,1,5,zone_gbm,3,3850,0.615498,0.186025
duration,1,5,zone_gbm,4,3850,0.619238,0.188128
duration,1,5,zone_gbm,5,3850,0.634584,0.190028
duration,1,5,zone_gbm,6,3850,0.696152,0.206488
duration,1,5,zone_gbm,7,3850,0.866422,0.260814
duration,1,5,zone_gbm,8,3850,1.12707,0.350055
duration,1,5,zone_gbm,9,3850,1.01845,0.332987
duration,1,5,zone_gbm,10,3850,0.974499,0.317982
duration,1,5,zone_gbm,11,3850,0.91158,0.303929
duration,1,5,zone_gbm,12,3850,1.03023,0.330634
duration,1,5,zone_gbm,13,3850,0.977362,0.323473
duration,1,5,zone_gbm,14,3850,0.950597,0.310806
duration,1,5,zone_gbm,15,3850,0.859274,0.282008
duration,1,5,zone_gbm,16,3850,0.884949,0.288178
duration,1,5,zone_gbm,17,3850,0.912032,0.296324
duration,1,5,zone_gbm,18,3850,1.04141,0.329427
duration,1,5,zone_gbm,19,3850,1.31444,0.379964
duration,1,5,zone_gbm,20,3850,1.18552,0.349992
duration,1,5,zone_gbm,21,3850,1.0694,0.323606
duration,1,5,zone_gbm,22,3850,0.991881,0.305311
duration,1,5,zone_gbm,23,3850,0.982756,0.295845
duration,1,5,global_ridge,0,3850,1.2823,0.395029
duration,1,5,global_ridge,1,3850,1.13288,0.342165
duration,1,5,global_ridge,2,3850,0.60889,0.19408
duration,1,5,global_ridge,3,3850,0.577017,0.176954
duration,1,5,global_ridge,4,3850,0.542207,0.168034
duration,1,5,global_ridge,5,3850,0.538756,0.168268
duration,1,5,global_ridge,6,3850,0.606384,0.194502
duration,1,5,global_ridge,7,3850,0.644014,0.213537
duration,1,5,global_ridge,8,3850,0.984995,0.310334
duration,1,5,global_ridge,9,3850,0.900168,0.31057
duration,1,5,global_ridge,10,3850,0.934938,0.317381
duration,1,5,global_ridge,11,3850,0.849223,0.292379
duration,1,5,global_ridge,12,3850,0.826128,0.277254
duration,1,5,global_ridge,13,3850,0.900389,0.301616
duration,1,5,global_ridge,14,3850,0.886783,0.292583
duration,1,5,global_ridge,15,3850,0.754307,0.254585
duration,1,5,global_ridge,16,3850,0.818242,0.2707
duration,1,5,global_ridge,17,3850,0.806411,0.277855
duration,1,5,global_ridge,18,3850,0.840207,0.28533
duration,1,5,global_ridge,19,3850,0.953469,0.305829
duration,1,5,global_ridge,20,3850,0.93192,0.305052
duration,1,5,global_ridge,21,3850,0.887601,0.295788
duration,1,5,global_ridge,22,3850,0.865165,0.282192
duration,1,5,global_ridge,23,3850,0.787122,0.255278
duration,1,5,global_gbm,0,3850,1.1929,0.336775
duration,1,5,global_gbm,1,3850,0.919495,0.262198
duration,1,5,global_gbm,2,3850,0.505335,0.147918
duration,1,5,global_gbm,3,3850,0.449329,0.135482
duration,1,5,global_gbm,4,3850,0.437337,0.130883
duration,1,5,global_gbm,5,3850,0.427853,0.12817
duration,1,5,global_gbm,6,3850,0.509899,0.148162
duration,1,5,global_gbm,7,3850,0.668431,0.190437
duration,1,5,global_gbm,8,3850,0.889271,0.272988
duration,1,5,global_gbm,9,3850,0.822137,0.263145
duration,1,5,global_gbm,10,3850,0.840654,0.266534
duration,1,5,global_gbm,11,3850,0.754684,0.245397
duration,1,5,global_gbm,12,3850,0.759057,0.247096
duration,1,5,global_gbm,13,3850,0.859163,0.279659
duration,1,5,global_gbm,14,3850,0.782474,0.256356
duration,1,5,global_gbm,15,3850,0.663511,0.220634
duration,1,5,global_gbm,16,3850,0.700688,0.230174
duration,1,5,global_gbm,17,3850,0.719258,0.241427
duration,1,5,global_gbm,18,3850,0.790543,0.261585
duration,1,5,global_gbm,19,3850,0.897074,0.269398
duration,1,5,global_gbm,20,3850,0.896741,0.273689
duration,1,5,global_gbm,21,3850,0.803228,0.252846
duration,1,5,global_gbm,22,3850,0.759612,0.23647
duration,1,5,global_gbm,23,3850,0.707072,0.218342
duration,1,6,last_observation,0,3850,1.46271,0.387897
duration,1,6,last_observation,1,3850,0.585087,0.157218
duration,1,6,last_observation,2,3850,0.457078,0.1228
duration,1,6,last_observation,3,3850,0.346082,0.0916639
duration,1,6,last_observation,4,3850,0.259156,0.0708749
duration,1,6,last_observation,5,3850,0.436753,0.134673
duration,1,6,last_observation,6,3850,0.622879,0.166414
duration,1,6,last_observation,7,3850,1.73965,0.434474
duration,1,6,last_observation,8,3850,3.27284,0.814932
duration,1,6,last_observation,9,3850,2.28169,0.611898
duration,1,6,last_observation,10,3850,1.26604,0.355454
duration,1,6,last_observation,11,3850,0.734589,0.227387
duration,1,6,last_observation,12,3850,0.922641,0.286433
duration,1,6,last_observation,13,3850,1.28781,0.414873
duration,1,6,last_observation,14,3850,1.07946,0.321018
duration,1,6,last_observation,15,3850,0.790671,0.254523
duration,1,6,last_observation,16,3850,0.693485,0.225225
duration,1,6,last_observation,17,3850,0.845628,0.26052
duration,1,6,last_observation,18,3850,1.4329,0.411542
duration,1,6,last_observation,19,3850,2.04223,0.525583
duration,1,6,last_observation,20,3850,1.73327,0.442842
duration,1,6,last_observation,21,3850,1.21974,0.327185
duration,1,6,last_observation,22,3850,1.09693,0.291972
duration,1,6,last_observation,23,3850,0.852229,0.235198
duration,1,6,seasonal_naive_daily,0,3850,2.25747,0.743443
duration,1,6,seasonal_naive_daily,1,3850,2.19433,0.737576
duration,1,6,seasonal_naive_daily,2,3850,2.21963,0.743846
duration,1,6,seasonal_naive_daily,3,3850,2.2263,0.740441
duration,1,6,seasonal_naive_daily,4,3850,2.20773,0.736499
duration,1,6,seasonal_naive_daily,5,3850,2.27639,0.768092
duration,1,6,seasonal_naive_daily,6,3850,2.25684,0.75663
duration,1,6,seasonal_naive_daily,7,3850,2.55481,0.818133
duration,1,6,seasonal_naive_daily,8,3850,2.90671,0.876551
duration,1,6,seasonal_naive_daily,9,3850,2.9618,0.897317
duration,1,6,seasonal_naive_daily,10,3850,2.87699,0.891536
duration,1,6,seasonal_naive_daily,11,3850,2.81312,0.879644
duration,1,6,seasonal_naive_daily,12,3850,2.80955,0.876588
duration,1,6,seasonal_naive_daily,13,3850,3.00316,0.946482
duration,1,6,seasonal_naive_daily,14,3850,3.04251,0.954912
duration,1,6,seasonal_naive_daily,15,3850,2.91318,0.914129
duration,1,6,seasonal_naive_daily,16,3850,2.8889,0.909278
duration,1,6,seasonal_naive_daily,17,3850,2.93677,0.92246
duration,1,6,seasonal_naive_daily,18,3850,2.83667,0.893911
duration,1,6,seasonal_naive_daily,19,3850,2.50143,0.815484
duration,1,6,seasonal_naive_daily,20,3850,2.31797,0.771443
duration,1,6,seasonal_naive_daily,21,3850,2.23729,0.744197
duration,1,6,seasonal_naive_daily,22,3850,2.22368,0.747817
duration,1,6,seasonal_naive_daily,23,3850,2.23188,0.751766
duration,1,6,seasonal_naive_weekly,0,3850,3.84513,1.20028
duration,1,6,seasonal_naive_weekly,1,3850,3.84597,1.21087
duration,1,6,seasonal_naive_weekly,2,3850,3.81519,1.20123
duration,1,6,seasonal_naive_weekly,3,3850,3.79608,1.19557
duration,1,6,seasonal_naive_weekly,4,3850,3.77511,1.18956
duration,1,6,seasonal_naive_weekly,5,3850,3.82894,1.2043
duration,1,6,seasonal_naive_weekly,6,3850,3.83597,1.20679
duration,1,6,seasonal_naive_weekly,7,3850,3.73368,1.19184
duration,1,6,seasonal_naive_weekly,8,3850,3.56779,1.14769
duration,1,6,seasonal_naive_weekly,9,3850,3.58284,1.15462
duration,1,6,seasonal_naive_weekly,10,3850,3.51154,1.1441
duration,1,6,seasonal_naive_weekly,11,3850,3.44883,1.12747
duration,1,6,seasonal_naive_weekly,12,3850,3.44903,1.12896
duration,1,6,seasonal_naive_weekly,13,3850,3.47229,1.13983
duration,1,6,seasonal_naive_weekly,14,3850,3.47279,1.13175
duration,1,6,seasonal_naive_weekly,15,3850,3.30379,1.07526
duration,1,6,seasonal_naive_weekly,16,3850,3.24006,1.05373
duration,1,6,seasonal_naive_weekly,17,3850,3.2345,1.05117
duration,1,6,seasonal_naive_weekly,18,3850,3.20753,1.04866
duration,1,6,seasonal_naive_weekly,19,3850,3.2237,1.07115
duration,1,6,seasonal_naive_weekly,20,3850,3.20697,1.06687
duration,1,6,seasonal_naive_weekly,21,3850,3.23158,1.06581
duration,1,6,seasonal_naive_weekly,22,3850,3.31338,1.08498
duration,1,6,seasonal_naive_weekly,23,3850,3.38426,1.10042
duration,1,6,autoregressive,0,3850,0.96485,0.288157
duration,1,6,autoregressive,1,3850,0.627488,0.189083
duration,1,6,autoregressive,2,3850,0.566586,0.169904
duration,1,6,autoregressive,3,3850,0.496858,0.151698
duration,1,6,autoregressive,4,3850,0.476933,0.149053
duration,1,6,autoregressive,5,3850,0.673805,0.215274
duration,1,6,autoregressive,6,3850,0.789654,0.222984
duration,1,6,autoregressive,7,3850,1.24029,0.350247
duration,1,6,autoregressive,8,3850,1.8052,0.517395
duration,1,6,autoregressive,9,3850,1.28447,0.419063
duration,1,6,autoregressive,10,3850,0.935118,0.300805
duration,1,6,autoregressive,11,3850,0.768098,0.25335
duration,1,6,autoregressive,12,3850,0.907178,0.29977
duration,1,6,autoregressive,13,3850,1.2423,0.406573
duration,1,6,autoregressive,14,3850,1.04751,0.327299
duration,1,6,autoregressive,15,3850,0.890609,0.287254
duration,1,6,autoregressive,16,3850,0.841409,0.275265
duration,1,6,autoregressive,17,3850,0.911477,0.29709
duration,1,6,autoregressive,18,3850,1.09187,0.35708
duration,1,6,autoregressive,19,3850,1.22642,0.377917
duration,1,6,autoregressive,20,3850,1.03246,0.322697
duration,1,6,autoregressive,21,3850,0.870189,0.274499
duration,1,6,autoregressive,22,3850,0.815702,0.257155
duration,1,6,autoregressive,23,3850,0.744221,0.233453
duration,1,6,zone_ridge,0,3850,0.986486,0.302807
duration,1,6,zone_ridge,1,3850,0.714112,0.215743
duration,1,6,zone_ridge,2,3850,0.609002,0.186824
duration,1,6,zone_ridge,3,3850,0.568209,0.169098
duration,1,6,zone_ridge,4,3850,0.581978,0.169522
duration,1,6,zone_ridge,5,3850,0.80211,0.239246
duration,1,6,zone_ridge,6,3850,0.749456,0.217754
duration,1,6,zone_ridge,7,3850,1.19464,0.339557
duration,1,6,zone_ridge,8,3850,1.52676,0.457324
duration,1,6,zone_ridge,9,3850,1.27317,0.413604
duration,1,6,zone_ridge,10,3850,0.914002,0.297838
duration,1,6,zone_ridge,11,3850,0.778019,0.256543
duration,1,6,zone_ridge,12,3850,0.911967,0.295887
duration,1,6,zone_ridge,13,3850,1.21224,0.397035
duration,1,6,zone_ridge,14,3850,0.958641,0.302876
duration,1,6,zone_ridge,15,3850,0.882858,0.287215
duration,1,6,zone_ridge,16,3850,0.830336,0.277544
duration,1,6,zone_ridge,17,3850,0.876755,0.290768
duration,1,6,zone_ridge,18,3850,1.05017,0.34993
duration,1,6,zone_ridge,19,3850,1.30262,0.396943
duration,1,6,zone_ridge,20,3850,1.04644,0.332637
duration,1,6,zone_ridge,21,3850,0.899315,0.291405
duration,1,6,zone_ridge,22,3850,0.872946,0.27896
duration,1,6,zone_ridge,23,3850,0.765783,0.248576
duration,1,6,zone_gbm,0,3850,0.91571,0.283737
duration,1,6,zone_gbm,1,3850,0.681895,0.209422
duration,1,6,zone_gbm,2,3850,0.571735,0.176781
duration,1,6,zone_gbm,3,3850,0.519984,0.159518
duration,1,6,zone_gbm,4,3850,0.480653,0.150335
duration,1,6,zone_gbm,5,3850,0.640174,0.207915
duration,1,6,zone_gbm,6,3850,0.59983,0.188957
duration,1,6,zone_gbm,7,3850,1.08889,0.323529
duration,1,6,zone_gbm,8,3850,1.36468,0.428701
duration,1,6,zone_gbm,9,3850,1.2263,0.402797
duration,1,6,zone_gbm,10,3850,0.959673,0.308975
duration,1,6,zone_gbm,11,3850,0.786389,0.262023
duration,1,6,zone_gbm,12,3850,0.950275,0.308438
duration,1,6,zone_gbm,13,3850,1.19791,0.398365
duration,1,6,zone_gbm,14,3850,0.99871,0.316349
duration,1,6,zone_gbm,15,3850,0.873216,0.288679
duration,1,6,zone_gbm,16,3850,0.83082,0.276661
duration,1,6,zone_gbm,17,3850,0.888649,0.294923
duration,1,6,zone_gbm,18,3850,1.04078,0.349102
duration,1,6,zone_gbm,19,3850,1.26107,0.399908
duration,1,6,zone_gbm,20,3850,1.02901,0.329648
duration,1,6,zone_gbm,21,3850,0.901096,0.291458
duration,1,6,zone_gbm,22,3850,0.859549,0.276868
duration,1,6,zone_gbm,23,3850,0.780161,0.253164
duration,1,6,global_ridge,0,3850,1.08225,0.33256
duration,1,6,global_ridge,1,3850,0.688651,0.219819
duration,1,6,global_ridge,2,3850,0.576317,0.184651
duration,1,6,global_ridge,3,3850,0.533696,0.171027
duration,1,6,global_ridge,4,3850,0.508391,0.165809
duration,1,6,global_ridge,5,3850,0.681781,0.232228
duration,1,6,global_ridge,6,3850,0.650576,0.217119
duration,1,6,global_ridge,7,3850,1.27752,0.372692
duration,1,6,global_ridge,8,3850,1.70667,0.499194
duration,1,6,global_ridge,9,3850,1.38662,0.46495
duration,1,6,global_ridge,10,3850,0.970931,0.331654
duration,1,6,global_ridge,11,3850,0.802928,0.286081
duration,1,6,global_ridge,12,3850,0.951924,0.330991
duration,1,6,global_ridge,13,3850,1.37123,0.466265
duration,1,6,global_ridge,14,3850,1.04246,0.340568
duration,1,6,global_ridge,15,3850,0.923452,0.315604
duration,1,6,global_ridge,16,3850,0.839473,0.291657
duration,1,6,global_ridge,17,3850,0.878075,0.298391
duration,1,6,global_ridge,18,3850,1.05457,0.361685
duration,1,6,global_ridge,19,3850,1.34001,0.41349
duration,1,6,global_ridge,20,3850,1.1286,0.357189
duration,1,6,global_ridge,21,3850,0.938794,0.307124
duration,1,6,global_ridge,22,3850,0.880157,0.28586
duration,1,6,global_ridge,23,3850,0.761653,0.251883
duration,1,6,global_gbm,0,3850,1.01685,0.286035
duration,1,6,global_gbm,1,3850,0.740374,0.190722
duration,1,6,global_gbm,2,3850,0.656178,0.165894
duration,1,6,global_gbm,3,3850,0.576984,0.144016
duration,1,6,global_gbm,4,3850,0.538992,0.133365
duration,1,6,global_gbm,5,3850,0.709317,0.193286
duration,1,6,global_gbm,6,3850,0.733353,0.19108
duration,1,6,global_gbm,7,3850,1.12331,0.320241
duration,1,6,global_gbm,8,3850,1.3478,0.4272
duration,1,6,global_gbm,9,3850,1.2495,0.410412
duration,1,6,global_gbm,10,3850,0.890734,0.29093
duration,1,6,global_gbm,11,3850,0.698662,0.233998
duration,1,6,global_gbm,12,3850,0.868095,0.288086
duration,1,6,global_gbm,13,3850,1.18461,0.395261
duration,1,6,global_gbm,14,3850,0.938313,0.299545
duration,1,6,global_gbm,15,3850,0.7953,0.267892
duration,1,6,global_gbm,16,3850,0.730433,0.249431
duration,1,6,global_gbm,17,3850,0.798677,0.269522
duration,1,6,global_gbm,18,3850,1.01663,0.343346
duration,1,6,global_gbm,19,3850,1.1923,0.376304
duration,1,6,global_gbm,20,3850,1.04918,0.322312
duration,1,6,global_gbm,21,3850,0.868035,0.268956
duration,1,6,global_gbm,22,3850,0.857597,0.255257
duration,1,6,global_gbm,23,3850,0.782717,0.228135
duration,1,7,last_observation,0,3850,1.46983,0.377956
duration,1,7,last_observation,1,3850,0.569091,0.156107
duration,1,7,last_observation,2,3850,0.7579,0.219977
duration,1,7,last_observation,3,3850,0.418615,0.118769
duration,1,7,last_observation,4,3850,0.364156,0.107847
duration,1,7,last_observation,5,3850,0.35184,0.0962949
duration,1,7,last_observation,6,3850,0.661429,0.177389
duration,1,7,last_observation,7,3850,1.92048,0.461248
duration,1,7,last_observation,8,3850,3.37177,0.829657
duration,1,7,last_observation,9,3850,2.21284,0.588823
duration,1,7,last_observation,10,3850,1.21766,0.347449
duration,1,7,last_observation,11,3850,0.687814,0.215029
duration,1,7,last_observation,12,3850,0.919134,0.282006
duration,1,7,last_observation,13,3850,1.03931,0.323386
duration,1,7,last_observation,14,3850,1.11139,0.332019
duration,1,7,last_observation,15,3850,0.636948,0.212688
duration,1,7,last_observation,16,3850,0.64881,0.209799
duration,1,7,last_observation,17,3850,0.801861,0.245448
duration,1,7,last_observation,18,3850,1.38545,0.391286
duration,1,7,last_observation,19,3850,1.95725,0.496849
duration,1,7,last_observation,20,3850,1.81026,0.457218
duration,1,7,last_observation,21,3850,1.26487,0.338586
duration,1,7,last_observation,22,3850,1.15437,0.3127
duration,1,7,last_observation,23,3850,0.90303,0.251285
duration,1,7,seasonal_naive_daily,0,3850,2.19188,0.738746
duration,1,7,seasonal_naive_daily,1,3850,2.17788,0.734059
duration,1,7,seasonal_naive_daily,2,3850,2.30961,0.788406
duration,1,7,seasonal_naive_daily,3,3850,2.29593,0.779906
duration,1,7,seasonal_naive_daily,4,3850,2.25002,0.764926
duration,1,7,seasonal_naive_daily,5,3850,2.3169,0.785468
duration,1,7,seasonal_naive_daily,6,3850,2.27268,0.773714
duration,1,7,seasonal_naive_daily,7,3850,2.4805,0.801144
duration,1,7,seasonal_naive_daily,8,3850,2.70827,0.823597
duration,1,7,seasonal_naive_daily,9,3850,2.79719,0.852114
duration,1,7,seasonal_naive_daily,10,3850,2.71926,0.841948
duration,1,7,seasonal_naive_daily,11,3850,2.63708,0.829493
duration,1,7,seasonal_naive_daily,12,3850,2.68825,0.85212
duration,1,7,seasonal_naive_daily,13,3850,2.55762,0.808827
duration,1,7,seasonal_naive_daily,14,3850,2.5805,0.803729
duration,1,7,seasonal_naive_daily,15,3850,2.52537,0.798783
duration,1,7,seasonal_naive_daily,16,3850,2.49258,0.786499
duration,1,7,seasonal_naive_daily,17,3850,2.45818,0.772253
duration,1,7,seasonal_naive_daily,18,3850,2.40305,0.754965
duration,1,7,seasonal_naive_daily,19,3850,2.32009,0.744718
duration,1,7,seasonal_naive_daily,20,3850,2.22561,0.720305
duration,1,7,seasonal_naive_daily,21,3850,2.15232,0.704449
duration,1,7,seasonal_naive_daily,22,3850,2.09134,0.691843
duration,1,7,seasonal_naive_daily,23,3850,2.12641,0.706758
duration,1,7,seasonal_naive_weekly,0,3850,2.60355,0.964601
duration,1,7,seasonal_naive_weekly,1,3850,2.62054,0.966755
duration,1,7,seasonal_naive_weekly,2,3850,2.69236,0.988533
duration,1,7,seasonal_naive_weekly,3,3850,2.66558,0.978493
duration,1,7,seasonal_naive_weekly,4,3850,2.6321,0.970548
duration,1,7,seasonal_naive_weekly,5,3850,2.58526,0.94583
duration,1,7,seasonal_naive_weekly,6,3850,2.43353,0.900969
duration,1,7,seasonal_naive_weekly,7,3850,2.45742,0.905158
duration,1,7,seasonal_naive_weekly,8,3850,2.41816,0.897632
duration,1,7,seasonal_naive_weekly,9,3850,2.44247,0.914477
duration,1,7,seasonal_naive_weekly,10,3850,2.47926,0.921438
duration,1,7,seasonal_naive_weekly,11,3850,2.4795,0.921876
duration,1,7,seasonal_naive_weekly,12,3850,2.51667,0.933769
duration,1,7,seasonal_naive_weekly,13,3850,2.47186,0.917077
duration,1,7,seasonal_naive_weekly,14,3850,2.51716,0.922968
duration,1,7,seasonal_naive_weekly,15,3850,2.48532,0.915607
duration,1,7,seasonal_naive_weekly,16,3850,2.49567,0.913472
duration,1,7,seasonal_naive_weekly,17,3850,2.50853,0.909597
duration,1,7,seasonal_naive_weekly,18,3850,2.62348,0.939685
duration,1,7,seasonal_naive_weekly,19,3850,2.66463,0.957832
duration,1,7,seasonal_naive_weekly,20,3850,2.58323,0.938263
duration,1,7,seasonal_naive_weekly,21,3850,2.49483,0.917788
duration,1,7,seasonal_naive_weekly,22,3850,2.52353,0.931125
duration,1,7,seasonal_naive_weekly,23,3850,2.5642,0.946437
duration,1,7,autoregressive,0,3850,0.837207,0.250114
duration,1,7,autoregressive,1,3850,0.616132,0.187923
duration,1,7,autoregressive,2,3850,0.770463,0.240221
duration,1,7,autoregressive,3,3850,0.545103,0.170548
duration,1,7,autoregressive,4,3850,0.567871,0.179952
duration,1,7,autoregressive,5,3850,0.573063,0.171154
duration,1,7,autoregressive,6,3850,0.841299,0.231332
duration,1,7,autoregressive,7,3850,1.25062,0.344909
duration,1,7,autoregressive,8,3850,1.71672,0.490424
duration,1,7,autoregressive,9,3850,1.20821,0.381962
duration,1,7,autoregressive,10,3850,0.909883,0.293021
duration,1,7,autoregressive,11,3850,0.764822,0.250744
duration,1,7,autoregressive,12,3850,0.881497,0.285834
duration,1,7,autoregressive,13,3850,0.911726,0.291561
duration,1,7,autoregressive,14,3850,0.975583,0.301764
duration,1,7,autoregressive,15,3850,0.761388,0.24726
duration,1,7,autoregressive,16,3850,0.767213,0.248457
duration,1,7,autoregressive,17,3850,0.847191,0.273045
duration,1,7,autoregressive,18,3850,1.01722,0.32549
duration,1,7,autoregressive,19,3850,1.13011,0.347046
duration,1,7,autoregressive,20,3850,1.02484,0.314609
duration,1,7,autoregressive,21,3850,0.861052,0.274373
duration,1,7,autoregressive,22,3850,0.828323,0.258373
duration,1,7,autoregressive,23,3850,0.75657,0.236848
duration,1,7,zone_ridge,0,3850,0.716474,0.230373
duration,1,7,zone_ridge,1,3850,0.63921,0.197535
duration,1,7,zone_ridge,2,3850,0.807599,0.253137
duration,1,7,zone_ridge,3,3850,0.523081,0.165703
duration,1,7,zone_ridge,4,3850,0.597978,0.185543
duration,1,7,zone_ridge,5,3850,0.662285,0.193223
duration,1,7,zone_ridge,6,3850,0.751144,0.222706
duration,1,7,zone_ridge,7,3850,1.19614,0.334016
duration,1,7,zone_ridge,8,3850,1.48641,0.45217
duration,1,7,zone_ridge,9,3850,1.19509,0.385902
duration,1,7,zone_ridge,10,3850,0.924231,0.303903
duration,1,7,zone_ridge,11,3850,0.777789,0.260439
duration,1,7,zone_ridge,12,3850,0.913133,0.298659
duration,1,7,zone_ridge,13,3850,0.86952,0.287937
duration,1,7,zone_ridge,14,3850,0.908637,0.289376
duration,1,7,zone_ridge,15,3850,0.719519,0.243847
duration,1,7,zone_ridge,16,3850,0.756652,0.249457
duration,1,7,zone_ridge,17,3850,0.814677,0.268438
duration,1,7,zone_ridge,18,3850,0.997267,0.323514
duration,1,7,zone_ridge,19,3850,1.14817,0.352697
duration,1,7,zone_ridge,20,3850,1.00951,0.316718
duration,1,7,zone_ridge,21,3850,0.865591,0.280194
duration,1,7,zone_ridge,22,3850,0.82438,0.264754
duration,1,7,zone_ridge,23,3850,0.7353,0.239353
duration,1,7,zone_gbm,0,3850,0.659927,0.21256
duration,1,7,zone_gbm,1,3850,0.604983,0.185924
duration,1,7,zone_gbm,2,3850,0.741152,0.236382
duration,1,7,zone_gbm,3,3850,0.476876,0.155801
duration,1,7,zone_gbm,4,3850,0.510464,0.166049
duration,1,7,zone_gbm,5,3850,0.495099,0.15545
duration,1,7,zone_gbm,6,3850,0.581713,0.183203
duration,1,7,zone_gbm,7,3850,1.00341,0.291981
duration,1,7,zone_gbm,8,3850,1.19426,0.391129
duration,1,7,zone_gbm,9,3850,1.03959,0.345815
duration,1,7,zone_gbm,10,3850,0.87983,0.289195
duration,1,7,zone_gbm,11,3850,0.722399,0.245717
duration,1,7,zone_gbm,12,3850,0.866703,0.284807
duration,1,7,zone_gbm,13,3850,0.825148,0.272331
duration,1,7,zone_gbm,14,3850,0.912205,0.289321
duration,1,7,zone_gbm,15,3850,0.700257,0.241779
duration,1,7,zone_gbm,16,3850,0.715809,0.240312
duration,1,7,zone_gbm,17,3850,0.790117,0.262372
duration,1,7,zone_gbm,18,3850,0.956804,0.313853
duration,1,7,zone_gbm,19,3850,1.07363,0.342516
duration,1,7,zone_gbm,20,3850,0.972086,0.307574
duration,1,7,zone_gbm,21,3850,0.844263,0.275335
duration,1,7,zone_gbm,22,3850,0.820908,0.261955
duration,1,7,zone_gbm,23,3850,0.744045,0.239249
duration,1,7,global_ridge,0,3850,0.862427,0.279133
duration,1,7,global_ridge,1,3850,0.718926,0.22679
duration,1,7,global_ridge,2,3850,0.911171,0.295117
duration,1,7,global_ridge,3,3850,0.543232,0.184287
duration,1,7,global_ridge,4,3850,0.626119,0.213835
duration,1,7,global_ridge,5,3850,0.677895,0.231953
duration,1,7,global_ridge,6,3850,0.767577,0.261744
duration,1,7,global_ridge,7,3850,1.26857,0.371662
duration,1,7,global_ridge,8,3850,1.70254,0.522491
duration,1,7,global_ridge,9,3850,1.24901,0.434182
duration,1,7,global_ridge,10,3850,0.973322,0.346743
duration,1,7,global_ridge,11,3850,0.818169,0.303317
duration,1,7,global_ridge,12,3850,1.00569,0.35553
duration,1,7,global_ridge,13,3850,1.00713,0.352755
duration,1,7,global_ridge,14,3850,1.02749,0.342486
duration,1,7,global_ridge,15,3850,0.742322,0.267073
duration,1,7,global_ridge,16,3850,0.750065,0.260428
duration,1,7,global_ridge,17,3850,0.827385,0.282404
duration,1,7,global_ridge,18,3850,1.03044,0.344495
duration,1,7,global_ridge,19,3850,1.22065,0.380856
duration,1,7,global_ridge,20,3850,1.13651,0.358376
duration,1,7,global_ridge,21,3850,0.941508,0.308419
duration,1,7,global_ridge,22,3850,0.882375,0.285686
duration,1,7,global_ridge,23,3850,0.772448,0.257465
duration,1,7,global_gbm,0,3850,0.715057,0.219788
duration,1,7,global_gbm,1,3850,0.60818,0.179186
duration,1,7,global_gbm,2,3850,0.798196,0.243534
duration,1,7,global_gbm,3,3850,0.485742,0.15157
duration,1,7,global_gbm,4,3850,0.518662,0.159479
duration,1,7,global_gbm,5,3850,0.545996,0.160232
duration,1,7,global_gbm,6,3850,0.598047,0.179462
duration,1,7,global_gbm,7,3850,0.960175,0.286572
duration,1,7,global_gbm,8,3850,1.25105,0.405285
duration,1,7,global_gbm,9,3850,1.07726,0.356001
duration,1,7,global_gbm,10,3850,0.869165,0.284634
duration,1,7,global_gbm,11,3850,0.667716,0.225494
duration,1,7,global_gbm,12,3850,0.847405,0.2753
duration,1,7,global_gbm,13,3850,0.844092,0.275862
duration,1,7,global_gbm,14,3850,0.90331,0.289004
duration,1,7,global_gbm,15,3850,0.636886,0.22292
duration,1,7,global_gbm,16,3850,0.648986,0.22147
duration,1,7,global_gbm,17,3850,0.731738,0.24561
duration,1,7,global_gbm,18,3850,0.950449,0.311834
duration,1,7,global_gbm,19,3850,1.08608,0.336605
duration,1,7,global_gbm,20,3850,1.02202,0.312628
duration,1,7,global_gbm,21,3850,0.848941,0.271176
duration,1,7,global_gbm,22,3850,0.814156,0.255752
duration,1,7,global_gbm,23,3850,0.701493,0.2237
duration,6,0,last_observation,0,3850,7.81628,1.98996
duration,6,0,last_observation,1,3850,6.16084,1.61139
duration,6,0,last_observation,2,3850,4.3958,1.21157
duration,6,0,last_observation,3,3850,3.38147,0.956338
duration,6,0,last_observation,4,3850,2.58465,0.728187
duration,6,0,last_observation,5,3850,2.25045,0.614434
duration,6,0,last_observation,6,3850,1.61054,0.424605
duration,6,0,last_observation,7,3850,3.24234,0.791238
duration,6,0,last_observation,8,3850,5.9871,1.51797
duration,6,0,last_observation,9,3850,7.74268,1.99544
duration,6,0,last_observation,10,3850,8.57633,2.21008
duration,6,0,last_observation,11,3850,8.87768,2.29266
duration,6,0,last_observation,12,3850,8.34926,2.16298
duration,6,0,last_observation,13,3850,6.74212,1.82873
duration,6,0,last_observation,14,3850,4.07108,1.20913
duration,6,0,last_observation,15,3850,2.85797,0.929819
duration,6,0,last_observation,16,3850,2.57551,0.883626
duration,6,0,last_observation,17,3850,2.55186,0.875849
duration,6,0,last_observation,18,3850,3.1024,1.05703
duration,6,0,last_observation,19,3850,4.46465,1.32753
duration,6,0,last_observation,20,3850,5.92424,1.61404
duration,6,0,last_observation,21,3850,6.97552,1.83615
duration,6,0,last_observation,22,3850,7.69048,1.99324
duration,6,0,last_observation,23,3850,7.45641,1.93645
duration,6,0,seasonal_naive_daily,0,3850,2.78831,0.9775
duration,6,0,seasonal_naive_daily,1,3850,2.78359,0.97843
duration,6,0,seasonal_naive_daily,2,3850,2.91303,1.00409
duration,6,0,seasonal_naive_daily,3,3850,2.916,1.00357
duration,6,0,seasonal_naive_daily,4,3850,2.92009,1.00272
duration,6,0,seasonal_naive_daily,5,3850,2.89623,0.99684
duration,6,0,seasonal_naive_daily,6,3850,2.89015,0.991989
duration,6,0,seasonal_naive_daily,7,3850,3.0637,1.00883
duration,6,0,seasonal_naive_daily,8,3850,3.35677,1.07699
duration,6,0,seasonal_naive_daily,9,3850,3.55779,1.15413
duration,6,0,seasonal_naive_daily,10,3850,3.5289,1.17021
duration,6,0,seasonal_naive_daily,11,3850,3.4292,1.14815
duration,6,0,seasonal_naive_daily,12,3850,3.45483,1.16329
duration,6,0,seasonal_naive_daily,13,3850,3.30652,1.11926
duration,6,0,seasonal_naive_daily,14,3850,3.26045,1.11062
duration,6,0,seasonal_naive_daily,15,3850,3.1905,1.08982
duration,6,0,seasonal_naive_daily,16,3850,3.16688,1.08231
duration,6,0,seasonal_naive_daily,17,3850,3.09794,1.05322
duration,6,0,seasonal_naive_daily,18,3850,2.87255,0.993347
duration,6,0,seasonal_naive_daily,19,3850,2.72173,0.956516
duration,6,0,seasonal_naive_daily,20,3850,2.699,0.961873
duration,6,0,seasonal_naive_daily,21,3850,2.72522,0.96966
duration,6,0,seasonal_naive_daily,22,3850,2.71288,0.966412
duration,6,0,seasonal_naive_daily,23,3850,2.9739,1.00565
duration,6,0,seasonal_naive_weekly,0,3850,4.04156,1.2244
duration,6,0,seasonal_naive_weekly,1,3850,3.68959,1.13971
duration,6,0,seasonal_naive_weekly,2,3850,3.76565,1.15091
duration,6,0,seasonal_naive_weekly,3,3850,3.72472,1.15155
duration,6,0,seasonal_naive_weekly,4,3850,3.71543,1.14271
duration,6,0,seasonal_naive_weekly,5,3850,3.71307,1.14691
duration,6,0,seasonal_naive_weekly,6,3850,3.60567,1.11695
duration,6,0,seasonal_naive_weekly,7,3850,3.27496,1.04447
duration,6,0,seasonal_naive_weekly,8,3850,2.94511,0.990979
duration,6,0,seasonal_naive_weekly,9,3850,2.93582,1.01303
duration,6,0,seasonal_naive_weekly,10,3850,2.89695,1.02173
duration,6,0,seasonal_naive_weekly,11,3850,2.88015,1.01668
duration,6,0,seasonal_naive_weekly,12,3850,2.95883,1.04359
duration,6,0,seasonal_naive_weekly,13,3850,2.91965,1.03017
duration,6,0,seasonal_naive_weekly,14,3850,2.79848,1.00152
duration,6,0,seasonal_naive_weekly,15,3850,2.7529,0.985402
duration,6,0,seasonal_naive_weekly,16,3850,2.76574,0.990113
duration,6,0,seasonal_naive_weekly,17,3850,2.78325,0.981035
duration,6,0,seasonal_naive_weekly,18,3850,2.8824,0.994649
duration,6,0,seasonal_naive_weekly,19,3850,3.11011,1.03173
duration,6,0,seasonal_naive_weekly,20,3850,3.21667,1.06347
duration,6,0,seasonal_naive_weekly,21,3850,3.38041,1.09013
duration,6,0,seasonal_naive_weekly,22,3850,3.41372,1.08508
duration,6,0,seasonal_naive_weekly,23,3850,3.4695,1.07475
duration,6,0,autoregressive,0,3850,2.56536,0.855419
duration,6,0,autoregressive,1,3850,2.31765,0.788315
duration,6,0,autoregressive,2,3850,2.18773,0.737754
duration,6,0,autoregressive,3,3850,2.1588,0.706273
duration,6,0,autoregressive,4,3850,1.98285,0.644394
duration,6,0,autoregressive,5,3850,2.07336,0.651578
duration,6,0,autoregressive,6,3850,1.97635,0.617352
duration,6,0,autoregressive,7,3850,2.09552,0.638549
duration,6,0,autoregressive,8,3850,2.7656,0.834813
duration,6,0,autoregressive,9,3850,3.16283,0.983996
duration,6,0,autoregressive,10,3850,3.24151,1.02961
duration,6,0,autoregressive,11,3850,3.22533,1.03178
duration,6,0,autoregressive,12,3850,3.30401,1.05276
duration,6,0,autoregressive,13,3850,2.78127,0.948793
duration,6,0,autoregressive,14,3850,2.31888,0.814542
duration,6,0,autoregressive,15,3850,2.15611,0.749022
duration,6,0,autoregressive,16,3850,2.11356,0.739071
duration,6,0,autoregressive,17,3850,2.15836,0.742208
duration,6,0,autoregressive,18,3850,2.14921,0.757661
duration,6,0,autoregressive,19,3850,2.30698,0.794433
duration,6,0,autoregressive,20,3850,2.44615,0.835024
duration,6,0,autoregressive,21,3850,2.49537,0.848324
duration,6,0,autoregressive,22,3850,2.51832,0.858013
duration,6,0,autoregressive,23,3850,2.61117,0.857306
duration,6,0,zone_ridge,0,3850,3.01707,0.915813
duration,6,0,zone_ridge,1,3850,2.81079,0.875292
duration,6,0,zone_ridge,2,3850,2.57175,0.8191
duration,6,0,zone_ridge,3,3850,2.60235,0.808744
duration,6,0,zone_ridge,4,3850,2.61494,0.792162
duration,6,0,zone_ridge,5,3850,2.96738,0.851738
duration,6,0,zone_ridge,6,3850,3.26488,0.903674
duration,6,0,zone_ridge,7,3850,2.57982,0.77291
duration,6,0,zone_ridge,8,3850,2.73447,0.825743
duration,6,0,zone_ridge,9,3850,3.35361,1.01726
duration,6,0,zone_ridge,10,3850,3.38409,1.05657
duration,6,0,zone_ridge,11,3850,3.18091,1.01882
duration,6,0,zone_ridge,12,3850,3.05706,1.00673
duration,6,0,zone_ridge,13,3850,2.86975,0.962484
duration,6,0,zone_ridge,14,3850,2.60165,0.870317
duration,6,0,zone_ridge,15,3850,2.3852,0.803372
duration,6,0,zone_ridge,16,3850,2.4757,0.830061
duration,6,0,zone_ridge,17,3850,2.62093,0.846824
duration,6,0,zone_ridge,18,3850,2.34203,0.789495
duration,6,0,zone_ridge,19,3850,2.449,0.812194
duration,6,0,zone_ridge,20,3850,2.79914,0.885911
duration,6,0,zone_ridge,21,3850,2.97557,0.918346
duration,6,0,zone_ridge,22,3850,3.09536,0.949636
duration,6,0,zone_ridge,23,3850,2.99922,0.930204
duration,6,0,zone_gbm,0,3850,2.66325,0.871522
duration,6,0,zone_gbm,1,3850,2.73618,0.877659
duration,6,0,zone_gbm,2,3850,2.7936,0.876337
duration,6,0,zone_gbm,3,3850,2.82375,0.868909
duration,6,0,zone_gbm,4,3850,2.7502,0.834195
duration,6,0,zone_gbm,5,3850,2.7553,0.82548
duration,6,0,zone_gbm,6,3850,2.50533,0.760867
duration,6,0,zone_gbm,7,3850,2.41242,0.736489
duration,6,0,zone_gbm,8,3850,2.27297,0.749431
duration,6,0,zone_gbm,9,3850,2.3494,0.819626
duration,6,0,zone_gbm,10,3850,2.33744,0.841563
duration,6,0,zone_gbm,11,3850,2.32209,0.844585
duration,6,0,zone_gbm,12,3850,2.35014,0.85822
duration,6,0,zone_gbm,13,3850,2.26109,0.829472
duration,6,0,zone_gbm,14,3850,2.21704,0.808162
duration,6,0,zone_gbm,15,3850,2.14625,0.780604
duration,6,0,zone_gbm,16,3850,2.0969,0.765712
duration,6,0,zone_gbm,17,3850,2.13196,0.766337
duration,6,0,zone_gbm,18,3850,2.13367,0.765806
duration,6,0,zone_gbm,19,3850,2.18744,0.776836
duration,6,0,zone_gbm,20,3850,2.34882,0.820134
duration,6,0,zone_gbm,21,3850,2.40137,0.832578
duration,6,0,zone_gbm,22,3850,2.4332,0.844767
duration,6,0,zone_gbm,23,3850,2.50656,0.852603
duration,6,0,global_ridge,0,3850,3.774,1.19442
duration,6,0,global_ridge,1,3850,3.37616,1.14028
duration,6,0,global_ridge,2,3850,3.08858,1.18467
duration,6,0,global_ridge,3,3850,3.48235,1.24082
duration,6,0,global_ridge,4,3850,3.7878,1.22566
duration,6,0,global_ridge,5,3850,3.95418,1.20076
duration,6,0,global_ridge,6,3850,4.05515,1.13089
duration,6,0,global_ridge,7,3850,3.15271,0.94244
duration,6,0,global_ridge,8,3850,3.22952,0.940397
duration,6,0,global_ridge,9,3850,3.95462,1.17488
duration,6,0,global_ridge,10,3850,4.41741,1.32406
duration,6,0,global_ridge,11,3850,4.63961,1.41556
duration,6,0,global_ridge,12,3850,4.18054,1.39956
duration,6,0,global_ridge,13,3850,3.65646,1.36236
duration,6,0,global_ridge,14,3850,3.23901,1.27241
duration,6,0,global_ridge,15,3850,2.94394,1.09466
duration,6,0,global_ridge,16,3850,3.54961,1.13256
duration,6,0,global_ridge,17,3850,4.18344,1.28281
duration,6,0,global_ridge,18,3850,3.69132,1.16259
duration,6,0,global_ridge,19,3850,2.89443,1.00498
duration,6,0,global_ridge,20,3850,3.08022,1.01883
duration,6,0,global_ridge,21,3850,3.50138,1.08043
duration,6,0,global_ridge,22,3850,3.67705,1.0986
duration,6,0,global_ridge,23,3850,3.5026,1.12303
duration,6,0,global_gbm,0,3850,2.74686,0.912565
duration,6,0,global_gbm,1,3850,2.556,0.847693
duration,6,0,global_gbm,2,3850,2.40948,0.800666
duration,6,0,global_gbm,3,3850,2.44531,0.782366
duration,6,0,global_gbm,4,3850,2.28474,0.722083
duration,6,0,global_gbm,5,3850,2.2403,0.693968
duration,6,0,global_gbm,6,3850,2.02176,0.623869
duration,6,0,global_gbm,7,3850,2.05689,0.645041
duration,6,0,global_gbm,8,3850,2.16151,0.758315
duration,6,0,global_gbm,9,3850,2.47569,0.898761
duration,6,0,global_gbm,10,3850,2.57299,0.950901
duration,6,0,global_gbm,11,3850,2.57037,0.957023
duration,6,0,global_gbm,12,3850,2.62131,0.969636
duration,6,0,global_gbm,13,3850,2.5256,0.93427
duration,6,0,global_gbm,14,3850,2.25121,0.819359
duration,6,0,global_gbm,15,3850,2.17003,0.785178
duration,6,0,global_gbm,16,3850,2.19463,0.80806
duration,6,0,global_gbm,17,3850,2.1881,0.796099
duration,6,0,global_gbm,18,3850,2.11219,0.766136
duration,6,0,global_gbm,19,3850,2.26718,0.806428
duration,6,0,global_gbm,20,3850,2.40343,0.855873
duration,6,0,global_gbm,21,3850,2.48643,0.87386
duration,6,0,global_gbm,22,3850,2.60742,0.903562
duration,6,0,global_gbm,23,3850,2.69995,0.91406
duration,6,1,last_observation,0,3850,7.66699,1.91539
duration,6,1,last_observation,1,3850,5.96442,1.52087
duration,6,1,last_observation,2,3850,4.29987,1.15221
duration,6,1,last_observation,3,3850,3.17532,0.885861
duration,6,1,last_observation,4,3850,2.43738,0.68536
duration,6,1,last_observation,5,3850,2.09926,0.576671
duration,6,1,last_observation,6,3850,1.4487,0.390291
duration,6,1,last_observation,7,3850,3.01071,0.726577
duration,6,1,last_observation,8,3850,5.75045,1.42049
duration,6,1,last_observation,9,3850,7.51108,1.90584
duration,6,1,last_observation,10,3850,8.39121,2.131
duration,6,1,last_observation,11,3850,8.69996,2.20431
duration,6,1,last_observation,12,3850,8.23728,2.09439
duration,6,1,last_observation,13,3850,6.60035,1.76112
duration,6,1,last_observation,14,3850,4.11848,1.19014
duration,6,1,last_observation,15,3850,3.03061,0.942626
duration,6,1,last_observation,16,3850,2.70799,0.886285
duration,6,1,last_observation,17,3850,2.54983,0.878069
duration,6,1,last_observation,18,3850,3.17228,1.05277
duration,6,1,last_observation,19,3850,4.52517,1.32548
duration,6,1,last_observation,20,3850,5.93952,1.60247
duration,6,1,last_observation,21,3850,7.01113,1.81458
duration,6,1,last_observation,22,3850,7.70563,1.95862
duration,6,1,last_observation,23,3850,7.6531,1.93456
duration,6,1,seasonal_naive_daily,0,3850,2.74474,0.959055
duration,6,1,seasonal_naive_daily,1,3850,2.73961,0.960734
duration,6,1,seasonal_naive_daily,2,3850,2.7639,0.960276
duration,6,1,seasonal_naive_daily,3,3850,2.73318,0.948186
duration,6,1,seasonal_naive_daily,4,3850,2.75119,0.95052
duration,6,1,seasonal_naive_daily,5,3850,2.70154,0.937672
duration,6,1,seasonal_naive_daily,6,3850,2.71619,0.942554
duration,6,1,seasonal_naive_daily,7,3850,3.00455,0.981068
duration,6,1,seasonal_naive_daily,8,3850,3.42435,1.06827
duration,6,1,seasonal_naive_daily,9,3850,3.49504,1.11377
duration,6,1,seasonal_naive_daily,10,3850,3.52156,1.14006
duration,6,1,seasonal_naive_daily,11,3850,3.50959,1.14224
duration,6,1,seasonal_naive_daily,12,3850,3.54439,1.14849
duration,6,1,seasonal_naive_daily,13,3850,3.4742,1.13247
duration,6,1,seasonal_naive_daily,14,3850,3.43026,1.11486
duration,6,1,seasonal_naive_daily,15,3850,3.32026,1.07487
duration,6,1,seasonal_naive_daily,16,3850,3.24186,1.06018
duration,6,1,seasonal_naive_daily,17,3850,3.15937,1.03197
duration,6,1,seasonal_naive_daily,18,3850,2.99991,0.989596
duration,6,1,seasonal_naive_daily,19,3850,2.80857,0.959625
duration,6,1,seasonal_naive_daily,20,3850,2.61123,0.926799
duration,6,1,seasonal_naive_daily,21,3850,2.6342,0.928888
duration,6,1,seasonal_naive_daily,22,3850,2.64476,0.93926
duration,6,1,seasonal_naive_daily,23,3850,2.63989,0.937299
duration,6,1,seasonal_naive_weekly,0,3850,3.03078,1.03877
duration,6,1,seasonal_naive_weekly,1,3850,3.04346,1.0421
duration,6,1,seasonal_naive_weekly,2,3850,3.05006,1.04003
duration,6,1,seasonal_naive_weekly,3,3850,3.04511,1.04083
duration,6,1,seasonal_naive_weekly,4,3850,3.06253,1.04047
duration,6,1,seasonal_naive_weekly,5,3850,3.0361,1.03469
duration,6,1,seasonal_naive_weekly,6,3850,2.98121,1.02173
duration,6,1,seasonal_naive_weekly,7,3850,2.86011,0.979218
duration,6,1,seasonal_naive_weekly,8,3850,2.73074,0.95081
duration,6,1,seasonal_naive_weekly,9,3850,2.61593,0.940841
duration,6,1,seasonal_naive_weekly,10,3850,2.61346,0.951211
duration,6,1,seasonal_naive_weekly,11,3850,2.70266,0.97819
duration,6,1,seasonal_naive_weekly,12,3850,2.80216,1.00365
duration,6,1,seasonal_naive_weekly,13,3850,2.74011,0.988519
duration,6,1,seasonal_naive_weekly,14,3850,2.70188,0.973523
duration,6,1,seasonal_naive_weekly,15,3850,2.63742,0.949432
duration,6,1,seasonal_naive_weekly,16,3850,2.58706,0.941933
duration,6,1,seasonal_naive_weekly,17,3850,2.58173,0.93344
duration,6,1,seasonal_naive_weekly,18,3850,2.7031,0.95862
duration,6,1,seasonal_naive_weekly,19,3850,2.77013,0.980728
duration,6,1,seasonal_naive_weekly,20,3850,2.78463,0.996463
duration,6,1,seasonal_naive_weekly,21,3850,2.8208,0.996525
duration,6,1,seasonal_naive_weekly,22,3850,2.86229,1.01273
duration,6,1,seasonal_naive_weekly,23,3850,2.96459,1.03081
duration,6,1,autoregressive,0,3850,2.4456,0.809346
duration,6,1,autoregressive,1,3850,2.22574,0.750023
duration,6,1,autoregressive,2,3850,2.05653,0.696951
duration,6,1,autoregressive,3,3850,1.90437,0.637759
duration,6,1,autoregressive,4,3850,1.78478,0.592933
duration,6,1,autoregressive,5,3850,1.85535,0.598873
duration,6,1,autoregressive,6,3850,1.80503,0.584701
duration,6,1,autoregressive,7,3850,2.0359,0.632076
duration,6,1,autoregressive,8,3850,2.73486,0.807239
duration,6,1,autoregressive,9,3850,3.07653,0.943779
duration,6,1,autoregressive,10,3850,3.13397,0.984505
duration,6,1,autoregressive,11,3850,3.1854,1.00587
duration,6,1,autoregressive,12,3850,3.28832,1.02343
duration,6,1,autoregressive,13,3850,2.83541,0.942367
duration,6,1,autoregressive,14,3850,2.38005,0.810282
duration,6,1,autoregressive,15,3850,2.11592,0.729532
duration,6,1,autoregressive,16,3850,2.10388,0.730665
duration,6,1,autoregressive,17,3850,2.10867,0.732657
duration,6,1,autoregressive,18,3850,2.1561,0.752516
duration,6,1,autoregressive,19,3850,2.26794,0.782005
duration,6,1,autoregressive,20,3850,2.36658,0.807481
duration,6,1,autoregressive,21,3850,2.43869,0.824434
duration,6,1,autoregressive,22,3850,2.46497,0.83824
duration,6,1,autoregressive,23,3850,2.41745,0.82164
duration,6,1,zone_ridge,0,3850,2.65465,0.816276
duration,6,1,zone_ridge,1,3850,2.42683,0.761359
duration,6,1,zone_ridge,2,3850,2.26405,0.724537
duration,6,1,zone_ridge,3,3850,2.24321,0.711936
duration,6,1,zone_ridge,4,3850,2.20783,0.691024
duration,6,1,zone_ridge,5,3850,2.51435,0.745317
duration,6,1,zone_ridge,6,3850,2.86189,0.820691
duration,6,1,zone_ridge,7,3850,2.38605,0.741901
duration,6,1,zone_ridge,8,3850,2.69582,0.799033
duration,6,1,zone_ridge,9,3850,3.14997,0.958111
duration,6,1,zone_ridge,10,3850,3.10689,0.978807
duration,6,1,zone_ridge,11,3850,2.96696,0.961242
duration,6,1,zone_ridge,12,3850,3.08134,0.982707
duration,6,1,zone_ridge,13,3850,2.8774,0.948495
duration,6,1,zone_ridge,14,3850,2.53331,0.845721
duration,6,1,zone_ridge,15,3850,2.33757,0.780272
duration,6,1,zone_ridge,16,3850,2.43219,0.796937
duration,6,1,zone_ridge,17,3850,2.48392,0.808494
duration,6,1,zone_ridge,18,3850,2.35376,0.783619
duration,6,1,zone_ridge,19,3850,2.43753,0.813998
duration,6,1,zone_ridge,20,3850,2.60444,0.843966
duration,6,1,zone_ridge,21,3850,2.77011,0.862196
duration,6,1,zone_ridge,22,3850,2.82789,0.87727
duration,6,1,zone_ridge,23,3850,2.76733,0.858285
duration,6,1,zone_gbm,0,3850,2.31185,0.771025
duration,6,1,zone_gbm,1,3850,2.26956,0.757452
duration,6,1,zone_gbm,2,3850,2.23471,0.744679
duration,6,1,zone_gbm,3,3850,2.13472,0.704995
duration,6,1,zone_gbm,4,3850,2.05243,0.667532
duration,6,1,zone_gbm,5,3850,1.98367,0.632333
duration,6,1,zone_gbm,6,3850,1.89354,0.613099
duration,6,1,zone_gbm,7,3850,2.04727,0.645454
duration,6,1,zone_gbm,8,3850,2.19102,0.726316
duration,6,1,zone_gbm,9,3850,2.24849,0.785524
duration,6,1,zone_gbm,10,3850,2.25495,0.803404
duration,6,1,zone_gbm,11,3850,2.3036,0.824481
duration,6,1,zone_gbm,12,3850,2.3976,0.837616
duration,6,1,zone_gbm,13,3850,2.31945,0.82156
duration,6,1,zone_gbm,14,3850,2.17704,0.777181
duration,6,1,zone_gbm,15,3850,2.12801,0.753298
duration,6,1,zone_gbm,16,3850,2.10717,0.748206
duration,6,1,zone_gbm,17,3850,2.10489,0.742264
duration,6,1,zone_gbm,18,3850,2.15492,0.760091
duration,6,1,zone_gbm,19,3850,2.25274,0.782937
duration,6,1,zone_gbm,20,3850,2.27777,0.796295
duration,6,1,zone_gbm,21,3850,2.29296,0.798422
duration,6,1,zone_gbm,22,3850,2.30805,0.805779
duration,6,1,zone_gbm,23,3850,2.32151,0.801822
duration,6,1,global_ridge,0,3850,3.72526,1.26889
duration,6,1,global_ridge,1,3850,3.44203,1.27474
duration,6,1,global_ridge,2,3850,3.21219,1.30842
duration,6,1,global_ridge,3,3850,3.45767,1.31672
duration,6,1,global_ridge,4,3850,3.7204,1.26404
duration,6,1,global_ridge,5,3850,3.98289,1.24608
duration,6,1,global_ridge,6,3850,3.98271,1.14463
duration,6,1,global_ridge,7,3850,2.9996,0.933705
duration,6,1,global_ridge,8,3850,3.30033,0.93804
duration,6,1,global_ridge,9,3850,3.96278,1.14516
duration,6,1,global_ridge,10,3850,4.35411,1.28354
duration,6,1,global_ridge,11,3850,4.53704,1.36324
duration,6,1,global_ridge,12,3850,4.16569,1.35079
duration,6,1,global_ridge,13,3850,3.61191,1.30412
duration,6,1,global_ridge,14,3850,3.11058,1.19842
duration,6,1,global_ridge,15,3850,2.92983,1.04066
duration,6,1,global_ridge,16,3850,3.63536,1.1034
duration,6,1,global_ridge,17,3850,4.20817,1.25039
duration,6,1,global_ridge,18,3850,3.72044,1.12808
duration,6,1,global_ridge,19,3850,2.94932,0.983127
duration,6,1,global_ridge,20,3850,3.02643,0.984169
duration,6,1,global_ridge,21,3850,3.5688,1.08501
duration,6,1,global_ridge,22,3850,3.79523,1.15948
duration,6,1,global_ridge,23,3850,3.67157,1.22997
duration,6,1,global_gbm,0,3850,2.5093,0.862029
duration,6,1,global_gbm,1,3850,2.42755,0.822893
duration,6,1,global_gbm,2,3850,2.25832,0.78151
duration,6,1,global_gbm,3,3850,2.16977,0.741255
duration,6,1,global_gbm,4,3850,2.02312,0.682485
duration,6,1,global_gbm,5,3850,1.97711,0.651423
duration,6,1,global_gbm,6,3850,1.84825,0.604997
duration,6,1,global_gbm,7,3850,1.96649,0.635781
duration,6,1,global_gbm,8,3850,2.16972,0.748518
duration,6,1,global_gbm,9,3850,2.42428,0.88704
duration,6,1,global_gbm,10,3850,2.53721,0.933933
duration,6,1,global_gbm,11,3850,2.58171,0.957337
duration,6,1,global_gbm,12,3850,2.66388,0.961546
duration,6,1,global_gbm,13,3850,2.54967,0.935239
duration,6,1,global_gbm,14,3850,2.30912,0.836128
duration,6,1,global_gbm,15,3850,2.2375,0.803095
duration,6,1,global_gbm,16,3850,2.33396,0.831809
duration,6,1,global_gbm,17,3850,2.30388,0.816741
duration,6,1,global_gbm,18,3850,2.26696,0.809815
duration,6,1,global_gbm,19,3850,2.3975,0.827613
duration,6,1,global_gbm,20,3850,2.32716,0.828178
duration,6,1,global_gbm,21,3850,2.39512,0.848374
duration,6,1,global_gbm,22,3850,2.48123,0.881862
duration,6,1,global_gbm,23,3850,2.55799,0.888232
duration,6,2,last_observation,0,3850,7.59801,1.895
duration,6,2,last_observation,1,3850,5.82861,1.49317
duration,6,2,last_observation,2,3850,4.106,1.11016
duration,6,2,last_observation,3,3850,3.046,0.84756
duration,6,2,last_observation,4,3850,2.35175,0.660714
duration,6,2,last_observation,5,3850,1.93097,0.530113
duration,6,2,last_observation,6,3850,1.4221,0.362718
duration,6,2,last_observation,7,3850,2.78615,0.67796
duration,6,2,last_observation,8,3850,5.58552,1.37377
duration,6,2,last_observation,9,3850,7.44846,1.85982
duration,6,2,last_observation,10,3850,8.65035,2.17665
duration,6,2,last_observation,11,3850,8.72403,2.19266
duration,6,2,last_observation,12,3850,8.32106,2.0973
duration,6,2,last_observation,13,3850,6.78645,1.76526
duration,6,2,last_observation,14,3850,4.05714,1.15935
duration,6,2,last_observation,15,3850,2.91972,0.907984
duration,6,2,last_observation,16,3850,3.00764,0.957699
duration,6,2,last_observation,17,3850,2.80708,0.910231
duration,6,2,last_observation,18,3850,3.39214,1.0832
duration,6,2,last_observation,19,3850,4.79141,1.36923
duration,6,2,last_observation,20,3850,5.8529,1.54957
duration,6,2,last_observation,21,3850,6.8503,1.75298
duration,6,2,last_observation,22,3850,7.47126,1.87625
duration,6,2,last_observation,23,3850,7.30095,1.8425
duration,6,2,seasonal_naive_daily,0,3850,2.67167,0.920181
duration,6,2,seasonal_naive_daily,1,3850,2.6869,0.925839
duration,6,2,seasonal_naive_daily,2,3850,2.70095,0.929005
duration,6,2,seasonal_naive_daily,3,3850,2.72558,0.933272
duration,6,2,seasonal_naive_daily,4,3850,2.71494,0.925355
duration,6,2,seasonal_naive_daily,5,3850,2.68277,0.921112
duration,6,2,seasonal_naive_daily,6,3850,2.67803,0.91453
duration,6,2,seasonal_naive_daily,7,3850,2.85121,0.923993
duration,6,2,seasonal_naive_daily,8,3850,3.29835,1.01417
duration,6,2,seasonal_naive_daily,9,3850,3.57574,1.09949
duration,6,2,seasonal_naive_daily,10,3850,4.32041,1.32076
duration,6,2,seasonal_naive_daily,11,3850,3.90409,1.20405
duration,6,2,seasonal_naive_daily,12,3850,4.21126,1.28186
duration,6,2,seasonal_naive_daily,13,3850,4.11777,1.25523
duration,6,2,seasonal_naive_daily,14,3850,3.24874,1.04126
duration,6,2,seasonal_naive_daily,15,3850,3.29736,1.06999
duration,6,2,seasonal_naive_daily,16,3850,3.27606,1.06803
duration,6,2,seasonal_naive_daily,17,3850,3.20773,1.04295
duration,6,2,seasonal_naive_daily,18,3850,3.12794,1.01143
duration,6,2,seasonal_naive_daily,19,3850,2.76872,0.929695
duration,6,2,seasonal_naive_daily,20,3850,2.6429,0.921615
duration,6,2,seasonal_naive_daily,21,3850,2.5963,0.900937
duration,6,2,seasonal_naive_daily,22,3850,2.58017,0.897221
duration,6,2,seasonal_naive_daily,23,3850,2.7497,0.925854
duration,6,2,seasonal_naive_weekly,0,3850,3.07623,1.04984
duration,6,2,seasonal_naive_weekly,1,3850,3.11827,1.06244
duration,6,2,seasonal_naive_weekly,2,3850,3.12574,1.06564
duration,6,2,seasonal_naive_weekly,3,3850,3.14403,1.066
duration,6,2,seasonal_naive_weekly,4,3850,3.15641,1.06282
duration,6,2,seasonal_naive_weekly,5,3850,3.13894,1.05701
duration,6,2,seasonal_naive_weekly,6,3850,3.11535,1.05715
duration,6,2,seasonal_naive_weekly,7,3850,2.88011,0.980437
duration,6,2,seasonal_naive_weekly,8,3850,2.79227,0.962185
duration,6,2,seasonal_naive_weekly,9,3850,2.91082,1.00449
duration,6,2,seasonal_naive_weekly,10,3850,3.76054,1.24208
duration,6,2,seasonal_naive_weekly,11,3850,3.38916,1.13582
duration,6,2,seasonal_naive_weekly,12,3850,3.8316,1.24775
duration,6,2,seasonal_naive_weekly,13,3850,3.80835,1.23544
duration,6,2,seasonal_naive_weekly,14,3850,2.90528,1.00387
duration,6,2,seasonal_naive_weekly,15,3850,2.95991,1.0214
duration,6,2,seasonal_naive_weekly,16,3850,2.94662,1.01284
duration,6,2,seasonal_naive_weekly,17,3850,2.92387,1.00799
duration,6,2,seasonal_naive_weekly,18,3850,2.9513,1.00325
duration,6,2,seasonal_naive_weekly,19,3850,2.9258,1.00183
duration,6,2,seasonal_naive_weekly,20,3850,2.91134,1.00873
duration,6,2,seasonal_naive_weekly,21,3850,2.88489,1.00245
duration,6,2,seasonal_naive_weekly,22,3850,3.0016,1.02879
duration,6,2,seasonal_naive_weekly,23,3850,3.11069,1.04702
duration,6,2,autoregressive,0,3850,2.41679,0.799001
duration,6,2,autoregressive,1,3850,2.20658,0.741508
duration,6,2,autoregressive,2,3850,2.0224,0.683022
duration,6,2,autoregressive,3,3850,1.91256,0.63841
duration,6,2,autoregressive,4,3850,1.84896,0.609478
duration,6,2,autoregressive,5,3850,1.88263,0.604122
duration,6,2,autoregressive,6,3850,1.88714,0.589328
duration,6,2,autoregressive,7,3850,2.03797,0.613062
duration,6,2,autoregressive,8,3850,2.67521,0.781053
duration,6,2,autoregressive,9,3850,3.09211,0.920931
duration,6,2,autoregressive,10,3850,3.64134,1.09191
duration,6,2,autoregressive,11,3850,3.45146,1.04257
duration,6,2,autoregressive,12,3850,3.70822,1.10162
duration,6,2,autoregressive,13,3850,3.21904,1.00601
duration,6,2,autoregressive,14,3850,2.32496,0.776637
duration,6,2,autoregressive,15,3850,2.3062,0.771166
duration,6,2,autoregressive,16,3850,2.49291,0.821475
duration,6,2,autoregressive,17,3850,2.30747,0.770403
duration,6,2,autoregressive,18,3850,2.47144,0.812662
duration,6,2,autoregressive,19,3850,2.50135,0.819201
duration,6,2,autoregressive,20,3850,2.45162,0.815732
duration,6,2,autoregressive,21,3850,2.40776,0.808799
duration,6,2,autoregressive,22,3850,2.43276,0.815118
duration,6,2,autoregressive,23,3850,2.48474,0.812663
duration,6,2,zone_ridge,0,3850,2.84525,0.849587
duration,6,2,zone_ridge,1,3850,2.59522,0.792177
duration,6,2,zone_ridge,2,3850,2.26142,0.717238
duration,6,2,zone_ridge,3,3850,2.24146,0.705446
duration,6,2,zone_ridge,4,3850,2.26882,0.694297
duration,6,2,zone_ridge,5,3850,2.57405,0.746002
duration,6,2,zone_ridge,6,3850,2.98037,0.82065
duration,6,2,zone_ridge,7,3850,2.56296,0.73967
duration,6,2,zone_ridge,8,3850,2.72391,0.777225
duration,6,2,zone_ridge,9,3850,3.23155,0.929665
duration,6,2,zone_ridge,10,3850,3.68663,1.07713
duration,6,2,zone_ridge,11,3850,3.35667,0.996646
duration,6,2,zone_ridge,12,3850,3.60149,1.05712
duration,6,2,zone_ridge,13,3850,3.37118,1.00587
duration,6,2,zone_ridge,14,3850,2.6896,0.828052
duration,6,2,zone_ridge,15,3850,2.56437,0.795406
duration,6,2,zone_ridge,16,3850,2.70302,0.836818
duration,6,2,zone_ridge,17,3850,2.6276,0.811543
duration,6,2,zone_ridge,18,3850,2.6263,0.819673
duration,6,2,zone_ridge,19,3850,2.65667,0.844508
duration,6,2,zone_ridge,20,3850,2.76202,0.85398
duration,6,2,zone_ridge,21,3850,2.82417,0.857354
duration,6,2,zone_ridge,22,3850,2.86984,0.863565
duration,6,2,zone_ridge,23,3850,2.88567,0.869872
duration,6,2,zone_gbm,0,3850,2.34469,0.79816
duration,6,2,zone_gbm,1,3850,2.26587,0.770809
duration,6,2,zone_gbm,2,3850,2.21785,0.753667
duration,6,2,zone_gbm,3,3850,2.11709,0.71165
duration,6,2,zone_gbm,4,3850,1.9876,0.663792
duration,6,2,zone_gbm,5,3850,1.92692,0.634257
duration,6,2,zone_gbm,6,3850,1.80036,0.594008
duration,6,2,zone_gbm,7,3850,1.91281,0.617257
duration,6,2,zone_gbm,8,3850,2.10001,0.704228
duration,6,2,zone_gbm,9,3850,2.3281,0.795604
duration,6,2,zone_gbm,10,3850,2.80148,0.944969
duration,6,2,zone_gbm,11,3850,2.62291,0.90005
duration,6,2,zone_gbm,12,3850,2.85259,0.954591
duration,6,2,zone_gbm,13,3850,2.80649,0.941329
duration,6,2,zone_gbm,14,3850,2.24415,0.785833
duration,6,2,zone_gbm,15,3850,2.28249,0.798551
duration,6,2,zone_gbm,16,3850,2.31255,0.802715
duration,6,2,zone_gbm,17,3850,2.27681,0.791551
duration,6,2,zone_gbm,18,3850,2.38672,0.807364
duration,6,2,zone_gbm,19,3850,2.38554,0.815562
duration,6,2,zone_gbm,20,3850,2.35689,0.81803
duration,6,2,zone_gbm,21,3850,2.33921,0.817995
duration,6,2,zone_gbm,22,3850,2.37024,0.823374
duration,6,2,zone_gbm,23,3850,2.45193,0.837435
duration,6,2,global_ridge,0,3850,3.77745,1.27813
duration,6,2,global_ridge,1,3850,3.37986,1.24555
duration,6,2,global_ridge,2,3850,3.11174,1.2421
duration,6,2,global_ridge,3,3850,3.44428,1.27051
duration,6,2,global_ridge,4,3850,3.79827,1.25226
duration,6,2,global_ridge,5,3850,3.97069,1.1943
duration,6,2,global_ridge,6,3850,4.0112,1.10349
duration,6,2,global_ridge,7,3850,3.03111,0.889445
duration,6,2,global_ridge,8,3850,3.17229,0.908919
duration,6,2,global_ridge,9,3850,3.90988,1.1181
duration,6,2,global_ridge,10,3850,4.62869,1.32608
duration,6,2,global_ridge,11,3850,4.61063,1.34627
duration,6,2,global_ridge,12,3850,4.33022,1.35652
duration,6,2,global_ridge,13,3850,3.76892,1.30261
duration,6,2,global_ridge,14,3850,3.03414,1.16632
duration,6,2,global_ridge,15,3850,2.95876,1.07545
duration,6,2,global_ridge,16,3850,3.68345,1.13754
duration,6,2,global_ridge,17,3850,4.08044,1.21854
duration,6,2,global_ridge,18,3850,3.67464,1.08683
duration,6,2,global_ridge,19,3850,3.13687,1.00488
duration,6,2,global_ridge,20,3850,3.07754,0.986094
duration,6,2,global_ridge,21,3850,3.63602,1.1026
duration,6,2,global_ridge,22,3850,3.75205,1.15658
duration,6,2,global_ridge,23,3850,3.67001,1.23326
duration,6,2,global_gbm,0,3850,2.48083,0.848486
duration,6,2,global_gbm,1,3850,2.32936,0.784155
duration,6,2,global_gbm,2,3850,2.10181,0.725576
duration,6,2,global_gbm,3,3850,1.99827,0.688817
duration,6,2,global_gbm,4,3850,1.89077,0.638336
duration,6,2,global_gbm,5,3850,1.788,0.59191
duration,6,2,global_gbm,6,3850,1.70403,0.556671
duration,6,2,global_gbm,7,3850,1.72596,0.559636
duration,6,2,global_gbm,8,3850,2.04318,0.695362
duration,6,2,global_gbm,9,3850,2.37694,0.833635
duration,6,2,global_gbm,10,3850,2.92853,1.00735
duration,6,2,global_gbm,11,3850,2.73062,0.956298
duration,6,2,global_gbm,12,3850,2.96001,1.0068
duration,6,2,global_gbm,13,3850,2.8829,0.968716
duration,6,2,global_gbm,14,3850,2.18749,0.763072
duration,6,2,global_gbm,15,3850,2.1642,0.757708
duration,6,2,global_gbm,16,3850,2.35578,0.809675
duration,6,2,global_gbm,17,3850,2.27218,0.780928
duration,6,2,global_gbm,18,3850,2.33015,0.789349
duration,6,2,global_gbm,19,3850,2.42394,0.817308
duration,6,2,global_gbm,20,3850,2.37059,0.824881
duration,6,2,global_gbm,21,3850,2.39075,0.834218
duration,6,2,global_gbm,22,3850,2.47673,0.857507
duration,6,2,global_gbm,23,3850,2.62302,0.887672
duration,6,3,last_observation,0,3850,4.25273,1.1269
duration,6,3,last_observation,1,3850,3.34481,0.914963
duration,6,3,last_observation,2,3850,2.53766,0.715755
duration,6,3,last_observation,3,3850,2.07132,0.581714
duration,6,3,last_observation,4,3850,1.76245,0.479371
duration,6,3,last_observation,5,3850,1.42593,0.380597
duration,6,3,last_observation,6,3850,1.17327,0.307858
duration,6,3,last_observation,7,3850,1.48117,0.387138
duration,6,3,last_observation,8,3850,2.94063,0.770245
duration,6,3,last_observation,9,3850,4.27723,1.12002
duration,6,3,last_observation,10,3850,5.0339,1.31706
duration,6,3,last_observation,11,3850,5.36976,1.40232
duration,6,3,last_observation,12,3850,5.15539,1.36794
duration,6,3,last_observation,13,3850,4.72045,1.27104
duration,6,3,last_observation,14,3850,3.35812,0.963855
duration,6,3,last_observation,15,3850,2.64056,0.806613
duration,6,3,last_observation,16,3850,2.34234,0.747896
duration,6,3,last_observation,17,3850,2.33589,0.75541
duration,6,3,last_observation,18,3850,2.70387,0.877529
duration,6,3,last_observation,19,3850,3.53985,1.03351
duration,6,3,last_observation,20,3850,4.19935,1.15921
duration,6,3,last_observation,21,3850,4.71582,1.25642
duration,6,3,last_observation,22,3850,4.9355,1.30221
duration,6,3,last_observation,23,3850,4.75294,1.25831
duration,6,3,seasonal_naive_daily,0,3850,2.38526,0.79102
duration,6,3,seasonal_naive_daily,1,3850,2.27911,0.772886
duration,6,3,seasonal_naive_daily,2,3850,2.30855,0.782168
duration,6,3,seasonal_naive_daily,3,3850,2.28913,0.776488
duration,6,3,seasonal_naive_daily,4,3850,2.26835,0.773573
duration,6,3,seasonal_naive_daily,5,3850,2.27554,0.771545
duration,6,3,seasonal_naive_daily,6,3850,2.2481,0.767596
duration,6,3,seasonal_naive_daily,7,3850,2.25318,0.760845
duration,6,3,seasonal_naive_daily,8,3850,2.50435,0.81655
duration,6,3,seasonal_naive_daily,9,3850,2.79636,0.914009
duration,6,3,seasonal_naive_daily,10,3850,2.8284,0.91797
duration,6,3,seasonal_naive_daily,11,3850,2.81864,0.916285
duration,6,3,seasonal_naive_daily,12,3850,2.77939,0.906989
duration,6,3,seasonal_naive_daily,13,3850,2.71775,0.899656
duration,6,3,seasonal_naive_daily,14,3850,2.74996,0.902586
duration,6,3,seasonal_naive_daily,15,3850,2.71565,0.897365
duration,6,3,seasonal_naive_daily,16,3850,2.71041,0.897958
duration,6,3,seasonal_naive_daily,17,3850,2.65195,0.873999
duration,6,3,seasonal_naive_daily,18,3850,2.45478,0.816664
duration,6,3,seasonal_naive_daily,19,3850,2.2568,0.776809
duration,6,3,seasonal_naive_daily,20,3850,2.23203,0.770336
duration,6,3,seasonal_naive_daily,21,3850,2.25628,0.767282
duration,6,3,seasonal_naive_daily,22,3850,2.26219,0.764579
duration,6,3,seasonal_naive_daily,23,3850,2.26976,0.768342
duration,6,3,seasonal_naive_weekly,0,3850,3.66816,1.11143
duration,6,3,seasonal_naive_weekly,1,3850,3.6816,1.11927
duration,6,3,seasonal_naive_weekly,2,3850,3.70372,1.12731
duration,6,3,seasonal_naive_weekly,3,3850,3.73563,1.13502
duration,6,3,seasonal_naive_weekly,4,3850,3.72489,1.13398
duration,6,3,seasonal_naive_weekly,5,3850,3.64314,1.11596
duration,6,3,seasonal_naive_weekly,6,3850,3.57457,1.09817
duration,6,3,seasonal_naive_weekly,7,3850,3.23541,1.02138
duration,6,3,seasonal_naive_weekly,8,3850,3.1363,1.00915
duration,6,3,seasonal_naive_weekly,9,3850,3.29807,1.06691
duration,6,3,seasonal_naive_weekly,10,3850,3.29745,1.06942
duration,6,3,seasonal_naive_weekly,11,3850,3.35413,1.09221
duration,6,3,seasonal_naive_weekly,12,3850,3.39857,1.10302
duration,6,3,seasonal_naive_weekly,13,3850,3.36074,1.11022
duration,6,3,seasonal_naive_weekly,14,3850,3.38597,1.10719
duration,6,3,seasonal_naive_weekly,15,3850,3.3768,1.09793
duration,6,3,seasonal_naive_weekly,16,3850,3.35052,1.0899
duration,6,3,seasonal_naive_weekly,17,3850,3.33273,1.07491
duration,6,3,seasonal_naive_weekly,18,3850,3.23942,1.04331
duration,6,3,seasonal_naive_weekly,19,3850,3.09147,1.01395
duration,6,3,seasonal_naive_weekly,20,3850,3.129,1.01462
duration,6,3,seasonal_naive_weekly,21,3850,3.24604,1.02499
duration,6,3,seasonal_naive_weekly,22,3850,3.3371,1.03631
duration,6,3,seasonal_naive_weekly,23,3850,3.33652,1.03649
duration,6,3,autoregressive,0,3850,2.01506,0.657223
duration,6,3,autoregressive,1,3850,1.87258,0.611651
duration,6,3,autoregressive,2,3850,1.74157,0.57703
duration,6,3,autoregressive,3,3850,1.61921,0.544444
duration,6,3,autoregressive,4,3850,1.53686,0.515511
duration,6,3,autoregressive,5,3850,1.53926,0.513508
duration,6,3,autoregressive,6,3850,1.63327,0.524209
duration,6,3,autoregressive,7,3850,1.74437,0.541906
duration,6,3,autoregressive,8,3850,1.99669,0.614702
duration,6,3,autoregressive,9,3850,2.28544,0.717735
duration,6,3,autoregressive,10,3850,2.4177,0.763813
duration,6,3,autoregressive,11,3850,2.48288,0.78605
duration,6,3,autoregressive,12,3850,2.49654,0.789515
duration,6,3,autoregressive,13,3850,2.37545,0.763556
duration,6,3,autoregressive,14,3850,2.13228,0.710955
duration,6,3,autoregressive,15,3850,2.05315,0.687035
duration,6,3,autoregressive,16,3850,2.02255,0.684664
duration,6,3,autoregressive,17,3850,1.99506,0.67352
duration,6,3,autoregressive,18,3850,1.97984,0.673487
duration,6,3,autoregressive,19,3850,2.11549,0.700968
duration,6,3,autoregressive,20,3850,2.17443,0.712641
duration,6,3,autoregressive,21,3850,2.17586,0.713402
duration,6,3,autoregressive,22,3850,2.15291,0.713833
duration,6,3,autoregressive,23,3850,2.10743,0.699103
duration,6,3,zone_ridge,0,3850,2.96689,0.846071
duration,6,3,zone_ridge,1,3850,2.97991,0.824311
duration,6,3,zone_ridge,2,3850,3.00241,0.820718
duration,6,3,zone_ridge,3,3850,2.76274,0.770624
duration,6,3,zone_ridge,4,3850,2.4333,0.698993
duration,6,3,zone_ridge,5,3850,2.07824,0.63143
duration,6,3,zone_ridge,6,3850,2.06599,0.630858
duration,6,3,zone_ridge,7,3850,2.11271,0.640304
duration,6,3,zone_ridge,8,3850,1.91388,0.603337
duration,6,3,zone_ridge,9,3850,2.22102,0.692568
duration,6,3,zone_ridge,10,3850,2.47452,0.74998
duration,6,3,zone_ridge,11,3850,2.6327,0.788083
duration,6,3,zone_ridge,12,3850,2.92504,0.855566
duration,6,3,zone_ridge,13,3850,2.80375,0.83643
duration,6,3,zone_ridge,14,3850,2.72285,0.813664
duration,6,3,zone_ridge,15,3850,2.50533,0.770444
duration,6,3,zone_ridge,16,3850,2.29057,0.728937
duration,6,3,zone_ridge,17,3850,2.21211,0.707681
duration,6,3,zone_ridge,18,3850,2.1939,0.717648
duration,6,3,zone_ridge,19,3850,2.42943,0.76753
duration,6,3,zone_ridge,20,3850,2.4718,0.77523
duration,6,3,zone_ridge,21,3850,2.59912,0.793999
duration,6,3,zone_ridge,22,3850,2.81556,0.833674
duration,6,3,zone_ridge,23,3850,2.94723,0.849753
duration,6,3,zone_gbm,0,3850,2.72765,0.827819
duration,6,3,zone_gbm,1,3850,2.5926,0.787036
duration,6,3,zone_gbm,2,3850,2.48776,0.758703
duration,6,3,zone_gbm,3,3850,2.35211,0.718924
duration,6,3,zone_gbm,4,3850,2.21773,0.66915
duration,6,3,zone_gbm,5,3850,2.05575,0.625044
duration,6,3,zone_gbm,6,3850,1.96588,0.596879
duration,6,3,zone_gbm,7,3850,1.83677,0.561742
duration,6,3,zone_gbm,8,3850,2.2178,0.670573
duration,6,3,zone_gbm,9,3850,2.46972,0.76835
duration,6,3,zone_gbm,10,3850,2.49721,0.792402
duration,6,3,zone_gbm,11,3850,2.52324,0.806333
duration,6,3,zone_gbm,12,3850,2.61687,0.827865
duration,6,3,zone_gbm,13,3850,2.54829,0.82444
duration,6,3,zone_gbm,14,3850,2.52244,0.823022
duration,6,3,zone_gbm,15,3850,2.45921,0.804687
duration,6,3,zone_gbm,16,3850,2.3711,0.775151
duration,6,3,zone_gbm,17,3850,2.26671,0.741395
duration,6,3,zone_gbm,18,3850,2.38272,0.763927
duration,6,3,zone_gbm,19,3850,2.22076,0.7503
duration,6,3,zone_gbm,20,3850,2.29259,0.767243
duration,6,3,zone_gbm,21,3850,2.38816,0.787679
duration,6,3,zone_gbm,22,3850,2.50477,0.811814
duration,6,3,zone_gbm,23,3850,2.48224,0.803836
duration,6,3,global_ridge,0,3850,2.9415,1.11382
duration,6,3,global_ridge,1,3850,2.89464,1.15963
duration,6,3,global_ridge,2,3850,2.78501,1.16016
duration,6,3,global_ridge,3,3850,2.94035,1.16137
duration,6,3,global_ridge,4,3850,2.91598,1.08947
duration,6,3,global_ridge,5,3850,2.85903,0.996764
duration,6,3,global_ridge,6,3850,2.70108,0.856473
duration,6,3,global_ridge,7,3850,2.3596,0.718555
duration,6,3,global_ridge,8,3850,2.22226,0.668922
duration,6,3,global_ridge,9,3850,2.67472,0.8315
duration,6,3,global_ridge,10,3850,3.03429,0.94877
duration,6,3,global_ridge,11,3850,3.30525,1.04883
duration,6,3,global_ridge,12,3850,3.12625,1.07204
duration,6,3,global_ridge,13,3850,2.90056,1.06398
duration,6,3,global_ridge,14,3850,2.70431,1.01667
duration,6,3,global_ridge,15,3850,2.56172,0.943181
duration,6,3,global_ridge,16,3850,2.57207,0.882781
duration,6,3,global_ridge,17,3850,2.85632,0.946208
duration,6,3,global_ridge,18,3850,2.53373,0.85182
duration,6,3,global_ridge,19,3850,2.42292,0.80993
duration,6,3,global_ridge,20,3850,2.72092,0.879073
duration,6,3,global_ridge,21,3850,2.97491,0.963101
duration,6,3,global_ridge,22,3850,3.03515,1.04208
duration,6,3,global_ridge,23,3850,2.97522,1.0907
duration,6,3,global_gbm,0,3850,2.408,0.745586
duration,6,3,global_gbm,1,3850,2.22453,0.691763
duration,6,3,global_gbm,2,3850,2.13191,0.665292
duration,6,3,global_gbm,3,3850,1.9965,0.620583
duration,6,3,global_gbm,4,3850,1.84718,0.560023
duration,6,3,global_gbm,5,3850,1.70887,0.507672
duration,6,3,global_gbm,6,3850,1.68273,0.493068
duration,6,3,global_gbm,7,3850,1.47935,0.47443
duration,6,3,global_gbm,8,3850,1.74833,0.563199
duration,6,3,global_gbm,9,3850,2.1314,0.696101
duration,6,3,global_gbm,10,3850,2.19858,0.731946
duration,6,3,global_gbm,11,3850,2.27708,0.757121
duration,6,3,global_gbm,12,3850,2.33831,0.765601
duration,6,3,global_gbm,13,3850,2.27547,0.755521
duration,6,3,global_gbm,14,3850,2.22235,0.717372
duration,6,3,global_gbm,15,3850,2.08936,0.685271
duration,6,3,global_gbm,16,3850,2.02035,0.680371
duration,6,3,global_gbm,17,3850,1.99201,0.672816
duration,6,3,global_gbm,18,3850,2.11708,0.697026
duration,6,3,global_gbm,19,3850,2.10704,0.709418
duration,6,3,global_gbm,20,3850,2.15068,0.734924
duration,6,3,global_gbm,21,3850,2.24761,0.751798
duration,6,3,global_gbm,22,3850,2.33202,0.770676
duration,6,3,global_gbm,23,3850,2.33814,0.761874
duration,6,4,last_observation,0,3850,7.45115,1.87964
duration,6,4,last_observation,1,3850,6.03593,1.5514
duration,6,4,last_observation,2,3850,4.49251,1.20475
duration,6,4,last_observation,3,3850,3.37587,0.940016
duration,6,4,last_observation,4,3850,2.52682,0.716121
duration,6,4,last_observation,5,3850,1.77041,0.514662
duration,6,4,last_observation,6,3850,1.34286,0.382126
duration,6,4,last_observation,7,3850,2.2405,0.588631
duration,6,4,last_observation,8,3850,5.07905,1.29474
duration,6,4,last_observation,9,3850,7.08766,1.82809
duration,6,4,last_observation,10,3850,8.19147,2.1117
duration,6,4,last_observation,11,3850,8.51484,2.18549
duration,6,4,last_observation,12,3850,8.19565,2.09577
duration,6,4,last_observation,13,3850,7.00139,1.8237
duration,6,4,last_observation,14,3850,4.49892,1.26412
duration,6,4,last_observation,15,3850,3.28948,0.999914
duration,6,4,last_observation,16,3850,2.60589,0.860193
duration,6,4,last_observation,17,3850,2.4606,0.838811
duration,6,4,last_observation,18,3850,2.88353,0.975592
duration,6,4,last_observation,19,3850,4.06662,1.23171
duration,6,4,last_observation,20,3850,5.38957,1.48694
duration,6,4,last_observation,21,3850,6.53771,1.72364
duration,6,4,last_observation,22,3850,7.1389,1.84987
duration,6,4,last_observation,23,3850,7.43688,1.91101
duration,6,4,seasonal_naive_daily,0,3850,2.73361,0.954702
duration,6,4,seasonal_naive_daily,1,3850,2.76413,0.960349
duration,6,4,seasonal_naive_daily,2,3850,2.7508,0.95313
duration,6,4,seasonal_naive_daily,3,3850,2.70929,0.943241
duration,6,4,seasonal_naive_daily,4,3850,2.70835,0.945524
duration,6,4,seasonal_naive_daily,5,3850,2.69736,0.942362
duration,6,4,seasonal_naive_daily,6,3850,2.68065,0.936841
duration,6,4,seasonal_naive_daily,7,3850,2.7269,0.934072
duration,6,4,seasonal_naive_daily,8,3850,3.04268,0.988678
duration,6,4,seasonal_naive_daily,9,3850,3.25234,1.05542
duration,6,4,seasonal_naive_daily,10,3850,3.2381,1.05975
duration,6,4,seasonal_naive_daily,11,3850,3.13013,1.03527
duration,6,4,seasonal_naive_daily,12,3850,3.08604,1.03169
duration,6,4,seasonal_naive_daily,13,3850,3.00186,1.00388
duration,6,4,seasonal_naive_daily,14,3850,2.95147,0.981624
duration,6,4,seasonal_naive_daily,15,3850,2.94115,0.981841
duration,6,4,seasonal_naive_daily,16,3850,2.83576,0.955295
duration,6,4,seasonal_naive_daily,17,3850,2.83069,0.960808
duration,6,4,seasonal_naive_daily,18,3850,2.72249,0.919912
duration,6,4,seasonal_naive_daily,19,3850,2.66331,0.914044
duration,6,4,seasonal_naive_daily,20,3850,2.57939,0.907395
duration,6,4,seasonal_naive_daily,21,3850,2.58807,0.913581
duration,6,4,seasonal_naive_daily,22,3850,2.62229,0.924451
duration,6,4,seasonal_naive_daily,23,3850,2.65225,0.932276
duration,6,4,seasonal_naive_weekly,0,3850,3.48413,1.13023
duration,6,4,seasonal_naive_weekly,1,3850,3.45786,1.12725
duration,6,4,seasonal_naive_weekly,2,3850,3.47481,1.13391
duration,6,4,seasonal_naive_weekly,3,3850,3.44799,1.12805
duration,6,4,seasonal_naive_weekly,4,3850,3.44548,1.12483
duration,6,4,seasonal_naive_weekly,5,3850,3.45781,1.12742
duration,6,4,seasonal_naive_weekly,6,3850,3.41881,1.12203
duration,6,4,seasonal_naive_weekly,7,3850,3.20537,1.06723
duration,6,4,seasonal_naive_weekly,8,3850,3.03606,1.02764
duration,6,4,seasonal_naive_weekly,9,3850,3.13621,1.07034
duration,6,4,seasonal_naive_weekly,10,3850,3.2058,1.0819
duration,6,4,seasonal_naive_weekly,11,3850,3.17041,1.08147
duration,6,4,seasonal_naive_weekly,12,3850,3.17335,1.08377
duration,6,4,seasonal_naive_weekly,13,3850,3.14279,1.07749
duration,6,4,seasonal_naive_weekly,14,3850,3.14422,1.08027
duration,6,4,seasonal_naive_weekly,15,3850,3.12132,1.06992
duration,6,4,seasonal_naive_weekly,16,3850,3.03636,1.0409
duration,6,4,seasonal_naive_weekly,17,3850,3.13665,1.07806
duration,6,4,seasonal_naive_weekly,18,3850,3.14636,1.06045
duration,6,4,seasonal_naive_weekly,19,3850,3.12409,1.0528
duration,6,4,seasonal_naive_weekly,20,3850,3.10831,1.05839
duration,6,4,seasonal_naive_weekly,21,3850,3.14063,1.06162
duration,6,4,seasonal_naive_weekly,22,3850,3.20247,1.06639
duration,6,4,seasonal_naive_weekly,23,3850,3.24879,1.07844
duration,6,4,autoregressive,0,3850,2.42395,0.816797
duration,6,4,autoregressive,1,3850,2.23779,0.762968
duration,6,4,autoregressive,2,3850,2.06815,0.705005
duration,6,4,autoregressive,3,3850,1.88939,0.642296
duration,6,4,autoregressive,4,3850,1.77921,0.602026
duration,6,4,autoregressive,5,3850,1.70617,0.573583
duration,6,4,autoregressive,6,3850,1.73761,0.566551
duration,6,4,autoregressive,7,3850,1.85871,0.591353
duration,6,4,autoregressive,8,3850,2.37303,0.72656
duration,6,4,autoregressive,9,3850,2.77468,0.864771
duration,6,4,autoregressive,10,3850,2.88247,0.922523
duration,6,4,autoregressive,11,3850,2.87308,0.927376
duration,6,4,autoregressive,12,3850,2.87956,0.925134
duration,6,4,autoregressive,13,3850,2.68715,0.881152
duration,6,4,autoregressive,14,3850,2.22107,0.772074
duration,6,4,autoregressive,15,3850,2.12159,0.739878
duration,6,4,autoregressive,16,3850,2.02409,0.703226
duration,6,4,autoregressive,17,3850,2.0732,0.721546
duration,6,4,autoregressive,18,3850,2.10649,0.734262
duration,6,4,autoregressive,19,3850,2.26011,0.783969
duration,6,4,autoregressive,20,3850,2.31467,0.798316
duration,6,4,autoregressive,21,3850,2.35293,0.808166
duration,6,4,autoregressive,22,3850,2.40717,0.823731
duration,6,4,autoregressive,23,3850,2.43809,0.829371
duration,6,4,zone_ridge,0,3850,2.7551,0.867052
duration,6,4,zone_ridge,1,3850,2.49246,0.80446
duration,6,4,zone_ridge,2,3850,2.31637,0.759411
duration,6,4,zone_ridge,3,3850,2.37224,0.750604
duration,6,4,zone_ridge,4,3850,2.3701,0.736347
duration,6,4,zone_ridge,5,3850,2.51508,0.758171
duration,6,4,zone_ridge,6,3850,2.9982,0.842184
duration,6,4,zone_ridge,7,3850,2.58578,0.763459
duration,6,4,zone_ridge,8,3850,2.37852,0.730391
duration,6,4,zone_ridge,9,3850,3.09081,0.919103
duration,6,4,zone_ridge,10,3850,3.35851,0.995653
duration,6,4,zone_ridge,11,3850,3.19338,0.96403
duration,6,4,zone_ridge,12,3850,2.84923,0.902898
duration,6,4,zone_ridge,13,3850,2.43064,0.826463
duration,6,4,zone_ridge,14,3850,2.12451,0.744812
duration,6,4,zone_ridge,15,3850,2.37054,0.773781
duration,6,4,zone_ridge,16,3850,2.64734,0.807444
duration,6,4,zone_ridge,17,3850,2.9702,0.886626
duration,6,4,zone_ridge,18,3850,2.59353,0.812006
duration,6,4,zone_ridge,19,3850,2.32568,0.794298
duration,6,4,zone_ridge,20,3850,2.41254,0.817108
duration,6,4,zone_ridge,21,3850,2.56086,0.837799
duration,6,4,zone_ridge,22,3850,2.63096,0.853558
duration,6,4,zone_ridge,23,3850,2.7364,0.876778
duration,6,4,zone_gbm,0,3850,2.46632,0.825635
duration,6,4,zone_gbm,1,3850,2.37522,0.791136
duration,6,4,zone_gbm,2,3850,2.28574,0.757979
duration,6,4,zone_gbm,3,3850,2.1918,0.712635
duration,6,4,zone_gbm,4,3850,2.03331,0.657295
duration,6,4,zone_gbm,5,3850,1.87722,0.608031
duration,6,4,zone_gbm,6,3850,1.74058,0.570714
duration,6,4,zone_gbm,7,3850,1.89139,0.601405
duration,6,4,zone_gbm,8,3850,1.96622,0.666054
duration,6,4,zone_gbm,9,3850,2.08925,0.728234
duration,6,4,zone_gbm,10,3850,2.22764,0.779072
duration,6,4,zone_gbm,11,3850,2.32738,0.804661
duration,6,4,zone_gbm,12,3850,2.35723,0.813394
duration,6,4,zone_gbm,13,3850,2.32269,0.810516
duration,6,4,zone_gbm,14,3850,2.35985,0.80555
duration,6,4,zone_gbm,15,3850,2.37035,0.798138
duration,6,4,zone_gbm,16,3850,2.17418,0.742257
duration,6,4,zone_gbm,17,3850,2.26148,0.774139
duration,6,4,zone_gbm,18,3850,2.15396,0.74525
duration,6,4,zone_gbm,19,3850,2.45336,0.820066
duration,6,4,zone_gbm,20,3850,2.46657,0.832753
duration,6,4,zone_gbm,21,3850,2.44488,0.827755
duration,6,4,zone_gbm,22,3850,2.44712,0.834119
duration,6,4,zone_gbm,23,3850,2.43266,0.833508
duration,6,4,global_ridge,0,3850,3.47355,1.18327
duration,6,4,global_ridge,1,3850,3.16888,1.16921
duration,6,4,global_ridge,2,3850,3.01433,1.21326
duration,6,4,global_ridge,3,3850,3.26976,1.24014
duration,6,4,global_ridge,4,3850,3.43161,1.20203
duration,6,4,global_ridge,5,3850,3.61439,1.17382
duration,6,4,global_ridge,6,3850,3.57654,1.06087
duration,6,4,global_ridge,7,3850,2.89473,0.872435
duration,6,4,global_ridge,8,3850,2.676,0.793685
duration,6,4,global_ridge,9,3850,3.51714,1.03068
duration,6,4,global_ridge,10,3850,4.08414,1.18976
duration,6,4,global_ridge,11,3850,4.32621,1.27775
duration,6,4,global_ridge,12,3850,3.91303,1.2588
duration,6,4,global_ridge,13,3850,3.33091,1.20101
duration,6,4,global_ridge,14,3850,2.84922,1.09204
duration,6,4,global_ridge,15,3850,2.72588,0.99302
duration,6,4,global_ridge,16,3850,3.25969,1.02209
duration,6,4,global_ridge,17,3850,3.85099,1.14071
duration,6,4,global_ridge,18,3850,3.53843,1.03649
duration,6,4,global_ridge,19,3850,2.80525,0.909826
duration,6,4,global_ridge,20,3850,2.69551,0.908642
duration,6,4,global_ridge,21,3850,3.08533,0.994672
duration,6,4,global_ridge,22,3850,3.31288,1.08638
duration,6,4,global_ridge,23,3850,3.34182,1.15763
duration,6,4,global_gbm,0,3850,2.51713,0.860623
duration,6,4,global_gbm,1,3850,2.31647,0.79553
duration,6,4,global_gbm,2,3850,2.17062,0.752202
duration,6,4,global_gbm,3,3850,2.06731,0.708005
duration,6,4,global_gbm,4,3850,1.91289,0.659625
duration,6,4,global_gbm,5,3850,1.67332,0.586433
duration,6,4,global_gbm,6,3850,1.56321,0.547772
duration,6,4,global_gbm,7,3850,1.60451,0.550866
duration,6,4,global_gbm,8,3850,1.8519,0.648217
duration,6,4,global_gbm,9,3850,2.26624,0.813361
duration,6,4,global_gbm,10,3850,2.43378,0.882959
duration,6,4,global_gbm,11,3850,2.51132,0.906011
duration,6,4,global_gbm,12,3850,2.48236,0.890144
duration,6,4,global_gbm,13,3850,2.3712,0.857199
duration,6,4,global_gbm,14,3850,2.2045,0.774339
duration,6,4,global_gbm,15,3850,2.22335,0.775418
duration,6,4,global_gbm,16,3850,2.15799,0.763113
duration,6,4,global_gbm,17,3850,2.1287,0.757924
duration,6,4,global_gbm,18,3850,2.02537,0.719019
duration,6,4,global_gbm,19,3850,2.35447,0.798727
duration,6,4,global_gbm,20,3850,2.45442,0.844074
duration,6,4,global_gbm,21,3850,2.49181,0.859453
duration,6,4,global_gbm,22,3850,2.56082,0.885936
duration,6,4,global_gbm,23,3850,2.54154,0.883753
duration,6,5,last_observation,0,3850,4.26803,1.08856
duration,6,5,last_observation,1,3850,3.42807,0.904863
duration,6,5,last_observation,2,3850,2.69773,0.736872
duration,6,5,last_observation,3,3850,2.1532,0.600483
duration,6,5,last_observation,4,3850,1.66102,0.476774
duration,6,5,last_observation,5,3850,1.23238,0.361138
duration,6,5,last_observation,6,3850,1.11898,0.308992
duration,6,5,last_observation,7,3850,1.09944,0.294654
duration,6,5,last_observation,8,3850,2.25706,0.570144
duration,6,5,last_observation,9,3850,3.23552,0.815943
duration,6,5,last_observation,10,3850,4.01442,1.0149
duration,6,5,last_observation,11,3850,4.52229,1.14036
duration,6,5,last_observation,12,3850,4.59768,1.16824
duration,6,5,last_observation,13,3850,4.08353,1.04698
duration,6,5,last_observation,14,3850,3.08182,0.822243
duration,6,5,last_observation,15,3850,2.47829,0.696572
duration,6,5,last_observation,16,3850,1.99976,0.6008
duration,6,5,last_observation,17,3850,1.70219,0.546691
duration,6,5,last_observation,18,3850,1.88574,0.599633
duration,6,5,last_observation,19,3850,2.54524,0.740828
duration,6,5,last_observation,20,3850,3.13593,0.83702
duration,6,5,last_observation,21,3850,3.70312,0.952569
duration,6,5,last_observation,22,3850,4.10392,1.03215
duration,6,5,last_observation,23,3850,4.10171,1.02914
duration,6,5,seasonal_naive_daily,0,3850,2.49506,0.772279
duration,6,5,seasonal_naive_daily,1,3850,2.25502,0.721726
duration,6,5,seasonal_naive_daily,2,3850,2.23602,0.715461
duration,6,5,seasonal_naive_daily,3,3850,2.24831,0.719739
duration,6,5,seasonal_naive_daily,4,3850,2.23983,0.717435
duration,6,5,seasonal_naive_daily,5,3850,2.23167,0.713414
duration,6,5,seasonal_naive_daily,6,3850,2.23905,0.712911
duration,6,5,seasonal_naive_daily,7,3850,2.15041,0.691243
duration,6,5,seasonal_naive_daily,8,3850,2.08838,0.671112
duration,6,5,seasonal_naive_daily,9,3850,2.10755,0.676065
duration,6,5,seasonal_naive_daily,10,3850,2.09963,0.676929
duration,6,5,seasonal_naive_daily,11,3850,2.06017,0.663983
duration,6,5,seasonal_naive_daily,12,3850,2.0858,0.665875
duration,6,5,seasonal_naive_daily,13,3850,2.03186,0.658928
duration,6,5,seasonal_naive_daily,14,3850,1.95623,0.632553
duration,6,5,seasonal_naive_daily,15,3850,1.96052,0.638822
duration,6,5,seasonal_naive_daily,16,3850,1.96552,0.632139
duration,6,5,seasonal_naive_daily,17,3850,1.95219,0.621302
duration,6,5,seasonal_naive_daily,18,3850,1.92926,0.614414
duration,6,5,seasonal_naive_daily,19,3850,1.9474,0.632166
duration,6,5,seasonal_naive_daily,20,3850,2.09006,0.674049
duration,6,5,seasonal_naive_daily,21,3850,2.09905,0.666338
duration,6,5,seasonal_naive_daily,22,3850,2.19682,0.689781
duration,6,5,seasonal_naive_daily,23,3850,2.15723,0.681784
duration,6,5,seasonal_naive_weekly,0,3850,5.04963,1.40976
duration,6,5,seasonal_naive_weekly,1,3850,5.55203,1.5242
duration,6,5,seasonal_naive_weekly,2,3850,5.43807,1.49532
duration,6,5,seasonal_naive_weekly,3,3850,5.44487,1.49888
duration,6,5,seasonal_naive_weekly,4,3850,5.47424,1.50605
duration,6,5,seasonal_naive_weekly,5,3850,5.46154,1.49975
duration,6,5,seasonal_naive_weekly,6,3850,5.50009,1.50629
duration,6,5,seasonal_naive_weekly,7,3850,4.75355,1.33945
duration,6,5,seasonal_naive_weekly,8,3850,3.79838,1.167
duration,6,5,seasonal_naive_weekly,9,3850,3.96812,1.24965
duration,6,5,seasonal_naive_weekly,10,3850,3.85093,1.22192
duration,6,5,seasonal_naive_weekly,11,3850,3.83864,1.21461
duration,6,5,seasonal_naive_weekly,12,3850,3.91069,1.23027
duration,6,5,seasonal_naive_weekly,13,3850,3.94881,1.24386
duration,6,5,seasonal_naive_weekly,14,3850,3.84357,1.20253
duration,6,5,seasonal_naive_weekly,15,3850,3.77916,1.17929
duration,6,5,seasonal_naive_weekly,16,3850,3.71368,1.15688
duration,6,5,seasonal_naive_weekly,17,3850,3.65483,1.13301
duration,6,5,seasonal_naive_weekly,18,3850,3.56108,1.08805
duration,6,5,seasonal_naive_weekly,19,3850,3.95061,1.15572
duration,6,5,seasonal_naive_weekly,20,3850,4.38361,1.23683
duration,6,5,seasonal_naive_weekly,21,3850,4.61145,1.27463
duration,6,5,seasonal_naive_weekly,22,3850,4.84431,1.32413
duration,6,5,seasonal_naive_weekly,23,3850,5.14686,1.39535
duration,6,5,autoregressive,0,3850,2.17168,0.68316
duration,6,5,autoregressive,1,3850,2.1263,0.669584
duration,6,5,autoregressive,2,3850,2.06964,0.649983
duration,6,5,autoregressive,3,3850,1.91392,0.606716
duration,6,5,autoregressive,4,3850,1.88367,0.592256
duration,6,5,autoregressive,5,3850,1.73299,0.553882
duration,6,5,autoregressive,6,3850,1.86599,0.575774
duration,6,5,autoregressive,7,3850,1.62243,0.523131
duration,6,5,autoregressive,8,3850,1.79724,0.567686
duration,6,5,autoregressive,9,3850,1.95159,0.615514
duration,6,5,autoregressive,10,3850,2.09414,0.662742
duration,6,5,autoregressive,11,3850,2.22366,0.698292
duration,6,5,autoregressive,12,3850,2.33471,0.728672
duration,6,5,autoregressive,13,3850,2.30024,0.720588
duration,6,5,autoregressive,14,3850,2.19192,0.697421
duration,6,5,autoregressive,15,3850,2.16453,0.68774
duration,6,5,autoregressive,16,3850,2.12375,0.673499
duration,6,5,autoregressive,17,3850,2.04649,0.658926
duration,6,5,autoregressive,18,3850,2.03772,0.659755
duration,6,5,autoregressive,19,3850,2.1042,0.681271
duration,6,5,autoregressive,20,3850,2.04733,0.662046
duration,6,5,autoregressive,21,3850,2.06397,0.66125
duration,6,5,autoregressive,22,3850,2.08849,0.666417
duration,6,5,autoregressive,23,3850,2.07832,0.661474
duration,6,5,zone_ridge,0,3850,3.41034,0.938346
duration,6,5,zone_ridge,1,3850,3.6383,0.982485
duration,6,5,zone_ridge,2,3850,3.69513,0.984371
duration,6,5,zone_ridge,3,3850,3.43276,0.921525
duration,6,5,zone_ridge,4,3850,3.08354,0.839175
duration,6,5,zone_ridge,5,3850,2.74698,0.759061
duration,6,5,zone_ridge,6,3850,2.62729,0.727177
duration,6,5,zone_ridge,7,3850,2.30697,0.658256
duration,6,5,zone_ridge,8,3850,2.20588,0.652291
duration,6,5,zone_ridge,9,3850,2.52399,0.739443
duration,6,5,zone_ridge,10,3850,2.58049,0.771453
duration,6,5,zone_ridge,11,3850,2.64915,0.806133
duration,6,5,zone_ridge,12,3850,2.73618,0.833191
duration,6,5,zone_ridge,13,3850,2.61113,0.810912
duration,6,5,zone_ridge,14,3850,2.5209,0.786607
duration,6,5,zone_ridge,15,3850,2.40134,0.751777
duration,6,5,zone_ridge,16,3850,2.2984,0.714616
duration,6,5,zone_ridge,17,3850,2.34281,0.722015
duration,6,5,zone_ridge,18,3850,2.37813,0.718194
duration,6,5,zone_ridge,19,3850,2.55203,0.746612
duration,6,5,zone_ridge,20,3850,2.7217,0.772081
duration,6,5,zone_ridge,21,3850,2.98579,0.823776
duration,6,5,zone_ridge,22,3850,3.25625,0.880799
duration,6,5,zone_ridge,23,3850,3.50165,0.929798
duration,6,5,zone_gbm,0,3850,3.19462,0.949853
duration,6,5,zone_gbm,1,3850,3.30081,0.970303
duration,6,5,zone_gbm,2,3850,3.14961,0.932563
duration,6,5,zone_gbm,3,3850,2.96819,0.877111
duration,6,5,zone_gbm,4,3850,2.82367,0.826211
duration,6,5,zone_gbm,5,3850,2.70181,0.787065
duration,6,5,zone_gbm,6,3850,2.75026,0.787742
duration,6,5,zone_gbm,7,3850,2.23723,0.671538
duration,6,5,zone_gbm,8,3850,2.27931,0.71384
duration,6,5,zone_gbm,9,3850,2.51901,0.809458
duration,6,5,zone_gbm,10,3850,2.52088,0.822762
duration,6,5,zone_gbm,11,3850,2.69985,0.872082
duration,6,5,zone_gbm,12,3850,2.9238,0.936369
duration,6,5,zone_gbm,13,3850,2.75758,0.895134
duration,6,5,zone_gbm,14,3850,2.78789,0.893487
duration,6,5,zone_gbm,15,3850,2.74038,0.876248
duration,6,5,zone_gbm,16,3850,2.54135,0.812743
duration,6,5,zone_gbm,17,3850,2.4868,0.790307
duration,6,5,zone_gbm,18,3850,2.47341,0.790925
duration,6,5,zone_gbm,19,3850,2.87378,0.884251
duration,6,5,zone_gbm,20,3850,2.94743,0.901817
duration,6,5,zone_gbm,21,3850,3.01378,0.915073
duration,6,5,zone_gbm,22,3850,3.06398,0.931206
duration,6,5,zone_gbm,23,3850,3.08145,0.93118
duration,6,5,global_ridge,0,3850,2.67448,1.02676
duration,6,5,global_ridge,1,3850,2.75417,1.11835
duration,6,5,global_ridge,2,3850,2.80904,1.19225
duration,6,5,global_ridge,3,3850,2.82367,1.172
duration,6,5,global_ridge,4,3850,2.72104,1.09063
duration,6,5,global_ridge,5,3850,2.76896,1.04155
duration,6,5,global_ridge,6,3850,2.68759,0.88687
duration,6,5,global_ridge,7,3850,2.06671,0.660179
duration,6,5,global_ridge,8,3850,1.74329,0.541263
duration,6,5,global_ridge,9,3850,2.12305,0.66395
duration,6,5,global_ridge,10,3850,2.474,0.781967
duration,6,5,global_ridge,11,3850,2.73719,0.8635
duration,6,5,global_ridge,12,3850,2.68489,0.890364
duration,6,5,global_ridge,13,3850,2.4694,0.880667
duration,6,5,global_ridge,14,3850,2.31166,0.83099
duration,6,5,global_ridge,15,3850,2.22662,0.801709
duration,6,5,global_ridge,16,3850,2.36204,0.785235
duration,6,5,global_ridge,17,3850,2.55029,0.817799
duration,6,5,global_ridge,18,3850,2.3799,0.760997
duration,6,5,global_ridge,19,3850,2.12393,0.696954
duration,6,5,global_ridge,20,3850,2.08288,0.676144
duration,6,5,global_ridge,21,3850,2.28635,0.739767
duration,6,5,global_ridge,22,3850,2.55448,0.870618
duration,6,5,global_ridge,23,3850,2.62395,0.977993
duration,6,5,global_gbm,0,3850,2.28349,0.688523
duration,6,5,global_gbm,1,3850,2.18745,0.664494
duration,6,5,global_gbm,2,3850,2.09398,0.635886
duration,6,5,global_gbm,3,3850,1.92846,0.588909
duration,6,5,global_gbm,4,3850,1.79176,0.54448
duration,6,5,global_gbm,5,3850,1.58005,0.481826
duration,6,5,global_gbm,6,3850,1.63816,0.486318
duration,6,5,global_gbm,7,3850,1.33613,0.420535
duration,6,5,global_gbm,8,3850,1.61865,0.493807
duration,6,5,global_gbm,9,3850,1.9408,0.591343
duration,6,5,global_gbm,10,3850,1.95453,0.613413
duration,6,5,global_gbm,11,3850,2.01234,0.640731
duration,6,5,global_gbm,12,3850,2.1183,0.672333
duration,6,5,global_gbm,13,3850,1.98937,0.650077
duration,6,5,global_gbm,14,3850,1.85745,0.608108
duration,6,5,global_gbm,15,3850,1.77011,0.580392
duration,6,5,global_gbm,16,3850,1.771,0.579992
duration,6,5,global_gbm,17,3850,1.75063,0.57845
duration,6,5,global_gbm,18,3850,1.73163,0.570364
duration,6,5,global_gbm,19,3850,1.90691,0.613021
duration,6,5,global_gbm,20,3850,1.99186,0.625527
duration,6,5,global_gbm,21,3850,2.07,0.640086
duration,6,5,global_gbm,22,3850,2.15854,0.666614
duration,6,5,global_gbm,23,3850,2.14294,0.655043
duration,6,6,last_observation,0,3850,6.33058,1.55994
duration,6,6,last_observation,1,3850,5.1476,1.28784
duration,6,6,last_observation,2,3850,3.87418,1.0005
duration,6,6,last_observation,3,3850,3.02556,0.796944
duration,6,6,last_observation,4,3850,2.28703,0.619995
duration,6,6,last_observation,5,3850,1.88288,0.528396
duration,6,6,last_observation,6,3850,1.2737,0.359085
duration,6,6,last_observation,7,3850,2.16654,0.55909
duration,6,6,last_observation,8,3850,4.62879,1.13695
duration,6,6,last_observation,9,3850,6.41175,1.56901
duration,6,6,last_observation,10,3850,7.37768,1.81379
duration,6,6,last_observation,11,3850,7.76877,1.91011
duration,6,6,last_observation,12,3850,7.5429,1.85019
duration,6,6,last_observation,13,3850,6.18955,1.5703
duration,6,6,last_observation,14,3850,3.99522,1.08259
duration,6,6,last_observation,15,3850,2.72368,0.800878
duration,6,6,last_observation,16,3850,2.23957,0.708995
duration,6,6,last_observation,17,3850,2.12087,0.690978
duration,6,6,last_observation,18,3850,2.53251,0.804324
duration,6,6,last_observation,19,3850,3.76675,1.06333
duration,6,6,last_observation,20,3850,5.02602,1.29997
duration,6,6,last_observation,21,3850,5.89929,1.47469
duration,6,6,last_observation,22,3850,6.50108,1.59537
duration,6,6,last_observation,23,3850,6.58838,1.60764
duration,6,6,seasonal_naive_daily,0,3850,2.25747,0.743443
duration,6,6,seasonal_naive_daily,1,3850,2.19433,0.737576
duration,6,6,seasonal_naive_daily,2,3850,2.21963,0.743846
duration,6,6,seasonal_naive_daily,3,3850,2.2263,0.740441
duration,6,6,seasonal_naive_daily,4,3850,2.20773,0.736499
duration,6,6,seasonal_naive_daily,5,3850,2.27639,0.768092
duration,6,6,seasonal_naive_daily,6,3850,2.25684,0.75663
duration,6,6,seasonal_naive_daily,7,3850,2.55481,0.818133
duration,6,6,seasonal_naive_daily,8,3850,2.90671,0.876551
duration,6,6,seasonal_naive_daily,9,3850,2.9618,0.897317
duration,6,6,seasonal_naive_daily,10,3850,2.87699,0.891536
duration,6,6,seasonal_naive_daily,11,3850,2.81312,0.879644
duration,6,6,seasonal_naive_daily,12,3850,2.80955,0.876588
duration,6,6,seasonal_naive_daily,13,3850,3.00316,0.946482
duration,6,6,seasonal_naive_daily,14,3850,3.04251,0.954912
duration,6,6,seasonal_naive_daily,15,3850,2.91318,0.914129
duration,6,6,seasonal_naive_daily,16,3850,2.8889,0.909278
duration,6,6,seasonal_naive_daily,17,3850,2.93677,0.92246
duration,6,6,seasonal_naive_daily,18,3850,2.83667,0.893911
duration,6,6,seasonal_naive_daily,19,3850,2.50143,0.815484
duration,6,6,seasonal_naive_daily,20,3850,2.31797,0.771443
duration,6,6,seasonal_naive_daily,21,3850,2.23729,0.744197
duration,6,6,seasonal_naive_daily,22,3850,2.22368,0.747817
duration,6,6,seasonal_naive_daily,23,3850,2.23188,0.751766
duration,6,6,seasonal_naive_weekly,0,3850,3.84513,1.20028
duration,6,6,seasonal_naive_weekly,1,3850,3.84597,1.21087
duration,6,6,seasonal_naive_weekly,2,3850,3.81519,1.20123
duration,6,6,seasonal_naive_weekly,3,3850,3.79608,1.19557
duration,6,6,seasonal_naive_weekly,4,3850,3.77511,1.18956
duration,6,6,seasonal_naive_weekly,5,3850,3.82894,1.2043
duration,6,6,seasonal_naive_weekly,6,3850,3.83597,1.20679
duration,6,6,seasonal_naive_weekly,7,3850,3.73368,1.19184
duration,6,6,seasonal_naive_weekly,8,3850,3.56779,1.14769
duration,6,6,seasonal_naive_weekly,9,3850,3.58284,1.15462
duration,6,6,seasonal_naive_weekly,10,3850,3.51154,1.1441
duration,6,6,seasonal_naive_weekly,11,3850,3.44883,1.12747
duration,6,6,seasonal_naive_weekly,12,3850,3.44903,1.12896
duration,6,6,seasonal_naive_weekly,13,3850,3.47229,1.13983
duration,6,6,seasonal_naive_weekly,14,3850,3.47279,1.13175
duration,6,6,seasonal_naive_weekly,15,3850,3.30379,1.07526
duration,6,6,seasonal_naive_weekly,16,3850,3.24006,1.05373
duration,6,6,seasonal_naive_weekly,17,3850,3.2345,1.05117
duration,6,6,seasonal_naive_weekly,18,3850,3.20753,1.04866
duration,6,6,seasonal_naive_weekly,19,3850,3.2237,1.07115
duration,6,6,seasonal_naive_weekly,20,3850,3.20697,1.06687
duration,6,6,seasonal_naive_weekly,21,3850,3.23158,1.06581
duration,6,6,seasonal_naive_weekly,22,3850,3.31338,1.08498
duration,6,6,seasonal_naive_weekly,23,3850,3.38426,1.10042
duration,6,6,autoregressive,0,3850,2.15923,0.713875
duration,6,6,autoregressive,1,3850,1.97505,0.663794
duration,6,6,autoregressive,2,3850,1.88384,0.634182
duration,6,6,autoregressive,3,3850,1.76913,0.591267
duration,6,6,autoregressive,4,3850,1.62563,0.551755
duration,6,6,autoregressive,5,3850,1.69757,0.571307
duration,6,6,autoregressive,6,3850,1.70059,0.555604
duration,6,6,autoregressive,7,3850,1.96702,0.617945
duration,6,6,autoregressive,8,3850,2.46214,0.737191
duration,6,6,autoregressive,9,3850,2.75039,0.832188
duration,6,6,autoregressive,10,3850,2.80068,0.871846
duration,6,6,autoregressive,11,3850,2.81877,0.887084
duration,6,6,autoregressive,12,3850,2.84136,0.88349
duration,6,6,autoregressive,13,3850,2.7839,0.896999
duration,6,6,autoregressive,14,3850,2.38963,0.801073
duration,6,6,autoregressive,15,3850,2.20755,0.738743
duration,6,6,autoregressive,16,3850,2.14573,0.725249
duration,6,6,autoregressive,17,3850,2.15684,0.727979
duration,6,6,autoregressive,18,3850,2.13263,0.724523
duration,6,6,autoregressive,19,3850,2.20268,0.749855
duration,6,6,autoregressive,20,3850,2.14135,0.723724
duration,6,6,autoregressive,21,3850,2.13126,0.715898
duration,6,6,autoregressive,22,3850,2.13128,0.717337
duration,6,6,autoregressive,23,3850,2.14141,0.713218
duration,6,6,zone_ridge,0,3850,2.77601,0.881537
duration,6,6,zone_ridge,1,3850,2.52783,0.825903
duration,6,6,zone_ridge,2,3850,2.34168,0.780821
duration,6,6,zone_ridge,3,3850,2.33144,0.754525
duration,6,6,zone_ridge,4,3850,2.3097,0.728511
duration,6,6,zone_ridge,5,3850,2.54601,0.763481
duration,6,6,zone_ridge,6,3850,2.9036,0.813866
duration,6,6,zone_ridge,7,3850,2.59792,0.757097
duration,6,6,zone_ridge,8,3850,2.39365,0.718878
duration,6,6,zone_ridge,9,3850,2.9565,0.866468
duration,6,6,zone_ridge,10,3850,3.08244,0.923884
duration,6,6,zone_ridge,11,3850,2.85928,0.884313
duration,6,6,zone_ridge,12,3850,2.52792,0.817606
duration,6,6,zone_ridge,13,3850,2.32042,0.789336
duration,6,6,zone_ridge,14,3850,2.20594,0.744251
duration,6,6,zone_ridge,15,3850,2.07308,0.692979
duration,6,6,zone_ridge,16,3850,2.2631,0.721626
duration,6,6,zone_ridge,17,3850,2.52481,0.767294
duration,6,6,zone_ridge,18,3850,2.41151,0.754511
duration,6,6,zone_ridge,19,3850,2.26329,0.753326
duration,6,6,zone_ridge,20,3850,2.38661,0.766069
duration,6,6,zone_ridge,21,3850,2.54407,0.801229
duration,6,6,zone_ridge,22,3850,2.69113,0.838791
duration,6,6,zone_ridge,23,3850,2.77142,0.86331
duration,6,6,zone_gbm,0,3850,2.60538,0.857908
duration,6,6,zone_gbm,1,3850,2.51239,0.828457
duration,6,6,zone_gbm,2,3850,2.42847,0.802944
duration,6,6,zone_gbm,3,3850,2.30376,0.748572
duration,6,6,zone_gbm,4,3850,2.11478,0.686105
duration,6,6,zone_gbm,5,3850,2.05852,0.665312
duration,6,6,zone_gbm,6,3850,1.96613,0.628233
duration,6,6,zone_gbm,7,3850,1.99142,0.628509
duration,6,6,zone_gbm,8,3850,2.05696,0.670507
duration,6,6,zone_gbm,9,3850,2.18615,0.742553
duration,6,6,zone_gbm,10,3850,2.29811,0.788638
duration,6,6,zone_gbm,11,3850,2.28976,0.792827
duration,6,6,zone_gbm,12,3850,2.30093,0.797066
duration,6,6,zone_gbm,13,3850,2.16926,0.762656
duration,6,6,zone_gbm,14,3850,2.21524,0.765647
duration,6,6,zone_gbm,15,3850,2.08519,0.723937
duration,6,6,zone_gbm,16,3850,2.0249,0.705515
duration,6,6,zone_gbm,17,3850,2.07532,0.718499
duration,6,6,zone_gbm,18,3850,2.13361,0.731486
duration,6,6,zone_gbm,19,3850,2.30241,0.788713
duration,6,6,zone_gbm,20,3850,2.23989,0.776162
duration,6,6,zone_gbm,21,3850,2.30067,0.79428
duration,6,6,zone_gbm,22,3850,2.35556,0.809176
duration,6,6,zone_gbm,23,3850,2.48944,0.841368
duration,6,6,global_ridge,0,3850,3.11879,1.06288
duration,6,6,global_ridge,1,3850,2.92937,1.0702
duration,6,6,global_ridge,2,3850,2.89891,1.15035
duration,6,6,global_ridge,3,3850,3.16753,1.19023
duration,6,6,global_ridge,4,3850,3.32224,1.14445
duration,6,6,global_ridge,5,3850,3.44564,1.09935
duration,6,6,global_ridge,6,3850,3.4407,1.00104
duration,6,6,global_ridge,7,3850,2.71889,0.793083
duration,6,6,global_ridge,8,3850,2.728,0.77545
duration,6,6,global_ridge,9,3850,3.43392,0.961447
duration,6,6,global_ridge,10,3850,3.88302,1.09729
duration,6,6,global_ridge,11,3850,4.04923,1.15229
duration,6,6,global_ridge,12,3850,3.60041,1.10583
duration,6,6,global_ridge,13,3850,3.18425,1.1121
duration,6,6,global_ridge,14,3850,2.76055,1.01269
duration,6,6,global_ridge,15,3850,2.53774,0.9136
duration,6,6,global_ridge,16,3850,3.04855,0.943071
duration,6,6,global_ridge,17,3850,3.58195,1.06502
duration,6,6,global_ridge,18,3850,3.45418,1.03428
duration,6,6,global_ridge,19,3850,2.63216,0.864771
duration,6,6,global_ridge,20,3850,2.61098,0.863817
duration,6,6,global_ridge,21,3850,2.94128,0.892879
duration,6,6,global_ridge,22,3850,3.09036,0.942848
duration,6,6,global_ridge,23,3850,3.11742,1.02813
duration,6,6,global_gbm,0,3850,2.3365,0.786751
duration,6,6,global_gbm,1,3850,2.17446,0.730603
duration,6,6,global_gbm,2,3850,2.03478,0.688677
duration,6,6,global_gbm,3,3850,1.94864,0.654398
duration,6,6,global_gbm,4,3850,1.78111,0.593367
duration,6,6,global_gbm,5,3850,1.73621,0.576325
duration,6,6,global_gbm,6,3850,1.65676,0.536282
duration,6,6,global_gbm,7,3850,1.77235,0.561288
duration,6,6,global_gbm,8,3850,1.97035,0.639365
duration,6,6,global_gbm,9,3850,2.29038,0.768433
duration,6,6,global_gbm,10,3850,2.43575,0.830443
duration,6,6,global_gbm,11,3850,2.40761,0.828154
duration,6,6,global_gbm,12,3850,2.34628,0.806889
duration,6,6,global_gbm,13,3850,2.35627,0.809919
duration,6,6,global_gbm,14,3850,2.18376,0.743381
duration,6,6,global_gbm,15,3850,2.04434,0.69359
duration,6,6,global_gbm,16,3850,2.05332,0.701557
duration,6,6,global_gbm,17,3850,2.0461,0.697884
duration,6,6,global_gbm,18,3850,1.98348,0.681029
duration,6,6,global_gbm,19,3850,2.18382,0.728648
duration,6,6,global_gbm,20,3850,2.22241,0.74161
duration,6,6,global_gbm,21,3850,2.19508,0.743214
duration,6,6,global_gbm,22,3850,2.26841,0.76901
duration,6,6,global_gbm,23,3850,2.30621,0.780691
duration,6,7,last_observation,0,3850,6.75318,1.64249
duration,6,7,last_observation,1,3850,5.4266,1.35555
duration,6,7,last_observation,2,3850,4.19292,1.09539
duration,6,7,last_observation,3,3850,3.20654,0.860961
duration,6,7,last_observation,4,3850,2.42799,0.671002
duration,6,7,last_observation,5,3850,1.87052,0.518261
duration,6,7,last_observation,6,3850,1.1874,0.34287
duration,6,7,last_observation,7,3850,2.30186,0.578752
duration,6,7,last_observation,8,3850,5.0869,1.23108
duration,6,7,last_observation,9,3850,6.78719,1.65285
duration,6,7,last_observation,10,3850,7.64628,1.86953
duration,6,7,last_observation,11,3850,7.8945,1.93696
duration,6,7,last_observation,12,3850,7.73866,1.89037
duration,6,7,last_observation,13,3850,5.99935,1.49281
duration,6,7,last_observation,14,3850,3.72022,0.989141
duration,6,7,last_observation,15,3850,2.50459,0.727565
duration,6,7,last_observation,16,3850,2.08452,0.648922
duration,6,7,last_observation,17,3850,1.99628,0.638037
duration,6,7,last_observation,18,3850,2.38753,0.755438
duration,6,7,last_observation,19,3850,3.68409,1.02843
duration,6,7,last_observation,20,3850,4.89742,1.25185
duration,6,7,last_observation,21,3850,5.87305,1.45918
duration,6,7,last_observation,22,3850,6.54433,1.59719
duration,6,7,last_observation,23,3850,6.73697,1.63663
duration,6,7,seasonal_naive_daily,0,3850,2.19188,0.738746
duration,6,7,seasonal_naive_daily,1,3850,2.17788,0.734059
duration,6,7,seasonal_naive_daily,2,3850,2.30961,0.788406
duration,6,7,seasonal_naive_daily,3,3850,2.29593,0.779906
duration,6,7,seasonal_naive_daily,4,3850,2.25002,0.764926
duration,6,7,seasonal_naive_daily,5,3850,2.3169,0.785468
duration,6,7,seasonal_naive_daily,6,3850,2.27268,0.773714
duration,6,7,seasonal_naive_daily,7,3850,2.4805,0.801144
duration,6,7,seasonal_naive_daily,8,3850,2.70827,0.823597
duration,6,7,seasonal_naive_daily,9,3850,2.79719,0.852114
duration,6,7,seasonal_naive_daily,10,3850,2.71926,0.841948
duration,6,7,seasonal_naive_daily,11,3850,2.63708,0.829493
duration,6,7,seasonal_naive_daily,12,3850,2.68825,0.85212
duration,6,7,seasonal_naive_daily,13,3850,2.55762,0.808827
duration,6,7,seasonal_naive_daily,14,3850,2.5805,0.803729
duration,6,7,seasonal_naive_daily,15,3850,2.52537,0.798783
duration,6,7,seasonal_naive_daily,16,3850,2.49258,0.786499
duration,6,7,seasonal_naive_daily,17,3850,2.45818,0.772253
duration,6,7,seasonal_naive_daily,18,3850,2.40305,0.754965
duration,6,7,seasonal_naive_daily,19,3850,2.32009,0.744718
duration,6,7,seasonal_naive_daily,20,3850,2.22561,0.720305
duration,6,7,seasonal_naive_daily,21,3850,2.15232,0.704449
duration,6,7,seasonal_naive_daily,22,3850,2.09134,0.691843
duration,6,7,seasonal_naive_daily,23,3850,2.12641,0.706758
duration,6,7,seasonal_naive_weekly,0,3850,2.60355,0.964601
duration,6,7,seasonal_naive_weekly,1,3850,2.62054,0.966755
duration,6,7,seasonal_naive_weekly,2,3850,2.69236,0.988533
duration,6,7,seasonal_naive_weekly,3,3850,2.66558,0.978493
duration,6,7,seasonal_naive_weekly,4,3850,2.6321,0.970548
duration,6,7,seasonal_naive_weekly,5,3850,2.58526,0.94583
duration,6,7,seasonal_naive_weekly,6,3850,2.43353,0.900969
duration,6,7,seasonal_naive_weekly,7,3850,2.45742,0.905158
duration,6,7,seasonal_naive_weekly,8,3850,2.41816,0.897632
duration,6,7,seasonal_naive_weekly,9,3850,2.44247,0.914477
duration,6,7,seasonal_naive_weekly,10,3850,2.47926,0.921438
duration,6,7,seasonal_naive_weekly,11,3850,2.4795,0.921876
duration,6,7,seasonal_naive_weekly,12,3850,2.51667,0.933769
duration,6,7,seasonal_naive_weekly,13,3850,2.47186,0.917077
duration,6,7,seasonal_naive_weekly,14,3850,2.51716,0.922968
duration,6,7,seasonal_naive_weekly,15,3850,2.48532,0.915607
duration,6,7,seasonal_naive_weekly,16,3850,2.49567,0.913472
duration,6,7,seasonal_naive_weekly,17,3850,2.50853,0.909597
duration,6,7,seasonal_naive_weekly,18,3850,2.62348,0.939685
duration,6,7,seasonal_naive_weekly,19,3850,2.66463,0.957832
duration,6,7,seasonal_naive_weekly,20,3850,2.58323,0.938263
duration,6,7,seasonal_naive_weekly,21,3850,2.49483,0.917788
duration,6,7,seasonal_naive_weekly,22,3850,2.52353,0.931125
duration,6,7,seasonal_naive_weekly,23,3850,2.5642,0.946437
duration,6,7,autoregressive,0,3850,2.01382,0.669343
duration,6,7,autoregressive,1,3850,1.82044,0.619531
duration,6,7,autoregressive,2,3850,1.83615,0.626209
duration,6,7,autoregressive,3,3850,1.75492,0.592562
duration,6,7,autoregressive,4,3850,1.61677,0.549648
duration,6,7,autoregressive,5,3850,1.64099,0.542505
duration,6,7,autoregressive,6,3850,1.65908,0.541416
duration,6,7,autoregressive,7,3850,1.82107,0.568634
duration,6,7,autoregressive,8,3850,2.39534,0.705699
duration,6,7,autoregressive,9,3850,2.57885,0.781538
duration,6,7,autoregressive,10,3850,2.56858,0.796027
duration,6,7,autoregressive,11,3850,2.54765,0.801621
duration,6,7,autoregressive,12,3850,2.66228,0.828086
duration,6,7,autoregressive,13,3850,2.2334,0.730243
duration,6,7,autoregressive,14,3850,1.99616,0.661958
duration,6,7,autoregressive,15,3850,1.83927,0.623408
duration,6,7,autoregressive,16,3850,1.79968,0.611599
duration,6,7,autoregressive,17,3850,1.7867,0.602047
duration,6,7,autoregressive,18,3850,1.82268,0.61904
duration,6,7,autoregressive,19,3850,1.96388,0.656618
duration,6,7,autoregressive,20,3850,1.97492,0.652645
duration,6,7,autoregressive,21,3850,2.0188,0.668009
duration,6,7,autoregressive,22,3850,2.02148,0.672875
duration,6,7,autoregressive,23,3850,2.03744,0.672641
duration,6,7,zone_ridge,0,3850,2.53888,0.803664
duration,6,7,zone_ridge,1,3850,2.24472,0.743589
duration,6,7,zone_ridge,2,3850,2.03094,0.69515
duration,6,7,zone_ridge,3,3850,2.01242,0.672639
duration,6,7,zone_ridge,4,3850,1.94808,0.63464
duration,6,7,zone_ridge,5,3850,2.17025,0.659563
duration,6,7,zone_ridge,6,3850,2.63443,0.740097
duration,6,7,zone_ridge,7,3850,2.17133,0.651041
duration,6,7,zone_ridge,8,3850,2.22914,0.667002
duration,6,7,zone_ridge,9,3850,2.71134,0.809618
duration,6,7,zone_ridge,10,3850,2.7728,0.857065
duration,6,7,zone_ridge,11,3850,2.57561,0.832343
duration,6,7,zone_ridge,12,3850,2.50012,0.827818
duration,6,7,zone_ridge,13,3850,2.31486,0.789234
duration,6,7,zone_ridge,14,3850,2.22963,0.740091
duration,6,7,zone_ridge,15,3850,1.94098,0.668603
duration,6,7,zone_ridge,16,3850,1.95236,0.656467
duration,6,7,zone_ridge,17,3850,2.07546,0.669152
duration,6,7,zone_ridge,18,3850,2.05729,0.662076
duration,6,7,zone_ridge,19,3850,2.03684,0.667842
duration,6,7,zone_ridge,20,3850,2.08526,0.682697
duration,6,7,zone_ridge,21,3850,2.21087,0.71568
duration,6,7,zone_ridge,22,3850,2.27992,0.743222
duration,6,7,zone_ridge,23,3850,2.37508,0.777542
duration,6,7,zone_gbm,0,3850,1.93811,0.65415
duration,6,7,zone_gbm,1,3850,1.8193,0.622177
duration,6,7,zone_gbm,2,3850,1.84357,0.628405
duration,6,7,zone_gbm,3,3850,1.74557,0.590213
duration,6,7,zone_gbm,4,3850,1.60432,0.541244
duration,6,7,zone_gbm,5,3850,1.53176,0.510608
duration,6,7,zone_gbm,6,3850,1.4329,0.48064
duration,6,7,zone_gbm,7,3850,1.50289,0.497331
duration,6,7,zone_gbm,8,3850,1.71476,0.574608
duration,6,7,zone_gbm,9,3850,1.82459,0.632312
duration,6,7,zone_gbm,10,3850,1.89835,0.662648
duration,6,7,zone_gbm,11,3850,1.93614,0.677016
duration,6,7,zone_gbm,12,3850,1.99659,0.697897
duration,6,7,zone_gbm,13,3850,1.86927,0.659563
duration,6,7,zone_gbm,14,3850,1.84862,0.638764
duration,6,7,zone_gbm,15,3850,1.80374,0.627388
duration,6,7,zone_gbm,16,3850,1.73212,0.605658
duration,6,7,zone_gbm,17,3850,1.71773,0.595338
duration,6,7,zone_gbm,18,3850,1.78939,0.610714
duration,6,7,zone_gbm,19,3850,1.87695,0.644103
duration,6,7,zone_gbm,20,3850,1.86678,0.642653
duration,6,7,zone_gbm,21,3850,1.87124,0.642781
duration,6,7,zone_gbm,22,3850,1.91454,0.651706
duration,6,7,zone_gbm,23,3850,1.99575,0.669704
duration,6,7,global_ridge,0,3850,3.19883,1.06578
duration,6,7,global_ridge,1,3850,2.91896,1.0627
duration,6,7,global_ridge,2,3850,2.86244,1.11918
duration,6,7,global_ridge,3,3850,3.12059,1.14926
duration,6,7,global_ridge,4,3850,3.26865,1.11444
duration,6,7,global_ridge,5,3850,3.32311,1.06053
duration,6,7,global_ridge,6,3850,3.49479,0.994127
duration,6,7,global_ridge,7,3850,2.6843,0.789181
duration,6,7,global_ridge,8,3850,2.6831,0.773872
duration,6,7,global_ridge,9,3850,3.43027,1.00448
duration,6,7,global_ridge,10,3850,3.79799,1.13541
duration,6,7,global_ridge,11,3850,4.05886,1.23632
duration,6,7,global_ridge,12,3850,3.64193,1.20884
duration,6,7,global_ridge,13,3850,3.1554,1.19192
duration,6,7,global_ridge,14,3850,2.71307,1.08274
duration,6,7,global_ridge,15,3850,2.5505,0.987083
duration,6,7,global_ridge,16,3850,3.07644,1.00253
duration,6,7,global_ridge,17,3850,3.62162,1.12677
duration,6,7,global_ridge,18,3850,3.37087,1.0527
duration,6,7,global_ridge,19,3850,2.59268,0.880918
duration,6,7,global_ridge,20,3850,2.45682,0.820697
duration,6,7,global_ridge,21,3850,2.87761,0.866285
duration,6,7,global_ridge,22,3850,3.06147,0.918862
duration,6,7,global_ridge,23,3850,3.13465,1.0148
duration,6,7,global_gbm,0,3850,2.15182,0.717418
duration,6,7,global_gbm,1,3850,1.96846,0.6651
duration,6,7,global_gbm,2,3850,1.91036,0.655724
duration,6,7,global_gbm,3,3850,1.81738,0.619035
duration,6,7,global_gbm,4,3850,1.63185,0.56069
duration,6,7,global_gbm,5,3850,1.61082,0.547342
duration,6,7,global_gbm,6,3850,1.48644,0.510465
duration,6,7,global_gbm,7,3850,1.60799,0.523647
duration,6,7,global_gbm,8,3850,1.84947,0.607538
duration,6,7,global_gbm,9,3850,2.05081,0.700706
duration,6,7,global_gbm,10,3850,2.16771,0.743672
duration,6,7,global_gbm,11,3850,2.22443,0.764493
duration,6,7,global_gbm,12,3850,2.22038,0.766075
duration,6,7,global_gbm,13,3850,2.08498,0.717917
duration,6,7,global_gbm,14,3850,1.9299,0.65341
duration,6,7,global_gbm,15,3850,1.8142,0.627546
duration,6,7,global_gbm,16,3850,1.84043,0.642227
duration,6,7,global_gbm,17,3850,1.80457,0.622879
duration,6,7,global_gbm,18,3850,1.80772,0.620835
duration,6,7,global_gbm,19,3850,2.02756,0.673496
duration,6,7,global_gbm,20,3850,1.98353,0.671589
duration,6,7,global_gbm,21,3850,2.00177,0.680744
duration,6,7,global_gbm,22,3850,2.11021,0.713146
duration,6,7,global_gbm,23,3850,2.17893,0.728059
duration,24,0,last_observation,0,3850,2.78831,0.9775
duration,24,0,last_observation,1,3850,2.78359,0.97843
duration,24,0,last_observation,2,3850,2.91303,1.00409
duration,24,0,last_observation,3,3850,2.916,1.00357
duration,24,0,last_observation,4,3850,2.92009,1.00272
duration,24,0,last_observation,5,3850,2.89623,0.99684
duration,24,0,last_observation,6,3850,2.89015,0.991989
duration,24,0,last_observation,7,3850,3.0637,1.00883
duration,24,0,last_observation,8,3850,3.35677,1.07699
duration,24,0,last_observation,9,3850,3.55779,1.15413
duration,24,0,last_observation,10,3850,3.5289,1.17021
duration,24,0,last_observation,11,3850,3.4292,1.14815
duration,24,0,last_observation,12,3850,3.45483,1.16329
duration,24,0,last_observation,13,3850,3.30652,1.11926
duration,24,0,last_observation,14,3850,3.26045,1.11062
duration,24,0,last_observation,15,3850,3.1905,1.08982
duration,24,0,last_observation,16,3850,3.16688,1.08231
duration,24,0,last_observation,17,3850,3.09794,1.05322
duration,24,0,last_observation,18,3850,2.87255,0.993347
duration,24,0,last_observation,19,3850,2.72173,0.956516
duration,24,0,last_observation,20,3850,2.699,0.961873
duration,24,0,last_observation,21,3850,2.72522,0.96966
duration,24,0,last_observation,22,3850,2.71288,0.966412
duration,24,0,last_observation,23,3850,2.9739,1.00565
duration,24,0,seasonal_naive_daily,0,3850,2.78831,0.9775
duration,24,0,seasonal_naive_daily,1,3850,2.78359,0.97843
duration,24,0,seasonal_naive_daily,2,3850,2.91303,1.00409
duration,24,0,seasonal_naive_daily,3,3850,2.916,1.00357
duration,24,0,seasonal_naive_daily,4,3850,2.92009,1.00272
duration,24,0,seasonal_naive_daily,5,3850,2.89623,0.99684
duration,24,0,seasonal_naive_daily,6,3850,2.89015,0.991989
duration,24,0,seasonal_naive_daily,7,3850,3.0637,1.00883
duration,24,0,seasonal_naive_daily,8,3850,3.35677,1.07699
duration,24,0,seasonal_naive_daily,9,3850,3.55779,1.15413
duration,24,0,seasonal_naive_daily,10,3850,3.5289,1.17021
duration,24,0,seasonal_naive_daily,11,3850,3.4292,1.14815
duration,24,0,seasonal_naive_daily,12,3850,3.45483,1.16329
duration,24,0,seasonal_naive_daily,13,3850,3.30652,1.11926
duration,24,0,seasonal_naive_daily,14,3850,3.26045,1.11062
duration,24,0,seasonal_naive_daily,15,3850,3.1905,1.08982
duration,24,0,seasonal_naive_daily,16,3850,3.16688,1.08231
duration,24,0,seasonal_naive_daily,17,3850,3.09794,1.05322
duration,24,0,seasonal_naive_daily,18,3850,2.87255,0.993347
duration,24,0,seasonal_naive_daily,19,3850,2.72173,0.956516
duration,24,0,seasonal_naive_daily,20,3850,2.699,0.961873
duration,24,0,seasonal_naive_daily,21,3850,2.72522,0.96966
duration,24,0,seasonal_naive_daily,22,3850,2.71288,0.966412
duration,24,0,seasonal_naive_daily,23,3850,2.9739,1.00565
duration,24,0,seasonal_naive_weekly,0,3850,4.04156,1.2244
duration,24,0,seasonal_naive_weekly,1,3850,3.68959,1.13971
duration,24,0,seasonal_naive_weekly,2,3850,3.76565,1.15091
duration,24,0,seasonal_naive_weekly,3,3850,3.72472,1.15155
duration,24,0,seasonal_naive_weekly,4,3850,3.71543,1.14271
duration,24,0,seasonal_naive_weekly,5,3850,3.71307,1.14691
duration,24,0,seasonal_naive_weekly,6,3850,3.60567,1.11695
duration,24,0,seasonal_naive_weekly,7,3850,3.27496,1.04447
duration,24,0,seasonal_naive_weekly,8,3850,2.94511,0.990979
duration,24,0,seasonal_naive_weekly,9,3850,2.93582,1.01303
duration,24,0,seasonal_naive_weekly,10,3850,2.89695,1.02173
duration,24,0,seasonal_naive_weekly,11,3850,2.88015,1.01668
duration,24,0,seasonal_naive_weekly,12,3850,2.95883,1.04359
duration,24,0,seasonal_naive_weekly,13,3850,2.91965,1.03017
duration,24,0,seasonal_naive_weekly,14,3850,2.79848,1.00152
duration,24,0,seasonal_naive_weekly,15,3850,2.7529,0.985402
duration,24,0,seasonal_naive_weekly,16,3850,2.76574,0.990113
duration,24,0,seasonal_naive_weekly,17,3850,2.78325,0.981035
duration,24,0,seasonal_naive_weekly,18,3850,2.8824,0.994649
duration,24,0,seasonal_naive_weekly,19,3850,3.11011,1.03173
duration,24,0,seasonal_naive_weekly,20,3850,3.21667,1.06347
duration,24,0,seasonal_naive_weekly,21,3850,3.38041,1.09013
duration,24,0,seasonal_naive_weekly,22,3850,3.41372,1.08508
duration,24,0,seasonal_naive_weekly,23,3850,3.4695,1.07475
duration,24,0,autoregressive,0,3850,2.55008,0.864583
duration,24,0,autoregressive,1,3850,2.54403,0.870311
duration,24,0,autoregressive,2,3850,2.58942,0.877284
duration,24,0,autoregressive,3,3850,2.64522,0.887939
duration,24,0,autoregressive,4,3850,2.64784,0.886008
duration,24,0,autoregressive,5,3850,2.59681,0.876281
duration,24,0,autoregressive,6,3850,2.65864,0.884616
duration,24,0,autoregressive,7,3850,2.74639,0.880083
duration,24,0,autoregressive,8,3850,3.06507,0.948376
duration,24,0,autoregressive,9,3850,3.2921,1.035
duration,24,0,autoregressive,10,3850,3.27616,1.04443
duration,24,0,autoregressive,11,3850,3.20638,1.02732
duration,24,0,autoregressive,12,3850,3.18026,1.02783
duration,24,0,autoregressive,13,3850,3.06476,0.991334
duration,24,0,autoregressive,14,3850,3.02805,0.979743
duration,24,0,autoregressive,15,3850,2.96379,0.963842
duration,24,0,autoregressive,16,3850,2.94566,0.959376
duration,24,0,autoregressive,17,3850,2.87692,0.932479
duration,24,0,autoregressive,18,3850,2.59092,0.860388
duration,24,0,autoregressive,19,3850,2.37163,0.81405
duration,24,0,autoregressive,20,3850,2.40319,0.830416
duration,24,0,autoregressive,21,3850,2.39988,0.82917
duration,24,0,autoregressive,22,3850,2.40861,0.831448
duration,24,0,autoregressive,23,3850,2.60417,0.85935
duration,24,0,zone_ridge,0,3850,2.90151,0.928777
duration,24,0,zone_ridge,1,3850,2.91782,0.939072
duration,24,0,zone_ridge,2,3850,2.89176,0.93721
duration,24,0,zone_ridge,3,3850,2.93882,0.947864
duration,24,0,zone_ridge,4,3850,2.96849,0.948787
duration,24,0,zone_ridge,5,3850,3.02536,0.957474
duration,24,0,zone_ridge,6,3850,3.20245,0.989898
duration,24,0,zone_ridge,7,3850,2.9298,0.926005
duration,24,0,zone_ridge,8,3850,2.84412,0.909874
duration,24,0,zone_ridge,9,3850,3.08148,0.994169
duration,24,0,zone_ridge,10,3850,3.03856,1.00281
duration,24,0,zone_ridge,11,3850,2.9409,0.98549
duration,24,0,zone_ridge,12,3850,2.9726,0.998567
duration,24,0,zone_ridge,13,3850,2.8703,0.964615
duration,24,0,zone_ridge,14,3850,2.78974,0.937096
duration,24,0,zone_ridge,15,3850,2.70422,0.917059
duration,24,0,zone_ridge,16,3850,2.6692,0.913074
duration,24,0,zone_ridge,17,3850,2.60648,0.882242
duration,24,0,zone_ridge,18,3850,2.42763,0.836342
duration,24,0,zone_ridge,19,3850,2.52563,0.853235
duration,24,0,zone_ridge,20,3850,2.74667,0.899133
duration,24,0,zone_ridge,21,3850,2.81541,0.908485
duration,24,0,zone_ridge,22,3850,2.94867,0.940797
duration,24,0,zone_ridge,23,3850,2.91342,0.932283
duration,24,0,zone_gbm,0,3850,3.74686,1.13034
duration,24,0,zone_gbm,1,3850,3.89185,1.1666
duration,24,0,zone_gbm,2,3850,3.9225,1.18004
duration,24,0,zone_gbm,3,3850,3.95181,1.1847
duration,24,0,zone_gbm,4,3850,3.94737,1.17819
duration,24,0,zone_gbm,5,3850,3.94368,1.17637
duration,24,0,zone_gbm,6,3850,3.82218,1.14648
duration,24,0,zone_gbm,7,3850,3.30466,1.03175
duration,24,0,zone_gbm,8,3850,2.84182,0.943768
duration,24,0,zone_gbm,9,3850,2.81242,0.976538
duration,24,0,zone_gbm,10,3850,2.79086,0.985286
duration,24,0,zone_gbm,11,3850,2.8604,1.00061
duration,24,0,zone_gbm,12,3850,2.95178,1.02271
duration,24,0,zone_gbm,13,3850,2.82536,0.98212
duration,24,0,zone_gbm,14,3850,2.7337,0.955709
duration,24,0,zone_gbm,15,3850,2.67033,0.932895
duration,24,0,zone_gbm,16,3850,2.70135,0.938901
duration,24,0,zone_gbm,17,3850,2.72704,0.929339
duration,24,0,zone_gbm,18,3850,2.75456,0.920087
duration,24,0,zone_gbm,19,3850,3.09204,0.978478
duration,24,0,zone_gbm,20,3850,3.08437,0.996764
duration,24,0,zone_gbm,21,3850,3.17906,1.01827
duration,24,0,zone_gbm,22,3850,3.32776,1.05196
duration,24,0,zone_gbm,23,3850,3.34805,1.04988
duration,24,0,global_ridge,0,3850,2.72857,0.93888
duration,24,0,global_ridge,1,3850,2.70401,0.931993
duration,24,0,global_ridge,2,3850,2.69986,0.933528
duration,24,0,global_ridge,3,3850,2.73096,0.942171
duration,24,0,global_ridge,4,3850,2.73701,0.942478
duration,24,0,global_ridge,5,3850,2.75917,0.95303
duration,24,0,global_ridge,6,3850,2.8345,0.96759
duration,24,0,global_ridge,7,3850,2.83324,0.942334
duration,24,0,global_ridge,8,3850,3.10674,0.997411
duration,24,0,global_ridge,9,3850,3.40724,1.11931
duration,24,0,global_ridge,10,3850,3.40426,1.13936
duration,24,0,global_ridge,11,3850,3.37788,1.16391
duration,24,0,global_ridge,12,3850,3.43347,1.18906
duration,24,0,global_ridge,13,3850,3.33487,1.15842
duration,24,0,global_ridge,14,3850,3.28667,1.14525
duration,24,0,global_ridge,15,3850,3.19706,1.11998
duration,24,0,global_ridge,16,3850,3.17711,1.11551
duration,24,0,global_ridge,17,3850,3.04923,1.05059
duration,24,0,global_ridge,18,3850,2.79556,0.989614
duration,24,0,global_ridge,19,3850,2.63347,0.96155
duration,24,0,global_ridge,20,3850,2.60707,0.946293
duration,24,0,global_ridge,21,3850,2.60817,0.934831
duration,24,0,global_ridge,22,3850,2.63123,0.932181
duration,24,0,global_ridge,23,3850,2.71099,0.929585
duration,24,0,global_gbm,0,3850,2.4769,0.847969
duration,24,0,global_gbm,1,3850,2.47764,0.850253
duration,24,0,global_gbm,2,3850,2.50662,0.857752
duration,24,0,global_gbm,3,3850,2.53896,0.864973
duration,24,0,global_gbm,4,3850,2.54161,0.862574
duration,24,0,global_gbm,5,3850,2.55095,0.863506
duration,24,0,global_gbm,6,3850,2.51995,0.858247
duration,24,0,global_gbm,7,3850,2.46737,0.837786
duration,24,0,global_gbm,8,3850,2.40167,0.839278
duration,24,0,global_gbm,9,3850,2.54909,0.913772
duration,24,0,global_gbm,10,3850,2.53968,0.923288
duration,24,0,global_gbm,11,3850,2.53154,0.917618
duration,24,0,global_gbm,12,3850,2.58611,0.935639
duration,24,0,global_gbm,13,3850,2.49099,0.90498
duration,24,0,global_gbm,14,3850,2.4059,0.881357
duration,24,0,global_gbm,15,3850,2.38275,0.872092
duration,24,0,global_gbm,16,3850,2.36828,0.871136
duration,24,0,global_gbm,17,3850,2.38007,0.859083
duration,24,0,global_gbm,18,3850,2.26687,0.814333
duration,24,0,global_gbm,19,3850,2.27586,0.798373
duration,24,0,global_gbm,20,3850,2.3015,0.814647
duration,24,0,global_gbm,21,3850,2.32804,0.818606
duration,24,0,global_gbm,22,3850,2.36498,0.824257
duration,24,0,global_gbm,23,3850,2.54233,0.854828
duration,24,1,last_observation,0,3850,2.74474,0.959055
duration,24,1,last_observation,1,3850,2.73961,0.960734
duration,24,1,last_observation,2,3850,2.7639,0.960276
duration,24,1,last_observation,3,3850,2.73318,0.948186
duration,24,1,last_observation,4,3850,2.75119,0.95052
duration,24,1,last_observation,5,3850,2.70154,0.937672
duration,24,1,last_observation,6,3850,2.71619,0.942554
duration,24,1,last_observation,7,3850,3.00455,0.981068
duration,24,1,last_observation,8,3850,3.42435,1.06827
duration,24,1,last_observation,9,3850,3.49504,1.11377
duration,24,1,last_observation,10,3850,3.52156,1.14006
duration,24,1,last_observation,11,3850,3.50959,1.14224
duration,24,1,last_observation,12,3850,3.54439,1.14849
duration,24,1,last_observation,13,3850,3.4742,1.13247
duration,24,1,last_observation,14,3850,3.43026,1.11486
duration,24,1,last_observation,15,3850,3.32026,1.07487
duration,24,1,last_observation,16,3850,3.24186,1.06018
duration,24,1,last_observation,17,3850,3.15937,1.03197
duration,24,1,last_observation,18,3850,2.99991,0.989596
duration,24,1,last_observation,19,3850,2.80857,0.959625
duration,24,1,last_observation,20,3850,2.61123,0.926799
duration,24,1,last_observation,21,3850,2.6342,0.928888
duration,24,1,last_observation,22,3850,2.64476,0.93926
duration,24,1,last_observation,23,3850,2.63989,0.937299
duration,24,1,seasonal_naive_daily,0,3850,2.74474,0.959055
duration,24,1,seasonal_naive_daily,1,3850,2.73961,0.960734
duration,24,1,seasonal_naive_daily,2,3850,2.7639,0.960276
duration,24,1,seasonal_naive_daily,3,3850,2.73318,0.948186
duration,24,1,seasonal_naive_daily,4,3850,2.75119,0.95052
duration,24,1,seasonal_naive_daily,5,3850,2.70154,0.937672
duration,24,1,seasonal_naive_daily,6,3850,2.71619,0.942554
duration,24,1,seasonal_naive_daily,7,3850,3.00455,0.981068
duration,24,1,seasonal_naive_daily,8,3850,3.42435,1.06827
duration,24,1,seasonal_naive_daily,9,3850,3.49504,1.11377
duration,24,1,seasonal_naive_daily,10,3850,3.52156,1.14006
duration,24,1,seasonal_naive_daily,11,3850,3.50959,1.14224
duration,24,1,seasonal_naive_daily,12,3850,3.54439,1.14849
duration,24,1,seasonal_naive_daily,13,3850,3.4742,1.13247
duration,24,1,seasonal_naive_daily,14,3850,3.43026,1.11486
duration,24,1,seasonal_naive_daily,15,3850,3.32026,1.07487
duration,24,1,seasonal_naive_daily,16,3850,3.24186,1.06018
duration,24,1,seasonal_naive_daily,17,3850,3.15937,1.03197
duration,24,1,seasonal_naive_daily,18,3850,2.99991,0.989596
duration,24,1,seasonal_naive_daily,19,3850,2.80857,0.959625
duration,24,1,seasonal_naive_daily,20,3850,2.61123,0.926799
duration,24,1,seasonal_naive_daily,21,3850,2.6342,0.928888
duration,24,1,seasonal_naive_daily,22,3850,2.64476,0.93926
duration,24,1,seasonal_naive_daily,23,3850,2.63989,0.937299
duration,24,1,seasonal_naive_weekly,0,3850,3.03078,1.03877
duration,24,1,seasonal_naive_weekly,1,3850,3.04346,1.0421
duration,24,1,seasonal_naive_weekly,2,3850,3.05006,1.04003
duration,24,1,seasonal_naive_weekly,3,3850,3.04511,1.04083
duration,24,1,seasonal_naive_weekly,4,3850,3.06253,1.04047
duration,24,1,seasonal_naive_weekly,5,3850,3.0361,1.03469
duration,24,1,seasonal_naive_weekly,6,3850,2.98121,1.02173
duration,24,1,seasonal_naive_weekly,7,3850,2.86011,0.979218
duration,24,1,seasonal_naive_weekly,8,3850,2.73074,0.95081
duration,24,1,seasonal_naive_weekly,9,3850,2.61593,0.940841
duration,24,1,seasonal_naive_weekly,10,3850,2.61346,0.951211
duration,24,1,seasonal_naive_weekly,11,3850,2.70266,0.97819
duration,24,1,seasonal_naive_weekly,12,3850,2.80216,1.00365
duration,24,1,seasonal_naive_weekly,13,3850,2.74011,0.988519
duration,24,1,seasonal_naive_weekly,14,3850,2.70188,0.973523
duration,24,1,seasonal_naive_weekly,15,3850,2.63742,0.949432
duration,24,1,seasonal_naive_weekly,16,3850,2.58706,0.941933
duration,24,1,seasonal_naive_weekly,17,3850,2.58173,0.93344
duration,24,1,seasonal_naive_weekly,18,3850,2.7031,0.95862
duration,24,1,seasonal_naive_weekly,19,3850,2.77013,0.980728
duration,24,1,seasonal_naive_weekly,20,3850,2.78463,0.996463
duration,24,1,seasonal_naive_weekly,21,3850,2.8208,0.996525
duration,24,1,seasonal_naive_weekly,22,3850,2.86229,1.01273
duration,24,1,seasonal_naive_weekly,23,3850,2.96459,1.03081
duration,24,1,autoregressive,0,3850,2.47114,0.842406
duration,24,1,autoregressive,1,3850,2.45179,0.843029
duration,24,1,autoregressive,2,3850,2.4715,0.845985
duration,24,1,autoregressive,3,3850,2.45423,0.838637
duration,24,1,autoregressive,4,3850,2.45696,0.838066
duration,24,1,autoregressive,5,3850,2.40559,0.825093
duration,24,1,autoregressive,6,3850,2.47117,0.838617
duration,24,1,autoregressive,7,3850,2.60513,0.85119
duration,24,1,autoregressive,8,3850,3.05103,0.933419
duration,24,1,autoregressive,9,3850,3.25328,1.00816
duration,24,1,autoregressive,10,3850,3.26231,1.02371
duration,24,1,autoregressive,11,3850,3.26884,1.02977
duration,24,1,autoregressive,12,3850,3.25631,1.01917
duration,24,1,autoregressive,13,3850,3.1701,1.00043
duration,24,1,autoregressive,14,3850,3.12172,0.982467
duration,24,1,autoregressive,15,3850,3.03288,0.952064
duration,24,1,autoregressive,16,3850,2.97602,0.942264
duration,24,1,autoregressive,17,3850,2.90867,0.91845
duration,24,1,autoregressive,18,3850,2.68988,0.860744
duration,24,1,autoregressive,19,3850,2.42996,0.816243
duration,24,1,autoregressive,20,3850,2.27217,0.790589
duration,24,1,autoregressive,21,3850,2.29363,0.794802
duration,24,1,autoregressive,22,3850,2.34216,0.809513
duration,24,1,autoregressive,23,3850,2.37905,0.82558
duration,24,1,zone_ridge,0,3850,2.51001,0.834115
duration,24,1,zone_ridge,1,3850,2.51438,0.839139
duration,24,1,zone_ridge,2,3850,2.5323,0.846933
duration,24,1,zone_ridge,3,3850,2.52207,0.844592
duration,24,1,zone_ridge,4,3850,2.56759,0.851878
duration,24,1,zone_ridge,5,3850,2.59452,0.853143
duration,24,1,zone_ridge,6,3850,2.73854,0.881244
duration,24,1,zone_ridge,7,3850,2.67037,0.870877
duration,24,1,zone_ridge,8,3850,2.86182,0.897909
duration,24,1,zone_ridge,9,3850,3.02507,0.957
duration,24,1,zone_ridge,10,3850,2.9585,0.958688
duration,24,1,zone_ridge,11,3850,2.90568,0.955915
duration,24,1,zone_ridge,12,3850,2.94491,0.957744
duration,24,1,zone_ridge,13,3850,2.85927,0.936893
duration,24,1,zone_ridge,14,3850,2.75119,0.904685
duration,24,1,zone_ridge,15,3850,2.68713,0.880267
duration,24,1,zone_ridge,16,3850,2.66795,0.879734
duration,24,1,zone_ridge,17,3850,2.69126,0.877303
duration,24,1,zone_ridge,18,3850,2.52535,0.833899
duration,24,1,zone_ridge,19,3850,2.45923,0.834516
duration,24,1,zone_ridge,20,3850,2.48939,0.83689
duration,24,1,zone_ridge,21,3850,2.54205,0.835677
duration,24,1,zone_ridge,22,3850,2.62522,0.856292
duration,24,1,zone_ridge,23,3850,2.5736,0.851312
duration,24,1,zone_gbm,0,3850,2.57073,0.858286
duration,24,1,zone_gbm,1,3850,2.55019,0.856534
duration,24,1,zone_gbm,2,3850,2.5953,0.869772
duration,24,1,zone_gbm,3,3850,2.57888,0.865726
duration,24,1,zone_gbm,4,3850,2.57972,0.863274
duration,24,1,zone_gbm,5,3850,2.54879,0.855093
duration,24,1,zone_gbm,6,3850,2.55384,0.854577
duration,24,1,zone_gbm,7,3850,2.55541,0.852857
duration,24,1,zone_gbm,8,3850,2.52388,0.857142
duration,24,1,zone_gbm,9,3850,2.38901,0.840845
duration,24,1,zone_gbm,10,3850,2.37883,0.854345
duration,24,1,zone_gbm,11,3850,2.37234,0.858653
duration,24,1,zone_gbm,12,3850,2.44357,0.865565
duration,24,1,zone_gbm,13,3850,2.42434,0.865064
duration,24,1,zone_gbm,14,3850,2.39568,0.850181
duration,24,1,zone_gbm,15,3850,2.33487,0.822995
duration,24,1,zone_gbm,16,3850,2.32835,0.833032
duration,24,1,zone_gbm,17,3850,2.3666,0.837831
duration,24,1,zone_gbm,18,3850,2.38326,0.829926
duration,24,1,zone_gbm,19,3850,2.48877,0.852414
duration,24,1,zone_gbm,20,3850,2.47479,0.851331
duration,24,1,zone_gbm,21,3850,2.5087,0.85409
duration,24,1,zone_gbm,22,3850,2.53833,0.857705
duration,24,1,zone_gbm,23,3850,2.59179,0.868687
duration,24,1,global_ridge,0,3850,2.52199,0.879825
duration,24,1,global_ridge,1,3850,2.51562,0.885862
duration,24,1,global_ridge,2,3850,2.53837,0.910859
duration,24,1,global_ridge,3,3850,2.53959,0.90857
duration,24,1,global_ridge,4,3850,2.5539,0.905976
duration,24,1,global_ridge,5,3850,2.49363,0.874579
duration,24,1,global_ridge,6,3850,2.51677,0.880517
duration,24,1,global_ridge,7,3850,2.64622,0.889797
duration,24,1,global_ridge,8,3850,3.14084,0.98057
duration,24,1,global_ridge,9,3850,3.31649,1.04251
duration,24,1,global_ridge,10,3850,3.28105,1.05134
duration,24,1,global_ridge,11,3850,3.28277,1.06885
duration,24,1,global_ridge,12,3850,3.32859,1.08057
duration,24,1,global_ridge,13,3850,3.28194,1.07013
duration,24,1,global_ridge,14,3850,3.20697,1.04528
duration,24,1,global_ridge,15,3850,3.11573,1.00621
duration,24,1,global_ridge,16,3850,3.07767,0.995343
duration,24,1,global_ridge,17,3850,3.02251,0.983359
duration,24,1,global_ridge,18,3850,2.79851,0.931298
duration,24,1,global_ridge,19,3850,2.54106,0.893789
duration,24,1,global_ridge,20,3850,2.40718,0.87234
duration,24,1,global_ridge,21,3850,2.41342,0.865635
duration,24,1,global_ridge,22,3850,2.4519,0.881843
duration,24,1,global_ridge,23,3850,2.45597,0.86709
duration,24,1,global_gbm,0,3850,2.38807,0.824595
duration,24,1,global_gbm,1,3850,2.37618,0.82661
duration,24,1,global_gbm,2,3850,2.38093,0.828152
duration,24,1,global_gbm,3,3850,2.38144,0.825609
duration,24,1,global_gbm,4,3850,2.40147,0.8295
duration,24,1,global_gbm,5,3850,2.35897,0.824061
duration,24,1,global_gbm,6,3850,2.33299,0.819607
duration,24,1,global_gbm,7,3850,2.39076,0.820365
duration,24,1,global_gbm,8,3850,2.41558,0.83983
duration,24,1,global_gbm,9,3850,2.43319,0.878274
duration,24,1,global_gbm,10,3850,2.49794,0.905433
duration,24,1,global_gbm,11,3850,2.52758,0.914661
duration,24,1,global_gbm,12,3850,2.51101,0.903433
duration,24,1,global_gbm,13,3850,2.48065,0.897381
duration,24,1,global_gbm,14,3850,2.47091,0.886731
duration,24,1,global_gbm,15,3850,2.40719,0.856628
duration,24,1,global_gbm,16,3850,2.40719,0.860844
duration,24,1,global_gbm,17,3850,2.43698,0.855077
duration,24,1,global_gbm,18,3850,2.35287,0.818212
duration,24,1,global_gbm,19,3850,2.36686,0.815505
duration,24,1,global_gbm,20,3850,2.30136,0.801728
duration,24,1,global_gbm,21,3850,2.28601,0.795233
duration,24,1,global_gbm,22,3850,2.30422,0.808935
duration,24,1,global_gbm,23,3850,2.44339,0.840503
duration,24,2,last_observation,0,3850,2.67167,0.920181
duration,24,2,last_observation,1,3850,2.6869,0.925839
duration,24,2,last_observation,2,3850,2.70095,0.929005
duration,24,2,last_observation,3,3850,2.72558,0.933272
duration,24,2,last_observation,4,3850,2.71494,0.925355
duration,24,2,last_observation,5,3850,2.68277,0.921112
duration,24,2,last_observation,6,3850,2.67803,0.91453
duration,24,2,last_observation,7,3850,2.85121,0.923993
duration,24,2,last_observation,8,3850,3.29835,1.01417
duration,24,2,last_observation,9,3850,3.57574,1.09949
duration,24,2,last_observation,10,3850,4.32041,1.32076
duration,24,2,last_observation,11,3850,3.90409,1.20405
duration,24,2,last_observation,12,3850,4.21126,1.28186
duration,24,2,last_observation,13,3850,4.11777,1.25523
duration,24,2,last_observation,14,3850,3.24874,1.04126
duration,24,2,last_observation,15,3850,3.29736,1.06999
duration,24,2,last_observation,16,3850,3.27606,1.06803
duration,24,2,last_observation,17,3850,3.20773,1.04295
duration,24,2,last_observation,18,3850,3.12794,1.01143
duration,24,2,last_observation,19,3850,2.76872,0.929695
duration,24,2,last_observation,20,3850,2.6429,0.921615
duration,24,2,last_observation,21,3850,2.5963,0.900937
duration,24,2,last_observation,22,3850,2.58017,0.897221
duration,24,2,last_observation,23,3850,2.7497,0.925854
duration,24,2,seasonal_naive_daily,0,3850,2.67167,0.920181
duration,24,2,seasonal_naive_daily,1,3850,2.6869,0.925839
duration,24,2,seasonal_naive_daily,2,3850,2.70095,0.929005
duration,24,2,seasonal_naive_daily,3,3850,2.72558,0.933272
duration,24,2,seasonal_naive_daily,4,3850,2.71494,0.925355
duration,24,2,seasonal_naive_daily,5,3850,2.68277,0.921112
duration,24,2,seasonal_naive_daily,6,3850,2.67803,0.91453
duration,24,2,seasonal_naive_daily,7,3850,2.85121,0.923993
duration,24,2,seasonal_naive_daily,8,3850,3.29835,1.01417
duration,24,2,seasonal_naive_daily,9,3850,3.57574,1.09949
duration,24,2,seasonal_naive_daily,10,3850,4.32041,1.32076
duration,24,2,seasonal_naive_daily,11,3850,3.90409,1.20405
duration,24,2,seasonal_naive_daily,12,3850,4.21126,1.28186
duration,24,2,seasonal_naive_daily,13,3850,4.11777,1.25523
duration,24,2,seasonal_naive_daily,14,3850,3.24874,1.04126
duration,24,2,seasonal_naive_daily,15,3850,3.29736,1.06999
duration,24,2,seasonal_naive_daily,16,3850,3.27606,1.06803
duration,24,2,seasonal_naive_daily,17,3850,3.20773,1.04295
duration,24,2,seasonal_naive_daily,18,3850,3.12794,1.01143
duration,24,2,seasonal_naive_daily,19,3850,2.76872,0.929695
duration,24,2,seasonal_naive_daily,20,3850,2.6429,0.921615
duration,24,2,seasonal_naive_daily,21,3850,2.5963,0.900937
duration,24,2,seasonal_naive_daily,22,3850,2.58017,0.897221
duration,24,2,seasonal_naive_daily,23,3850,2.7497,0.925854
duration,24,2,seasonal_naive_weekly,0,3850,3.07623,1.04984
duration,24,2,seasonal_naive_weekly,1,3850,3.11827,1.06244
duration,24,2,seasonal_naive_weekly,2,3850,3.12574,1.06564
duration,24,2,seasonal_naive_weekly,3,3850,3.14403,1.066
duration,24,2,seasonal_naive_weekly,4,3850,3.15641,1.06282
duration,24,2,seasonal_naive_weekly,5,3850,3.13894,1.05701
duration,24,2,seasonal_naive_weekly,6,3850,3.11535,1.05715
duration,24,2,seasonal_naive_weekly,7,3850,2.88011,0.980437
duration,24,2,seasonal_naive_weekly,8,3850,2.79227,0.962185
duration,24,2,seasonal_naive_weekly,9,3850,2.91082,1.00449
duration,24,2,seasonal_naive_weekly,10,3850,3.76054,1.24208
duration,24,2,seasonal_naive_weekly,11,3850,3.38916,1.13582
duration,24,2,seasonal_naive_weekly,12,3850,3.8316,1.24775
duration,24,2,seasonal_naive_weekly,13,3850,3.80835,1.23544
duration,24,2,seasonal_naive_weekly,14,3850,2.90528,1.00387
duration,24,2,seasonal_naive_weekly,15,3850,2.95991,1.0214
duration,24,2,seasonal_naive_weekly,16,3850,2.94662,1.01284
duration,24,2,seasonal_naive_weekly,17,3850,2.92387,1.00799
duration,24,2,seasonal_naive_weekly,18,3850,2.9513,1.00325
duration,24,2,seasonal_naive_weekly,19,3850,2.9258,1.00183
duration,24,2,seasonal_naive_weekly,20,3850,2.91134,1.00873
duration,24,2,seasonal_naive_weekly,21,3850,2.88489,1.00245
duration,24,2,seasonal_naive_weekly,22,3850,3.0016,1.02879
duration,24,2,seasonal_naive_weekly,23,3850,3.11069,1.04702
duration,24,2,autoregressive,0,3850,2.46549,0.831066
duration,24,2,autoregressive,1,3850,2.44843,0.831737
duration,24,2,autoregressive,2,3850,2.44904,0.833762
duration,24,2,autoregressive,3,3850,2.45196,0.834841
duration,24,2,autoregressive,4,3850,2.44148,0.829235
duration,24,2,autoregressive,5,3850,2.40793,0.823452
duration,24,2,autoregressive,6,3850,2.48869,0.832837
duration,24,2,autoregressive,7,3850,2.53731,0.816952
duration,24,2,autoregressive,8,3850,2.94542,0.897409
duration,24,2,autoregressive,9,3850,3.29618,0.989758
duration,24,2,autoregressive,10,3850,3.81993,1.14219
duration,24,2,autoregressive,11,3850,3.58921,1.07396
duration,24,2,autoregressive,12,3850,3.77462,1.11884
duration,24,2,autoregressive,13,3850,3.63739,1.08431
duration,24,2,autoregressive,14,3850,3.00972,0.929978
duration,24,2,autoregressive,15,3850,3.00396,0.941902
duration,24,2,autoregressive,16,3850,2.99379,0.942639
duration,24,2,autoregressive,17,3850,2.92562,0.919917
duration,24,2,autoregressive,18,3850,2.7529,0.874242
duration,24,2,autoregressive,19,3850,2.43561,0.811407
duration,24,2,autoregressive,20,3850,2.35197,0.803164
duration,24,2,autoregressive,21,3850,2.30446,0.789025
duration,24,2,autoregressive,22,3850,2.32055,0.790362
duration,24,2,autoregressive,23,3850,2.47798,0.822174
duration,24,2,zone_ridge,0,3850,2.74794,0.875048
duration,24,2,zone_ridge,1,3850,2.7413,0.877832
duration,24,2,zone_ridge,2,3850,2.71216,0.876052
duration,24,2,zone_ridge,3,3850,2.72653,0.88013
duration,24,2,zone_ridge,4,3850,2.75866,0.883286
duration,24,2,zone_ridge,5,3850,2.78972,0.888462
duration,24,2,zone_ridge,6,3850,2.8641,0.900838
duration,24,2,zone_ridge,7,3850,2.7336,0.858912
duration,24,2,zone_ridge,8,3850,2.8631,0.879184
duration,24,2,zone_ridge,9,3850,3.1862,0.964267
duration,24,2,zone_ridge,10,3850,3.65339,1.10368
duration,24,2,zone_ridge,11,3850,3.32922,1.01887
duration,24,2,zone_ridge,12,3850,3.56834,1.0773
duration,24,2,zone_ridge,13,3850,3.45333,1.03959
duration,24,2,zone_ridge,14,3850,2.78524,0.873507
duration,24,2,zone_ridge,15,3850,2.79223,0.889921
duration,24,2,zone_ridge,16,3850,2.77646,0.886812
duration,24,2,zone_ridge,17,3850,2.74406,0.875455
duration,24,2,zone_ridge,18,3850,2.68265,0.85179
duration,24,2,zone_ridge,19,3850,2.62617,0.847556
duration,24,2,zone_ridge,20,3850,2.71758,0.862675
duration,24,2,zone_ridge,21,3850,2.73005,0.857572
duration,24,2,zone_ridge,22,3850,2.75405,0.860394
duration,24,2,zone_ridge,23,3850,2.89207,0.892809
duration,24,2,zone_gbm,0,3850,2.61657,0.888753
duration,24,2,zone_gbm,1,3850,2.61404,0.894998
duration,24,2,zone_gbm,2,3850,2.65998,0.910662
duration,24,2,zone_gbm,3,3850,2.65691,0.910947
duration,24,2,zone_gbm,4,3850,2.66856,0.912532
duration,24,2,zone_gbm,5,3850,2.66161,0.912885
duration,24,2,zone_gbm,6,3850,2.6403,0.898549
duration,24,2,zone_gbm,7,3850,2.56727,0.861876
duration,24,2,zone_gbm,8,3850,2.45555,0.841674
duration,24,2,zone_gbm,9,3850,2.5278,0.866478
duration,24,2,zone_gbm,10,3850,2.96695,0.999715
duration,24,2,zone_gbm,11,3850,2.7597,0.942882
duration,24,2,zone_gbm,12,3850,3.03044,1.00517
duration,24,2,zone_gbm,13,3850,2.98811,0.996724
duration,24,2,zone_gbm,14,3850,2.42949,0.859811
duration,24,2,zone_gbm,15,3850,2.47308,0.875893
duration,24,2,zone_gbm,16,3850,2.46432,0.871633
duration,24,2,zone_gbm,17,3850,2.44409,0.86511
duration,24,2,zone_gbm,18,3850,2.53559,0.868412
duration,24,2,zone_gbm,19,3850,2.55634,0.875575
duration,24,2,zone_gbm,20,3850,2.54622,0.873757
duration,24,2,zone_gbm,21,3850,2.53828,0.873671
duration,24,2,zone_gbm,22,3850,2.56824,0.87858
duration,24,2,zone_gbm,23,3850,2.65195,0.900715
duration,24,2,global_ridge,0,3850,2.65176,0.94593
duration,24,2,global_ridge,1,3850,2.64285,0.948133
duration,24,2,global_ridge,2,3850,2.6125,0.944181
duration,24,2,global_ridge,3,3850,2.61626,0.943281
duration,24,2,global_ridge,4,3850,2.60155,0.933406
duration,24,2,global_ridge,5,3850,2.58374,0.927634
duration,24,2,global_ridge,6,3850,2.62767,0.929545
duration,24,2,global_ridge,7,3850,2.60671,0.893011
duration,24,2,global_ridge,8,3850,2.94846,0.949187
duration,24,2,global_ridge,9,3850,3.3193,1.05896
duration,24,2,global_ridge,10,3850,3.8568,1.21592
duration,24,2,global_ridge,11,3850,3.57532,1.13383
duration,24,2,global_ridge,12,3850,3.80508,1.19401
duration,24,2,global_ridge,13,3850,3.71345,1.15886
duration,24,2,global_ridge,14,3850,3.01354,0.982142
duration,24,2,global_ridge,15,3850,3.04493,1.00212
duration,24,2,global_ridge,16,3850,3.03383,0.997304
duration,24,2,global_ridge,17,3850,2.95896,0.963734
duration,24,2,global_ridge,18,3850,2.79878,0.918643
duration,24,2,global_ridge,19,3850,2.52387,0.872143
duration,24,2,global_ridge,20,3850,2.45247,0.873246
duration,24,2,global_ridge,21,3850,2.42609,0.860564
duration,24,2,global_ridge,22,3850,2.46109,0.868371
duration,24,2,global_ridge,23,3850,2.58374,0.891336
duration,24,2,global_gbm,0,3850,2.38909,0.820095
duration,24,2,global_gbm,1,3850,2.4084,0.829229
duration,24,2,global_gbm,2,3850,2.3824,0.82562
duration,24,2,global_gbm,3,3850,2.41128,0.829544
duration,24,2,global_gbm,4,3850,2.41734,0.828025
duration,24,2,global_gbm,5,3850,2.41257,0.829987
duration,24,2,global_gbm,6,3850,2.36839,0.818296
duration,24,2,global_gbm,7,3850,2.32818,0.793965
duration,24,2,global_gbm,8,3850,2.34473,0.80987
duration,24,2,global_gbm,9,3850,2.58764,0.882086
duration,24,2,global_gbm,10,3850,3.13424,1.03888
duration,24,2,global_gbm,11,3850,2.99688,0.991254
duration,24,2,global_gbm,12,3850,3.18302,1.02493
duration,24,2,global_gbm,13,3850,3.04933,0.990871
duration,24,2,global_gbm,14,3850,2.30552,0.81266
duration,24,2,global_gbm,15,3850,2.3548,0.839118
duration,24,2,global_gbm,16,3850,2.37967,0.846636
duration,24,2,global_gbm,17,3850,2.39335,0.837143
duration,24,2,global_gbm,18,3850,2.42291,0.818385
duration,24,2,global_gbm,19,3850,2.30522,0.791787
duration,24,2,global_gbm,20,3850,2.27317,0.795
duration,24,2,global_gbm,21,3850,2.28791,0.789973
duration,24,2,global_gbm,22,3850,2.30389,0.791929
duration,24,2,global_gbm,23,3850,2.44932,0.822355
duration,24,3,last_observation,0,3850,2.38526,0.79102
duration,24,3,last_observation,1,3850,2.27911,0.772886
duration,24,3,last_observation,2,3850,2.30855,0.782168
duration,24,3,last_observation,3,3850,2.28913,0.776488
duration,24,3,last_observation,4,3850,2.26835,0.773573
duration,24,3,last_observation,5,3850,2.27554,0.771545
duration,24,3,last_observation,6,3850,2.2481,0.767596
duration,24,3,last_observation,7,3850,2.25318,0.760845
duration,24,3,last_observation,8,3850,2.50435,0.81655
duration,24,3,last_observation,9,3850,2.79636,0.914009
duration,24,3,last_observation,10,3850,2.8284,0.91797
duration,24,3,last_observation,11,3850,2.81864,0.916285
duration,24,3,last_observation,12,3850,2.77939,0.906989
duration,24,3,last_observation,13,3850,2.71775,0.899656
duration,24,3,last_observation,14,3850,2.74996,0.902586
duration,24,3,last_observation,15,3850,2.71565,0.897365
duration,24,3,last_observation,16,3850,2.71041,0.897958
duration,24,3,last_observation,17,3850,2.65195,0.873999
duration,24,3,last_observation,18,3850,2.45478,0.816664
duration,24,3,last_observation,19,3850,2.2568,0.776809
duration,24,3,last_observation,20,3850,2.23203,0.770336
duration,24,3,last_observation,21,3850,2.25628,0.767282
duration,24,3,last_observation,22,3850,2.26219,0.764579
duration,24,3,last_observation,23,3850,2.26976,0.768342
duration,24,3,seasonal_naive_daily,0,3850,2.38526,0.79102
duration,24,3,seasonal_naive_daily,1,3850,2.27911,0.772886
duration,24,3,seasonal_naive_daily,2,3850,2.30855,0.782168
duration,24,3,seasonal_naive_daily,3,3850,2.28913,0.776488
duration,24,3,seasonal_naive_daily,4,3850,2.26835,0.773573
duration,24,3,seasonal_naive_daily,5,3850,2.27554,0.771545
duration,24,3,seasonal_naive_daily,6,3850,2.2481,0.767596
duration,24,3,seasonal_naive_daily,7,3850,2.25318,0.760845
duration,24,3,seasonal_naive_daily,8,3850,2.50435,0.81655
duration,24,3,seasonal_naive_daily,9,3850,2.79636,0.914009
duration,24,3,seasonal_naive_daily,10,3850,2.8284,0.91797
duration,24,3,seasonal_naive_daily,11,3850,2.81864,0.916285
duration,24,3,seasonal_naive_daily,12,3850,2.77939,0.906989
duration,24,3,seasonal_naive_daily,13,3850,2.71775,0.899656
duration,24,3,seasonal_naive_daily,14,3850,2.74996,0.902586
duration,24,3,seasonal_naive_daily,15,3850,2.71565,0.897365
duration,24,3,seasonal_naive_daily,16,3850,2.71041,0.897958
duration,24,3,seasonal_naive_daily,17,3850,2.65195,0.873999
duration,24,3,seasonal_naive_daily,18,3850,2.45478,0.816664
duration,24,3,seasonal_naive_daily,19,3850,2.2568,0.776809
duration,24,3,seasonal_naive_daily,20,3850,2.23203,0.770336
duration,24,3,seasonal_naive_daily,21,3850,2.25628,0.767282
duration,24,3,seasonal_naive_daily,22,3850,2.26219,0.764579
duration,24,3,seasonal_naive_daily,23,3850,2.26976,0.768342
duration,24,3,seasonal_naive_weekly,0,3850,3.66816,1.11143
duration,24,3,seasonal_naive_weekly,1,3850,3.6816,1.11927
duration,24,3,seasonal_naive_weekly,2,3850,3.70372,1.12731
duration,24,3,seasonal_naive_weekly,3,3850,3.73563,1.13502
duration,24,3,seasonal_naive_weekly,4,3850,3.72489,1.13398
duration,24,3,seasonal_naive_weekly,5,3850,3.64314,1.11596
duration,24,3,seasonal_naive_weekly,6,3850,3.57457,1.09817
duration,24,3,seasonal_naive_weekly,7,3850,3.23541,1.02138
duration,24,3,seasonal_naive_weekly,8,3850,3.1363,1.00915
duration,24,3,seasonal_naive_weekly,9,3850,3.29807,1.06691
duration,24,3,seasonal_naive_weekly,10,3850,3.29745,1.06942
duration,24,3,seasonal_naive_weekly,11,3850,3.35413,1.09221
duration,24,3,seasonal_naive_weekly,12,3850,3.39857,1.10302
duration,24,3,seasonal_naive_weekly,13,3850,3.36074,1.11022
duration,24,3,seasonal_naive_weekly,14,3850,3.38597,1.10719
duration,24,3,seasonal_naive_weekly,15,3850,3.3768,1.09793
duration,24,3,seasonal_naive_weekly,16,3850,3.35052,1.0899
duration,24,3,seasonal_naive_weekly,17,3850,3.33273,1.07491
duration,24,3,seasonal_naive_weekly,18,3850,3.23942,1.04331
duration,24,3,seasonal_naive_weekly,19,3850,3.09147,1.01395
duration,24,3,seasonal_naive_weekly,20,3850,3.129,1.01462
duration,24,3,seasonal_naive_weekly,21,3850,3.24604,1.02499
duration,24,3,seasonal_naive_weekly,22,3850,3.3371,1.03631
duration,24,3,seasonal_naive_weekly,23,3850,3.33652,1.03649
duration,24,3,autoregressive,0,3850,2.26992,0.7577
duration,24,3,autoregressive,1,3850,2.17671,0.743493
duration,24,3,autoregressive,2,3850,2.20735,0.755278
duration,24,3,autoregressive,3,3850,2.20023,0.753723
duration,24,3,autoregressive,4,3850,2.17656,0.747301
duration,24,3,autoregressive,5,3850,2.20108,0.751495
duration,24,3,autoregressive,6,3850,2.17596,0.743832
duration,24,3,autoregressive,7,3850,2.2061,0.742415
duration,24,3,autoregressive,8,3850,2.35715,0.769024
duration,24,3,autoregressive,9,3850,2.57337,0.831268
duration,24,3,autoregressive,10,3850,2.62756,0.843949
duration,24,3,autoregressive,11,3850,2.67213,0.854896
duration,24,3,autoregressive,12,3850,2.59853,0.833937
duration,24,3,autoregressive,13,3850,2.55892,0.829267
duration,24,3,autoregressive,14,3850,2.61642,0.843078
duration,24,3,autoregressive,15,3850,2.59202,0.843202
duration,24,3,autoregressive,16,3850,2.56997,0.838823
duration,24,3,autoregressive,17,3850,2.49715,0.81288
duration,24,3,autoregressive,18,3850,2.28336,0.758411
duration,24,3,autoregressive,19,3850,2.14972,0.732831
duration,24,3,autoregressive,20,3850,2.14522,0.732929
duration,24,3,autoregressive,21,3850,2.17861,0.736646
duration,24,3,autoregressive,22,3850,2.19848,0.739362
duration,24,3,autoregressive,23,3850,2.25456,0.754003
duration,24,3,zone_ridge,0,3850,2.7358,0.840026
duration,24,3,zone_ridge,1,3850,2.71071,0.835355
duration,24,3,zone_ridge,2,3850,2.75751,0.846791
duration,24,3,zone_ridge,3,3850,2.7229,0.841391
duration,24,3,zone_ridge,4,3850,2.65341,0.831708
duration,24,3,zone_ridge,5,3850,2.56762,0.8212
duration,24,3,zone_ridge,6,3850,2.49116,0.808171
duration,24,3,zone_ridge,7,3850,2.41346,0.791372
duration,24,3,zone_ridge,8,3850,2.32086,0.76216
duration,24,3,zone_ridge,9,3850,2.42453,0.799186
duration,24,3,zone_ridge,10,3850,2.47254,0.807026
duration,24,3,zone_ridge,11,3850,2.5474,0.823304
duration,24,3,zone_ridge,12,3850,2.54168,0.820389
duration,24,3,zone_ridge,13,3850,2.50054,0.816859
duration,24,3,zone_ridge,14,3850,2.55659,0.825861
duration,24,3,zone_ridge,15,3850,2.53021,0.821849
duration,24,3,zone_ridge,16,3850,2.52387,0.820978
duration,24,3,zone_ridge,17,3850,2.47215,0.804277
duration,24,3,zone_ridge,18,3850,2.42917,0.794221
duration,24,3,zone_ridge,19,3850,2.43517,0.798122
duration,24,3,zone_ridge,20,3850,2.51468,0.811593
duration,24,3,zone_ridge,21,3850,2.53681,0.80697
duration,24,3,zone_ridge,22,3850,2.58483,0.811208
duration,24,3,zone_ridge,23,3850,2.66029,0.821247
duration,24,3,zone_gbm,0,3850,2.87816,0.922713
duration,24,3,zone_gbm,1,3850,2.79801,0.910262
duration,24,3,zone_gbm,2,3850,2.85514,0.924737
duration,24,3,zone_gbm,3,3850,2.81402,0.919974
duration,24,3,zone_gbm,4,3850,2.78502,0.911386
duration,24,3,zone_gbm,5,3850,2.73503,0.901472
duration,24,3,zone_gbm,6,3850,2.69338,0.892629
duration,24,3,zone_gbm,7,3850,2.47604,0.835094
duration,24,3,zone_gbm,8,3850,2.50534,0.829638
duration,24,3,zone_gbm,9,3850,2.6445,0.871796
duration,24,3,zone_gbm,10,3850,2.68324,0.875947
duration,24,3,zone_gbm,11,3850,2.73026,0.891115
duration,24,3,zone_gbm,12,3850,2.75635,0.889009
duration,24,3,zone_gbm,13,3850,2.73235,0.892711
duration,24,3,zone_gbm,14,3850,2.7539,0.895579
duration,24,3,zone_gbm,15,3850,2.70636,0.889559
duration,24,3,zone_gbm,16,3850,2.69163,0.881309
duration,24,3,zone_gbm,17,3850,2.66318,0.864176
duration,24,3,zone_gbm,18,3850,2.63732,0.85566
duration,24,3,zone_gbm,19,3850,2.51958,0.843149
duration,24,3,zone_gbm,20,3850,2.54355,0.854372
duration,24,3,zone_gbm,21,3850,2.55331,0.855968
duration,24,3,zone_gbm,22,3850,2.59296,0.867042
duration,24,3,zone_gbm,23,3850,2.59073,0.869603
duration,24,3,global_ridge,0,3850,2.2606,0.761737
duration,24,3,global_ridge,1,3850,2.16945,0.745284
duration,24,3,global_ridge,2,3850,2.17773,0.753814
duration,24,3,global_ridge,3,3850,2.16531,0.747813
duration,24,3,global_ridge,4,3850,2.13596,0.737169
duration,24,3,global_ridge,5,3850,2.13163,0.732227
duration,24,3,global_ridge,6,3850,2.09725,0.726183
duration,24,3,global_ridge,7,3850,2.09567,0.712628
duration,24,3,global_ridge,8,3850,2.30188,0.753102
duration,24,3,global_ridge,9,3850,2.5938,0.847352
duration,24,3,global_ridge,10,3850,2.64861,0.858511
duration,24,3,global_ridge,11,3850,2.68764,0.87315
duration,24,3,global_ridge,12,3850,2.65355,0.866041
duration,24,3,global_ridge,13,3850,2.59182,0.850993
duration,24,3,global_ridge,14,3850,2.6065,0.855146
duration,24,3,global_ridge,15,3850,2.59293,0.853192
duration,24,3,global_ridge,16,3850,2.57005,0.850288
duration,24,3,global_ridge,17,3850,2.47662,0.81471
duration,24,3,global_ridge,18,3850,2.27745,0.760688
duration,24,3,global_ridge,19,3850,2.09329,0.728832
duration,24,3,global_ridge,20,3850,2.09497,0.726574
duration,24,3,global_ridge,21,3850,2.1324,0.728752
duration,24,3,global_ridge,22,3850,2.1678,0.735751
duration,24,3,global_ridge,23,3850,2.21946,0.749756
duration,24,3,global_gbm,0,3850,2.2794,0.744424
duration,24,3,global_gbm,1,3850,2.22218,0.736231
duration,24,3,global_gbm,2,3850,2.25376,0.743942
duration,24,3,global_gbm,3,3850,2.24923,0.743762
duration,24,3,global_gbm,4,3850,2.24766,0.740707
duration,24,3,global_gbm,5,3850,2.2423,0.739239
duration,24,3,global_gbm,6,3850,2.18253,0.727909
duration,24,3,global_gbm,7,3850,2.15844,0.728803
duration,24,3,global_gbm,8,3850,2.17329,0.729114
duration,24,3,global_gbm,9,3850,2.32436,0.784845
duration,24,3,global_gbm,10,3850,2.37296,0.792746
duration,24,3,global_gbm,11,3850,2.44774,0.814485
duration,24,3,global_gbm,12,3850,2.42926,0.802554
duration,24,3,global_gbm,13,3850,2.34996,0.788076
duration,24,3,global_gbm,14,3850,2.3505,0.785416
duration,24,3,global_gbm,15,3850,2.32847,0.784606
duration,24,3,global_gbm,16,3850,2.3373,0.786017
duration,24,3,global_gbm,17,3850,2.31785,0.772119
duration,24,3,global_gbm,18,3850,2.17994,0.729171
duration,24,3,global_gbm,19,3850,2.05065,0.701992
duration,24,3,global_gbm,20,3850,2.07687,0.708338
duration,24,3,global_gbm,21,3850,2.11228,0.709555
duration,24,3,global_gbm,22,3850,2.15429,0.714109
duration,24,3,global_gbm,23,3850,2.21384,0.732732
duration,24,4,last_observation,0,3850,2.73361,0.954702
duration,24,4,last_observation,1,3850,2.76413,0.960349
duration,24,4,last_observation,2,3850,2.7508,0.95313
duration,24,4,last_observation,3,3850,2.70929,0.943241
duration,24,4,last_observation,4,3850,2.70835,0.945524
duration,24,4,last_observation,5,3850,2.69736,0.942362
duration,24,4,last_observation,6,3850,2.68065,0.936841
duration,24,4,last_observation,7,3850,2.7269,0.934072
duration,24,4,last_observation,8,3850,3.04268,0.988678
duration,24,4,last_observation,9,3850,3.25234,1.05542
duration,24,4,last_observation,10,3850,3.2381,1.05975
duration,24,4,last_observation,11,3850,3.13013,1.03527
duration,24,4,last_observation,12,3850,3.08604,1.03169
duration,24,4,last_observation,13,3850,3.00186,1.00388
duration,24,4,last_observation,14,3850,2.95147,0.981624
duration,24,4,last_observation,15,3850,2.94115,0.981841
duration,24,4,last_observation,16,3850,2.83576,0.955295
duration,24,4,last_observation,17,3850,2.83069,0.960808
duration,24,4,last_observation,18,3850,2.72249,0.919912
duration,24,4,last_observation,19,3850,2.66331,0.914044
duration,24,4,last_observation,20,3850,2.57939,0.907395
duration,24,4,last_observation,21,3850,2.58807,0.913581
duration,24,4,last_observation,22,3850,2.62229,0.924451
duration,24,4,last_observation,23,3850,2.65225,0.932276
duration,24,4,seasonal_naive_daily,0,3850,2.73361,0.954702
duration,24,4,seasonal_naive_daily,1,3850,2.76413,0.960349
duration,24,4,seasonal_naive_daily,2,3850,2.7508,0.95313
duration,24,4,seasonal_naive_daily,3,3850,2.70929,0.943241
duration,24,4,seasonal_naive_daily,4,3850,2.70835,0.945524
duration,24,4,seasonal_naive_daily,5,3850,2.69736,0.942362
duration,24,4,seasonal_naive_daily,6,3850,2.68065,0.936841
duration,24,4,seasonal_naive_daily,7,3850,2.7269,0.934072
duration,24,4,seasonal_naive_daily,8,3850,3.04268,0.988678
duration,24,4,seasonal_naive_daily,9,3850,3.25234,1.05542
duration,24,4,seasonal_naive_daily,10,3850,3.2381,1.05975
duration,24,4,seasonal_naive_daily,11,3850,3.13013,1.03527
duration,24,4,seasonal_naive_daily,12,3850,3.08604,1.03169
duration,24,4,seasonal_naive_daily,13,3850,3.00186,1.00388
duration,24,4,seasonal_naive_daily,14,3850,2.95147,0.981624
duration,24,4,seasonal_naive_daily,15,3850,2.94115,0.981841
duration,24,4,seasonal_naive_daily,16,3850,2.83576,0.955295
duration,24,4,seasonal_naive_daily,17,3850,2.83069,0.960808
duration,24,4,seasonal_naive_daily,18,3850,2.72249,0.919912
duration,24,4,seasonal_naive_daily,19,3850,2.66331,0.914044
duration,24,4,seasonal_naive_daily,20,3850,2.57939,0.907395
duration,24,4,seasonal_naive_daily,21,3850,2.58807,0.913581
duration,24,4,seasonal_naive_daily,22,3850,2.62229,0.924451
duration,24,4,seasonal_naive_daily,23,3850,2.65225,0.932276
duration,24,4,seasonal_naive_weekly,0,3850,3.48413,1.13023
duration,24,4,seasonal_naive_weekly,1,3850,3.45786,1.12725
duration,24,4,seasonal_naive_weekly,2,3850,3.47481,1.13391
duration,24,4,seasonal_naive_weekly,3,3850,3.44799,1.12805
duration,24,4,seasonal_naive_weekly,4,3850,3.44548,1.12483
duration,24,4,seasonal_naive_weekly,5,3850,3.45781,1.12742
duration,24,4,seasonal_naive_weekly,6,3850,3.41881,1.12203
duration,24,4,seasonal_naive_weekly,7,3850,3.20537,1.06723
duration,24,4,seasonal_naive_weekly,8,3850,3.03606,1.02764
duration,24,4,seasonal_naive_weekly,9,3850,3.13621,1.07034
duration,24,4,seasonal_naive_weekly,10,3850,3.2058,1.0819
duration,24,4,seasonal_naive_weekly,11,3850,3.17041,1.08147
duration,24,4,seasonal_naive_weekly,12,3850,3.17335,1.08377
duration,24,4,seasonal_naive_weekly,13,3850,3.14279,1.07749
duration,24,4,seasonal_naive_weekly,14,3850,3.14422,1.08027
duration,24,4,seasonal_naive_weekly,15,3850,3.12132,1.06992
duration,24,4,seasonal_naive_weekly,16,3850,3.03636,1.0409
duration,24,4,seasonal_naive_weekly,17,3850,3.13665,1.07806
duration,24,4,seasonal_naive_weekly,18,3850,3.14636,1.06045
duration,24,4,seasonal_naive_weekly,19,3850,3.12409,1.0528
duration,24,4,seasonal_naive_weekly,20,3850,3.10831,1.05839
duration,24,4,seasonal_naive_weekly,21,3850,3.14063,1.06162
duration,24,4,seasonal_naive_weekly,22,3850,3.20247,1.06639
duration,24,4,seasonal_naive_weekly,23,3850,3.24879,1.07844
duration,24,4,autoregressive,0,3850,2.49024,0.856107
duration,24,4,autoregressive,1,3850,2.51557,0.861751
duration,24,4,autoregressive,2,3850,2.51657,0.860463
duration,24,4,autoregressive,3,3850,2.50549,0.856103
duration,24,4,autoregressive,4,3850,2.50911,0.858871
duration,24,4,autoregressive,5,3850,2.49188,0.85369
duration,24,4,autoregressive,6,3850,2.48527,0.846836
duration,24,4,autoregressive,7,3850,2.49249,0.838208
duration,24,4,autoregressive,8,3850,2.77633,0.879213
duration,24,4,autoregressive,9,3850,3.05696,0.958376
duration,24,4,autoregressive,10,3850,3.01999,0.959895
duration,24,4,autoregressive,11,3850,2.95223,0.948204
duration,24,4,autoregressive,12,3850,2.86847,0.927371
duration,24,4,autoregressive,13,3850,2.78603,0.901933
duration,24,4,autoregressive,14,3850,2.78178,0.898968
duration,24,4,autoregressive,15,3850,2.76661,0.899851
duration,24,4,autoregressive,16,3850,2.67244,0.870315
duration,24,4,autoregressive,17,3850,2.68757,0.881733
duration,24,4,autoregressive,18,3850,2.51994,0.831902
duration,24,4,autoregressive,19,3850,2.34898,0.802936
duration,24,4,autoregressive,20,3850,2.28329,0.798934
duration,24,4,autoregressive,21,3850,2.29735,0.804191
duration,24,4,autoregressive,22,3850,2.32495,0.812599
duration,24,4,autoregressive,23,3850,2.40371,0.834591
duration,24,4,zone_ridge,0,3850,2.54272,0.863407
duration,24,4,zone_ridge,1,3850,2.56702,0.872007
duration,24,4,zone_ridge,2,3850,2.56114,0.873717
duration,24,4,zone_ridge,3,3850,2.55084,0.871706
duration,24,4,zone_ridge,4,3850,2.56984,0.877658
duration,24,4,zone_ridge,5,3850,2.61099,0.884934
duration,24,4,zone_ridge,6,3850,2.61751,0.882515
duration,24,4,zone_ridge,7,3850,2.52973,0.859545
duration,24,4,zone_ridge,8,3850,2.56432,0.845841
duration,24,4,zone_ridge,9,3850,2.80901,0.906424
duration,24,4,zone_ridge,10,3850,2.75038,0.899231
duration,24,4,zone_ridge,11,3850,2.63107,0.875124
duration,24,4,zone_ridge,12,3850,2.58194,0.862735
duration,24,4,zone_ridge,13,3850,2.52276,0.845769
duration,24,4,zone_ridge,14,3850,2.50876,0.843141
duration,24,4,zone_ridge,15,3850,2.53576,0.849681
duration,24,4,zone_ridge,16,3850,2.46412,0.82366
duration,24,4,zone_ridge,17,3850,2.5455,0.848424
duration,24,4,zone_ridge,18,3850,2.39777,0.80347
duration,24,4,zone_ridge,19,3850,2.28672,0.795809
duration,24,4,zone_ridge,20,3850,2.30294,0.808725
duration,24,4,zone_ridge,21,3850,2.3633,0.818026
duration,24,4,zone_ridge,22,3850,2.41703,0.828768
duration,24,4,zone_ridge,23,3850,2.48743,0.848421
duration,24,4,zone_gbm,0,3850,2.70162,0.936077
duration,24,4,zone_gbm,1,3850,2.76429,0.954138
duration,24,4,zone_gbm,2,3850,2.74291,0.949515
duration,24,4,zone_gbm,3,3850,2.73552,0.947839
duration,24,4,zone_gbm,4,3850,2.73519,0.949524
duration,24,4,zone_gbm,5,3850,2.72696,0.94474
duration,24,4,zone_gbm,6,3850,2.66642,0.926276
duration,24,4,zone_gbm,7,3850,2.62105,0.906521
duration,24,4,zone_gbm,8,3850,2.45336,0.852821
duration,24,4,zone_gbm,9,3850,2.38811,0.843702
duration,24,4,zone_gbm,10,3850,2.39311,0.847297
duration,24,4,zone_gbm,11,3850,2.40418,0.848364
duration,24,4,zone_gbm,12,3850,2.4258,0.859961
duration,24,4,zone_gbm,13,3850,2.42759,0.860887
duration,24,4,zone_gbm,14,3850,2.47564,0.872257
duration,24,4,zone_gbm,15,3850,2.49353,0.868144
duration,24,4,zone_gbm,16,3850,2.38857,0.836866
duration,24,4,zone_gbm,17,3850,2.4554,0.859987
duration,24,4,zone_gbm,18,3850,2.40192,0.834654
duration,24,4,zone_gbm,19,3850,2.5669,0.884771
duration,24,4,zone_gbm,20,3850,2.50385,0.885882
duration,24,4,zone_gbm,21,3850,2.52764,0.895913
duration,24,4,zone_gbm,22,3850,2.56343,0.90519
duration,24,4,zone_gbm,23,3850,2.6063,0.918598
duration,24,4,global_ridge,0,3850,2.51745,0.875635
duration,24,4,global_ridge,1,3850,2.52017,0.877689
duration,24,4,global_ridge,2,3850,2.5139,0.879667
duration,24,4,global_ridge,3,3850,2.50616,0.874713
duration,24,4,global_ridge,4,3850,2.49183,0.872609
duration,24,4,global_ridge,5,3850,2.49067,0.870894
duration,24,4,global_ridge,6,3850,2.46504,0.864358
duration,24,4,global_ridge,7,3850,2.41059,0.837902
duration,24,4,global_ridge,8,3850,2.72412,0.87677
duration,24,4,global_ridge,9,3850,3.0572,0.965253
duration,24,4,global_ridge,10,3850,3.00512,0.958771
duration,24,4,global_ridge,11,3850,2.92427,0.949548
duration,24,4,global_ridge,12,3850,2.86856,0.941426
duration,24,4,global_ridge,13,3850,2.81804,0.923047
duration,24,4,global_ridge,14,3850,2.79883,0.911524
duration,24,4,global_ridge,15,3850,2.79193,0.906788
duration,24,4,global_ridge,16,3850,2.71617,0.888914
duration,24,4,global_ridge,17,3850,2.70731,0.885329
duration,24,4,global_ridge,18,3850,2.52785,0.828686
duration,24,4,global_ridge,19,3850,2.32706,0.80069
duration,24,4,global_ridge,20,3850,2.25544,0.793
duration,24,4,global_ridge,21,3850,2.24527,0.792038
duration,24,4,global_ridge,22,3850,2.30539,0.808564
duration,24,4,global_ridge,23,3850,2.40204,0.837213
duration,24,4,global_gbm,0,3850,2.4901,0.862054
duration,24,4,global_gbm,1,3850,2.49207,0.864708
duration,24,4,global_gbm,2,3850,2.4766,0.863175
duration,24,4,global_gbm,3,3850,2.45871,0.857604
duration,24,4,global_gbm,4,3850,2.45987,0.859629
duration,24,4,global_gbm,5,3850,2.48893,0.864441
duration,24,4,global_gbm,6,3850,2.41511,0.84741
duration,24,4,global_gbm,7,3850,2.3577,0.83116
duration,24,4,global_gbm,8,3850,2.23317,0.798964
duration,24,4,global_gbm,9,3850,2.31724,0.834958
duration,24,4,global_gbm,10,3850,2.35683,0.857527
duration,24,4,global_gbm,11,3850,2.41656,0.86879
duration,24,4,global_gbm,12,3850,2.34355,0.851203
duration,24,4,global_gbm,13,3850,2.32528,0.835616
duration,24,4,global_gbm,14,3850,2.33156,0.831642
duration,24,4,global_gbm,15,3850,2.35776,0.835972
duration,24,4,global_gbm,16,3850,2.27193,0.809496
duration,24,4,global_gbm,17,3850,2.3334,0.831813
duration,24,4,global_gbm,18,3850,2.27036,0.800664
duration,24,4,global_gbm,19,3850,2.3664,0.820711
duration,24,4,global_gbm,20,3850,2.37331,0.822497
duration,24,4,global_gbm,21,3850,2.34786,0.821982
duration,24,4,global_gbm,22,3850,2.38033,0.834792
duration,24,4,global_gbm,23,3850,2.43463,0.853239
duration,24,5,last_observation,0,3850,2.49506,0.772279
duration,24,5,last_observation,1,3850,2.25502,0.721726
duration,24,5,last_observation,2,3850,2.23602,0.715461
duration,24,5,last_observation,3,3850,2.24831,0.719739
duration,24,5,last_observation,4,3850,2.23983,0.717435
duration,24,5,last_observation,5,3850,2.23167,0.713414
duration,24,5,last_observation,6,3850,2.23905,0.712911
duration,24,5,last_observation,7,3850,2.15041,0.691243
duration,24,5,last_observation,8,3850,2.08838,0.671112
duration,24,5,last_observation,9,3850,2.10755,0.676065
duration,24,5,last_observation,10,3850,2.09963,0.676929
duration,24,5,last_observation,11,3850,2.06017,0.663983
duration,24,5,last_observation,12,3850,2.0858,0.665875
duration,24,5,last_observation,13,3850,2.03186,0.658928
duration,24,5,last_observation,14,3850,1.95623,0.632553
duration,24,5,last_observation,15,3850,1.96052,0.638822
duration,24,5,last_observation,16,3850,1.96552,0.632139
duration,24,5,last_observation,17,3850,1.95219,0.621302
duration,24,5,last_observation,18,3850,1.92926,0.614414
duration,24,5,last_observation,19,3850,1.9474,0.632166
duration,24,5,last_observation,20,3850,2.09006,0.674049
duration,24,5,last_observation,21,3850,2.09905,0.666338
duration,24,5,last_observation,22,3850,2.19682,0.689781
duration,24,5,last_observation,23,3850,2.15723,0.681784
duration,24,5,seasonal_naive_daily,0,3850,2.49506,0.772279
duration,24,5,seasonal_naive_daily,1,3850,2.25502,0.721726
duration,24,5,seasonal_naive_daily,2,3850,2.23602,0.715461
duration,24,5,seasonal_naive_daily,3,3850,2.24831,0.719739
duration,24,5,seasonal_naive_daily,4,3850,2.23983,0.717435
duration,24,5,seasonal_naive_daily,5,3850,2.23167,0.713414
duration,24,5,seasonal_naive_daily,6,3850,2.23905,0.712911
duration,24,5,seasonal_naive_daily,7,3850,2.15041,0.691243
duration,24,5,seasonal_naive_daily,8,3850,2.08838,0.671112
duration,24,5,seasonal_naive_daily,9,3850,2.10755,0.676065
duration,24,5,seasonal_naive_daily,10,3850,2.09963,0.676929
duration,24,5,seasonal_naive_daily,11,3850,2.06017,0.663983
duration,24,5,seasonal_naive_daily,12,3850,2.0858,0.665875
duration,24,5,seasonal_naive_daily,13,3850,2.03186,0.658928
duration,24,5,seasonal_naive_daily,14,3850,1.95623,0.632553
duration,24,5,seasonal_naive_daily,15,3850,1.96052,0.638822
duration,24,5,seasonal_naive_daily,16,3850,1.96552,0.632139
duration,24,5,seasonal_naive_daily,17,3850,1.95219,0.621302
duration,24,5,seasonal_naive_daily,18,3850,1.92926,0.614414
duration,24,5,seasonal_naive_daily,19,3850,1.9474,0.632166
duration,24,5,seasonal_naive_daily,20,3850,2.09006,0.674049
duration,24,5,seasonal_naive_daily,21,3850,2.09905,0.666338
duration,24,5,seasonal_naive_daily,22,3850,2.19682,0.689781
duration,24,5,seasonal_naive_daily,23,3850,2.15723,0.681784
duration,24,5,seasonal_naive_weekly,0,3850,5.04963,1.40976
duration,24,5,seasonal_naive_weekly,1,3850,5.55203,1.5242
duration,24,5,seasonal_naive_weekly,2,3850,5.43807,1.49532
duration,24,5,seasonal_naive_weekly,3,3850,5.44487,1.49888
duration,24,5,seasonal_naive_weekly,4,3850,5.47424,1.50605
duration,24,5,seasonal_naive_weekly,5,3850,5.46154,1.49975
duration,24,5,seasonal_naive_weekly,6,3850,5.50009,1.50629
duration,24,5,seasonal_naive_weekly,7,3850,4.75355,1.33945
duration,24,5,seasonal_naive_weekly,8,3850,3.79838,1.167
duration,24,5,seasonal_naive_weekly,9,3850,3.96812,1.24965
duration,24,5,seasonal_naive_weekly,10,3850,3.85093,1.22192
duration,24,5,seasonal_naive_weekly,11,3850,3.83864,1.21461
duration,24,5,seasonal_naive_weekly,12,3850,3.91069,1.23027
duration,24,5,seasonal_naive_weekly,13,3850,3.94881,1.24386
duration,24,5,seasonal_naive_weekly,14,3850,3.84357,1.20253
duration,24,5,seasonal_naive_weekly,15,3850,3.77916,1.17929
duration,24,5,seasonal_naive_weekly,16,3850,3.71368,1.15688
duration,24,5,seasonal_naive_weekly,17,3850,3.65483,1.13301
duration,24,5,seasonal_naive_weekly,18,3850,3.56108,1.08805
duration,24,5,seasonal_naive_weekly,19,3850,3.95061,1.15572
duration,24,5,seasonal_naive_weekly,20,3850,4.38361,1.23683
duration,24,5,seasonal_naive_weekly,21,3850,4.61145,1.27463
duration,24,5,seasonal_naive_weekly,22,3850,4.84431,1.32413
duration,24,5,seasonal_naive_weekly,23,3850,5.14686,1.39535
duration,24,5,autoregressive,0,3850,2.58868,0.817263
duration,24,5,autoregressive,1,3850,2.62723,0.836955
duration,24,5,autoregressive,2,3850,2.58755,0.828301
duration,24,5,autoregressive,3,3850,2.58565,0.827485
duration,24,5,autoregressive,4,3850,2.57639,0.825448
duration,24,5,autoregressive,5,3850,2.57039,0.823261
duration,24,5,autoregressive,6,3850,2.53726,0.811573
duration,24,5,autoregressive,7,3850,2.42023,0.789376
duration,24,5,autoregressive,8,3850,2.449,0.792388
duration,24,5,autoregressive,9,3850,2.49339,0.802502
duration,24,5,autoregressive,10,3850,2.52973,0.808788
duration,24,5,autoregressive,11,3850,2.57032,0.815913
duration,24,5,autoregressive,12,3850,2.61018,0.826995
duration,24,5,autoregressive,13,3850,2.52628,0.810384
duration,24,5,autoregressive,14,3850,2.61884,0.832219
duration,24,5,autoregressive,15,3850,2.59678,0.828203
duration,24,5,autoregressive,16,3850,2.56217,0.816056
duration,24,5,autoregressive,17,3850,2.53393,0.810621
duration,24,5,autoregressive,18,3850,2.44315,0.7887
duration,24,5,autoregressive,19,3850,2.44438,0.796113
duration,24,5,autoregressive,20,3850,2.45051,0.789323
duration,24,5,autoregressive,21,3850,2.48256,0.791136
duration,24,5,autoregressive,22,3850,2.49917,0.79052
duration,24,5,autoregressive,23,3850,2.5579,0.808058
duration,24,5,zone_ridge,0,3850,3.19457,0.932068
duration,24,5,zone_ridge,1,3850,3.37693,0.980467
duration,24,5,zone_ridge,2,3850,3.37017,0.978933
duration,24,5,zone_ridge,3,3850,3.3319,0.970753
duration,24,5,zone_ridge,4,3850,3.2631,0.956251
duration,24,5,zone_ridge,5,3850,3.17964,0.941401
duration,24,5,zone_ridge,6,3850,3.07461,0.916504
duration,24,5,zone_ridge,7,3850,2.89853,0.880708
duration,24,5,zone_ridge,8,3850,2.7562,0.850706
duration,24,5,zone_ridge,9,3850,2.70804,0.845231
duration,24,5,zone_ridge,10,3850,2.66235,0.836621
duration,24,5,zone_ridge,11,3850,2.64692,0.832551
duration,24,5,zone_ridge,12,3850,2.72008,0.853578
duration,24,5,zone_ridge,13,3850,2.65483,0.83888
duration,24,5,zone_ridge,14,3850,2.68985,0.845725
duration,24,5,zone_ridge,15,3850,2.64705,0.831668
duration,24,5,zone_ridge,16,3850,2.62345,0.815735
duration,24,5,zone_ridge,17,3850,2.63456,0.808491
duration,24,5,zone_ridge,18,3850,2.59967,0.794614
duration,24,5,zone_ridge,19,3850,2.67723,0.816131
duration,24,5,zone_ridge,20,3850,2.78846,0.828106
duration,24,5,zone_ridge,21,3850,2.86405,0.837668
duration,24,5,zone_ridge,22,3850,2.97073,0.855152
duration,24,5,zone_ridge,23,3850,3.09446,0.885563
duration,24,5,zone_gbm,0,3850,3.11422,1.00309
duration,24,5,zone_gbm,1,3850,3.22814,1.04472
duration,24,5,zone_gbm,2,3850,3.18033,1.0339
duration,24,5,zone_gbm,3,3850,3.18177,1.03279
duration,24,5,zone_gbm,4,3850,3.17172,1.02614
duration,24,5,zone_gbm,5,3850,3.18626,1.03146
duration,24,5,zone_gbm,6,3850,3.18006,1.02456
duration,24,5,zone_gbm,7,3850,2.93069,0.961935
duration,24,5,zone_gbm,8,3850,2.86127,0.945909
duration,24,5,zone_gbm,9,3850,2.89613,0.963812
duration,24,5,zone_gbm,10,3850,2.91862,0.962179
duration,24,5,zone_gbm,11,3850,2.96724,0.971981
duration,24,5,zone_gbm,12,3850,3.10781,1.00518
duration,24,5,zone_gbm,13,3850,3.04814,0.99429
duration,24,5,zone_gbm,14,3850,3.11693,1.0068
duration,24,5,zone_gbm,15,3850,3.06497,0.991593
duration,24,5,zone_gbm,16,3850,2.95819,0.959363
duration,24,5,zone_gbm,17,3850,2.9169,0.941829
duration,24,5,zone_gbm,18,3850,2.83269,0.917719
duration,24,5,zone_gbm,19,3850,2.99414,0.963466
duration,24,5,zone_gbm,20,3850,3.01104,0.961104
duration,24,5,zone_gbm,21,3850,2.97525,0.951713
duration,24,5,zone_gbm,22,3850,2.97558,0.957075
duration,24,5,zone_gbm,23,3850,2.97553,0.964637
duration,24,5,global_ridge,0,3850,2.55355,0.801097
duration,24,5,global_ridge,1,3850,2.5494,0.810203
duration,24,5,global_ridge,2,3850,2.53718,0.812365
duration,24,5,global_ridge,3,3850,2.51738,0.803364
duration,24,5,global_ridge,4,3850,2.50433,0.795865
duration,24,5,global_ridge,5,3850,2.49897,0.790507
duration,24,5,global_ridge,6,3850,2.44505,0.77377
duration,24,5,global_ridge,7,3850,2.27526,0.735087
duration,24,5,global_ridge,8,3850,2.20728,0.708369
duration,24,5,global_ridge,9,3850,2.26216,0.720313
duration,24,5,global_ridge,10,3850,2.2501,0.720383
duration,24,5,global_ridge,11,3850,2.23891,0.717167
duration,24,5,global_ridge,12,3850,2.2636,0.723454
duration,24,5,global_ridge,13,3850,2.19867,0.709905
duration,24,5,global_ridge,14,3850,2.18439,0.690761
duration,24,5,global_ridge,15,3850,2.17346,0.690202
duration,24,5,global_ridge,16,3850,2.15673,0.682411
duration,24,5,global_ridge,17,3850,2.1357,0.672744
duration,24,5,global_ridge,18,3850,2.05844,0.656261
duration,24,5,global_ridge,19,3850,2.07906,0.666589
duration,24,5,global_ridge,20,3850,2.19309,0.695576
duration,24,5,global_ridge,21,3850,2.22703,0.696605
duration,24,5,global_ridge,22,3850,2.32307,0.720328
duration,24,5,global_ridge,23,3850,2.38357,0.740386
duration,24,5,global_gbm,0,3850,2.55792,0.776798
duration,24,5,global_gbm,1,3850,2.48254,0.771694
duration,24,5,global_gbm,2,3850,2.45466,0.763518
duration,24,5,global_gbm,3,3850,2.4661,0.764374
duration,24,5,global_gbm,4,3850,2.47198,0.765333
duration,24,5,global_gbm,5,3850,2.47137,0.763911
duration,24,5,global_gbm,6,3850,2.45366,0.758906
duration,24,5,global_gbm,7,3850,2.28284,0.720817
duration,24,5,global_gbm,8,3850,2.13035,0.684583
duration,24,5,global_gbm,9,3850,2.18446,0.700595
duration,24,5,global_gbm,10,3850,2.16665,0.695259
duration,24,5,global_gbm,11,3850,2.17503,0.689694
duration,24,5,global_gbm,12,3850,2.20682,0.69602
duration,24,5,global_gbm,13,3850,2.13729,0.685891
duration,24,5,global_gbm,14,3850,2.11282,0.677125
duration,24,5,global_gbm,15,3850,2.07607,0.670493
duration,24,5,global_gbm,16,3850,2.04712,0.659333
duration,24,5,global_gbm,17,3850,2.07078,0.661832
duration,24,5,global_gbm,18,3850,2.03088,0.64888
duration,24,5,global_gbm,19,3850,2.08607,0.66651
duration,24,5,global_gbm,20,3850,2.20573,0.690055
duration,24,5,global_gbm,21,3850,2.22979,0.688967
duration,24,5,global_gbm,22,3850,2.31897,0.708505
duration,24,5,global_gbm,23,3850,2.33799,0.71681
duration,24,6,last_observation,0,3850,2.25747,0.743443
duration,24,6,last_observation,1,3850,2.19433,0.737576
duration,24,6,last_observation,2,3850,2.21963,0.743846
duration,24,6,last_observation,3,3850,2.2263,0.740441
duration,24,6,last_observation,4,3850,2.20773,0.736499
duration,24,6,last_observation,5,3850,2.27639,0.768092
duration,24,6,last_observation,6,3850,2.25684,0.75663
duration,24,6,last_observation,7,3850,2.55481,0.818133
duration,24,6,last_observation,8,3850,2.90671,0.876551
duration,24,6,last_observation,9,3850,2.9618,0.897317
duration,24,6,last_observation,10,3850,2.87699,0.891536
duration,24,6,last_observation,11,3850,2.81312,0.879644
duration,24,6,last_observation,12,3850,2.80955,0.876588
duration,24,6,last_observation,13,3850,3.00316,0.946482
duration,24,6,last_observation,14,3850,3.04251,0.954912
duration,24,6,last_observation,15,3850,2.91318,0.914129
duration,24,6,last_observation,16,3850,2.8889,0.909278
duration,24,6,last_observation,17,3850,2.93677,0.92246
duration,24,6,last_observation,18,3850,2.83667,0.893911
duration,24,6,last_observation,19,3850,2.50143,0.815484
duration,24,6,last_observation,20,3850,2.31797,0.771443
duration,24,6,last_observation,21,3850,2.23729,0.744197
duration,24,6,last_observation,22,3850,2.22368,0.747817
duration,24,6,last_observation,23,3850,2.23188,0.751766
duration,24,6,seasonal_naive_daily,0,3850,2.25747,0.743443
duration,24,6,seasonal_naive_daily,1,3850,2.19433,0.737576
duration,24,6,seasonal_naive_daily,2,3850,2.21963,0.743846
duration,24,6,seasonal_naive_daily,3,3850,2.2263,0.740441
duration,24,6,seasonal_naive_daily,4,3850,2.20773,0.736499
duration,24,6,seasonal_naive_daily,5,3850,2.27639,0.768092
duration,24,6,seasonal_naive_daily,6,3850,2.25684,0.75663
duration,24,6,seasonal_naive_daily,7,3850,2.55481,0.818133
duration,24,6,seasonal_naive_daily,8,3850,2.90671,0.876551
duration,24,6,seasonal_naive_daily,9,3850,2.9618,0.897317
duration,24,6,seasonal_naive_daily,10,3850,2.87699,0.891536
duration,24,6,seasonal_naive_daily,11,3850,2.81312,0.879644
duration,24,6,seasonal_naive_daily,12,3850,2.80955,0.876588
duration,24,6,seasonal_naive_daily,13,3850,3.00316,0.946482
duration,24,6,seasonal_naive_daily,14,3850,3.04251,0.954912
duration,24,6,seasonal_naive_daily,15,3850,2.91318,0.914129
duration,24,6,seasonal_naive_daily,16,3850,2.8889,0.909278
duration,24,6,seasonal_naive_daily,17,3850,2.93677,0.92246
duration,24,6,seasonal_naive_daily,18,3850,2.83667,0.893911
duration,24,6,seasonal_naive_daily,19,3850,2.50143,0.815484
duration,24,6,seasonal_naive_daily,20,3850,2.31797,0.771443
duration,24,6,seasonal_naive_daily,21,3850,2.23729,0.744197
duration,24,6,seasonal_naive_daily,22,3850,2.22368,0.747817
duration,24,6,seasonal_naive_daily,23,3850,2.23188,0.751766
duration,24,6,seasonal_naive_weekly,0,3850,3.84513,1.20028
duration,24,6,seasonal_naive_weekly,1,3850,3.84597,1.21087
duration,24,6,seasonal_naive_weekly,2,3850,3.81519,1.20123
duration,24,6,seasonal_naive_weekly,3,3850,3.79608,1.19557
duration,24,6,seasonal_naive_weekly,4,3850,3.77511,1.18956
duration,24,6,seasonal_naive_weekly,5,3850,3.82894,1.2043
duration,24,6,seasonal_naive_weekly,6,3850,3.83597,1.20679
duration,24,6,seasonal_naive_weekly,7,3850,3.73368,1.19184
duration,24,6,seasonal_naive_weekly,8,3850,3.56779,1.14769
duration,24,6,seasonal_naive_weekly,9,3850,3.58284,1.15462
duration,24,6,seasonal_naive_weekly,10,3850,3.51154,1.1441
duration,24,6,seasonal_naive_weekly,11,3850,3.44883,1.12747
duration,24,6,seasonal_naive_weekly,12,3850,3.44903,1.12896
duration,24,6,seasonal_naive_weekly,13,3850,3.47229,1.13983
duration,24,6,seasonal_naive_weekly,14,3850,3.47279,1.13175
duration,24,6,seasonal_naive_weekly,15,3850,3.30379,1.07526
duration,24,6,seasonal_naive_weekly,16,3850,3.24006,1.05373
duration,24,6,seasonal_naive_weekly,17,3850,3.2345,1.05117
duration,24,6,seasonal_naive_weekly,18,3850,3.20753,1.04866
duration,24,6,seasonal_naive_weekly,19,3850,3.2237,1.07115
duration,24,6,seasonal_naive_weekly,20,3850,3.20697,1.06687
duration,24,6,seasonal_naive_weekly,21,3850,3.23158,1.06581
duration,24,6,seasonal_naive_weekly,22,3850,3.31338,1.08498
duration,24,6,seasonal_naive_weekly,23,3850,3.38426,1.10042
duration,24,6,autoregressive,0,3850,2.30389,0.796256
duration,24,6,autoregressive,1,3850,2.25148,0.789634
duration,24,6,autoregressive,2,3850,2.2645,0.792467
duration,24,6,autoregressive,3,3850,2.26438,0.788952
duration,24,6,autoregressive,4,3850,2.24295,0.783783
duration,24,6,autoregressive,5,3850,2.27915,0.792188
duration,24,6,autoregressive,6,3850,2.33062,0.799804
duration,24,6,autoregressive,7,3850,2.48989,0.827006
duration,24,6,autoregressive,8,3850,2.85521,0.890906
duration,24,6,autoregressive,9,3850,3.05359,0.949777
duration,24,6,autoregressive,10,3850,3.00235,0.954571
duration,24,6,autoregressive,11,3850,2.93754,0.941554
duration,24,6,autoregressive,12,3850,2.9605,0.946796
duration,24,6,autoregressive,13,3850,3.0154,0.968658
duration,24,6,autoregressive,14,3850,3.10916,0.991086
duration,24,6,autoregressive,15,3850,2.99097,0.954896
duration,24,6,autoregressive,16,3850,2.97532,0.95026
duration,24,6,autoregressive,17,3850,2.96915,0.94399
duration,24,6,autoregressive,18,3850,2.80386,0.904995
duration,24,6,autoregressive,19,3850,2.47076,0.843517
duration,24,6,autoregressive,20,3850,2.27269,0.795902
duration,24,6,autoregressive,21,3850,2.21338,0.773252
duration,24,6,autoregressive,22,3850,2.22153,0.775465
duration,24,6,autoregressive,23,3850,2.23743,0.779614
duration,24,6,zone_ridge,0,3850,2.6799,0.896084
duration,24,6,zone_ridge,1,3850,2.61628,0.891477
duration,24,6,zone_ridge,2,3850,2.631,0.896542
duration,24,6,zone_ridge,3,3850,2.62984,0.892023
duration,24,6,zone_ridge,4,3850,2.61129,0.884907
duration,24,6,zone_ridge,5,3850,2.66009,0.891004
duration,24,6,zone_ridge,6,3850,2.72633,0.896728
duration,24,6,zone_ridge,7,3850,2.70231,0.88617
duration,24,6,zone_ridge,8,3850,2.65452,0.860916
duration,24,6,zone_ridge,9,3850,2.75212,0.88728
duration,24,6,zone_ridge,10,3850,2.67096,0.881268
duration,24,6,zone_ridge,11,3850,2.51309,0.846534
duration,24,6,zone_ridge,12,3850,2.50374,0.842412
duration,24,6,zone_ridge,13,3850,2.56353,0.862367
duration,24,6,zone_ridge,14,3850,2.59803,0.870387
duration,24,6,zone_ridge,15,3850,2.51741,0.84148
duration,24,6,zone_ridge,16,3850,2.50637,0.837923
duration,24,6,zone_ridge,17,3850,2.56072,0.846606
duration,24,6,zone_ridge,18,3850,2.45851,0.822421
duration,24,6,zone_ridge,19,3850,2.37411,0.814825
duration,24,6,zone_ridge,20,3850,2.39259,0.81253
duration,24,6,zone_ridge,21,3850,2.43985,0.816286
duration,24,6,zone_ridge,22,3850,2.52058,0.838555
duration,24,6,zone_ridge,23,3850,2.57811,0.857829
duration,24,6,zone_gbm,0,3850,2.76918,0.975636
duration,24,6,zone_gbm,1,3850,2.76111,0.98234
duration,24,6,zone_gbm,2,3850,2.78862,0.991899
duration,24,6,zone_gbm,3,3850,2.8099,0.995078
duration,24,6,zone_gbm,4,3850,2.76881,0.986262
duration,24,6,zone_gbm,5,3850,2.75623,0.982846
duration,24,6,zone_gbm,6,3850,2.71856,0.969537
duration,24,6,zone_gbm,7,3850,2.67894,0.941436
duration,24,6,zone_gbm,8,3850,2.60863,0.911088
duration,24,6,zone_gbm,9,3850,2.55467,0.913461
duration,24,6,zone_gbm,10,3850,2.54348,0.915384
duration,24,6,zone_gbm,11,3850,2.50205,0.899048
duration,24,6,zone_gbm,12,3850,2.46189,0.885518
duration,24,6,zone_gbm,13,3850,2.48975,0.890587
duration,24,6,zone_gbm,14,3850,2.53665,0.896577
duration,24,6,zone_gbm,15,3850,2.47456,0.874581
duration,24,6,zone_gbm,16,3850,2.46976,0.868654
duration,24,6,zone_gbm,17,3850,2.52777,0.879569
duration,24,6,zone_gbm,18,3850,2.51275,0.873257
duration,24,6,zone_gbm,19,3850,2.53944,0.895093
duration,24,6,zone_gbm,20,3850,2.47242,0.884656
duration,24,6,zone_gbm,21,3850,2.48736,0.88809
duration,24,6,zone_gbm,22,3850,2.53769,0.906863
duration,24,6,zone_gbm,23,3850,2.62263,0.933968
duration,24,6,global_ridge,0,3850,2.22273,0.745684
duration,24,6,global_ridge,1,3850,2.17077,0.740467
duration,24,6,global_ridge,2,3850,2.16221,0.741177
duration,24,6,global_ridge,3,3850,2.16322,0.736944
duration,24,6,global_ridge,4,3850,2.14202,0.731309
duration,24,6,global_ridge,5,3850,2.21295,0.759013
duration,24,6,global_ridge,6,3850,2.23114,0.756536
duration,24,6,global_ridge,7,3850,2.36817,0.784497
duration,24,6,global_ridge,8,3850,2.66447,0.826079
duration,24,6,global_ridge,9,3850,2.87728,0.873695
duration,24,6,global_ridge,10,3850,2.77546,0.862696
duration,24,6,global_ridge,11,3850,2.69651,0.862369
duration,24,6,global_ridge,12,3850,2.7084,0.865684
duration,24,6,global_ridge,13,3850,2.87237,0.921269
duration,24,6,global_ridge,14,3850,2.92427,0.933994
duration,24,6,global_ridge,15,3850,2.82948,0.902652
duration,24,6,global_ridge,16,3850,2.79586,0.893386
duration,24,6,global_ridge,17,3850,2.83212,0.897001
duration,24,6,global_ridge,18,3850,2.65128,0.852828
duration,24,6,global_ridge,19,3850,2.2999,0.782796
duration,24,6,global_ridge,20,3850,2.16091,0.742026
duration,24,6,global_ridge,21,3850,2.11213,0.724702
duration,24,6,global_ridge,22,3850,2.12098,0.723672
duration,24,6,global_ridge,23,3850,2.17103,0.736959
duration,24,6,global_gbm,0,3850,2.28386,0.76291
duration,24,6,global_gbm,1,3850,2.26078,0.761899
duration,24,6,global_gbm,2,3850,2.27711,0.761498
duration,24,6,global_gbm,3,3850,2.25474,0.756173
duration,24,6,global_gbm,4,3850,2.22456,0.748817
duration,24,6,global_gbm,5,3850,2.29284,0.768743
duration,24,6,global_gbm,6,3850,2.33424,0.776402
duration,24,6,global_gbm,7,3850,2.34124,0.786933
duration,24,6,global_gbm,8,3850,2.2943,0.775909
duration,24,6,global_gbm,9,3850,2.30484,0.793393
duration,24,6,global_gbm,10,3850,2.27585,0.797012
duration,24,6,global_gbm,11,3850,2.2404,0.789145
duration,24,6,global_gbm,12,3850,2.25767,0.792989
duration,24,6,global_gbm,13,3850,2.39925,0.837316
duration,24,6,global_gbm,14,3850,2.44498,0.850641
duration,24,6,global_gbm,15,3850,2.35964,0.816857
duration,24,6,global_gbm,16,3850,2.35321,0.812601
duration,24,6,global_gbm,17,3850,2.40601,0.819422
duration,24,6,global_gbm,18,3850,2.3626,0.79689
duration,24,6,global_gbm,19,3850,2.24603,0.769881
duration,24,6,global_gbm,20,3850,2.15124,0.738023
duration,24,6,global_gbm,21,3850,2.11643,0.72735
duration,24,6,global_gbm,22,3850,2.14526,0.736025
duration,24,6,global_gbm,23,3850,2.17609,0.742401
duration,24,7,last_observation,0,3850,2.19188,0.738746
duration,24,7,last_observation,1,3850,2.17788,0.734059
duration,24,7,last_observation,2,3850,2.30961,0.788406
duration,24,7,last_observation,3,3850,2.29593,0.779906
duration,24,7,last_observation,4,3850,2.25002,0.764926
duration,24,7,last_observation,5,3850,2.3169,0.785468
duration,24,7,last_observation,6,3850,2.27268,0.773714
duration,24,7,last_observation,7,3850,2.4805,0.801144
duration,24,7,last_observation,8,3850,2.70827,0.823597
duration,24,7,last_observation,9,3850,2.79719,0.852114
duration,24,7,last_observation,10,3850,2.71926,0.841948
duration,24,7,last_observation,11,3850,2.63708,0.829493
duration,24,7,last_observation,12,3850,2.68825,0.85212
duration,24,7,last_observation,13,3850,2.55762,0.808827
duration,24,7,last_observation,14,3850,2.5805,0.803729
duration,24,7,last_observation,15,3850,2.52537,0.798783
duration,24,7,last_observation,16,3850,2.49258,0.786499
duration,24,7,last_observation,17,3850,2.45818,0.772253
duration,24,7,last_observation,18,3850,2.40305,0.754965
duration,24,7,last_observation,19,3850,2.32009,0.744718
duration,24,7,last_observation,20,3850,2.22561,0.720305
duration,24,7,last_observation,21,3850,2.15232,0.704449
duration,24,7,last_observation,22,3850,2.09134,0.691843
duration,24,7,last_observation,23,3850,2.12641,0.706758
duration,24,7,seasonal_naive_daily,0,3850,2.19188,0.738746
duration,24,7,seasonal_naive_daily,1,3850,2.17788,0.734059
duration,24,7,seasonal_naive_daily,2,3850,2.30961,0.788406
duration,24,7,seasonal_naive_daily,3,3850,2.29593,0.779906
duration,24,7,seasonal_naive_daily,4,3850,2.25002,0.764926
duration,24,7,seasonal_naive_daily,5,3850,2.3169,0.785468
duration,24,7,seasonal_naive_daily,6,3850,2.27268,0.773714
duration,24,7,seasonal_naive_daily,7,3850,2.4805,0.801144
duration,24,7,seasonal_naive_daily,8,3850,2.70827,0.823597
duration,24,7,seasonal_naive_daily,9,3850,2.79719,0.852114
duration,24,7,seasonal_naive_daily,10,3850,2.71926,0.841948
duration,24,7,seasonal_naive_daily,11,3850,2.63708,0.829493
duration,24,7,seasonal_naive_daily,12,3850,2.68825,0.85212
duration,24,7,seasonal_naive_daily,13,3850,2.55762,0.808827
duration,24,7,seasonal_naive_daily,14,3850,2.5805,0.803729
duration,24,7,seasonal_naive_daily,15,3850,2.52537,0.798783
duration,24,7,seasonal_naive_daily,16,3850,2.49258,0.786499
duration,24,7,seasonal_naive_daily,17,3850,2.45818,0.772253
duration,24,7,seasonal_naive_daily,18,3850,2.40305,0.754965
duration,24,7,seasonal_naive_daily,19,3850,2.32009,0.744718
duration,24,7,seasonal_naive_daily,20,3850,2.22561,0.720305
duration,24,7,seasonal_naive_daily,21,3850,2.15232,0.704449
duration,24,7,seasonal_naive_daily,22,3850,2.09134,0.691843
duration,24,7,seasonal_naive_daily,23,3850,2.12641,0.706758
duration,24,7,seasonal_naive_weekly,0,3850,2.60355,0.964601
duration,24,7,seasonal_naive_weekly,1,3850,2.62054,0.966755
duration,24,7,seasonal_naive_weekly,2,3850,2.69236,0.988533
duration,24,7,seasonal_naive_weekly,3,3850,2.66558,0.978493
duration,24,7,seasonal_naive_weekly,4,3850,2.6321,0.970548
duration,24,7,seasonal_naive_weekly,5,3850,2.58526,0.94583
duration,24,7,seasonal_naive_weekly,6,3850,2.43353,0.900969
duration,24,7,seasonal_naive_weekly,7,3850,2.45742,0.905158
duration,24,7,seasonal_naive_weekly,8,3850,2.41816,0.897632
duration,24,7,seasonal_naive_weekly,9,3850,2.44247,0.914477
duration,24,7,seasonal_naive_weekly,10,3850,2.47926,0.921438
duration,24,7,seasonal_naive_weekly,11,3850,2.4795,0.921876
duration,24,7,seasonal_naive_weekly,12,3850,2.51667,0.933769
duration,24,7,seasonal_naive_weekly,13,3850,2.47186,0.917077
duration,24,7,seasonal_naive_weekly,14,3850,2.51716,0.922968
duration,24,7,seasonal_naive_weekly,15,3850,2.48532,0.915607
duration,24,7,seasonal_naive_weekly,16,3850,2.49567,0.913472
duration,24,7,seasonal_naive_weekly,17,3850,2.50853,0.909597
duration,24,7,seasonal_naive_weekly,18,3850,2.62348,0.939685
duration,24,7,seasonal_naive_weekly,19,3850,2.66463,0.957832
duration,24,7,seasonal_naive_weekly,20,3850,2.58323,0.938263
duration,24,7,seasonal_naive_weekly,21,3850,2.49483,0.917788
duration,24,7,seasonal_naive_weekly,22,3850,2.52353,0.931125
duration,24,7,seasonal_naive_weekly,23,3850,2.5642,0.946437
duration,24,7,autoregressive,0,3850,2.06103,0.719502
duration,24,7,autoregressive,1,3850,2.02877,0.715618
duration,24,7,autoregressive,2,3850,2.11716,0.744978
duration,24,7,autoregressive,3,3850,2.12814,0.743374
duration,24,7,autoregressive,4,3850,2.11565,0.739706
duration,24,7,autoregressive,5,3850,2.15366,0.750282
duration,24,7,autoregressive,6,3850,2.20209,0.75807
duration,24,7,autoregressive,7,3850,2.31715,0.766648
duration,24,7,autoregressive,8,3850,2.6027,0.810795
duration,24,7,autoregressive,9,3850,2.73887,0.854424
duration,24,7,autoregressive,10,3850,2.66774,0.844833
duration,24,7,autoregressive,11,3850,2.60185,0.834745
duration,24,7,autoregressive,12,3850,2.62929,0.849948
duration,24,7,autoregressive,13,3850,2.4683,0.801864
duration,24,7,autoregressive,14,3850,2.49765,0.802683
duration,24,7,autoregressive,15,3850,2.44112,0.796967
duration,24,7,autoregressive,16,3850,2.41163,0.785443
duration,24,7,autoregressive,17,3850,2.37763,0.767321
duration,24,7,autoregressive,18,3850,2.25395,0.735631
duration,24,7,autoregressive,19,3850,2.13379,0.713784
duration,24,7,autoregressive,20,3850,2.02462,0.688986
duration,24,7,autoregressive,21,3850,1.98441,0.681273
duration,24,7,autoregressive,22,3850,1.9733,0.679653
duration,24,7,autoregressive,23,3850,2.00731,0.692986
duration,24,7,zone_ridge,0,3850,2.2669,0.768344
duration,24,7,zone_ridge,1,3850,2.16772,0.75241
duration,24,7,zone_ridge,2,3850,2.22262,0.775575
duration,24,7,zone_ridge,3,3850,2.2236,0.770762
duration,24,7,zone_ridge,4,3850,2.21419,0.765818
duration,24,7,zone_ridge,5,3850,2.30821,0.778306
duration,24,7,zone_ridge,6,3850,2.44883,0.803403
duration,24,7,zone_ridge,7,3850,2.2722,0.762786
duration,24,7,zone_ridge,8,3850,2.30891,0.751352
duration,24,7,zone_ridge,9,3850,2.3971,0.78559
duration,24,7,zone_ridge,10,3850,2.36045,0.78339
duration,24,7,zone_ridge,11,3850,2.3073,0.779685
duration,24,7,zone_ridge,12,3850,2.35601,0.798213
duration,24,7,zone_ridge,13,3850,2.22934,0.761551
duration,24,7,zone_ridge,14,3850,2.2481,0.758481
duration,24,7,zone_ridge,15,3850,2.18002,0.745562
duration,24,7,zone_ridge,16,3850,2.13844,0.73383
duration,24,7,zone_ridge,17,3850,2.10482,0.715375
duration,24,7,zone_ridge,18,3850,2.06131,0.699205
duration,24,7,zone_ridge,19,3850,2.1297,0.714051
duration,24,7,zone_ridge,20,3850,2.13638,0.714754
duration,24,7,zone_ridge,21,3850,2.14282,0.717831
duration,24,7,zone_ridge,22,3850,2.19972,0.732472
duration,24,7,zone_ridge,23,3850,2.1969,0.742682
duration,24,7,zone_gbm,0,3850,2.12764,0.755711
duration,24,7,zone_gbm,1,3850,2.11615,0.756631
duration,24,7,zone_gbm,2,3850,2.18,0.781612
duration,24,7,zone_gbm,3,3850,2.16678,0.77695
duration,24,7,zone_gbm,4,3850,2.16012,0.773701
duration,24,7,zone_gbm,5,3850,2.1979,0.78239
duration,24,7,zone_gbm,6,3850,2.1802,0.779295
duration,24,7,zone_gbm,7,3850,2.15355,0.7582
duration,24,7,zone_gbm,8,3850,2.08712,0.736297
duration,24,7,zone_gbm,9,3850,2.06589,0.744384
duration,24,7,zone_gbm,10,3850,2.07358,0.745293
duration,24,7,zone_gbm,11,3850,2.05652,0.745799
duration,24,7,zone_gbm,12,3850,2.12432,0.765981
duration,24,7,zone_gbm,13,3850,2.02422,0.731169
duration,24,7,zone_gbm,14,3850,2.08227,0.735707
duration,24,7,zone_gbm,15,3850,2.07415,0.734847
duration,24,7,zone_gbm,16,3850,2.0617,0.730097
duration,24,7,zone_gbm,17,3850,2.08663,0.734581
duration,24,7,zone_gbm,18,3850,2.10659,0.734898
duration,24,7,zone_gbm,19,3850,2.171,0.753614
duration,24,7,zone_gbm,20,3850,2.12846,0.744837
duration,24,7,zone_gbm,21,3850,2.09895,0.73575
duration,24,7,zone_gbm,22,3850,2.12149,0.742305
duration,24,7,zone_gbm,23,3850,2.16018,0.759105
duration,24,7,global_ridge,0,3850,2.13691,0.743398
duration,24,7,global_ridge,1,3850,2.09345,0.736569
duration,24,7,global_ridge,2,3850,2.15221,0.766075
duration,24,7,global_ridge,3,3850,2.16933,0.76889
duration,24,7,global_ridge,4,3850,2.14555,0.763796
duration,24,7,global_ridge,5,3850,2.20856,0.780663
duration,24,7,global_ridge,6,3850,2.27572,0.797587
duration,24,7,global_ridge,7,3850,2.32937,0.793136
duration,24,7,global_ridge,8,3850,2.55878,0.813065
duration,24,7,global_ridge,9,3850,2.73622,0.8681
duration,24,7,global_ridge,10,3850,2.63116,0.847955
duration,24,7,global_ridge,11,3850,2.59854,0.87403
duration,24,7,global_ridge,12,3850,2.6505,0.899594
duration,24,7,global_ridge,13,3850,2.54101,0.870422
duration,24,7,global_ridge,14,3850,2.53958,0.864199
duration,24,7,global_ridge,15,3850,2.48675,0.850346
duration,24,7,global_ridge,16,3850,2.45342,0.833078
duration,24,7,global_ridge,17,3850,2.41037,0.810648
duration,24,7,global_ridge,18,3850,2.31864,0.787887
duration,24,7,global_ridge,19,3850,2.20552,0.775826
duration,24,7,global_ridge,20,3850,2.11594,0.739334
duration,24,7,global_ridge,21,3850,2.05971,0.721471
duration,24,7,global_ridge,22,3850,2.06315,0.721717
duration,24,7,global_ridge,23,3850,2.075,0.723039
duration,24,7,global_gbm,0,3850,1.97874,0.689078
duration,24,7,global_gbm,1,3850,1.95328,0.686831
duration,24,7,global_gbm,2,3850,2.04624,0.721017
duration,24,7,global_gbm,3,3850,2.02917,0.714498
duration,24,7,global_gbm,4,3850,2.01423,0.711299
duration,24,7,global_gbm,5,3850,2.07275,0.721596
duration,24,7,global_gbm,6,3850,2.05013,0.719062
duration,24,7,global_gbm,7,3850,2.03948,0.714564
duration,24,7,global_gbm,8,3850,1.90762,0.676709
duration,24,7,global_gbm,9,3850,1.94677,0.700197
duration,24,7,global_gbm,10,3850,1.94294,0.698231
duration,24,7,global_gbm,11,3850,1.96494,0.704851
duration,24,7,global_gbm,12,3850,2.05341,0.732416
duration,24,7,global_gbm,13,3850,1.93254,0.696246
duration,24,7,global_gbm,14,3850,1.97149,0.692793
duration,24,7,global_gbm,15,3850,1.96195,0.692286
duration,24,7,global_gbm,16,3850,1.94534,0.685747
duration,24,7,global_gbm,17,3850,1.94851,0.676934
duration,24,7,global_gbm,18,3850,1.9523,0.667334
duration,24,7,global_gbm,19,3850,2.01102,0.678796
duration,24,7,global_gbm,20,3850,1.9477,0.662634
duration,24,7,global_gbm,21,3850,1.8845,0.649596
duration,24,7,global_gbm,22,3850,1.88327,0.650958
duration,24,7,global_gbm,23,3850,1.91696,0.662011
