target,horizon,fold,family,day_of_week,n,mae,mase
occupancy,1,0,last_observation,0,13200,1.86352,0.431714
occupancy,1,0,last_observation,1,13200,1.92913,0.430585
occupancy,1,0,last_observation,2,13200,1.74049,0.403657
occupancy,1,0,last_observation,3,13200,2.25648,0.50798
occupancy,1,0,last_observation,4,13200,2.01318,0.453844
occupancy,1,0,last_observation,5,13200,1.70106,0.398159
occupancy,1,0,last_observation,6,13200,1.56636,0.356398
occupancy,1,0,seasonal_naive_daily,0,13200,4.4736,1.16823
occupancy,1,0,seasonal_naive_daily,1,13200,3.18239,0.899492
occupancy,1,0,seasonal_naive_daily,2,13200,3.1886,0.875865
occupancy,1,0,seasonal_naive_daily,3,13200,3.20163,0.915631
occupancy,1,0,seasonal_naive_daily,4,13200,3.30299,0.915851
occupancy,1,0,seasonal_naive_daily,5,13200,4.24273,1.10574
occupancy,1,0,seasonal_naive_daily,6,13200,3.22292,0.912413
occupancy,1,0,seasonal_naive_weekly,0,13200,3.77034,1.04781
occupancy,1,0,seasonal_naive_weekly,1,13200,3.77356,1.03253
occupancy,1,0,seasonal_naive_weekly,2,13200,6.22886,1.58252
occupancy,1,0,seasonal_naive_weekly,3,13200,4.01447,1.09921
occupancy,1,0,seasonal_naive_weekly,4,13200,3.90833,1.05862
occupancy,1,0,seasonal_naive_weekly,5,13200,3.45898,0.998625
occupancy,1,0,seasonal_naive_weekly,6,13200,3.43504,0.974136
occupancy,1,0,autoregressive,0,13200,1.86525,0.47321
occupancy,1,0,autoregressive,1,13200,1.76078,0.443674
occupancy,1,0,autoregressive,2,13200,1.66507,0.425592
occupancy,1,0,autoregressive,3,13200,2.10555,0.522618
occupancy,1,0,autoregressive,4,13200,1.81689,0.461399
occupancy,1,0,autoregressive,5,13200,1.66932,0.432165
occupancy,1,0,autoregressive,6,13200,1.55467,0.397853
occupancy,1,0,zone_ridge,0,13200,1.8846,0.487898
occupancy,1,0,zone_ridge,1,13200,1.87648,0.470001
occupancy,1,0,zone_ridge,2,13200,1.78447,0.451429
occupancy,1,0,zone_ridge,3,13200,2.1275,0.527732
occupancy,1,0,zone_ridge,4,13200,1.85159,0.473689
occupancy,1,0,zone_ridge,5,13200,1.67827,0.441236
occupancy,1,0,zone_ridge,6,13200,1.67287,0.429
occupancy,1,0,zone_gbm,0,13200,1.89905,0.521457
occupancy,1,0,zone_gbm,1,13200,1.92609,0.513102
occupancy,1,0,zone_gbm,2,13200,1.76863,0.465249
occupancy,1,0,zone_gbm,3,13200,2.05864,0.53941
occupancy,1,0,zone_gbm,4,13200,1.89616,0.518649
occupancy,1,0,zone_gbm,5,13200,1.87404,0.520575
occupancy,1,0,zone_gbm,6,13200,1.79073,0.492863
occupancy,1,0,global_ridge,0,13200,2.10092,0.548949
occupancy,1,0,global_ridge,1,13200,1.9777,0.50264
occupancy,1,0,global_ridge,2,13200,1.93974,0.496359
occupancy,1,0,global_ridge,3,13200,2.18739,0.56553
occupancy,1,0,global_ridge,4,13200,2.00501,0.518904
occupancy,1,0,global_ridge,5,13200,1.78214,0.489074
occupancy,1,0,global_ridge,6,13200,1.69097,0.457736
occupancy,1,0,global_gbm,0,13200,1.67836,0.436004
occupancy,1,0,global_gbm,1,13200,1.69157,0.427329
occupancy,1,0,global_gbm,2,13200,1.55831,0.40436
occupancy,1,0,global_gbm,3,13200,2.12259,0.526933
occupancy,1,0,global_gbm,4,13200,2.00586,0.495166
occupancy,1,0,global_gbm,5,13200,1.64969,0.423104
occupancy,1,0,global_gbm,6,13200,1.53779,0.385198
occupancy,1,1,last_observation,0,13200,1.80326,0.41682
occupancy,1,1,last_observation,1,13200,1.87879,0.437254
occupancy,1,1,last_observation,2,13200,1.83417,0.414773
occupancy,1,1,last_observation,3,13200,1.80765,0.415395
occupancy,1,1,last_observation,4,13200,1.8222,0.419688
occupancy,1,1,last_observation,5,13200,1.57652,0.382806
occupancy,1,1,last_observation,6,13200,1.35765,0.318135
occupancy,1,1,seasonal_naive_daily,0,13200,4.65845,1.1934
occupancy,1,1,seasonal_naive_daily,1,13200,3.15106,0.885923
occupancy,1,1,seasonal_naive_daily,2,13200,2.91807,0.854037
occupancy,1,1,seasonal_naive_daily,3,13200,2.90341,0.842684
occupancy,1,1,seasonal_naive_daily,4,13200,2.86784,0.838812
occupancy,1,1,seasonal_naive_daily,5,13200,4.27981,1.10334
occupancy,1,1,seasonal_naive_daily,6,13200,3.20795,0.906501
occupancy,1,1,seasonal_naive_weekly,0,13200,3.50955,1.01258
occupancy,1,1,seasonal_naive_weekly,1,13200,3.6553,1.0178
occupancy,1,1,seasonal_naive_weekly,2,13200,3.48292,0.98538
occupancy,1,1,seasonal_naive_weekly,3,13200,3.69663,1.03224
occupancy,1,1,seasonal_naive_weekly,4,13200,3.42636,0.989791
occupancy,1,1,seasonal_naive_weekly,5,13200,3.5172,1.00837
occupancy,1,1,seasonal_naive_weekly,6,13200,3.49265,0.992261
occupancy,1,1,autoregressive,0,13200,1.81089,0.454801
occupancy,1,1,autoregressive,1,13200,1.70001,0.442388
occupancy,1,1,autoregressive,2,13200,1.61563,0.414235
occupancy,1,1,autoregressive,3,13200,1.63186,0.420773
occupancy,1,1,autoregressive,4,13200,1.62137,0.421101
occupancy,1,1,autoregressive,5,13200,1.63902,0.430619
occupancy,1,1,autoregressive,6,13200,1.43942,0.371194
occupancy,1,1,zone_ridge,0,13200,1.79832,0.458598
occupancy,1,1,zone_ridge,1,13200,1.75639,0.4634
occupancy,1,1,zone_ridge,2,13200,1.62689,0.421375
occupancy,1,1,zone_ridge,3,13200,1.68847,0.434867
occupancy,1,1,zone_ridge,4,13200,1.69043,0.440137
occupancy,1,1,zone_ridge,5,13200,1.68624,0.441852
occupancy,1,1,zone_ridge,6,13200,1.53496,0.396462
occupancy,1,1,zone_gbm,0,13200,1.74381,0.464725
occupancy,1,1,zone_gbm,1,13200,1.77814,0.483668
occupancy,1,1,zone_gbm,2,13200,1.60566,0.422948
occupancy,1,1,zone_gbm,3,13200,1.68593,0.449174
occupancy,1,1,zone_gbm,4,13200,1.71136,0.459951
occupancy,1,1,zone_gbm,5,13200,1.83012,0.484528
occupancy,1,1,zone_gbm,6,13200,1.62333,0.435876
occupancy,1,1,global_ridge,0,13200,2.08029,0.550023
occupancy,1,1,global_ridge,1,13200,1.93272,0.511867
occupancy,1,1,global_ridge,2,13200,1.77157,0.476963
occupancy,1,1,global_ridge,3,13200,1.82254,0.495601
occupancy,1,1,global_ridge,4,13200,1.76569,0.484309
occupancy,1,1,global_ridge,5,13200,1.71877,0.483969
occupancy,1,1,global_ridge,6,13200,1.54493,0.4292
occupancy,1,1,global_gbm,0,13200,2.06139,0.502879
occupancy,1,1,global_gbm,1,13200,1.91717,0.494757
occupancy,1,1,global_gbm,2,13200,1.53826,0.400843
occupancy,1,1,global_gbm,3,13200,1.63829,0.430707
occupancy,1,1,global_gbm,4,13200,1.76996,0.476095
occupancy,1,1,global_gbm,5,13200,1.72839,0.45493
occupancy,1,1,global_gbm,6,13200,1.49592,0.38985
occupancy,1,2,last_observation,0,13200,1.65689,0.390043
occupancy,1,2,last_observation,1,13200,1.70553,0.384504
occupancy,1,2,last_observation,2,13200,1.89455,0.427708
occupancy,1,2,last_observation,3,13200,2.13621,0.486892
occupancy,1,2,last_observation,4,13200,3.33227,0.736569
occupancy,1,2,last_observation,5,13200,1.48091,0.342364
occupancy,1,2,last_observation,6,13200,1.36773,0.313234
occupancy,1,2,seasonal_naive_daily,0,13200,4.34348,1.10196
occupancy,1,2,seasonal_naive_daily,1,13200,3.01939,0.860337
occupancy,1,2,seasonal_naive_daily,2,13200,3.16045,0.906833
occupancy,1,2,seasonal_naive_daily,3,13200,3.02148,0.863536
occupancy,1,2,seasonal_naive_daily,4,13200,4.04701,1.0814
occupancy,1,2,seasonal_naive_daily,5,13200,5.1378,1.30932
occupancy,1,2,seasonal_naive_daily,6,13200,3.06451,0.844326
occupancy,1,2,seasonal_naive_weekly,0,13200,3.59886,1.04882
occupancy,1,2,seasonal_naive_weekly,1,13200,3.63345,1.04164
occupancy,1,2,seasonal_naive_weekly,2,13200,3.85443,1.07642
occupancy,1,2,seasonal_naive_weekly,3,13200,4.02523,1.12975
occupancy,1,2,seasonal_naive_weekly,4,13200,5.78795,1.48434
occupancy,1,2,seasonal_naive_weekly,5,13200,3.60958,1.06533
occupancy,1,2,seasonal_naive_weekly,6,13200,3.57625,1.03916
occupancy,1,2,autoregressive,0,13200,1.6931,0.437728
occupancy,1,2,autoregressive,1,13200,1.56897,0.405864
occupancy,1,2,autoregressive,2,13200,1.71318,0.444479
occupancy,1,2,autoregressive,3,13200,1.9118,0.489451
occupancy,1,2,autoregressive,4,13200,3.1674,0.745014
occupancy,1,2,autoregressive,5,13200,1.83625,0.453042
occupancy,1,2,autoregressive,6,13200,1.42846,0.368656
occupancy,1,2,zone_ridge,0,13200,1.67276,0.432822
occupancy,1,2,zone_ridge,1,13200,1.60852,0.41018
occupancy,1,2,zone_ridge,2,13200,1.71688,0.446117
occupancy,1,2,zone_ridge,3,13200,1.89221,0.488195
occupancy,1,2,zone_ridge,4,13200,3.03788,0.719771
occupancy,1,2,zone_ridge,5,13200,1.77753,0.44305
occupancy,1,2,zone_ridge,6,13200,1.55226,0.395862
occupancy,1,2,zone_gbm,0,13200,1.62837,0.457203
occupancy,1,2,zone_gbm,1,13200,1.60783,0.44491
occupancy,1,2,zone_gbm,2,13200,1.68689,0.46476
occupancy,1,2,zone_gbm,3,13200,1.92491,0.530111
occupancy,1,2,zone_gbm,4,13200,2.84994,0.717283
occupancy,1,2,zone_gbm,5,13200,1.62998,0.455298
occupancy,1,2,zone_gbm,6,13200,1.54674,0.4298
occupancy,1,2,global_ridge,0,13200,1.93854,0.524242
occupancy,1,2,global_ridge,1,13200,1.75736,0.472359
occupancy,1,2,global_ridge,2,13200,1.89704,0.504885
occupancy,1,2,global_ridge,3,13200,2.05418,0.5459
occupancy,1,2,global_ridge,4,13200,3.15953,0.770214
occupancy,1,2,global_ridge,5,13200,1.91459,0.518121
occupancy,1,2,global_ridge,6,13200,1.59924,0.44364
occupancy,1,2,global_gbm,0,13200,1.5288,0.403033
occupancy,1,2,global_gbm,1,13200,1.47021,0.383366
occupancy,1,2,global_gbm,2,13200,1.63568,0.425286
occupancy,1,2,global_gbm,3,13200,1.80381,0.466381
occupancy,1,2,global_gbm,4,13200,2.76687,0.674857
occupancy,1,2,global_gbm,5,13200,1.52545,0.393438
occupancy,1,2,global_gbm,6,13200,1.44697,0.371013
occupancy,1,3,last_observation,0,13200,1.23061,0.287983
occupancy,1,3,last_observation,1,13200,1.47697,0.349332
occupancy,1,3,last_observation,2,13200,1.39636,0.314791
occupancy,1,3,last_observation,3,13200,1.31568,0.306382
occupancy,1,3,last_observation,4,13200,1.33402,0.312465
occupancy,1,3,last_observation,5,13200,1.47727,0.34136
occupancy,1,3,last_observation,6,13200,1.14106,0.254256
occupancy,1,3,seasonal_naive_daily,0,13200,2.96038,0.808839
occupancy,1,3,seasonal_naive_daily,1,13200,3.28038,0.894278
occupancy,1,3,seasonal_naive_daily,2,13200,2.64852,0.729988
occupancy,1,3,seasonal_naive_daily,3,13200,2.55534,0.723127
occupancy,1,3,seasonal_naive_daily,4,13200,2.50386,0.734871
occupancy,1,3,seasonal_naive_daily,5,13200,3.18424,0.86154
occupancy,1,3,seasonal_naive_daily,6,13200,2.70261,0.751412
occupancy,1,3,seasonal_naive_weekly,0,13200,3.94083,1.06588
occupancy,1,3,seasonal_naive_weekly,1,13200,3.7886,1.02394
occupancy,1,3,seasonal_naive_weekly,2,13200,3.83811,1.02287
occupancy,1,3,seasonal_naive_weekly,3,13200,4.10879,1.11307
occupancy,1,3,seasonal_naive_weekly,4,13200,4.00678,1.094
occupancy,1,3,seasonal_naive_weekly,5,13200,4.16864,1.10666
occupancy,1,3,seasonal_naive_weekly,6,13200,4.02682,1.07548
occupancy,1,3,autoregressive,0,13200,1.33753,0.333735
occupancy,1,3,autoregressive,1,13200,1.52141,0.383628
occupancy,1,3,autoregressive,2,13200,1.39816,0.34411
occupancy,1,3,autoregressive,3,13200,1.35246,0.341267
occupancy,1,3,autoregressive,4,13200,1.33136,0.341497
occupancy,1,3,autoregressive,5,13200,1.54752,0.384783
occupancy,1,3,autoregressive,6,13200,1.30583,0.31918
occupancy,1,3,zone_ridge,0,13200,1.43088,0.360607
occupancy,1,3,zone_ridge,1,13200,1.56868,0.397909
occupancy,1,3,zone_ridge,2,13200,1.46242,0.359144
occupancy,1,3,zone_ridge,3,13200,1.45749,0.36334
occupancy,1,3,zone_ridge,4,13200,1.44485,0.366154
occupancy,1,3,zone_ridge,5,13200,1.72627,0.423527
occupancy,1,3,zone_ridge,6,13200,1.4983,0.36198
occupancy,1,3,zone_gbm,0,13200,1.51797,0.38136
occupancy,1,3,zone_gbm,1,13200,1.57126,0.400882
occupancy,1,3,zone_gbm,2,13200,1.46757,0.358245
occupancy,1,3,zone_gbm,3,13200,1.55644,0.38439
occupancy,1,3,zone_gbm,4,13200,1.49914,0.377724
occupancy,1,3,zone_gbm,5,13200,1.70848,0.424167
occupancy,1,3,zone_gbm,6,13200,1.55407,0.378239
occupancy,1,3,global_ridge,0,13200,1.49721,0.416554
occupancy,1,3,global_ridge,1,13200,1.73941,0.469877
occupancy,1,3,global_ridge,2,13200,1.57539,0.430205
occupancy,1,3,global_ridge,3,13200,1.54964,0.438956
occupancy,1,3,global_ridge,4,13200,1.5211,0.429278
occupancy,1,3,global_ridge,5,13200,1.70163,0.467852
occupancy,1,3,global_ridge,6,13200,1.46961,0.404452
occupancy,1,3,global_gbm,0,13200,1.2826,0.324773
occupancy,1,3,global_gbm,1,13200,1.41924,0.366756
occupancy,1,3,global_gbm,2,13200,1.34578,0.33907
occupancy,1,3,global_gbm,3,13200,1.31707,0.338909
occupancy,1,3,global_gbm,4,13200,1.3018,0.34
occupancy,1,3,global_gbm,5,13200,1.48214,0.371401
occupancy,1,3,global_gbm,6,13200,1.30242,0.32118
occupancy,1,4,last_observation,0,13200,1.70848,0.400611
occupancy,1,4,last_observation,1,13200,1.62841,0.386668
occupancy,1,4,last_observation,2,13200,1.72364,0.409693
occupancy,1,4,last_observation,3,13200,1.6928,0.407066
occupancy,1,4,last_observation,4,13200,1.80674,0.428354
occupancy,1,4,last_observation,5,13200,1.59295,0.389019
occupancy,1,4,last_observation,6,13200,1.29439,0.319243
occupancy,1,4,seasonal_naive_daily,0,13200,4.0561,1.07382
occupancy,1,4,seasonal_naive_daily,1,13200,2.90443,0.848129
occupancy,1,4,seasonal_naive_daily,2,13200,2.90955,0.8575
occupancy,1,4,seasonal_naive_daily,3,13200,2.81163,0.827636
occupancy,1,4,seasonal_naive_daily,4,13200,2.83121,0.840854
occupancy,1,4,seasonal_naive_daily,5,13200,3.73436,1.03731
occupancy,1,4,seasonal_naive_daily,6,13200,3.06742,0.89073
occupancy,1,4,seasonal_naive_weekly,0,13200,4.33068,1.18156
occupancy,1,4,seasonal_naive_weekly,1,13200,3.90455,1.08527
occupancy,1,4,seasonal_naive_weekly,2,13200,3.76727,1.04415
occupancy,1,4,seasonal_naive_weekly,3,13200,3.68973,1.05318
occupancy,1,4,seasonal_naive_weekly,4,13200,3.69871,1.0552
occupancy,1,4,seasonal_naive_weekly,5,13200,3.72875,1.07738
occupancy,1,4,seasonal_naive_weekly,6,13200,3.7678,1.06481
occupancy,1,4,autoregressive,0,13200,1.69322,0.431131
occupancy,1,4,autoregressive,1,13200,1.53519,0.402178
occupancy,1,4,autoregressive,2,13200,1.53367,0.406656
occupancy,1,4,autoregressive,3,13200,1.50949,0.405554
occupancy,1,4,autoregressive,4,13200,1.60492,0.424909
occupancy,1,4,autoregressive,5,13200,1.53176,0.41157
occupancy,1,4,autoregressive,6,13200,1.35138,0.364517
occupancy,1,4,zone_ridge,0,13200,1.66997,0.433649
occupancy,1,4,zone_ridge,1,13200,1.58248,0.41543
occupancy,1,4,zone_ridge,2,13200,1.54165,0.407161
occupancy,1,4,zone_ridge,3,13200,1.50425,0.404611
occupancy,1,4,zone_ridge,4,13200,1.61518,0.431343
occupancy,1,4,zone_ridge,5,13200,1.54445,0.423128
occupancy,1,4,zone_ridge,6,13200,1.42657,0.388054
occupancy,1,4,zone_gbm,0,13200,1.63022,0.426425
occupancy,1,4,zone_gbm,1,13200,1.61953,0.425789
occupancy,1,4,zone_gbm,2,13200,1.43524,0.386419
occupancy,1,4,zone_gbm,3,13200,1.46237,0.395544
occupancy,1,4,zone_gbm,4,13200,1.59463,0.426065
occupancy,1,4,zone_gbm,5,13200,1.61914,0.43689
occupancy,1,4,zone_gbm,6,13200,1.48568,0.397551
occupancy,1,4,global_ridge,0,13200,1.97841,0.531734
occupancy,1,4,global_ridge,1,13200,1.7106,0.470541
occupancy,1,4,global_ridge,2,13200,1.78001,0.48813
occupancy,1,4,global_ridge,3,13200,1.67825,0.472532
occupancy,1,4,global_ridge,4,13200,1.74772,0.483928
occupancy,1,4,global_ridge,5,13200,1.64974,0.475818
occupancy,1,4,global_ridge,6,13200,1.47193,0.42939
occupancy,1,4,global_gbm,0,13200,1.52436,0.40536
occupancy,1,4,global_gbm,1,13200,1.43743,0.382892
occupancy,1,4,global_gbm,2,13200,1.43511,0.390119
occupancy,1,4,global_gbm,3,13200,1.43048,0.389415
occupancy,1,4,global_gbm,4,13200,1.53811,0.408771
occupancy,1,4,global_gbm,5,13200,1.47655,0.397631
occupancy,1,4,global_gbm,6,13200,1.29278,0.348949
occupancy,1,5,last_observation,0,13200,0.840833,0.20043
occupancy,1,5,last_observation,1,13200,0.839773,0.202124
occupancy,1,5,last_observation,2,13200,0.975606,0.24006
occupancy,1,5,last_observation,3,13200,1.48864,0.389466
occupancy,1,5,last_observation,4,13200,1.24212,0.335797
occupancy,1,5,last_observation,5,13200,0.840606,0.205986
occupancy,1,5,last_observation,6,13200,0.823864,0.201379
occupancy,1,5,seasonal_naive_daily,0,13200,1.89432,0.523971
occupancy,1,5,seasonal_naive_daily,1,13200,1.78795,0.515381
occupancy,1,5,seasonal_naive_daily,2,13200,2.2672,0.654383
occupancy,1,5,seasonal_naive_daily,3,13200,2.76057,0.764177
occupancy,1,5,seasonal_naive_daily,4,13200,3.08716,0.844448
occupancy,1,5,seasonal_naive_daily,5,13200,2.67136,0.739124
occupancy,1,5,seasonal_naive_daily,6,13200,2.7347,0.799146
occupancy,1,5,seasonal_naive_weekly,0,13200,5.03318,1.28591
occupancy,1,5,seasonal_naive_weekly,1,13200,4.96682,1.25763
occupancy,1,5,seasonal_naive_weekly,2,13200,4.46508,1.2242
occupancy,1,5,seasonal_naive_weekly,3,13200,4.53439,1.269
occupancy,1,5,seasonal_naive_weekly,4,13200,4.79667,1.31068
occupancy,1,5,seasonal_naive_weekly,5,13200,5.44057,1.4168
occupancy,1,5,seasonal_naive_weekly,6,13200,5.18231,1.28323
occupancy,1,5,autoregressive,0,13200,0.96172,0.25069
occupancy,1,5,autoregressive,1,13200,0.927887,0.246491
occupancy,1,5,autoregressive,2,13200,1.0752,0.288904
occupancy,1,5,autoregressive,3,13200,1.50779,0.41458
occupancy,1,5,autoregressive,4,13200,1.48518,0.409839
occupancy,1,5,autoregressive,5,13200,1.09378,0.290357
occupancy,1,5,autoregressive,6,13200,1.0764,0.28447
occupancy,1,5,zone_ridge,0,13200,1.37616,0.33662
occupancy,1,5,zone_ridge,1,13200,1.33379,0.326772
occupancy,1,5,zone_ridge,2,13200,1.28729,0.337835
occupancy,1,5,zone_ridge,3,13200,1.7097,0.458748
occupancy,1,5,zone_ridge,4,13200,1.67924,0.450771
occupancy,1,5,zone_ridge,5,13200,1.44499,0.360377
occupancy,1,5,zone_ridge,6,13200,1.38773,0.348693
occupancy,1,5,zone_gbm,0,13200,1.42277,0.379991
occupancy,1,5,zone_gbm,1,13200,1.35951,0.359051
occupancy,1,5,zone_gbm,2,13200,1.37056,0.358513
occupancy,1,5,zone_gbm,3,13200,1.78152,0.479089
occupancy,1,5,zone_gbm,4,13200,1.7377,0.466778
occupancy,1,5,zone_gbm,5,13200,1.44135,0.374823
occupancy,1,5,zone_gbm,6,13200,1.44465,0.382414
occupancy,1,5,global_ridge,0,13200,1.24573,0.362363
occupancy,1,5,global_ridge,1,13200,1.17892,0.35077
occupancy,1,5,global_ridge,2,13200,1.28514,0.385786
occupancy,1,5,global_ridge,3,13200,1.71408,0.50677
occupancy,1,5,global_ridge,4,13200,1.65801,0.489845
occupancy,1,5,global_ridge,5,13200,1.47415,0.428158
occupancy,1,5,global_ridge,6,13200,1.39164,0.403423
occupancy,1,5,global_gbm,0,13200,0.966447,0.259333
occupancy,1,5,global_gbm,1,13200,0.906287,0.247634
occupancy,1,5,global_gbm,2,13200,1.03176,0.281915
occupancy,1,5,global_gbm,3,13200,1.47658,0.412026
occupancy,1,5,global_gbm,4,13200,1.44191,0.40038
occupancy,1,5,global_gbm,5,13200,1.11894,0.296459
occupancy,1,5,global_gbm,6,13200,1.05194,0.286117
occupancy,1,6,last_observation,0,13200,1.25083,0.301659
occupancy,1,6,last_observation,1,13200,1.53432,0.38726
occupancy,1,6,last_observation,2,13200,1.33189,0.32123
occupancy,1,6,last_observation,3,13200,1.36061,0.335618
occupancy,1,6,last_observation,4,13200,1.26803,0.302459
occupancy,1,6,last_observation,5,13200,1.53076,0.40199
occupancy,1,6,last_observation,6,13200,0.969167,0.234192
occupancy,1,6,seasonal_naive_daily,0,13200,3.4475,0.879102
occupancy,1,6,seasonal_naive_daily,1,13200,2.8125,0.859067
occupancy,1,6,seasonal_naive_daily,2,13200,4.11909,1.20019
occupancy,1,6,seasonal_naive_daily,3,13200,2.49409,0.759224
occupancy,1,6,seasonal_naive_daily,4,13200,2.29402,0.693682
occupancy,1,6,seasonal_naive_daily,5,13200,3.84023,1.03892
occupancy,1,6,seasonal_naive_daily,6,13200,3.39909,0.989548
occupancy,1,6,seasonal_naive_weekly,0,13200,3.85288,1.19602
occupancy,1,6,seasonal_naive_weekly,1,13200,3.56758,1.12603
occupancy,1,6,seasonal_naive_weekly,2,13200,6.49902,1.83159
occupancy,1,6,seasonal_naive_weekly,3,13200,6.46909,1.8741
occupancy,1,6,seasonal_naive_weekly,4,13200,6.51061,1.89741
occupancy,1,6,seasonal_naive_weekly,5,13200,5.22917,1.5418
occupancy,1,6,seasonal_naive_weekly,6,13200,4.27879,1.26248
occupancy,1,6,autoregressive,0,13200,1.28315,0.337789
occupancy,1,6,autoregressive,1,13200,1.46143,0.407426
occupancy,1,6,autoregressive,2,13200,1.66961,0.429213
occupancy,1,6,autoregressive,3,13200,1.37046,0.375809
occupancy,1,6,autoregressive,4,13200,1.23003,0.334971
occupancy,1,6,autoregressive,5,13200,1.62238,0.449702
occupancy,1,6,autoregressive,6,13200,1.19904,0.318029
occupancy,1,6,zone_ridge,0,13200,1.38134,0.364789
occupancy,1,6,zone_ridge,1,13200,1.55058,0.434911
occupancy,1,6,zone_ridge,2,13200,1.75538,0.449892
occupancy,1,6,zone_ridge,3,13200,1.63059,0.430344
occupancy,1,6,zone_ridge,4,13200,1.45465,0.390696
occupancy,1,6,zone_ridge,5,13200,1.76318,0.485817
occupancy,1,6,zone_ridge,6,13200,1.38281,0.362243
occupancy,1,6,zone_gbm,0,13200,1.26447,0.358707
occupancy,1,6,zone_gbm,1,13200,1.4385,0.420003
occupancy,1,6,zone_gbm,2,13200,1.78329,0.468279
occupancy,1,6,zone_gbm,3,13200,1.73071,0.4783
occupancy,1,6,zone_gbm,4,13200,1.67168,0.462812
occupancy,1,6,zone_gbm,5,13200,1.80902,0.510463
occupancy,1,6,zone_gbm,6,13200,1.26047,0.351921
occupancy,1,6,global_ridge,0,13200,1.60302,0.45261
occupancy,1,6,global_ridge,1,13200,1.73611,0.511066
occupancy,1,6,global_ridge,2,13200,1.8305,0.525134
occupancy,1,6,global_ridge,3,13200,1.59879,0.462712
occupancy,1,6,global_ridge,4,13200,1.4499,0.422221
occupancy,1,6,global_ridge,5,13200,1.75183,0.516104
occupancy,1,6,global_ridge,6,13200,1.3396,0.403613
occupancy,1,6,global_gbm,0,13200,1.17402,0.327794
occupancy,1,6,global_gbm,1,13200,1.37864,0.39799
occupancy,1,6,global_gbm,2,13200,1.41186,0.401801
occupancy,1,6,global_gbm,3,13200,1.32918,0.388422
occupancy,1,6,global_gbm,4,13200,1.20407,0.346806
occupancy,1,6,global_gbm,5,13200,1.54072,0.437549
occupancy,1,6,global_gbm,6,13200,1.14064,0.307081
occupancy,1,7,last_observation,0,13200,1.26659,0.305172
occupancy,1,7,last_observation,1,13200,1.74318,0.447592
occupancy,1,7,last_observation,2,13200,1.29773,0.304212
occupancy,1,7,last_observation,3,13200,1.2747,0.300209
occupancy,1,7,last_observation,4,13200,1.3028,0.31044
occupancy,1,7,last_observation,5,13200,1.1322,0.276582
occupancy,1,7,last_observation,6,13200,1.00462,0.246065
occupancy,1,7,seasonal_naive_daily,0,13200,3.38769,0.882231
occupancy,1,7,seasonal_naive_daily,1,13200,2.99091,0.889749
occupancy,1,7,seasonal_naive_daily,2,13200,2.70121,0.817666
occupancy,1,7,seasonal_naive_daily,3,13200,2.05189,0.599734
occupancy,1,7,seasonal_naive_daily,4,13200,2.04356,0.603914
occupancy,1,7,seasonal_naive_daily,5,13200,2.9922,0.793547
occupancy,1,7,seasonal_naive_daily,6,13200,2.35617,0.683168
occupancy,1,7,seasonal_naive_weekly,0,13200,3.68879,1.15812
occupancy,1,7,seasonal_naive_weekly,1,13200,3.32038,1.00205
occupancy,1,7,seasonal_naive_weekly,2,13200,3.44879,1.06975
occupancy,1,7,seasonal_naive_weekly,3,13200,3.54098,1.10803
occupancy,1,7,seasonal_naive_weekly,4,13200,3.67348,1.16661
occupancy,1,7,seasonal_naive_weekly,5,13200,3.79212,1.18112
occupancy,1,7,seasonal_naive_weekly,6,13200,3.80674,1.19955
occupancy,1,7,autoregressive,0,13200,1.28884,0.337559
occupancy,1,7,autoregressive,1,13200,1.65837,0.450003
occupancy,1,7,autoregressive,2,13200,1.22927,0.323879
occupancy,1,7,autoregressive,3,13200,1.12677,0.301273
occupancy,1,7,autoregressive,4,13200,1.13962,0.30814
occupancy,1,7,autoregressive,5,13200,1.13487,0.304873
occupancy,1,7,autoregressive,6,13200,1.03473,0.282119
occupancy,1,7,zone_ridge,0,13200,1.3127,0.347097
occupancy,1,7,zone_ridge,1,13200,1.72279,0.461815
occupancy,1,7,zone_ridge,2,13200,1.25488,0.333518
occupancy,1,7,zone_ridge,3,13200,1.16835,0.312884
occupancy,1,7,zone_ridge,4,13200,1.16499,0.317625
occupancy,1,7,zone_ridge,5,13200,1.16824,0.320781
occupancy,1,7,zone_ridge,6,13200,1.11521,0.306826
occupancy,1,7,zone_gbm,0,13200,1.2056,0.329336
occupancy,1,7,zone_gbm,1,13200,1.63138,0.446072
occupancy,1,7,zone_gbm,2,13200,1.14449,0.3092
occupancy,1,7,zone_gbm,3,13200,1.13303,0.310431
occupancy,1,7,zone_gbm,4,13200,1.16208,0.319598
occupancy,1,7,zone_gbm,5,13200,1.18962,0.330919
occupancy,1,7,zone_gbm,6,13200,1.14233,0.317443
occupancy,1,7,global_ridge,0,13200,1.60179,0.462712
occupancy,1,7,global_ridge,1,13200,1.75953,0.513442
occupancy,1,7,global_ridge,2,13200,1.40242,0.412804
occupancy,1,7,global_ridge,3,13200,1.26875,0.374035
occupancy,1,7,global_ridge,4,13200,1.25788,0.375301
occupancy,1,7,global_ridge,5,13200,1.23246,0.377439
occupancy,1,7,global_ridge,6,13200,1.18397,0.366904
occupancy,1,7,global_gbm,0,13200,1.14746,0.318603
occupancy,1,7,global_gbm,1,13200,1.52772,0.430635
occupancy,1,7,global_gbm,2,13200,1.15584,0.319195
occupancy,1,7,global_gbm,3,13200,1.03787,0.292622
occupancy,1,7,global_gbm,4,13200,1.06474,0.300779
occupancy,1,7,global_gbm,5,13200,1.07269,0.296548
occupancy,1,7,global_gbm,6,13200,0.977258,0.273521
occupancy,6,0,last_observation,0,13200,5.63519,1.28743
occupancy,6,0,last_observation,1,13200,6.11727,1.36316
occupancy,6,0,last_observation,2,13200,5.92447,1.33293
occupancy,6,0,last_observation,3,13200,6.47095,1.44201
occupancy,6,0,last_observation,4,13200,6.26163,1.39427
occupancy,6,0,last_observation,5,13200,4.87341,1.10833
occupancy,6,0,last_observation,6,13200,4.11364,0.944551
occupancy,6,0,seasonal_naive_daily,0,13200,4.4736,1.16823
occupancy,6,0,seasonal_naive_daily,1,13200,3.18239,0.899492
occupancy,6,0,seasonal_naive_daily,2,13200,3.1886,0.875865
occupancy,6,0,seasonal_naive_daily,3,13200,3.20163,0.915631
occupancy,6,0,seasonal_naive_daily,4,13200,3.30299,0.915851
occupancy,6,0,seasonal_naive_daily,5,13200,4.24273,1.10574
occupancy,6,0,seasonal_naive_daily,6,13200,3.22292,0.912413
occupancy,6,0,seasonal_naive_weekly,0,13200,3.77034,1.04781
occupancy,6,0,seasonal_naive_weekly,1,13200,3.77356,1.03253
occupancy,6,0,seasonal_naive_weekly,2,13200,6.22886,1.58252
occupancy,6,0,seasonal_naive_weekly,3,13200,4.01447,1.09921
occupancy,6,0,seasonal_naive_weekly,4,13200,3.90833,1.05862
occupancy,6,0,seasonal_naive_weekly,5,13200,3.45898,0.998625
occupancy,6,0,seasonal_naive_weekly,6,13200,3.43504,0.974136
occupancy,6,0,autoregressive,0,13200,3.55746,0.919668
occupancy,6,0,autoregressive,1,13200,2.86876,0.764338
occupancy,6,0,autoregressive,2,13200,2.82099,0.756607
occupancy,6,0,autoregressive,3,13200,3.01451,0.809054
occupancy,6,0,autoregressive,4,13200,2.86534,0.776712
occupancy,6,0,autoregressive,5,13200,3.01487,0.793571
occupancy,6,0,autoregressive,6,13200,2.6358,0.715927
occupancy,6,0,zone_ridge,0,13200,3.40723,0.892565
occupancy,6,0,zone_ridge,1,13200,3.48764,0.87128
occupancy,6,0,zone_ridge,2,13200,3.48088,0.861793
occupancy,6,0,zone_ridge,3,13200,3.70056,0.918206
occupancy,6,0,zone_ridge,4,13200,3.42914,0.869774
occupancy,6,0,zone_ridge,5,13200,2.91037,0.776299
occupancy,6,0,zone_ridge,6,13200,2.94754,0.775523
occupancy,6,0,zone_gbm,0,13200,3.23731,0.906831
occupancy,6,0,zone_gbm,1,13200,3.2228,0.871093
occupancy,6,0,zone_gbm,2,13200,3.04178,0.802738
occupancy,6,0,zone_gbm,3,13200,3.21778,0.858802
occupancy,6,0,zone_gbm,4,13200,3.03748,0.833966
occupancy,6,0,zone_gbm,5,13200,2.9804,0.839339
occupancy,6,0,zone_gbm,6,13200,3.00705,0.840361
occupancy,6,0,global_ridge,0,13200,4.61186,1.24024
occupancy,6,0,global_ridge,1,13200,4.60693,1.18732
occupancy,6,0,global_ridge,2,13200,4.44905,1.16831
occupancy,6,0,global_ridge,3,13200,4.60869,1.19756
occupancy,6,0,global_ridge,4,13200,4.6146,1.21954
occupancy,6,0,global_ridge,5,13200,3.81254,1.06747
occupancy,6,0,global_ridge,6,13200,3.33801,0.995366
occupancy,6,0,global_gbm,0,13200,3.45169,0.922944
occupancy,6,0,global_gbm,1,13200,3.20471,0.853535
occupancy,6,0,global_gbm,2,13200,3.19878,0.854889
occupancy,6,0,global_gbm,3,13200,3.38851,0.906824
occupancy,6,0,global_gbm,4,13200,3.28804,0.883486
occupancy,6,0,global_gbm,5,13200,2.89076,0.785536
occupancy,6,0,global_gbm,6,13200,2.77327,0.736539
occupancy,6,1,last_observation,0,13200,5.4417,1.24199
occupancy,6,1,last_observation,1,13200,6.07807,1.3509
occupancy,6,1,last_observation,2,13200,6.0264,1.33866
occupancy,6,1,last_observation,3,13200,5.99413,1.3166
occupancy,6,1,last_observation,4,13200,6.15121,1.36956
occupancy,6,1,last_observation,5,13200,4.71394,1.08014
occupancy,6,1,last_observation,6,13200,3.70322,0.866989
occupancy,6,1,seasonal_naive_daily,0,13200,4.65845,1.1934
occupancy,6,1,seasonal_naive_daily,1,13200,3.15106,0.885923
occupancy,6,1,seasonal_naive_daily,2,13200,2.91807,0.854037
occupancy,6,1,seasonal_naive_daily,3,13200,2.90341,0.842684
occupancy,6,1,seasonal_naive_daily,4,13200,2.86784,0.838812
occupancy,6,1,seasonal_naive_daily,5,13200,4.27981,1.10334
occupancy,6,1,seasonal_naive_daily,6,13200,3.20795,0.906501
occupancy,6,1,seasonal_naive_weekly,0,13200,3.50955,1.01258
occupancy,6,1,seasonal_naive_weekly,1,13200,3.6553,1.0178
occupancy,6,1,seasonal_naive_weekly,2,13200,3.48292,0.98538
occupancy,6,1,seasonal_naive_weekly,3,13200,3.69663,1.03224
occupancy,6,1,seasonal_naive_weekly,4,13200,3.42636,0.989791
occupancy,6,1,seasonal_naive_weekly,5,13200,3.5172,1.00837
occupancy,6,1,seasonal_naive_weekly,6,13200,3.49265,0.992261
occupancy,6,1,autoregressive,0,13200,3.5835,0.911188
occupancy,6,1,autoregressive,1,13200,2.76652,0.751832
occupancy,6,1,autoregressive,2,13200,2.65954,0.730005
occupancy,6,1,autoregressive,3,13200,2.64123,0.724072
occupancy,6,1,autoregressive,4,13200,2.66717,0.738608
occupancy,6,1,autoregressive,5,13200,3.0001,0.799072
occupancy,6,1,autoregressive,6,13200,2.56718,0.700665
occupancy,6,1,zone_ridge,0,13200,3.1353,0.830164
occupancy,6,1,zone_ridge,1,13200,3.24217,0.856533
occupancy,6,1,zone_ridge,2,13200,3.03055,0.788785
occupancy,6,1,zone_ridge,3,13200,3.12842,0.809448
occupancy,6,1,zone_ridge,4,13200,3.21258,0.840876
occupancy,6,1,zone_ridge,5,13200,2.98407,0.797477
occupancy,6,1,zone_ridge,6,13200,3.04129,0.78664
occupancy,6,1,zone_gbm,0,13200,3.01856,0.8401
occupancy,6,1,zone_gbm,1,13200,3.0245,0.845508
occupancy,6,1,zone_gbm,2,13200,2.64454,0.736908
occupancy,6,1,zone_gbm,3,13200,2.7713,0.782174
occupancy,6,1,zone_gbm,4,13200,2.84858,0.797351
occupancy,6,1,zone_gbm,5,13200,3.01375,0.834729
occupancy,6,1,zone_gbm,6,13200,2.95727,0.82759
occupancy,6,1,global_ridge,0,13200,4.62773,1.26662
occupancy,6,1,global_ridge,1,13200,4.59385,1.21406
occupancy,6,1,global_ridge,2,13200,4.38925,1.17663
occupancy,6,1,global_ridge,3,13200,4.4899,1.20086
occupancy,6,1,global_ridge,4,13200,4.48989,1.19569
occupancy,6,1,global_ridge,5,13200,3.78746,1.08611
occupancy,6,1,global_ridge,6,13200,3.20358,0.982628
occupancy,6,1,global_gbm,0,13200,3.55684,0.958002
occupancy,6,1,global_gbm,1,13200,3.11378,0.880426
occupancy,6,1,global_gbm,2,13200,2.73248,0.782531
occupancy,6,1,global_gbm,3,13200,2.98091,0.86204
occupancy,6,1,global_gbm,4,13200,2.97282,0.855118
occupancy,6,1,global_gbm,5,13200,3.02395,0.832064
occupancy,6,1,global_gbm,6,13200,2.77774,0.746204
occupancy,6,2,last_observation,0,13200,5.02167,1.16032
occupancy,6,2,last_observation,1,13200,5.42504,1.21348
occupancy,6,2,last_observation,2,13200,6.3978,1.40588
occupancy,6,2,last_observation,3,13200,6.23379,1.38998
occupancy,6,2,last_observation,4,13200,7.48402,1.67099
occupancy,6,2,last_observation,5,13200,4.50924,1.02696
occupancy,6,2,last_observation,6,13200,3.55765,0.838837
occupancy,6,2,seasonal_naive_daily,0,13200,4.34348,1.10196
occupancy,6,2,seasonal_naive_daily,1,13200,3.01939,0.860337
occupancy,6,2,seasonal_naive_daily,2,13200,3.16045,0.906833
occupancy,6,2,seasonal_naive_daily,3,13200,3.02148,0.863536
occupancy,6,2,seasonal_naive_daily,4,13200,4.04701,1.0814
occupancy,6,2,seasonal_naive_daily,5,13200,5.1378,1.30932
occupancy,6,2,seasonal_naive_daily,6,13200,3.06451,0.844326
occupancy,6,2,seasonal_naive_weekly,0,13200,3.59886,1.04882
occupancy,6,2,seasonal_naive_weekly,1,13200,3.63345,1.04164
occupancy,6,2,seasonal_naive_weekly,2,13200,3.85443,1.07642
occupancy,6,2,seasonal_naive_weekly,3,13200,4.02523,1.12975
occupancy,6,2,seasonal_naive_weekly,4,13200,5.78795,1.48434
occupancy,6,2,seasonal_naive_weekly,5,13200,3.60958,1.06533
occupancy,6,2,seasonal_naive_weekly,6,13200,3.57625,1.03916
occupancy,6,2,autoregressive,0,13200,3.31317,0.871792
occupancy,6,2,autoregressive,1,13200,2.61622,0.733489
occupancy,6,2,autoregressive,2,13200,2.78536,0.783552
occupancy,6,2,autoregressive,3,13200,2.85044,0.796532
occupancy,6,2,autoregressive,4,13200,4.20936,1.06641
occupancy,6,2,autoregressive,5,13200,3.51688,0.896559
occupancy,6,2,autoregressive,6,13200,2.52625,0.691813
occupancy,6,2,zone_ridge,0,13200,3.03081,0.819741
occupancy,6,2,zone_ridge,1,13200,2.9818,0.793277
occupancy,6,2,zone_ridge,2,13200,3.26136,0.863505
occupancy,6,2,zone_ridge,3,13200,3.27709,0.872636
occupancy,6,2,zone_ridge,4,13200,4.37501,1.1
occupancy,6,2,zone_ridge,5,13200,3.00709,0.812028
occupancy,6,2,zone_ridge,6,13200,3.13198,0.807841
occupancy,6,2,zone_gbm,0,13200,2.79672,0.843978
occupancy,6,2,zone_gbm,1,13200,2.82653,0.833795
occupancy,6,2,zone_gbm,2,13200,2.7329,0.782272
occupancy,6,2,zone_gbm,3,13200,2.9312,0.851143
occupancy,6,2,zone_gbm,4,13200,3.98121,1.06926
occupancy,6,2,zone_gbm,5,13200,2.76223,0.829406
occupancy,6,2,zone_gbm,6,13200,2.77927,0.82454
occupancy,6,2,global_ridge,0,13200,4.35954,1.2153
occupancy,6,2,global_ridge,1,13200,4.16696,1.13406
occupancy,6,2,global_ridge,2,13200,4.69569,1.24528
occupancy,6,2,global_ridge,3,13200,4.71118,1.26479
occupancy,6,2,global_ridge,4,13200,5.85597,1.49614
occupancy,6,2,global_ridge,5,13200,3.90174,1.13897
occupancy,6,2,global_ridge,6,13200,3.11071,0.96436
occupancy,6,2,global_gbm,0,13200,2.87626,0.81477
occupancy,6,2,global_gbm,1,13200,2.64685,0.75374
occupancy,6,2,global_gbm,2,13200,2.9049,0.831407
occupancy,6,2,global_gbm,3,13200,2.97385,0.840157
occupancy,6,2,global_gbm,4,13200,4.21756,1.09057
occupancy,6,2,global_gbm,5,13200,2.78151,0.769611
occupancy,6,2,global_gbm,6,13200,2.46038,0.67916
occupancy,6,3,last_observation,0,13200,3.30273,0.786886
occupancy,6,3,last_observation,1,13200,4.40015,1.02349
occupancy,6,3,last_observation,2,13200,4.00148,0.917015
occupancy,6,3,last_observation,3,13200,3.91034,0.909729
occupancy,6,3,last_observation,4,13200,3.9053,0.912098
occupancy,6,3,last_observation,5,13200,3.35496,0.790533
occupancy,6,3,last_observation,6,13200,2.76621,0.654049
occupancy,6,3,seasonal_naive_daily,0,13200,2.96038,0.808839
occupancy,6,3,seasonal_naive_daily,1,13200,3.28038,0.894278
occupancy,6,3,seasonal_naive_daily,2,13200,2.64852,0.729988
occupancy,6,3,seasonal_naive_daily,3,13200,2.55534,0.723127
occupancy,6,3,seasonal_naive_daily,4,13200,2.50386,0.734871
occupancy,6,3,seasonal_naive_daily,5,13200,3.18424,0.86154
occupancy,6,3,seasonal_naive_daily,6,13200,2.70261,0.751412
occupancy,6,3,seasonal_naive_weekly,0,13200,3.94083,1.06588
occupancy,6,3,seasonal_naive_weekly,1,13200,3.7886,1.02394
occupancy,6,3,seasonal_naive_weekly,2,13200,3.83811,1.02287
occupancy,6,3,seasonal_naive_weekly,3,13200,4.10879,1.11307
occupancy,6,3,seasonal_naive_weekly,4,13200,4.00678,1.094
occupancy,6,3,seasonal_naive_weekly,5,13200,4.16864,1.10666
occupancy,6,3,seasonal_naive_weekly,6,13200,4.02682,1.07548
occupancy,6,3,autoregressive,0,13200,2.48977,0.65817
occupancy,6,3,autoregressive,1,13200,2.79823,0.729704
occupancy,6,3,autoregressive,2,13200,2.35914,0.626244
occupancy,6,3,autoregressive,3,13200,2.33047,0.627936
occupancy,6,3,autoregressive,4,13200,2.2654,0.621934
occupancy,6,3,autoregressive,5,13200,2.61172,0.684523
occupancy,6,3,autoregressive,6,13200,2.36111,0.62675
occupancy,6,3,zone_ridge,0,13200,2.93026,0.740882
occupancy,6,3,zone_ridge,1,13200,2.90598,0.750213
occupancy,6,3,zone_ridge,2,13200,2.68381,0.682757
occupancy,6,3,zone_ridge,3,13200,2.7496,0.707737
occupancy,6,3,zone_ridge,4,13200,2.77627,0.71629
occupancy,6,3,zone_ridge,5,13200,3.22822,0.793759
occupancy,6,3,zone_ridge,6,13200,3.27852,0.790891
occupancy,6,3,zone_gbm,0,13200,3.10085,0.827189
occupancy,6,3,zone_gbm,1,13200,3.01223,0.810656
occupancy,6,3,zone_gbm,2,13200,2.71674,0.707595
occupancy,6,3,zone_gbm,3,13200,2.88951,0.769589
occupancy,6,3,zone_gbm,4,13200,2.83056,0.765373
occupancy,6,3,zone_gbm,5,13200,3.1008,0.822814
occupancy,6,3,zone_gbm,6,13200,3.11843,0.822057
occupancy,6,3,global_ridge,0,13200,3.2228,0.987729
occupancy,6,3,global_ridge,1,13200,3.80173,1.07101
occupancy,6,3,global_ridge,2,13200,3.41264,1.00027
occupancy,6,3,global_ridge,3,13200,3.43713,1.03015
occupancy,6,3,global_ridge,4,13200,3.41512,1.03704
occupancy,6,3,global_ridge,5,13200,3.33435,1.01014
occupancy,6,3,global_ridge,6,13200,2.8879,0.921026
occupancy,6,3,global_gbm,0,13200,2.46566,0.655045
occupancy,6,3,global_gbm,1,13200,2.74695,0.733857
occupancy,6,3,global_gbm,2,13200,2.49667,0.669775
occupancy,6,3,global_gbm,3,13200,2.51448,0.677484
occupancy,6,3,global_gbm,4,13200,2.4934,0.681994
occupancy,6,3,global_gbm,5,13200,2.59129,0.676545
occupancy,6,3,global_gbm,6,13200,2.34567,0.61243
occupancy,6,4,last_observation,0,13200,5.07504,1.19381
occupancy,6,4,last_observation,1,13200,5.34379,1.24733
occupancy,6,4,last_observation,2,13200,5.91182,1.35273
occupancy,6,4,last_observation,3,13200,5.90197,1.35382
occupancy,6,4,last_observation,4,13200,5.86258,1.36291
occupancy,6,4,last_observation,5,13200,4.91928,1.14431
occupancy,6,4,last_observation,6,13200,3.94644,0.953634
occupancy,6,4,seasonal_naive_daily,0,13200,4.0561,1.07382
occupancy,6,4,seasonal_naive_daily,1,13200,2.90443,0.848129
occupancy,6,4,seasonal_naive_daily,2,13200,2.90955,0.8575
occupancy,6,4,seasonal_naive_daily,3,13200,2.81163,0.827636
occupancy,6,4,seasonal_naive_daily,4,13200,2.83121,0.840854
occupancy,6,4,seasonal_naive_daily,5,13200,3.73436,1.03731
occupancy,6,4,seasonal_naive_daily,6,13200,3.06742,0.89073
occupancy,6,4,seasonal_naive_weekly,0,13200,4.33068,1.18156
occupancy,6,4,seasonal_naive_weekly,1,13200,3.90455,1.08527
occupancy,6,4,seasonal_naive_weekly,2,13200,3.76727,1.04415
occupancy,6,4,seasonal_naive_weekly,3,13200,3.68973,1.05318
occupancy,6,4,seasonal_naive_weekly,4,13200,3.69871,1.0552
occupancy,6,4,seasonal_naive_weekly,5,13200,3.72875,1.07738
occupancy,6,4,seasonal_naive_weekly,6,13200,3.7678,1.06481
occupancy,6,4,autoregressive,0,13200,3.24997,0.85426
occupancy,6,4,autoregressive,1,13200,2.66328,0.739294
occupancy,6,4,autoregressive,2,13200,2.57867,0.728855
occupancy,6,4,autoregressive,3,13200,2.50277,0.71412
occupancy,6,4,autoregressive,4,13200,2.62082,0.746922
occupancy,6,4,autoregressive,5,13200,2.73244,0.757649
occupancy,6,4,autoregressive,6,13200,2.45687,0.694051
occupancy,6,4,zone_ridge,0,13200,3.0378,0.806755
occupancy,6,4,zone_ridge,1,13200,3.0857,0.818044
occupancy,6,4,zone_ridge,2,13200,3.14026,0.814667
occupancy,6,4,zone_ridge,3,13200,3.09221,0.806388
occupancy,6,4,zone_ridge,4,13200,3.21269,0.847966
occupancy,6,4,zone_ridge,5,13200,2.78654,0.770022
occupancy,6,4,zone_ridge,6,13200,2.64357,0.736696
occupancy,6,4,zone_gbm,0,13200,2.99112,0.816134
occupancy,6,4,zone_gbm,1,13200,3.07545,0.841413
occupancy,6,4,zone_gbm,2,13200,2.59604,0.723805
occupancy,6,4,zone_gbm,3,13200,2.55105,0.718642
occupancy,6,4,zone_gbm,4,13200,2.8089,0.783334
occupancy,6,4,zone_gbm,5,13200,2.82841,0.798884
occupancy,6,4,zone_gbm,6,13200,2.76553,0.776935
occupancy,6,4,global_ridge,0,13200,4.05864,1.1221
occupancy,6,4,global_ridge,1,13200,3.9164,1.08439
occupancy,6,4,global_ridge,2,13200,4.28791,1.18073
occupancy,6,4,global_ridge,3,13200,4.14864,1.13879
occupancy,6,4,global_ridge,4,13200,4.2171,1.17002
occupancy,6,4,global_ridge,5,13200,3.55045,1.03956
occupancy,6,4,global_ridge,6,13200,3.0545,0.944587
occupancy,6,4,global_gbm,0,13200,2.89243,0.811612
occupancy,6,4,global_gbm,1,13200,2.89038,0.811659
occupancy,6,4,global_gbm,2,13200,2.72243,0.792403
occupancy,6,4,global_gbm,3,13200,2.95311,0.842487
occupancy,6,4,global_gbm,4,13200,3.46215,0.926821
occupancy,6,4,global_gbm,5,13200,2.76112,0.7734
occupancy,6,4,global_gbm,6,13200,2.44805,0.689775
occupancy,6,5,last_observation,0,13200,3.01992,0.684297
occupancy,6,5,last_observation,1,13200,3.04205,0.684212
occupancy,6,5,last_observation,2,13200,3.18591,0.763363
occupancy,6,5,last_observation,3,13200,3.55254,0.853652
occupancy,6,5,last_observation,4,13200,3.20489,0.83759
occupancy,6,5,last_observation,5,13200,2.59985,0.626291
occupancy,6,5,last_observation,6,13200,2.87712,0.676877
occupancy,6,5,seasonal_naive_daily,0,13200,1.89432,0.523971
occupancy,6,5,seasonal_naive_daily,1,13200,1.78795,0.515381
occupancy,6,5,seasonal_naive_daily,2,13200,2.2672,0.654383
occupancy,6,5,seasonal_naive_daily,3,13200,2.76057,0.764177
occupancy,6,5,seasonal_naive_daily,4,13200,3.08716,0.844448
occupancy,6,5,seasonal_naive_daily,5,13200,2.67136,0.739124
occupancy,6,5,seasonal_naive_daily,6,13200,2.7347,0.799146
occupancy,6,5,seasonal_naive_weekly,0,13200,5.03318,1.28591
occupancy,6,5,seasonal_naive_weekly,1,13200,4.96682,1.25763
occupancy,6,5,seasonal_naive_weekly,2,13200,4.46508,1.2242
occupancy,6,5,seasonal_naive_weekly,3,13200,4.53439,1.269
occupancy,6,5,seasonal_naive_weekly,4,13200,4.79667,1.31068
occupancy,6,5,seasonal_naive_weekly,5,13200,5.44057,1.4168
occupancy,6,5,seasonal_naive_weekly,6,13200,5.18231,1.28323
occupancy,6,5,autoregressive,0,13200,2.09063,0.566857
occupancy,6,5,autoregressive,1,13200,1.9505,0.544236
occupancy,6,5,autoregressive,2,13200,2.22207,0.615283
occupancy,6,5,autoregressive,3,13200,2.45951,0.682066
occupancy,6,5,autoregressive,4,13200,2.82663,0.773433
occupancy,6,5,autoregressive,5,13200,2.4261,0.660408
occupancy,6,5,autoregressive,6,13200,2.39738,0.660306
occupancy,6,5,zone_ridge,0,13200,3.03864,0.77085
occupancy,6,5,zone_ridge,1,13200,2.95077,0.743059
occupancy,6,5,zone_ridge,2,13200,2.87207,0.748142
occupancy,6,5,zone_ridge,3,13200,3.06483,0.799035
occupancy,6,5,zone_ridge,4,13200,3.3213,0.869021
occupancy,6,5,zone_ridge,5,13200,3.29913,0.825072
occupancy,6,5,zone_ridge,6,13200,3.23872,0.826576
occupancy,6,5,zone_gbm,0,13200,3.28998,0.901228
occupancy,6,5,zone_gbm,1,13200,3.16358,0.872635
occupancy,6,5,zone_gbm,2,13200,2.90552,0.789209
occupancy,6,5,zone_gbm,3,13200,3.11614,0.858452
occupancy,6,5,zone_gbm,4,13200,3.34867,0.92547
occupancy,6,5,zone_gbm,5,13200,3.32792,0.88629
occupancy,6,5,zone_gbm,6,13200,3.37943,0.925966
occupancy,6,5,global_ridge,0,13200,2.89225,0.907483
occupancy,6,5,global_ridge,1,13200,2.83121,0.910408
occupancy,6,5,global_ridge,2,13200,2.80512,0.890882
occupancy,6,5,global_ridge,3,13200,2.99752,0.960344
occupancy,6,5,global_ridge,4,13200,3.11699,1.00496
occupancy,6,5,global_ridge,5,13200,3.01345,0.96938
occupancy,6,5,global_ridge,6,13200,3.1058,0.977717
occupancy,6,5,global_gbm,0,13200,2.10475,0.576134
occupancy,6,5,global_gbm,1,13200,1.97776,0.550432
occupancy,6,5,global_gbm,2,13200,2.07791,0.597789
occupancy,6,5,global_gbm,3,13200,2.35899,0.660016
occupancy,6,5,global_gbm,4,13200,2.61433,0.721916
occupancy,6,5,global_gbm,5,13200,2.2931,0.622854
occupancy,6,5,global_gbm,6,13200,2.33795,0.650896
occupancy,6,6,last_observation,0,13200,4.4797,1.01674
occupancy,6,6,last_observation,1,13200,5.29083,1.23194
occupancy,6,6,last_observation,2,13200,5.06848,1.1707
occupancy,6,6,last_observation,3,13200,4.97068,1.14506
occupancy,6,6,last_observation,4,13200,4.88432,1.09227
occupancy,6,6,last_observation,5,13200,4.49742,1.07693
occupancy,6,6,last_observation,6,13200,3.30977,0.767842
occupancy,6,6,seasonal_naive_daily,0,13200,3.4475,0.879102
occupancy,6,6,seasonal_naive_daily,1,13200,2.8125,0.859067
occupancy,6,6,seasonal_naive_daily,2,13200,4.11909,1.20019
occupancy,6,6,seasonal_naive_daily,3,13200,2.49409,0.759224
occupancy,6,6,seasonal_naive_daily,4,13200,2.29402,0.693682
occupancy,6,6,seasonal_naive_daily,5,13200,3.84023,1.03892
occupancy,6,6,seasonal_naive_daily,6,13200,3.39909,0.989548
occupancy,6,6,seasonal_naive_weekly,0,13200,3.85288,1.19602
occupancy,6,6,seasonal_naive_weekly,1,13200,3.56758,1.12603
occupancy,6,6,seasonal_naive_weekly,2,13200,6.49902,1.83159
occupancy,6,6,seasonal_naive_weekly,3,13200,6.46909,1.8741
occupancy,6,6,seasonal_naive_weekly,4,13200,6.51061,1.89741
occupancy,6,6,seasonal_naive_weekly,5,13200,5.22917,1.5418
occupancy,6,6,seasonal_naive_weekly,6,13200,4.27879,1.26248
occupancy,6,6,autoregressive,0,13200,2.76785,0.739425
occupancy,6,6,autoregressive,1,13200,2.5448,0.748522
occupancy,6,6,autoregressive,2,13200,3.35817,0.93769
occupancy,6,6,autoregressive,3,13200,2.51031,0.736827
occupancy,6,6,autoregressive,4,13200,2.37579,0.69097
occupancy,6,6,autoregressive,5,13200,2.93321,0.818775
occupancy,6,6,autoregressive,6,13200,2.39708,0.674466
occupancy,6,6,zone_ridge,0,13200,2.72246,0.74875
occupancy,6,6,zone_ridge,1,13200,3.00988,0.84552
occupancy,6,6,zone_ridge,2,13200,3.59042,0.981076
occupancy,6,6,zone_ridge,3,13200,3.28427,0.912553
occupancy,6,6,zone_ridge,4,13200,3.20714,0.879746
occupancy,6,6,zone_ridge,5,13200,3.14802,0.881869
occupancy,6,6,zone_ridge,6,13200,2.71748,0.750783
occupancy,6,6,zone_gbm,0,13200,2.56507,0.760676
occupancy,6,6,zone_gbm,1,13200,2.6714,0.82078
occupancy,6,6,zone_gbm,2,13200,3.3922,0.969183
occupancy,6,6,zone_gbm,3,13200,3.21485,0.938151
occupancy,6,6,zone_gbm,4,13200,3.20163,0.94076
occupancy,6,6,zone_gbm,5,13200,3.15731,0.920592
occupancy,6,6,zone_gbm,6,13200,2.57729,0.760346
occupancy,6,6,global_ridge,0,13200,3.83138,1.11449
occupancy,6,6,global_ridge,1,13200,4.09047,1.18073
occupancy,6,6,global_ridge,2,13200,4.59865,1.29474
occupancy,6,6,global_ridge,3,13200,3.99207,1.13944
occupancy,6,6,global_ridge,4,13200,3.87656,1.1081
occupancy,6,6,global_ridge,5,13200,3.81332,1.16355
occupancy,6,6,global_ridge,6,13200,2.99919,0.955648
occupancy,6,6,global_gbm,0,13200,2.40436,0.70138
occupancy,6,6,global_gbm,1,13200,2.67876,0.807391
occupancy,6,6,global_gbm,2,13200,3.19994,0.952115
occupancy,6,6,global_gbm,3,13200,2.73027,0.842842
occupancy,6,6,global_gbm,4,13200,2.57219,0.773904
occupancy,6,6,global_gbm,5,13200,2.88265,0.834091
occupancy,6,6,global_gbm,6,13200,2.19562,0.641386
occupancy,6,7,last_observation,0,13200,4.50258,1.02442
occupancy,6,7,last_observation,1,13200,5.13848,1.21397
occupancy,6,7,last_observation,2,13200,4.98068,1.10958
occupancy,6,7,last_observation,3,13200,4.9175,1.0819
occupancy,6,7,last_observation,4,13200,4.94682,1.0979
occupancy,6,7,last_observation,5,13200,4.06379,0.918904
occupancy,6,7,last_observation,6,13200,3.47576,0.801997
occupancy,6,7,seasonal_naive_daily,0,13200,3.38769,0.882231
occupancy,6,7,seasonal_naive_daily,1,13200,2.99091,0.889749
occupancy,6,7,seasonal_naive_daily,2,13200,2.70121,0.817666
occupancy,6,7,seasonal_naive_daily,3,13200,2.05189,0.599734
occupancy,6,7,seasonal_naive_daily,4,13200,2.04356,0.603914
occupancy,6,7,seasonal_naive_daily,5,13200,2.9922,0.793547
occupancy,6,7,seasonal_naive_daily,6,13200,2.35617,0.683168
occupancy,6,7,seasonal_naive_weekly,0,13200,3.68879,1.15812
occupancy,6,7,seasonal_naive_weekly,1,13200,3.32038,1.00205
occupancy,6,7,seasonal_naive_weekly,2,13200,3.44879,1.06975
occupancy,6,7,seasonal_naive_weekly,3,13200,3.54098,1.10803
occupancy,6,7,seasonal_naive_weekly,4,13200,3.67348,1.16661
occupancy,6,7,seasonal_naive_weekly,5,13200,3.79212,1.18112
occupancy,6,7,seasonal_naive_weekly,6,13200,3.80674,1.19955
occupancy,6,7,autoregressive,0,13200,2.71063,0.725874
occupancy,6,7,autoregressive,1,13200,2.61722,0.744239
occupancy,6,7,autoregressive,2,13200,2.2489,0.647112
occupancy,6,7,autoregressive,3,13200,2.01841,0.579039
occupancy,6,7,autoregressive,4,13200,2.01186,0.585502
occupancy,6,7,autoregressive,5,13200,2.28695,0.633831
occupancy,6,7,autoregressive,6,13200,2.03962,0.585855
occupancy,6,7,zone_ridge,0,13200,2.54113,0.703735
occupancy,6,7,zone_ridge,1,13200,3.03054,0.827621
occupancy,6,7,zone_ridge,2,13200,2.64213,0.723038
occupancy,6,7,zone_ridge,3,13200,2.56453,0.69071
occupancy,6,7,zone_ridge,4,13200,2.47873,0.677655
occupancy,6,7,zone_ridge,5,13200,2.41487,0.684059
occupancy,6,7,zone_ridge,6,13200,2.41702,0.677176
occupancy,6,7,zone_gbm,0,13200,2.42948,0.712397
occupancy,6,7,zone_gbm,1,13200,2.86007,0.813606
occupancy,6,7,zone_gbm,2,13200,2.25397,0.653305
occupancy,6,7,zone_gbm,3,13200,2.25806,0.660124
occupancy,6,7,zone_gbm,4,13200,2.28052,0.669942
occupancy,6,7,zone_gbm,5,13200,2.36903,0.695168
occupancy,6,7,zone_gbm,6,13200,2.3565,0.688368
occupancy,6,7,global_ridge,0,13200,3.80424,1.10313
occupancy,6,7,global_ridge,1,13200,4.05675,1.17356
occupancy,6,7,global_ridge,2,13200,3.84795,1.10807
occupancy,6,7,global_ridge,3,13200,3.73324,1.06956
occupancy,6,7,global_ridge,4,13200,3.62146,1.04705
occupancy,6,7,global_ridge,5,13200,3.24152,0.984807
occupancy,6,7,global_ridge,6,13200,2.77021,0.910926
occupancy,6,7,global_gbm,0,13200,2.32811,0.678528
occupancy,6,7,global_gbm,1,13200,2.72276,0.793149
occupancy,6,7,global_gbm,2,13200,2.31272,0.675107
occupancy,6,7,global_gbm,3,13200,2.20981,0.643165
occupancy,6,7,global_gbm,4,13200,2.19336,0.64107
occupancy,6,7,global_gbm,5,13200,2.20768,0.634844
occupancy,6,7,global_gbm,6,13200,2.00001,0.582169
occupancy,24,0,last_observation,0,13200,4.4736,1.16823
occupancy,24,0,last_observation,1,13200,3.18239,0.899492
occupancy,24,0,last_observation,2,13200,3.1886,0.875865
occupancy,24,0,last_observation,3,13200,3.20163,0.915631
occupancy,24,0,last_observation,4,13200,3.30299,0.915851
occupancy,24,0,last_observation,5,13200,4.24273,1.10574
occupancy,24,0,last_observation,6,13200,3.22292,0.912413
occupancy,24,0,seasonal_naive_daily,0,13200,4.4736,1.16823
occupancy,24,0,seasonal_naive_daily,1,13200,3.18239,0.899492
occupancy,24,0,seasonal_naive_daily,2,13200,3.1886,0.875865
occupancy,24,0,seasonal_naive_daily,3,13200,3.20163,0.915631
occupancy,24,0,seasonal_naive_daily,4,13200,3.30299,0.915851
occupancy,24,0,seasonal_naive_daily,5,13200,4.24273,1.10574
occupancy,24,0,seasonal_naive_daily,6,13200,3.22292,0.912413
occupancy,24,0,seasonal_naive_weekly,0,13200,3.77034,1.04781
occupancy,24,0,seasonal_naive_weekly,1,13200,3.77356,1.03253
occupancy,24,0,seasonal_naive_weekly,2,13200,6.22886,1.58252
occupancy,24,0,seasonal_naive_weekly,3,13200,4.01447,1.09921
occupancy,24,0,seasonal_naive_weekly,4,13200,3.90833,1.05862
occupancy,24,0,seasonal_naive_weekly,5,13200,3.45898,0.998625
occupancy,24,0,seasonal_naive_weekly,6,13200,3.43504,0.974136
occupancy,24,0,autoregressive,0,13200,4.05255,1.04797
occupancy,24,0,autoregressive,1,13200,3.31133,0.864456
occupancy,24,0,autoregressive,2,13200,3.07191,0.821537
occupancy,24,0,autoregressive,3,13200,3.14116,0.855055
occupancy,24,0,autoregressive,4,13200,3.05949,0.834005
occupancy,24,0,autoregressive,5,13200,3.54643,0.934019
occupancy,24,0,autoregressive,6,13200,3.13629,0.854972
occupancy,24,0,zone_ridge,0,13200,3.72207,1.00383
occupancy,24,0,zone_ridge,1,13200,3.37897,0.900664
occupancy,24,0,zone_ridge,2,13200,3.28567,0.859609
occupancy,24,0,zone_ridge,3,13200,3.41079,0.893655
occupancy,24,0,zone_ridge,4,13200,3.16286,0.859035
occupancy,24,0,zone_ridge,5,13200,3.25665,0.883992
occupancy,24,0,zone_ridge,6,13200,3.12132,0.856203
occupancy,24,0,zone_gbm,0,13200,3.62207,1.03592
occupancy,24,0,zone_gbm,1,13200,3.66991,1.01453
occupancy,24,0,zone_gbm,2,13200,3.47205,0.907712
occupancy,24,0,zone_gbm,3,13200,3.5637,0.947192
occupancy,24,0,zone_gbm,4,13200,3.24804,0.906191
occupancy,24,0,zone_gbm,5,13200,3.4767,0.967693
occupancy,24,0,zone_gbm,6,13200,3.39486,0.957659
occupancy,24,0,global_ridge,0,13200,4.13791,1.18542
occupancy,24,0,global_ridge,1,13200,3.47709,1.03618
occupancy,24,0,global_ridge,2,13200,3.18629,0.880579
occupancy,24,0,global_ridge,3,13200,3.13613,0.861489
occupancy,24,0,global_ridge,4,13200,3.01043,0.847627
occupancy,24,0,global_ridge,5,13200,3.65111,0.977969
occupancy,24,0,global_ridge,6,13200,3.23317,0.905621
occupancy,24,0,global_gbm,0,13200,4.08391,1.07879
occupancy,24,0,global_gbm,1,13200,3.90541,0.987519
occupancy,24,0,global_gbm,2,13200,3.17147,0.843207
occupancy,24,0,global_gbm,3,13200,3.20756,0.865749
occupancy,24,0,global_gbm,4,13200,3.08613,0.84733
occupancy,24,0,global_gbm,5,13200,3.36767,0.903954
occupancy,24,0,global_gbm,6,13200,3.55334,0.940662
occupancy,24,1,last_observation,0,13200,4.65845,1.1934
occupancy,24,1,last_observation,1,13200,3.15106,0.885923
occupancy,24,1,last_observation,2,13200,2.91807,0.854037
occupancy,24,1,last_observation,3,13200,2.90341,0.842684
occupancy,24,1,last_observation,4,13200,2.86784,0.838812
occupancy,24,1,last_observation,5,13200,4.27981,1.10334
occupancy,24,1,last_observation,6,13200,3.20795,0.906501
occupancy,24,1,seasonal_naive_daily,0,13200,4.65845,1.1934
occupancy,24,1,seasonal_naive_daily,1,13200,3.15106,0.885923
occupancy,24,1,seasonal_naive_daily,2,13200,2.91807,0.854037
occupancy,24,1,seasonal_naive_daily,3,13200,2.90341,0.842684
occupancy,24,1,seasonal_naive_daily,4,13200,2.86784,0.838812
occupancy,24,1,seasonal_naive_daily,5,13200,4.27981,1.10334
occupancy,24,1,seasonal_naive_daily,6,13200,3.20795,0.906501
occupancy,24,1,seasonal_naive_weekly,0,13200,3.50955,1.01258
occupancy,24,1,seasonal_naive_weekly,1,13200,3.6553,1.0178
occupancy,24,1,seasonal_naive_weekly,2,13200,3.48292,0.98538
occupancy,24,1,seasonal_naive_weekly,3,13200,3.69663,1.03224
occupancy,24,1,seasonal_naive_weekly,4,13200,3.42636,0.989791
occupancy,24,1,seasonal_naive_weekly,5,13200,3.5172,1.00837
occupancy,24,1,seasonal_naive_weekly,6,13200,3.49265,0.992261
occupancy,24,1,autoregressive,0,13200,4.17247,1.05318
occupancy,24,1,autoregressive,1,13200,3.24327,0.86472
occupancy,24,1,autoregressive,2,13200,2.86506,0.795686
occupancy,24,1,autoregressive,3,13200,2.88028,0.805214
occupancy,24,1,autoregressive,4,13200,2.86128,0.792042
occupancy,24,1,autoregressive,5,13200,3.54716,0.937337
occupancy,24,1,autoregressive,6,13200,3.099,0.847861
occupancy,24,1,zone_ridge,0,13200,3.66688,0.974108
occupancy,24,1,zone_ridge,1,13200,3.34141,0.90877
occupancy,24,1,zone_ridge,2,13200,2.96298,0.816776
occupancy,24,1,zone_ridge,3,13200,3.09821,0.846632
occupancy,24,1,zone_ridge,4,13200,3.19081,0.866366
occupancy,24,1,zone_ridge,5,13200,3.49962,0.936821
occupancy,24,1,zone_ridge,6,13200,3.23216,0.884325
occupancy,24,1,zone_gbm,0,13200,3.39909,0.96958
occupancy,24,1,zone_gbm,1,13200,3.34131,0.9629
occupancy,24,1,zone_gbm,2,13200,2.90977,0.829772
occupancy,24,1,zone_gbm,3,13200,3.11773,0.891434
occupancy,24,1,zone_gbm,4,13200,3.14105,0.900128
occupancy,24,1,zone_gbm,5,13200,3.33421,0.953479
occupancy,24,1,zone_gbm,6,13200,3.30517,0.941296
occupancy,24,1,global_ridge,0,13200,4.09595,1.11515
occupancy,24,1,global_ridge,1,13200,3.29576,0.961188
occupancy,24,1,global_ridge,2,13200,2.90651,0.803978
occupancy,24,1,global_ridge,3,13200,2.93047,0.841653
occupancy,24,1,global_ridge,4,13200,2.88105,0.833553
occupancy,24,1,global_ridge,5,13200,3.71706,1.00307
occupancy,24,1,global_ridge,6,13200,3.12924,0.869536
occupancy,24,1,global_gbm,0,13200,3.45265,0.988142
occupancy,24,1,global_gbm,1,13200,3.37799,0.923305
occupancy,24,1,global_gbm,2,13200,2.76883,0.785764
occupancy,24,1,global_gbm,3,13200,2.89062,0.818959
occupancy,24,1,global_gbm,4,13200,2.83483,0.797227
occupancy,24,1,global_gbm,5,13200,3.17306,0.893895
occupancy,24,1,global_gbm,6,13200,3.04141,0.858106
occupancy,24,2,last_observation,0,13200,4.34348,1.10196
occupancy,24,2,last_observation,1,13200,3.01939,0.860337
occupancy,24,2,last_observation,2,13200,3.16045,0.906833
occupancy,24,2,last_observation,3,13200,3.02148,0.863536
occupancy,24,2,last_observation,4,13200,4.04701,1.0814
occupancy,24,2,last_observation,5,13200,5.1378,1.30932
occupancy,24,2,last_observation,6,13200,3.06451,0.844326
occupancy,24,2,seasonal_naive_daily,0,13200,4.34348,1.10196
occupancy,24,2,seasonal_naive_daily,1,13200,3.01939,0.860337
occupancy,24,2,seasonal_naive_daily,2,13200,3.16045,0.906833
occupancy,24,2,seasonal_naive_daily,3,13200,3.02148,0.863536
occupancy,24,2,seasonal_naive_daily,4,13200,4.04701,1.0814
occupancy,24,2,seasonal_naive_daily,5,13200,5.1378,1.30932
occupancy,24,2,seasonal_naive_daily,6,13200,3.06451,0.844326
occupancy,24,2,seasonal_naive_weekly,0,13200,3.59886,1.04882
occupancy,24,2,seasonal_naive_weekly,1,13200,3.63345,1.04164
occupancy,24,2,seasonal_naive_weekly,2,13200,3.85443,1.07642
occupancy,24,2,seasonal_naive_weekly,3,13200,4.02523,1.12975
occupancy,24,2,seasonal_naive_weekly,4,13200,5.78795,1.48434
occupancy,24,2,seasonal_naive_weekly,5,13200,3.60958,1.06533
occupancy,24,2,seasonal_naive_weekly,6,13200,3.57625,1.03916
occupancy,24,2,autoregressive,0,13200,3.86822,1.02612
occupancy,24,2,autoregressive,1,13200,3.11995,0.883746
occupancy,24,2,autoregressive,2,13200,3.05763,0.875358
occupancy,24,2,autoregressive,3,13200,3.07177,0.89383
occupancy,24,2,autoregressive,4,13200,3.98804,1.06429
occupancy,24,2,autoregressive,5,13200,3.83638,1.03717
occupancy,24,2,autoregressive,6,13200,3.11843,0.864582
occupancy,24,2,zone_ridge,0,13200,3.64978,1.0012
occupancy,24,2,zone_ridge,1,13200,3.42661,0.942213
occupancy,24,2,zone_ridge,2,13200,3.2609,0.909303
occupancy,24,2,zone_ridge,3,13200,3.23137,0.937694
occupancy,24,2,zone_ridge,4,13200,4.09742,1.10784
occupancy,24,2,zone_ridge,5,13200,3.56859,0.987579
occupancy,24,2,zone_ridge,6,13200,3.38835,0.922277
occupancy,24,2,zone_gbm,0,13200,3.38901,0.989446
occupancy,24,2,zone_gbm,1,13200,3.26098,0.960386
occupancy,24,2,zone_gbm,2,13200,3.11741,0.875786
occupancy,24,2,zone_gbm,3,13200,3.31609,0.955636
occupancy,24,2,zone_gbm,4,13200,4.21633,1.13916
occupancy,24,2,zone_gbm,5,13200,3.23169,0.947179
occupancy,24,2,zone_gbm,6,13200,3.14557,0.92343
occupancy,24,2,global_ridge,0,13200,3.93464,1.12841
occupancy,24,2,global_ridge,1,13200,3.10292,0.924797
occupancy,24,2,global_ridge,2,13200,3.18532,0.907609
occupancy,24,2,global_ridge,3,13200,3.0892,0.892969
occupancy,24,2,global_ridge,4,13200,3.99758,1.09583
occupancy,24,2,global_ridge,5,13200,3.99276,1.11331
occupancy,24,2,global_ridge,6,13200,3.1366,0.879009
occupancy,24,2,global_gbm,0,13200,3.09667,0.88466
occupancy,24,2,global_gbm,1,13200,2.9748,0.845426
occupancy,24,2,global_gbm,2,13200,2.97224,0.847678
occupancy,24,2,global_gbm,3,13200,3.01187,0.858452
occupancy,24,2,global_gbm,4,13200,3.89966,1.02557
occupancy,24,2,global_gbm,5,13200,3.27743,0.937172
occupancy,24,2,global_gbm,6,13200,2.80626,0.790549
occupancy,24,3,last_observation,0,13200,2.96038,0.808839
occupancy,24,3,last_observation,1,13200,3.28038,0.894278
occupancy,24,3,last_observation,2,13200,2.64852,0.729988
occupancy,24,3,last_observation,3,13200,2.55534,0.723127
occupancy,24,3,last_observation,4,13200,2.50386,0.734871
occupancy,24,3,last_observation,5,13200,3.18424,0.86154
occupancy,24,3,last_observation,6,13200,2.70261,0.751412
occupancy,24,3,seasonal_naive_daily,0,13200,2.96038,0.808839
occupancy,24,3,seasonal_naive_daily,1,13200,3.28038,0.894278
occupancy,24,3,seasonal_naive_daily,2,13200,2.64852,0.729988
occupancy,24,3,seasonal_naive_daily,3,13200,2.55534,0.723127
occupancy,24,3,seasonal_naive_daily,4,13200,2.50386,0.734871
occupancy,24,3,seasonal_naive_daily,5,13200,3.18424,0.86154
occupancy,24,3,seasonal_naive_daily,6,13200,2.70261,0.751412
occupancy,24,3,seasonal_naive_weekly,0,13200,3.94083,1.06588
occupancy,24,3,seasonal_naive_weekly,1,13200,3.7886,1.02394
occupancy,24,3,seasonal_naive_weekly,2,13200,3.83811,1.02287
occupancy,24,3,seasonal_naive_weekly,3,13200,4.10879,1.11307
occupancy,24,3,seasonal_naive_weekly,4,13200,4.00678,1.094
occupancy,24,3,seasonal_naive_weekly,5,13200,4.16864,1.10666
occupancy,24,3,seasonal_naive_weekly,6,13200,4.02682,1.07548
occupancy,24,3,autoregressive,0,13200,2.9396,0.789999
occupancy,24,3,autoregressive,1,13200,3.31733,0.851075
occupancy,24,3,autoregressive,2,13200,2.70131,0.731791
occupancy,24,3,autoregressive,3,13200,2.74519,0.745287
occupancy,24,3,autoregressive,4,13200,2.64518,0.741617
occupancy,24,3,autoregressive,5,13200,3.11225,0.827996
occupancy,24,3,autoregressive,6,13200,2.92583,0.787387
occupancy,24,3,zone_ridge,0,13200,2.89945,0.802416
occupancy,24,3,zone_ridge,1,13200,3.07351,0.829119
occupancy,24,3,zone_ridge,2,13200,2.70161,0.740693
occupancy,24,3,zone_ridge,3,13200,2.89895,0.790647
occupancy,24,3,zone_ridge,4,13200,2.80701,0.785519
occupancy,24,3,zone_ridge,5,13200,3.27159,0.865889
occupancy,24,3,zone_ridge,6,13200,3.15191,0.835203
occupancy,24,3,zone_gbm,0,13200,3.58182,0.977174
occupancy,24,3,zone_gbm,1,13200,3.49571,0.973271
occupancy,24,3,zone_gbm,2,13200,2.96866,0.811082
occupancy,24,3,zone_gbm,3,13200,3.26558,0.885812
occupancy,24,3,zone_gbm,4,13200,3.10815,0.872036
occupancy,24,3,zone_gbm,5,13200,3.71128,0.981482
occupancy,24,3,zone_gbm,6,13200,3.65538,0.980301
occupancy,24,3,global_ridge,0,13200,2.9246,0.867354
occupancy,24,3,global_ridge,1,13200,3.26086,0.910794
occupancy,24,3,global_ridge,2,13200,2.65119,0.748316
occupancy,24,3,global_ridge,3,13200,2.6291,0.75204
occupancy,24,3,global_ridge,4,13200,2.58195,0.752363
occupancy,24,3,global_ridge,5,13200,3.11582,0.858817
occupancy,24,3,global_ridge,6,13200,2.74968,0.768716
occupancy,24,3,global_gbm,0,13200,2.5894,0.728439
occupancy,24,3,global_gbm,1,13200,2.90332,0.796567
occupancy,24,3,global_gbm,2,13200,2.4838,0.696828
occupancy,24,3,global_gbm,3,13200,2.56266,0.714652
occupancy,24,3,global_gbm,4,13200,2.50038,0.720608
occupancy,24,3,global_gbm,5,13200,2.92548,0.799204
occupancy,24,3,global_gbm,6,13200,2.63838,0.723444
occupancy,24,4,last_observation,0,13200,4.0561,1.07382
occupancy,24,4,last_observation,1,13200,2.90443,0.848129
occupancy,24,4,last_observation,2,13200,2.90955,0.8575
occupancy,24,4,last_observation,3,13200,2.81163,0.827636
occupancy,24,4,last_observation,4,13200,2.83121,0.840854
occupancy,24,4,last_observation,5,13200,3.73436,1.03731
occupancy,24,4,last_observation,6,13200,3.06742,0.89073
occupancy,24,4,seasonal_naive_daily,0,13200,4.0561,1.07382
occupancy,24,4,seasonal_naive_daily,1,13200,2.90443,0.848129
occupancy,24,4,seasonal_naive_daily,2,13200,2.90955,0.8575
occupancy,24,4,seasonal_naive_daily,3,13200,2.81163,0.827636
occupancy,24,4,seasonal_naive_daily,4,13200,2.83121,0.840854
occupancy,24,4,seasonal_naive_daily,5,13200,3.73436,1.03731
occupancy,24,4,seasonal_naive_daily,6,13200,3.06742,0.89073
occupancy,24,4,seasonal_naive_weekly,0,13200,4.33068,1.18156
occupancy,24,4,seasonal_naive_weekly,1,13200,3.90455,1.08527
occupancy,24,4,seasonal_naive_weekly,2,13200,3.76727,1.04415
occupancy,24,4,seasonal_naive_weekly,3,13200,3.68973,1.05318
occupancy,24,4,seasonal_naive_weekly,4,13200,3.69871,1.0552
occupancy,24,4,seasonal_naive_weekly,5,13200,3.72875,1.07738
occupancy,24,4,seasonal_naive_weekly,6,13200,3.7678,1.06481
occupancy,24,4,autoregressive,0,13200,3.77738,0.986603
occupancy,24,4,autoregressive,1,13200,3.05793,0.84768
occupancy,24,4,autoregressive,2,13200,2.91241,0.829324
occupancy,24,4,autoregressive,3,13200,2.67116,0.777387
occupancy,24,4,autoregressive,4,13200,2.76518,0.795658
occupancy,24,4,autoregressive,5,13200,3.1331,0.880997
occupancy,24,4,autoregressive,6,13200,2.90426,0.830291
occupancy,24,4,zone_ridge,0,13200,3.34056,0.920623
occupancy,24,4,zone_ridge,1,13200,3.05574,0.856453
occupancy,24,4,zone_ridge,2,13200,2.93155,0.827734
occupancy,24,4,zone_ridge,3,13200,2.77116,0.797406
occupancy,24,4,zone_ridge,4,13200,2.87523,0.832415
occupancy,24,4,zone_ridge,5,13200,3.04332,0.886927
occupancy,24,4,zone_ridge,6,13200,3.04822,0.882399
occupancy,24,4,zone_gbm,0,13200,3.31607,0.946214
occupancy,24,4,zone_gbm,1,13200,3.31962,0.948806
occupancy,24,4,zone_gbm,2,13200,2.83285,0.809921
occupancy,24,4,zone_gbm,3,13200,2.83872,0.831613
occupancy,24,4,zone_gbm,4,13200,3.04618,0.875242
occupancy,24,4,zone_gbm,5,13200,3.16955,0.940924
occupancy,24,4,zone_gbm,6,13200,3.15307,0.931971
occupancy,24,4,global_ridge,0,13200,3.66828,1.05622
occupancy,24,4,global_ridge,1,13200,2.99048,0.86248
occupancy,24,4,global_ridge,2,13200,3.02033,0.869368
occupancy,24,4,global_ridge,3,13200,2.72227,0.794849
occupancy,24,4,global_ridge,4,13200,2.73479,0.807656
occupancy,24,4,global_ridge,5,13200,3.20406,0.919129
occupancy,24,4,global_ridge,6,13200,2.87929,0.846357
occupancy,24,4,global_gbm,0,13200,2.95493,0.863797
occupancy,24,4,global_gbm,1,13200,2.75892,0.811318
occupancy,24,4,global_gbm,2,13200,2.74691,0.806054
occupancy,24,4,global_gbm,3,13200,2.6363,0.771913
occupancy,24,4,global_gbm,4,13200,2.88831,0.806535
occupancy,24,4,global_gbm,5,13200,2.82069,0.840997
occupancy,24,4,global_gbm,6,13200,2.69181,0.797196
occupancy,24,5,last_observation,0,13200,1.89432,0.523971
occupancy,24,5,last_observation,1,13200,1.78795,0.515381
occupancy,24,5,last_observation,2,13200,2.2672,0.654383
occupancy,24,5,last_observation,3,13200,2.76057,0.764177
occupancy,24,5,last_observation,4,13200,3.08716,0.844448
occupancy,24,5,last_observation,5,13200,2.67136,0.739124
occupancy,24,5,last_observation,6,13200,2.7347,0.799146
occupancy,24,5,seasonal_naive_daily,0,13200,1.89432,0.523971
occupancy,24,5,seasonal_naive_daily,1,13200,1.78795,0.515381
occupancy,24,5,seasonal_naive_daily,2,13200,2.2672,0.654383
occupancy,24,5,seasonal_naive_daily,3,13200,2.76057,0.764177
occupancy,24,5,seasonal_naive_daily,4,13200,3.08716,0.844448
occupancy,24,5,seasonal_naive_daily,5,13200,2.67136,0.739124
occupancy,24,5,seasonal_naive_daily,6,13200,2.7347,0.799146
occupancy,24,5,seasonal_naive_weekly,0,13200,5.03318,1.28591
occupancy,24,5,seasonal_naive_weekly,1,13200,4.96682,1.25763
occupancy,24,5,seasonal_naive_weekly,2,13200,4.46508,1.2242
occupancy,24,5,seasonal_naive_weekly,3,13200,4.53439,1.269
occupancy,24,5,seasonal_naive_weekly,4,13200,4.79667,1.31068
occupancy,24,5,seasonal_naive_weekly,5,13200,5.44057,1.4168
occupancy,24,5,seasonal_naive_weekly,6,13200,5.18231,1.28323
occupancy,24,5,autoregressive,0,13200,2.76216,0.760272
occupancy,24,5,autoregressive,1,13200,2.44552,0.692466
occupancy,24,5,autoregressive,2,13200,2.79357,0.76643
occupancy,24,5,autoregressive,3,13200,2.82067,0.793991
occupancy,24,5,autoregressive,4,13200,3.03933,0.84732
occupancy,24,5,autoregressive,5,13200,3.17982,0.877301
occupancy,24,5,autoregressive,6,13200,3.1256,0.876286
occupancy,24,5,zone_ridge,0,13200,3.1709,0.889064
occupancy,24,5,zone_ridge,1,13200,3.04508,0.838884
occupancy,24,5,zone_ridge,2,13200,3.05328,0.83812
occupancy,24,5,zone_ridge,3,13200,3.15551,0.871912
occupancy,24,5,zone_ridge,4,13200,3.43774,0.932421
occupancy,24,5,zone_ridge,5,13200,3.82835,0.984318
occupancy,24,5,zone_ridge,6,13200,3.6703,0.99194
occupancy,24,5,zone_gbm,0,13200,3.62748,1.07198
occupancy,24,5,zone_gbm,1,13200,3.52542,1.05913
occupancy,24,5,zone_gbm,2,13200,3.05708,0.871978
occupancy,24,5,zone_gbm,3,13200,3.28846,0.949795
occupancy,24,5,zone_gbm,4,13200,3.44496,0.98757
occupancy,24,5,zone_gbm,5,13200,3.80954,1.0638
occupancy,24,5,zone_gbm,6,13200,3.94965,1.12322
occupancy,24,5,global_ridge,0,13200,2.78171,0.834639
occupancy,24,5,global_ridge,1,13200,2.45148,0.762919
occupancy,24,5,global_ridge,2,13200,2.57092,0.752889
occupancy,24,5,global_ridge,3,13200,2.71265,0.786532
occupancy,24,5,global_ridge,4,13200,3.04574,0.867055
occupancy,24,5,global_ridge,5,13200,3.16639,0.901097
occupancy,24,5,global_ridge,6,13200,3.28096,0.94097
occupancy,24,5,global_gbm,0,13200,2.70513,0.731722
occupancy,24,5,global_gbm,1,13200,2.33035,0.656893
occupancy,24,5,global_gbm,2,13200,2.3246,0.677834
occupancy,24,5,global_gbm,3,13200,2.629,0.746954
occupancy,24,5,global_gbm,4,13200,2.7768,0.773782
occupancy,24,5,global_gbm,5,13200,3.03765,0.812231
occupancy,24,5,global_gbm,6,13200,3.08629,0.858476
occupancy,24,6,last_observation,0,13200,3.4475,0.879102
occupancy,24,6,last_observation,1,13200,2.8125,0.859067
occupancy,24,6,last_observation,2,13200,4.11909,1.20019
occupancy,24,6,last_observation,3,13200,2.49409,0.759224
occupancy,24,6,last_observation,4,13200,2.29402,0.693682
occupancy,24,6,last_observation,5,13200,3.84023,1.03892
occupancy,24,6,last_observation,6,13200,3.39909,0.989548
occupancy,24,6,seasonal_naive_daily,0,13200,3.4475,0.879102
occupancy,24,6,seasonal_naive_daily,1,13200,2.8125,0.859067
occupancy,24,6,seasonal_naive_daily,2,13200,4.11909,1.20019
occupancy,24,6,seasonal_naive_daily,3,13200,2.49409,0.759224
occupancy,24,6,seasonal_naive_daily,4,13200,2.29402,0.693682
occupancy,24,6,seasonal_naive_daily,5,13200,3.84023,1.03892
occupancy,24,6,seasonal_naive_daily,6,13200,3.39909,0.989548
occupancy,24,6,seasonal_naive_weekly,0,13200,3.85288,1.19602
occupancy,24,6,seasonal_naive_weekly,1,13200,3.56758,1.12603
occupancy,24,6,seasonal_naive_weekly,2,13200,6.49902,1.83159
occupancy,24,6,seasonal_naive_weekly,3,13200,6.46909,1.8741
occupancy,24,6,seasonal_naive_weekly,4,13200,6.51061,1.89741
occupancy,24,6,seasonal_naive_weekly,5,13200,5.22917,1.5418
occupancy,24,6,seasonal_naive_weekly,6,13200,4.27879,1.26248
occupancy,24,6,autoregressive,0,13200,3.35972,0.913282
occupancy,24,6,autoregressive,1,13200,2.93048,0.871977
occupancy,24,6,autoregressive,2,13200,4.14546,1.20662
occupancy,24,6,autoregressive,3,13200,3.29082,0.992961
occupancy,24,6,autoregressive,4,13200,2.96074,0.896235
occupancy,24,6,autoregressive,5,13200,3.44901,0.971159
occupancy,24,6,autoregressive,6,13200,3.06762,0.895079
occupancy,24,6,zone_ridge,0,13200,3.07574,0.878334
occupancy,24,6,zone_ridge,1,13200,2.90755,0.885362
occupancy,24,6,zone_ridge,2,13200,4.17027,1.21291
occupancy,24,6,zone_ridge,3,13200,3.53399,1.06357
occupancy,24,6,zone_ridge,4,13200,3.38646,1.04912
occupancy,24,6,zone_ridge,5,13200,3.45745,1.01482
occupancy,24,6,zone_ridge,6,13200,3.1462,0.926382
occupancy,24,6,zone_gbm,0,13200,3.0996,0.965168
occupancy,24,6,zone_gbm,1,13200,3.09407,1.00963
occupancy,24,6,zone_gbm,2,13200,4.39004,1.32336
occupancy,24,6,zone_gbm,3,13200,3.73911,1.1749
occupancy,24,6,zone_gbm,4,13200,3.94165,1.24701
occupancy,24,6,zone_gbm,5,13200,3.76717,1.15945
occupancy,24,6,zone_gbm,6,13200,3.26506,1.00383
occupancy,24,6,global_ridge,0,13200,3.3402,1.00064
occupancy,24,6,global_ridge,1,13200,3.03328,0.973979
occupancy,24,6,global_ridge,2,13200,4.02127,1.16889
occupancy,24,6,global_ridge,3,13200,3.18307,0.966244
occupancy,24,6,global_ridge,4,13200,2.93454,0.897836
occupancy,24,6,global_ridge,5,13200,3.5353,1.02098
occupancy,24,6,global_ridge,6,13200,3.21039,0.957532
occupancy,24,6,global_gbm,0,13200,2.71501,0.801891
occupancy,24,6,global_gbm,1,13200,2.64445,0.82914
occupancy,24,6,global_gbm,2,13200,4.25752,1.24243
occupancy,24,6,global_gbm,3,13200,3.13631,0.992632
occupancy,24,6,global_gbm,4,13200,3.09466,0.963247
occupancy,24,6,global_gbm,5,13200,3.1512,0.932443
occupancy,24,6,global_gbm,6,13200,2.85568,0.861768
occupancy,24,7,last_observation,0,13200,3.38769,0.882231
occupancy,24,7,last_observation,1,13200,2.99091,0.889749
occupancy,24,7,last_observation,2,13200,2.70121,0.817666
occupancy,24,7,last_observation,3,13200,2.05189,0.599734
occupancy,24,7,last_observation,4,13200,2.04356,0.603914
occupancy,24,7,last_observation,5,13200,2.9922,0.793547
occupancy,24,7,last_observation,6,13200,2.35617,0.683168
occupancy,24,7,seasonal_naive_daily,0,13200,3.38769,0.882231
occupancy,24,7,seasonal_naive_daily,1,13200,2.99091,0.889749
occupancy,24,7,seasonal_naive_daily,2,13200,2.70121,0.817666
occupancy,24,7,seasonal_naive_daily,3,13200,2.05189,0.599734
occupancy,24,7,seasonal_naive_daily,4,13200,2.04356,0.603914
occupancy,24,7,seasonal_naive_daily,5,13200,2.9922,0.793547
occupancy,24,7,seasonal_naive_daily,6,13200,2.35617,0.683168
occupancy,24,7,seasonal_naive_weekly,0,13200,3.68879,1.15812
occupancy,24,7,seasonal_naive_weekly,1,13200,3.32038,1.00205
occupancy,24,7,seasonal_naive_weekly,2,13200,3.44879,1.06975
occupancy,24,7,seasonal_naive_weekly,3,13200,3.54098,1.10803
occupancy,24,7,seasonal_naive_weekly,4,13200,3.67348,1.16661
occupancy,24,7,seasonal_naive_weekly,5,13200,3.79212,1.18112
occupancy,24,7,seasonal_naive_weekly,6,13200,3.80674,1.19955
occupancy,24,7,autoregressive,0,13200,3.24552,0.874864
occupancy,24,7,autoregressive,1,13200,2.87023,0.833528
occupancy,24,7,autoregressive,2,13200,2.7404,0.823522
occupancy,24,7,autoregressive,3,13200,2.34152,0.699717
occupancy,24,7,autoregressive,4,13200,2.209,0.664857
occupancy,24,7,autoregressive,5,13200,2.79199,0.784872
occupancy,24,7,autoregressive,6,13200,2.50011,0.738223
occupancy,24,7,zone_ridge,0,13200,2.84163,0.803412
occupancy,24,7,zone_ridge,1,13200,3.2976,0.919232
occupancy,24,7,zone_ridge,2,13200,2.9157,0.860753
occupancy,24,7,zone_ridge,3,13200,2.5512,0.748432
occupancy,24,7,zone_ridge,4,13200,2.36204,0.705422
occupancy,24,7,zone_ridge,5,13200,2.70109,0.787654
occupancy,24,7,zone_ridge,6,13200,2.66303,0.784474
occupancy,24,7,zone_gbm,0,13200,3.28989,0.979552
occupancy,24,7,zone_gbm,1,13200,3.58902,1.02885
occupancy,24,7,zone_gbm,2,13200,3.05034,0.905734
occupancy,24,7,zone_gbm,3,13200,3.04878,0.916234
occupancy,24,7,zone_gbm,4,13200,2.99814,0.912724
occupancy,24,7,zone_gbm,5,13200,3.17226,0.953939
occupancy,24,7,zone_gbm,6,13200,3.20372,0.966448
occupancy,24,7,global_ridge,0,13200,3.30906,0.979298
occupancy,24,7,global_ridge,1,13200,3.19195,1.00888
occupancy,24,7,global_ridge,2,13200,2.85392,0.896382
occupancy,24,7,global_ridge,3,13200,2.43811,0.74853
occupancy,24,7,global_ridge,4,13200,2.24423,0.690029
occupancy,24,7,global_ridge,5,13200,2.80496,0.799154
occupancy,24,7,global_ridge,6,13200,2.52828,0.75389
occupancy,24,7,global_gbm,0,13200,2.59267,0.77554
occupancy,24,7,global_gbm,1,13200,2.94708,0.867021
occupancy,24,7,global_gbm,2,13200,2.79462,0.858617
occupancy,24,7,global_gbm,3,13200,2.3685,0.740925
occupancy,24,7,global_gbm,4,13200,2.32122,0.713993
occupancy,24,7,global_gbm,5,13200,2.51496,0.770411
occupancy,24,7,global_gbm,6,13200,2.38701,0.731299
volume,1,0,last_observation,0,13200,61.5473,0.44861
volume,1,0,last_observation,1,13200,61.0492,0.435407
volume,1,0,last_observation,2,13200,53.667,0.422259
volume,1,0,last_observation,3,13200,61.3385,0.446097
volume,1,0,last_observation,4,13200,62.8604,0.461744
volume,1,0,last_observation,5,13200,58.7138,0.385355
volume,1,0,last_observation,6,13200,55.0167,0.340237
volume,1,0,seasonal_naive_daily,0,13200,74.2647,1.27734
volume,1,0,seasonal_naive_daily,1,13200,60.0694,0.952796
volume,1,0,seasonal_naive_daily,2,13200,71.0499,0.963343
volume,1,0,seasonal_naive_daily,3,13200,67.1454,0.963228
volume,1,0,seasonal_naive_daily,4,13200,57.8797,0.945955
volume,1,0,seasonal_naive_daily,5,13200,74.4985,1.2132
volume,1,0,seasonal_naive_daily,6,13200,63.8774,0.989381
volume,1,0,seasonal_naive_weekly,0,13200,70.1435,1.04003
volume,1,0,seasonal_naive_weekly,1,13200,72.866,1.04261
volume,1,0,seasonal_naive_weekly,2,13200,97.2355,1.50588
volume,1,0,seasonal_naive_weekly,3,13200,61.0046,0.928899
volume,1,0,seasonal_naive_weekly,4,13200,63.0614,0.909998
volume,1,0,seasonal_naive_weekly,5,13200,71.2972,1.05789
volume,1,0,seasonal_naive_weekly,6,13200,73.0952,1.00592
volume,1,0,autoregressive,0,13200,46.0925,0.398818
volume,1,0,autoregressive,1,13200,42.0849,0.367547
volume,1,0,autoregressive,2,13200,45.3043,0.373433
volume,1,0,autoregressive,3,13200,44.8679,0.381261
volume,1,0,autoregressive,4,13200,40.8789,0.390792
volume,1,0,autoregressive,5,13200,44.1112,0.361355
volume,1,0,autoregressive,6,13200,40.532,0.324149
volume,1,0,zone_ridge,0,13200,40.8372,0.399886
volume,1,0,zone_ridge,1,13200,39.0849,0.371683
volume,1,0,zone_ridge,2,13200,41.8083,0.374513
volume,1,0,zone_ridge,3,13200,40.1003,0.37956
volume,1,0,zone_ridge,4,13200,39.0134,0.385362
volume,1,0,zone_ridge,5,13200,40.4871,0.357637
volume,1,0,zone_ridge,6,13200,38.8127,0.337679
volume,1,0,zone_gbm,0,13200,38.4491,0.388059
volume,1,0,zone_gbm,1,13200,35.9369,0.35861
volume,1,0,zone_gbm,2,13200,39.9222,0.362872
volume,1,0,zone_gbm,3,13200,36.8351,0.367085
volume,1,0,zone_gbm,4,13200,35.8403,0.378339
volume,1,0,zone_gbm,5,13200,38.5876,0.371875
volume,1,0,zone_gbm,6,13200,38.6892,0.346422
volume,1,0,global_ridge,0,13200,45.3767,0.73548
volume,1,0,global_ridge,1,13200,42.4546,0.616856
volume,1,0,global_ridge,2,13200,46.6972,0.642122
volume,1,0,global_ridge,3,13200,42.9968,0.57519
volume,1,0,global_ridge,4,13200,42.5508,0.64419
volume,1,0,global_ridge,5,13200,44.5473,0.641741
volume,1,0,global_ridge,6,13200,43.0885,0.627196
volume,1,0,global_gbm,0,13200,38.4296,0.428923
volume,1,0,global_gbm,1,13200,36.2341,0.404876
volume,1,0,global_gbm,2,13200,43.061,0.412129
volume,1,0,global_gbm,3,13200,39.5017,0.42396
volume,1,0,global_gbm,4,13200,37.4818,0.424397
volume,1,0,global_gbm,5,13200,39.8357,0.385172
volume,1,0,global_gbm,6,13200,36.5827,0.3652
volume,1,1,last_observation,0,13200,57.9983,0.425714
volume,1,1,last_observation,1,13200,61.066,0.430838
volume,1,1,last_observation,2,13200,58.0582,0.424824
volume,1,1,last_observation,3,13200,59.3545,0.419683
volume,1,1,last_observation,4,13200,59.243,0.433821
volume,1,1,last_observation,5,13200,55.8941,0.367886
volume,1,1,last_observation,6,13200,50.6187,0.316629
volume,1,1,seasonal_naive_daily,0,13200,78.6306,1.31555
volume,1,1,seasonal_naive_daily,1,13200,67.9009,0.947271
volume,1,1,seasonal_naive_daily,2,13200,57.7434,0.907783
volume,1,1,seasonal_naive_daily,3,13200,55.0329,0.887892
volume,1,1,seasonal_naive_daily,4,13200,57.2784,0.92507
volume,1,1,seasonal_naive_daily,5,13200,70.0873,1.19474
volume,1,1,seasonal_naive_daily,6,13200,67.4508,0.979669
volume,1,1,seasonal_naive_weekly,0,13200,70.5434,1.02991
volume,1,1,seasonal_naive_weekly,1,13200,73.1276,1.02748
volume,1,1,seasonal_naive_weekly,2,13200,71.6675,1.00581
volume,1,1,seasonal_naive_weekly,3,13200,74.1886,0.988981
volume,1,1,seasonal_naive_weekly,4,13200,68.144,1.01513
volume,1,1,seasonal_naive_weekly,5,13200,65.3018,1.00329
volume,1,1,seasonal_naive_weekly,6,13200,69.5131,0.98552
volume,1,1,autoregressive,0,13200,44.6459,0.384682
volume,1,1,autoregressive,1,13200,45.4009,0.366652
volume,1,1,autoregressive,2,13200,39.0585,0.355715
volume,1,1,autoregressive,3,13200,39.0017,0.345673
volume,1,1,autoregressive,4,13200,39.8075,0.3634
volume,1,1,autoregressive,5,13200,41.6051,0.353046
volume,1,1,autoregressive,6,13200,40.4269,0.312347
volume,1,1,zone_ridge,0,13200,42.9984,0.385389
volume,1,1,zone_ridge,1,13200,41.688,0.363432
volume,1,1,zone_ridge,2,13200,37.4808,0.346448
volume,1,1,zone_ridge,3,13200,38.4052,0.345678
volume,1,1,zone_ridge,4,13200,38.8345,0.3616
volume,1,1,zone_ridge,5,13200,40.9975,0.349894
volume,1,1,zone_ridge,6,13200,39.8844,0.321586
volume,1,1,zone_gbm,0,13200,39.1617,0.360702
volume,1,1,zone_gbm,1,13200,38.9702,0.34543
volume,1,1,zone_gbm,2,13200,34.2792,0.331995
volume,1,1,zone_gbm,3,13200,35.971,0.330079
volume,1,1,zone_gbm,4,13200,36.4256,0.34597
volume,1,1,zone_gbm,5,13200,37.7169,0.34947
volume,1,1,zone_gbm,6,13200,38.919,0.327755
volume,1,1,global_ridge,0,13200,46.5746,0.723065
volume,1,1,global_ridge,1,13200,44.775,0.639341
volume,1,1,global_ridge,2,13200,39.666,0.572437
volume,1,1,global_ridge,3,13200,40.2012,0.591301
volume,1,1,global_ridge,4,13200,39.284,0.602166
volume,1,1,global_ridge,5,13200,43.8451,0.606775
volume,1,1,global_ridge,6,13200,42.704,0.577753
volume,1,1,global_gbm,0,13200,39.2393,0.420555
volume,1,1,global_gbm,1,13200,40.0527,0.404772
volume,1,1,global_gbm,2,13200,35.2324,0.396677
volume,1,1,global_gbm,3,13200,36.9837,0.399203
volume,1,1,global_gbm,4,13200,35.5118,0.402122
volume,1,1,global_gbm,5,13200,36.6315,0.372618
volume,1,1,global_gbm,6,13200,36.9341,0.343785
volume,1,2,last_observation,0,13200,61.451,0.402357
volume,1,2,last_observation,1,13200,62.4174,0.386748
volume,1,2,last_observation,2,13200,62.6705,0.429439
volume,1,2,last_observation,3,13200,61.7408,0.430185
volume,1,2,last_observation,4,13200,62.3828,0.513732
volume,1,2,last_observation,5,13200,59.4944,0.349704
volume,1,2,last_observation,6,13200,54.535,0.306883
volume,1,2,seasonal_naive_daily,0,13200,81.7905,1.19703
volume,1,2,seasonal_naive_daily,1,13200,65.535,0.93332
volume,1,2,seasonal_naive_daily,2,13200,68.5946,0.907197
volume,1,2,seasonal_naive_daily,3,13200,62.3314,0.894613
volume,1,2,seasonal_naive_daily,4,13200,69.8158,1.02041
volume,1,2,seasonal_naive_daily,5,13200,99.6151,1.30278
volume,1,2,seasonal_naive_daily,6,13200,71.8204,0.928474
volume,1,2,seasonal_naive_weekly,0,13200,78.005,1.04099
volume,1,2,seasonal_naive_weekly,1,13200,71.5599,1.05806
volume,1,2,seasonal_naive_weekly,2,13200,85.539,1.01763
volume,1,2,seasonal_naive_weekly,3,13200,87.5888,1.04513
volume,1,2,seasonal_naive_weekly,4,13200,114.273,1.31561
volume,1,2,seasonal_naive_weekly,5,13200,81.0045,1.0343
volume,1,2,seasonal_naive_weekly,6,13200,83.09,1.0206
volume,1,2,autoregressive,0,13200,47.3806,0.362718
volume,1,2,autoregressive,1,13200,43.1802,0.33264
volume,1,2,autoregressive,2,13200,47.9202,0.370057
volume,1,2,autoregressive,3,13200,43.2592,0.369225
volume,1,2,autoregressive,4,13200,49.8594,0.471178
volume,1,2,autoregressive,5,13200,54.7146,0.365312
volume,1,2,autoregressive,6,13200,42.634,0.299551
volume,1,2,zone_ridge,0,13200,43.6789,0.364563
volume,1,2,zone_ridge,1,13200,39.9376,0.331691
volume,1,2,zone_ridge,2,13200,45.7325,0.359499
volume,1,2,zone_ridge,3,13200,40.9363,0.364049
volume,1,2,zone_ridge,4,13200,50.208,0.467154
volume,1,2,zone_ridge,5,13200,45.3781,0.350682
volume,1,2,zone_ridge,6,13200,43.5557,0.321585
volume,1,2,zone_gbm,0,13200,40.0158,0.339864
volume,1,2,zone_gbm,1,13200,37.7282,0.324138
volume,1,2,zone_gbm,2,13200,41.7867,0.341894
volume,1,2,zone_gbm,3,13200,39.263,0.351867
volume,1,2,zone_gbm,4,13200,46.8169,0.439805
volume,1,2,zone_gbm,5,13200,42.1241,0.330865
volume,1,2,zone_gbm,6,13200,39.8701,0.314583
volume,1,2,global_ridge,0,13200,46.7918,0.614923
volume,1,2,global_ridge,1,13200,42.6539,0.550857
volume,1,2,global_ridge,2,13200,46.1707,0.605181
volume,1,2,global_ridge,3,13200,43.7612,0.605202
volume,1,2,global_ridge,4,13200,51.8655,0.678395
volume,1,2,global_ridge,5,13200,51.205,0.656288
volume,1,2,global_ridge,6,13200,47.4228,0.59204
volume,1,2,global_gbm,0,13200,41.0138,0.406464
volume,1,2,global_gbm,1,13200,39.0147,0.384119
volume,1,2,global_gbm,2,13200,40.4398,0.411536
volume,1,2,global_gbm,3,13200,40.0154,0.418398
volume,1,2,global_gbm,4,13200,48.4175,0.510586
volume,1,2,global_gbm,5,13200,43.3827,0.382026
volume,1,2,global_gbm,6,13200,42.2793,0.348051
volume,1,3,last_observation,0,13200,50.2416,0.286832
volume,1,3,last_observation,1,13200,56.1597,0.348191
volume,1,3,last_observation,2,13200,57.4403,0.316455
volume,1,3,last_observation,3,13200,55.0348,0.314367
volume,1,3,last_observation,4,13200,56.1286,0.320645
volume,1,3,last_observation,5,13200,52.4655,0.274839
volume,1,3,last_observation,6,13200,45.1446,0.241331
volume,1,3,seasonal_naive_daily,0,13200,64.6653,0.875518
volume,1,3,seasonal_naive_daily,1,13200,64.0756,0.95412
volume,1,3,seasonal_naive_daily,2,13200,58.6034,0.775657
volume,1,3,seasonal_naive_daily,3,13200,55.2801,0.757285
volume,1,3,seasonal_naive_daily,4,13200,56.7032,0.778842
volume,1,3,seasonal_naive_daily,5,13200,64.7001,0.918095
volume,1,3,seasonal_naive_daily,6,13200,60.0791,0.769121
volume,1,3,seasonal_naive_weekly,0,13200,74.0728,1.07264
volume,1,3,seasonal_naive_weekly,1,13200,71.2353,1.0316
volume,1,3,seasonal_naive_weekly,2,13200,79.6957,1.04676
volume,1,3,seasonal_naive_weekly,3,13200,81.3311,1.10576
volume,1,3,seasonal_naive_weekly,4,13200,80.6274,1.12888
volume,1,3,seasonal_naive_weekly,5,13200,85.0082,1.08696
volume,1,3,seasonal_naive_weekly,6,13200,79.3887,1.06346
volume,1,3,autoregressive,0,13200,39.8138,0.282751
volume,1,3,autoregressive,1,13200,42.3099,0.320538
volume,1,3,autoregressive,2,13200,40.6247,0.287954
volume,1,3,autoregressive,3,13200,38.8976,0.287334
volume,1,3,autoregressive,4,13200,39.1975,0.291076
volume,1,3,autoregressive,5,13200,39.5918,0.284354
volume,1,3,autoregressive,6,13200,37.4618,0.254364
volume,1,3,zone_ridge,0,13200,37.3344,0.289858
volume,1,3,zone_ridge,1,13200,38.4953,0.322225
volume,1,3,zone_ridge,2,13200,37.6147,0.289187
volume,1,3,zone_ridge,3,13200,37.1506,0.29222
volume,1,3,zone_ridge,4,13200,36.8085,0.294849
volume,1,3,zone_ridge,5,13200,39.8747,0.302158
volume,1,3,zone_ridge,6,13200,37.088,0.275788
volume,1,3,zone_gbm,0,13200,36.9206,0.294537
volume,1,3,zone_gbm,1,13200,36.0996,0.305237
volume,1,3,zone_gbm,2,13200,37.2115,0.283684
volume,1,3,zone_gbm,3,13200,37.0892,0.295092
volume,1,3,zone_gbm,4,13200,36.7415,0.298114
volume,1,3,zone_gbm,5,13200,38.0775,0.294838
volume,1,3,zone_gbm,6,13200,36.6957,0.279414
volume,1,3,global_ridge,0,13200,39.5929,0.533366
volume,1,3,global_ridge,1,13200,42.3344,0.563384
volume,1,3,global_ridge,2,13200,40.72,0.4891
volume,1,3,global_ridge,3,13200,39.2732,0.523369
volume,1,3,global_ridge,4,13200,40.0346,0.516546
volume,1,3,global_ridge,5,13200,41.2251,0.515964
volume,1,3,global_ridge,6,13200,38.7862,0.477418
volume,1,3,global_gbm,0,13200,34.9004,0.332966
volume,1,3,global_gbm,1,13200,37.0131,0.365905
volume,1,3,global_gbm,2,13200,36.29,0.347333
volume,1,3,global_gbm,3,13200,34.6693,0.345382
volume,1,3,global_gbm,4,13200,34.9767,0.348909
volume,1,3,global_gbm,5,13200,36.2542,0.332239
volume,1,3,global_gbm,6,13200,34.2369,0.306125
volume,1,4,last_observation,0,13200,50.6277,0.388435
volume,1,4,last_observation,1,13200,48.1666,0.382027
volume,1,4,last_observation,2,13200,56.4335,0.409785
volume,1,4,last_observation,3,13200,55.6723,0.421991
volume,1,4,last_observation,4,13200,54.2411,0.411633
volume,1,4,last_observation,5,13200,52.13,0.358856
volume,1,4,last_observation,6,13200,46.0586,0.319809
volume,1,4,seasonal_naive_daily,0,13200,70.5695,1.16067
volume,1,4,seasonal_naive_daily,1,13200,55.1507,0.894441
volume,1,4,seasonal_naive_daily,2,13200,59.8952,0.891865
volume,1,4,seasonal_naive_daily,3,13200,54.919,0.889909
volume,1,4,seasonal_naive_daily,4,13200,56.4671,0.89086
volume,1,4,seasonal_naive_daily,5,13200,62.3214,1.10653
volume,1,4,seasonal_naive_daily,6,13200,62.2994,0.964433
volume,1,4,seasonal_naive_weekly,0,13200,86.2465,1.20316
volume,1,4,seasonal_naive_weekly,1,13200,92.3806,1.08889
volume,1,4,seasonal_naive_weekly,2,13200,75.9733,1.06324
volume,1,4,seasonal_naive_weekly,3,13200,74.6687,1.06871
volume,1,4,seasonal_naive_weekly,4,13200,76.3518,1.05649
volume,1,4,seasonal_naive_weekly,5,13200,77.8586,1.07023
volume,1,4,seasonal_naive_weekly,6,13200,81.0322,1.07147
volume,1,4,autoregressive,0,13200,42.4661,0.354948
volume,1,4,autoregressive,1,13200,36.6226,0.332363
volume,1,4,autoregressive,2,13200,41.2218,0.342208
volume,1,4,autoregressive,3,13200,38.516,0.354514
volume,1,4,autoregressive,4,13200,38.5193,0.345458
volume,1,4,autoregressive,5,13200,36.9431,0.328273
volume,1,4,autoregressive,6,13200,37.2671,0.306841
volume,1,4,zone_ridge,0,13200,38.9823,0.356721
volume,1,4,zone_ridge,1,13200,38.5777,0.337978
volume,1,4,zone_ridge,2,13200,35.5745,0.330442
volume,1,4,zone_ridge,3,13200,35.6369,0.345082
volume,1,4,zone_ridge,4,13200,36.4464,0.343503
volume,1,4,zone_ridge,5,13200,34.3556,0.33087
volume,1,4,zone_ridge,6,13200,34.4491,0.314939
volume,1,4,zone_gbm,0,13200,39.3283,0.329605
volume,1,4,zone_gbm,1,13200,41.7426,0.331159
volume,1,4,zone_gbm,2,13200,33.2208,0.309658
volume,1,4,zone_gbm,3,13200,34.0174,0.327733
volume,1,4,zone_gbm,4,13200,35.6356,0.324449
volume,1,4,zone_gbm,5,13200,35.0629,0.320886
volume,1,4,zone_gbm,6,13200,35.0648,0.310307
volume,1,4,global_ridge,0,13200,43.5615,0.609656
volume,1,4,global_ridge,1,13200,40.9372,0.53404
volume,1,4,global_ridge,2,13200,40.3932,0.541182
volume,1,4,global_ridge,3,13200,37.9889,0.52633
volume,1,4,global_ridge,4,13200,40.0355,0.56262
volume,1,4,global_ridge,5,13200,39.1167,0.584445
volume,1,4,global_ridge,6,13200,39.2761,0.567426
volume,1,4,global_gbm,0,13200,37.5812,0.403821
volume,1,4,global_gbm,1,13200,35.2467,0.384393
volume,1,4,global_gbm,2,13200,36.1151,0.396347
volume,1,4,global_gbm,3,13200,35.287,0.40701
volume,1,4,global_gbm,4,13200,36.1613,0.398882
volume,1,4,global_gbm,5,13200,33.5585,0.370053
volume,1,4,global_gbm,6,13200,33.8952,0.351167
volume,1,5,last_observation,0,13200,28.0893,0.205133
volume,1,5,last_observation,1,13200,29.1322,0.206278
volume,1,5,last_observation,2,13200,29.4,0.234345
volume,1,5,last_observation,3,13200,30.9186,0.246103
volume,1,5,last_observation,4,13200,32.8108,0.24815
volume,1,5,last_observation,5,13200,29.3209,0.207604
volume,1,5,last_observation,6,13200,35.2184,0.247448
volume,1,5,seasonal_naive_daily,0,13200,42.8255,0.563313
volume,1,5,seasonal_naive_daily,1,13200,33.9504,0.5425
volume,1,5,seasonal_naive_daily,2,13200,43.3607,0.689301
volume,1,5,seasonal_naive_daily,3,13200,43.8379,0.682741
volume,1,5,seasonal_naive_daily,4,13200,48.5869,0.725416
volume,1,5,seasonal_naive_daily,5,13200,52.2271,0.741567
volume,1,5,seasonal_naive_daily,6,13200,54.6216,0.743677
volume,1,5,seasonal_naive_weekly,0,13200,117.777,1.33746
volume,1,5,seasonal_naive_weekly,1,13200,118.714,1.31526
volume,1,5,seasonal_naive_weekly,2,13200,102.504,1.23931
volume,1,5,seasonal_naive_weekly,3,13200,93.4805,1.15514
volume,1,5,seasonal_naive_weekly,4,13200,96.8704,1.21717
volume,1,5,seasonal_naive_weekly,5,13200,115.508,1.33865
volume,1,5,seasonal_naive_weekly,6,13200,108.72,1.32233
volume,1,5,autoregressive,0,13200,27.8669,0.21751
volume,1,5,autoregressive,1,13200,24.7013,0.209376
volume,1,5,autoregressive,2,13200,28.083,0.242807
volume,1,5,autoregressive,3,13200,28.6398,0.250908
volume,1,5,autoregressive,4,13200,32.1166,0.265097
volume,1,5,autoregressive,5,13200,33.2428,0.245199
volume,1,5,autoregressive,6,13200,39.3925,0.288057
volume,1,5,zone_ridge,0,13200,37.9853,0.275228
volume,1,5,zone_ridge,1,13200,33.5244,0.257799
volume,1,5,zone_ridge,2,13200,31.7059,0.270654
volume,1,5,zone_ridge,3,13200,33.2407,0.279364
volume,1,5,zone_ridge,4,13200,36.6319,0.296062
volume,1,5,zone_ridge,5,13200,38.5914,0.285826
volume,1,5,zone_ridge,6,13200,39.5769,0.313019
volume,1,5,zone_gbm,0,13200,40.0435,0.297567
volume,1,5,zone_gbm,1,13200,36.5482,0.287277
volume,1,5,zone_gbm,2,13200,33.3223,0.29116
volume,1,5,zone_gbm,3,13200,34.6611,0.299578
volume,1,5,zone_gbm,4,13200,38.4152,0.317313
volume,1,5,zone_gbm,5,13200,40.605,0.298755
volume,1,5,zone_gbm,6,13200,43.8069,0.344703
volume,1,5,global_ridge,0,13200,35.5822,0.481193
volume,1,5,global_ridge,1,13200,31.143,0.487627
volume,1,5,global_ridge,2,13200,30.591,0.455203
volume,1,5,global_ridge,3,13200,31.9133,0.455882
volume,1,5,global_ridge,4,13200,36.7094,0.525848
volume,1,5,global_ridge,5,13200,39.0895,0.503169
volume,1,5,global_ridge,6,13200,38.0639,0.508765
volume,1,5,global_gbm,0,13200,31.5907,0.299894
volume,1,5,global_gbm,1,13200,27.7296,0.290369
volume,1,5,global_gbm,2,13200,25.851,0.300487
volume,1,5,global_gbm,3,13200,27.391,0.311455
volume,1,5,global_gbm,4,13200,30.3812,0.328269
volume,1,5,global_gbm,5,13200,31.9506,0.306384
volume,1,5,global_gbm,6,13200,35.0433,0.343641
volume,1,6,last_observation,0,13200,51.1919,0.328954
volume,1,6,last_observation,1,13200,51.2877,0.367881
volume,1,6,last_observation,2,13200,46.1904,0.318898
volume,1,6,last_observation,3,13200,50.862,0.344265
volume,1,6,last_observation,4,13200,49.88,0.325609
volume,1,6,last_observation,5,13200,51.472,0.340127
volume,1,6,last_observation,6,13200,46.1146,0.254208
volume,1,6,seasonal_naive_daily,0,13200,60.1227,0.932078
volume,1,6,seasonal_naive_daily,1,13200,57.7182,0.813255
volume,1,6,seasonal_naive_daily,2,13200,66.8218,0.882918
volume,1,6,seasonal_naive_daily,3,13200,49.8959,0.711078
volume,1,6,seasonal_naive_daily,4,13200,45.9127,0.686502
volume,1,6,seasonal_naive_daily,5,13200,61.3596,0.941615
volume,1,6,seasonal_naive_daily,6,13200,59.2655,0.805657
volume,1,6,seasonal_naive_weekly,0,13200,83.2684,1.02145
volume,1,6,seasonal_naive_weekly,1,13200,80.1779,1.0288
volume,1,6,seasonal_naive_weekly,2,13200,101.896,1.17573
volume,1,6,seasonal_naive_weekly,3,13200,99.7067,1.23799
volume,1,6,seasonal_naive_weekly,4,13200,99.5312,1.28443
volume,1,6,seasonal_naive_weekly,5,13200,95.5259,1.12819
volume,1,6,seasonal_naive_weekly,6,13200,90.1741,1.06393
volume,1,6,autoregressive,0,13200,38.0973,0.301341
volume,1,6,autoregressive,1,13200,39.142,0.331535
volume,1,6,autoregressive,2,13200,41.2956,0.307881
volume,1,6,autoregressive,3,13200,37.5274,0.306548
volume,1,6,autoregressive,4,13200,34.1014,0.282337
volume,1,6,autoregressive,5,13200,38.0249,0.327982
volume,1,6,autoregressive,6,13200,35.5662,0.259761
volume,1,6,zone_ridge,0,13200,35.3504,0.306344
volume,1,6,zone_ridge,1,13200,38.1946,0.331445
volume,1,6,zone_ridge,2,13200,37.5607,0.300329
volume,1,6,zone_ridge,3,13200,36.9214,0.311448
volume,1,6,zone_ridge,4,13200,32.3863,0.286158
volume,1,6,zone_ridge,5,13200,35.5394,0.328709
volume,1,6,zone_ridge,6,13200,33.7914,0.26935
volume,1,6,zone_gbm,0,13200,35.5343,0.292099
volume,1,6,zone_gbm,1,13200,34.5497,0.319741
volume,1,6,zone_gbm,2,13200,36.8783,0.295973
volume,1,6,zone_gbm,3,13200,37.8532,0.31341
volume,1,6,zone_gbm,4,13200,33.2708,0.290151
volume,1,6,zone_gbm,5,13200,35.9007,0.329318
volume,1,6,zone_gbm,6,13200,33.5406,0.268553
volume,1,6,global_ridge,0,13200,40.3865,0.575046
volume,1,6,global_ridge,1,13200,42.0235,0.549395
volume,1,6,global_ridge,2,13200,39.9289,0.495305
volume,1,6,global_ridge,3,13200,38.5901,0.500781
volume,1,6,global_ridge,4,13200,35.3963,0.511645
volume,1,6,global_ridge,5,13200,39.2909,0.546277
volume,1,6,global_ridge,6,13200,38.3366,0.507146
volume,1,6,global_gbm,0,13200,34.9205,0.371947
volume,1,6,global_gbm,1,13200,36.4955,0.396811
volume,1,6,global_gbm,2,13200,36.1289,0.385673
volume,1,6,global_gbm,3,13200,36.4053,0.388962
volume,1,6,global_gbm,4,13200,30.9546,0.359781
volume,1,6,global_gbm,5,13200,34.2188,0.385968
volume,1,6,global_gbm,6,13200,32.8892,0.321655
volume,1,7,last_observation,0,13200,52.3487,0.324372
volume,1,7,last_observation,1,13200,54.415,0.391897
volume,1,7,last_observation,2,13200,55.2436,0.331431
volume,1,7,last_observation,3,13200,54.6659,0.337264
volume,1,7,last_observation,4,13200,53.8964,0.331241
volume,1,7,last_observation,5,13200,50.3205,0.292276
volume,1,7,last_observation,6,13200,48.725,0.270782
volume,1,7,seasonal_naive_daily,0,13200,64.1673,0.925466
volume,1,7,seasonal_naive_daily,1,13200,56.917,0.831194
volume,1,7,seasonal_naive_daily,2,13200,56.996,0.790949
volume,1,7,seasonal_naive_daily,3,13200,51.2201,0.649971
volume,1,7,seasonal_naive_daily,4,13200,50.2805,0.651507
volume,1,7,seasonal_naive_daily,5,13200,61.1038,0.833899
volume,1,7,seasonal_naive_daily,6,13200,57.2543,0.736307
volume,1,7,seasonal_naive_weekly,0,13200,64.2701,0.936228
volume,1,7,seasonal_naive_weekly,1,13200,58.9368,0.863266
volume,1,7,seasonal_naive_weekly,2,13200,61.7625,0.928573
volume,1,7,seasonal_naive_weekly,3,13200,62.3629,0.969014
volume,1,7,seasonal_naive_weekly,4,13200,64.3543,0.97291
volume,1,7,seasonal_naive_weekly,5,13200,65.2196,1.00097
volume,1,7,seasonal_naive_weekly,6,13200,63.2459,0.989482
volume,1,7,autoregressive,0,13200,41.2173,0.294285
volume,1,7,autoregressive,1,13200,40.9225,0.344587
volume,1,7,autoregressive,2,13200,39.3989,0.288441
volume,1,7,autoregressive,3,13200,37.1559,0.280125
volume,1,7,autoregressive,4,13200,36.0997,0.274348
volume,1,7,autoregressive,5,13200,38.3491,0.272833
volume,1,7,autoregressive,6,13200,37.242,0.258441
volume,1,7,zone_ridge,0,13200,36.1113,0.297193
volume,1,7,zone_ridge,1,13200,37.4788,0.334607
volume,1,7,zone_ridge,2,13200,35.5665,0.289608
volume,1,7,zone_ridge,3,13200,35.7278,0.282505
volume,1,7,zone_ridge,4,13200,32.8004,0.273737
volume,1,7,zone_ridge,5,13200,33.8774,0.275035
volume,1,7,zone_ridge,6,13200,33.0598,0.265228
volume,1,7,zone_gbm,0,13200,32.9907,0.268924
volume,1,7,zone_gbm,1,13200,35.4857,0.321153
volume,1,7,zone_gbm,2,13200,30.7671,0.256135
volume,1,7,zone_gbm,3,13200,33.0469,0.26592
volume,1,7,zone_gbm,4,13200,30.3641,0.258332
volume,1,7,zone_gbm,5,13200,31.9952,0.267868
volume,1,7,zone_gbm,6,13200,32.7901,0.261865
volume,1,7,global_ridge,0,13200,41.1324,0.562997
volume,1,7,global_ridge,1,13200,40.08,0.515121
volume,1,7,global_ridge,2,13200,38.3334,0.499124
volume,1,7,global_ridge,3,13200,38.5197,0.474269
volume,1,7,global_ridge,4,13200,35.3916,0.466059
volume,1,7,global_ridge,5,13200,37.9789,0.490803
volume,1,7,global_ridge,6,13200,36.7209,0.492401
volume,1,7,global_gbm,0,13200,34.3435,0.357032
volume,1,7,global_gbm,1,13200,36.6774,0.390843
volume,1,7,global_gbm,2,13200,34.5246,0.346155
volume,1,7,global_gbm,3,13200,35.5498,0.349979
volume,1,7,global_gbm,4,13200,31.1927,0.336044
volume,1,7,global_gbm,5,13200,32.9964,0.331215
volume,1,7,global_gbm,6,13200,32.091,0.315592
volume,6,0,last_observation,0,13200,140.645,1.46257
volume,6,0,last_observation,1,13200,144.215,1.5207
volume,6,0,last_observation,2,13200,133.775,1.48946
volume,6,0,last_observation,3,13200,150.548,1.52278
volume,6,0,last_observation,4,13200,155.408,1.57301
volume,6,0,last_observation,5,13200,140.684,1.23663
volume,6,0,last_observation,6,13200,134.357,1.04308
volume,6,0,seasonal_naive_daily,0,13200,74.2647,1.27734
volume,6,0,seasonal_naive_daily,1,13200,60.0694,0.952796
volume,6,0,seasonal_naive_daily,2,13200,71.0499,0.963343
volume,6,0,seasonal_naive_daily,3,13200,67.1454,0.963228
volume,6,0,seasonal_naive_daily,4,13200,57.8797,0.945955
volume,6,0,seasonal_naive_daily,5,13200,74.4985,1.2132
volume,6,0,seasonal_naive_daily,6,13200,63.8774,0.989381
volume,6,0,seasonal_naive_weekly,0,13200,70.1435,1.04003
volume,6,0,seasonal_naive_weekly,1,13200,72.866,1.04261
volume,6,0,seasonal_naive_weekly,2,13200,97.2355,1.50588
volume,6,0,seasonal_naive_weekly,3,13200,61.0046,0.928899
volume,6,0,seasonal_naive_weekly,4,13200,63.0614,0.909998
volume,6,0,seasonal_naive_weekly,5,13200,71.2972,1.05789
volume,6,0,seasonal_naive_weekly,6,13200,73.0952,1.00592
volume,6,0,autoregressive,0,13200,66.6564,0.968429
volume,6,0,autoregressive,1,13200,58.3445,0.776638
volume,6,0,autoregressive,2,13200,67.5022,0.814054
volume,6,0,autoregressive,3,13200,61.6483,0.797514
volume,6,0,autoregressive,4,13200,56.0478,0.805076
volume,6,0,autoregressive,5,13200,62.7727,0.836916
volume,6,0,autoregressive,6,13200,58.8976,0.737247
volume,6,0,zone_ridge,0,13200,72.1544,0.937095
volume,6,0,zone_ridge,1,13200,71.5196,0.906679
volume,6,0,zone_ridge,2,13200,78.7443,0.926172
volume,6,0,zone_ridge,3,13200,70.5098,0.894451
volume,6,0,zone_ridge,4,13200,72.7944,0.914777
volume,6,0,zone_ridge,5,13200,71.5446,0.831545
volume,6,0,zone_ridge,6,13200,69.9925,0.830172
volume,6,0,zone_gbm,0,13200,59.1166,0.887509
volume,6,0,zone_gbm,1,13200,59.1581,0.834856
volume,6,0,zone_gbm,2,13200,61.2073,0.828595
volume,6,0,zone_gbm,3,13200,52.4001,0.800691
volume,6,0,zone_gbm,4,13200,54.9205,0.81813
volume,6,0,zone_gbm,5,13200,58.4868,0.844483
volume,6,0,zone_gbm,6,13200,60.4544,0.836503
volume,6,0,global_ridge,0,13200,123.011,2.97716
volume,6,0,global_ridge,1,13200,120.408,2.89593
volume,6,0,global_ridge,2,13200,119.398,3.00504
volume,6,0,global_ridge,3,13200,123.811,2.92353
volume,6,0,global_ridge,4,13200,123.719,3.04241
volume,6,0,global_ridge,5,13200,121.985,2.90925
volume,6,0,global_ridge,6,13200,120.089,2.96212
volume,6,0,global_gbm,0,13200,64.5457,1.06122
volume,6,0,global_gbm,1,13200,62.6189,0.994633
volume,6,0,global_gbm,2,13200,66.1047,1.01052
volume,6,0,global_gbm,3,13200,58.2271,0.991598
volume,6,0,global_gbm,4,13200,60.8456,1.01906
volume,6,0,global_gbm,5,13200,59.3336,0.894138
volume,6,0,global_gbm,6,13200,60.46,0.796017
volume,6,1,last_observation,0,13200,137.086,1.41078
volume,6,1,last_observation,1,13200,150.988,1.4833
volume,6,1,last_observation,2,13200,142.766,1.47374
volume,6,1,last_observation,3,13200,145.121,1.45946
volume,6,1,last_observation,4,13200,150.879,1.52164
volume,6,1,last_observation,5,13200,144.805,1.19458
volume,6,1,last_observation,6,13200,127.084,0.983757
volume,6,1,seasonal_naive_daily,0,13200,78.6306,1.31555
volume,6,1,seasonal_naive_daily,1,13200,67.9009,0.947271
volume,6,1,seasonal_naive_daily,2,13200,57.7434,0.907783
volume,6,1,seasonal_naive_daily,3,13200,55.0329,0.887892
volume,6,1,seasonal_naive_daily,4,13200,57.2784,0.92507
volume,6,1,seasonal_naive_daily,5,13200,70.0873,1.19474
volume,6,1,seasonal_naive_daily,6,13200,67.4508,0.979669
volume,6,1,seasonal_naive_weekly,0,13200,70.5434,1.02991
volume,6,1,seasonal_naive_weekly,1,13200,73.1276,1.02748
volume,6,1,seasonal_naive_weekly,2,13200,71.6675,1.00581
volume,6,1,seasonal_naive_weekly,3,13200,74.1886,0.988981
volume,6,1,seasonal_naive_weekly,4,13200,68.144,1.01513
volume,6,1,seasonal_naive_weekly,5,13200,65.3018,1.00329
volume,6,1,seasonal_naive_weekly,6,13200,69.5131,0.98552
volume,6,1,autoregressive,0,13200,66.8283,0.967835
volume,6,1,autoregressive,1,13200,62.3095,0.768991
volume,6,1,autoregressive,2,13200,54.4886,0.752565
volume,6,1,autoregressive,3,13200,53.0908,0.735096
volume,6,1,autoregressive,4,13200,56.1949,0.782426
volume,6,1,autoregressive,5,13200,58.6182,0.826482
volume,6,1,autoregressive,6,13200,59.5592,0.737999
volume,6,1,zone_ridge,0,13200,76.9264,0.871528
volume,6,1,zone_ridge,1,13200,77.7776,0.868496
volume,6,1,zone_ridge,2,13200,71.1848,0.81811
volume,6,1,zone_ridge,3,13200,74.5191,0.838098
volume,6,1,zone_ridge,4,13200,76.5064,0.872657
volume,6,1,zone_ridge,5,13200,76.938,0.809379
volume,6,1,zone_ridge,6,13200,76.6534,0.822564
volume,6,1,zone_gbm,0,13200,63.2119,0.801796
volume,6,1,zone_gbm,1,13200,60.8212,0.778937
volume,6,1,zone_gbm,2,13200,53.0289,0.716391
volume,6,1,zone_gbm,3,13200,54.9392,0.73535
volume,6,1,zone_gbm,4,13200,58.022,0.777862
volume,6,1,zone_gbm,5,13200,60.8314,0.78731
volume,6,1,zone_gbm,6,13200,63.934,0.803513
volume,6,1,global_ridge,0,13200,124.006,3.11995
volume,6,1,global_ridge,1,13200,127.598,2.93101
volume,6,1,global_ridge,2,13200,121.21,3.01123
volume,6,1,global_ridge,3,13200,123.283,3.00562
volume,6,1,global_ridge,4,13200,126.347,3.04272
volume,6,1,global_ridge,5,13200,126.427,2.92304
volume,6,1,global_ridge,6,13200,121.076,2.86304
volume,6,1,global_gbm,0,13200,65.5113,1.06565
volume,6,1,global_gbm,1,13200,66.506,1.05438
volume,6,1,global_gbm,2,13200,58.183,0.972099
volume,6,1,global_gbm,3,13200,61.0495,0.989366
volume,6,1,global_gbm,4,13200,64.1815,1.044
volume,6,1,global_gbm,5,13200,60.697,0.915265
volume,6,1,global_gbm,6,13200,60.9402,0.844878
volume,6,2,last_observation,0,13200,142.379,1.30504
volume,6,2,last_observation,1,13200,150.488,1.34529
volume,6,2,last_observation,2,13200,160.476,1.5265
volume,6,2,last_observation,3,13200,153.374,1.48188
volume,6,2,last_observation,4,13200,169.2,1.6912
volume,6,2,last_observation,5,13200,145.352,1.14172
volume,6,2,last_observation,6,13200,127.237,0.924498
volume,6,2,seasonal_naive_daily,0,13200,81.7905,1.19703
volume,6,2,seasonal_naive_daily,1,13200,65.535,0.93332
volume,6,2,seasonal_naive_daily,2,13200,68.5946,0.907197
volume,6,2,seasonal_naive_daily,3,13200,62.3314,0.894613
volume,6,2,seasonal_naive_daily,4,13200,69.8158,1.02041
volume,6,2,seasonal_naive_daily,5,13200,99.6151,1.30278
volume,6,2,seasonal_naive_daily,6,13200,71.8204,0.928474
volume,6,2,seasonal_naive_weekly,0,13200,78.005,1.04099
volume,6,2,seasonal_naive_weekly,1,13200,71.5599,1.05806
volume,6,2,seasonal_naive_weekly,2,13200,85.539,1.01763
volume,6,2,seasonal_naive_weekly,3,13200,87.5888,1.04513
volume,6,2,seasonal_naive_weekly,4,13200,114.273,1.31561
volume,6,2,seasonal_naive_weekly,5,13200,81.0045,1.0343
volume,6,2,seasonal_naive_weekly,6,13200,83.09,1.0206
volume,6,2,autoregressive,0,13200,69.2315,0.891015
volume,6,2,autoregressive,1,13200,59.26,0.731021
volume,6,2,autoregressive,2,13200,65.1873,0.763188
volume,6,2,autoregressive,3,13200,58.8401,0.761287
volume,6,2,autoregressive,4,13200,70.4037,0.939229
volume,6,2,autoregressive,5,13200,81.0529,0.895031
volume,6,2,autoregressive,6,13200,60.7291,0.696565
volume,6,2,zone_ridge,0,13200,73.8362,0.842337
volume,6,2,zone_ridge,1,13200,73.1742,0.828019
volume,6,2,zone_ridge,2,13200,80.6644,0.831175
volume,6,2,zone_ridge,3,13200,75.2919,0.83115
volume,6,2,zone_ridge,4,13200,90.6327,1.00046
volume,6,2,zone_ridge,5,13200,80.4638,0.825457
volume,6,2,zone_ridge,6,13200,75.0152,0.838006
volume,6,2,zone_gbm,0,13200,63.6706,0.811355
volume,6,2,zone_gbm,1,13200,63.224,0.809306
volume,6,2,zone_gbm,2,13200,64.5739,0.725089
volume,6,2,zone_gbm,3,13200,61.8892,0.755994
volume,6,2,zone_gbm,4,13200,76.5416,0.92708
volume,6,2,zone_gbm,5,13200,67.1526,0.796262
volume,6,2,zone_gbm,6,13200,65.8086,0.797486
volume,6,2,global_ridge,0,13200,126.624,3.00866
volume,6,2,global_ridge,1,13200,126.258,2.8142
volume,6,2,global_ridge,2,13200,135.777,3.01075
volume,6,2,global_ridge,3,13200,129.1,2.99293
volume,6,2,global_ridge,4,13200,137.628,2.98374
volume,6,2,global_ridge,5,13200,129.001,2.95757
volume,6,2,global_ridge,6,13200,116.512,2.80223
volume,6,2,global_gbm,0,13200,63.3192,0.989702
volume,6,2,global_gbm,1,13200,62.4055,0.962207
volume,6,2,global_gbm,2,13200,69.9724,1.00615
volume,6,2,global_gbm,3,13200,63.697,0.998684
volume,6,2,global_gbm,4,13200,76.0251,1.11745
volume,6,2,global_gbm,5,13200,70.5222,0.922427
volume,6,2,global_gbm,6,13200,61.485,0.789086
volume,6,3,last_observation,0,13200,111.876,0.868145
volume,6,3,last_observation,1,13200,133.721,1.12114
volume,6,3,last_observation,2,13200,126.531,1.01557
volume,6,3,last_observation,3,13200,127.013,0.996666
volume,6,3,last_observation,4,13200,128.272,1.02019
volume,6,3,last_observation,5,13200,121.328,0.815678
volume,6,3,last_observation,6,13200,106.898,0.717463
volume,6,3,seasonal_naive_daily,0,13200,64.6653,0.875518
volume,6,3,seasonal_naive_daily,1,13200,64.0756,0.95412
volume,6,3,seasonal_naive_daily,2,13200,58.6034,0.775657
volume,6,3,seasonal_naive_daily,3,13200,55.2801,0.757285
volume,6,3,seasonal_naive_daily,4,13200,56.7032,0.778842
volume,6,3,seasonal_naive_daily,5,13200,64.7001,0.918095
volume,6,3,seasonal_naive_daily,6,13200,60.0791,0.769121
volume,6,3,seasonal_naive_weekly,0,13200,74.0728,1.07264
volume,6,3,seasonal_naive_weekly,1,13200,71.2353,1.0316
volume,6,3,seasonal_naive_weekly,2,13200,79.6957,1.04676
volume,6,3,seasonal_naive_weekly,3,13200,81.3311,1.10576
volume,6,3,seasonal_naive_weekly,4,13200,80.6274,1.12888
volume,6,3,seasonal_naive_weekly,5,13200,85.0082,1.08696
volume,6,3,seasonal_naive_weekly,6,13200,79.3887,1.06346
volume,6,3,autoregressive,0,13200,57.8051,0.695287
volume,6,3,autoregressive,1,13200,60.9895,0.760763
volume,6,3,autoregressive,2,13200,56.6726,0.647318
volume,6,3,autoregressive,3,13200,53.9138,0.639139
volume,6,3,autoregressive,4,13200,55.4487,0.654834
volume,6,3,autoregressive,5,13200,59.907,0.689894
volume,6,3,autoregressive,6,13200,57.9333,0.63694
volume,6,3,zone_ridge,0,13200,68.9431,0.768317
volume,6,3,zone_ridge,1,13200,70.6882,0.765428
volume,6,3,zone_ridge,2,13200,69.283,0.70762
volume,6,3,zone_ridge,3,13200,71.4547,0.728706
volume,6,3,zone_ridge,4,13200,70.82,0.750205
volume,6,3,zone_ridge,5,13200,75.5035,0.794682
volume,6,3,zone_ridge,6,13200,74.4863,0.799929
volume,6,3,zone_gbm,0,13200,62.004,0.807451
volume,6,3,zone_gbm,1,13200,62.2218,0.766785
volume,6,3,zone_gbm,2,13200,58.8447,0.70504
volume,6,3,zone_gbm,3,13200,61.6673,0.767392
volume,6,3,zone_gbm,4,13200,60.231,0.774451
volume,6,3,zone_gbm,5,13200,67.2905,0.790948
volume,6,3,zone_gbm,6,13200,68.217,0.801356
volume,6,3,global_ridge,0,13200,108.904,2.78823
volume,6,3,global_ridge,1,13200,119.153,2.79304
volume,6,3,global_ridge,2,13200,116.675,2.73128
volume,6,3,global_ridge,3,13200,115.953,2.74437
volume,6,3,global_ridge,4,13200,117.908,2.85212
volume,6,3,global_ridge,5,13200,115.677,2.79566
volume,6,3,global_ridge,6,13200,106.45,2.76022
volume,6,3,global_gbm,0,13200,52.6269,0.770057
volume,6,3,global_gbm,1,13200,60.1905,0.867801
volume,6,3,global_gbm,2,13200,57.2103,0.807152
volume,6,3,global_gbm,3,13200,58.3112,0.801079
volume,6,3,global_gbm,4,13200,55.9231,0.812316
volume,6,3,global_gbm,5,13200,59.1989,0.76214
volume,6,3,global_gbm,6,13200,56.5522,0.712254
volume,6,4,last_observation,0,13200,117.879,1.30539
volume,6,4,last_observation,1,13200,117.939,1.34227
volume,6,4,last_observation,2,13200,140.669,1.46418
volume,6,4,last_observation,3,13200,137.859,1.46164
volume,6,4,last_observation,4,13200,136.56,1.47053
volume,6,4,last_observation,5,13200,131.448,1.21133
volume,6,4,last_observation,6,13200,112.179,1.04218
volume,6,4,seasonal_naive_daily,0,13200,70.5695,1.16067
volume,6,4,seasonal_naive_daily,1,13200,55.1507,0.894441
volume,6,4,seasonal_naive_daily,2,13200,59.8952,0.891865
volume,6,4,seasonal_naive_daily,3,13200,54.919,0.889909
volume,6,4,seasonal_naive_daily,4,13200,56.4671,0.89086
volume,6,4,seasonal_naive_daily,5,13200,62.3214,1.10653
volume,6,4,seasonal_naive_daily,6,13200,62.2994,0.964433
volume,6,4,seasonal_naive_weekly,0,13200,86.2465,1.20316
volume,6,4,seasonal_naive_weekly,1,13200,92.3806,1.08889
volume,6,4,seasonal_naive_weekly,2,13200,75.9733,1.06324
volume,6,4,seasonal_naive_weekly,3,13200,74.6687,1.06871
volume,6,4,seasonal_naive_weekly,4,13200,76.3518,1.05649
volume,6,4,seasonal_naive_weekly,5,13200,77.8586,1.07023
volume,6,4,seasonal_naive_weekly,6,13200,81.0322,1.07147
volume,6,4,autoregressive,0,13200,68.833,0.883123
volume,6,4,autoregressive,1,13200,59.5715,0.743981
volume,6,4,autoregressive,2,13200,55.8691,0.739355
volume,6,4,autoregressive,3,13200,52.9873,0.739117
volume,6,4,autoregressive,4,13200,55.3656,0.751931
volume,6,4,autoregressive,5,13200,57.7553,0.780435
volume,6,4,autoregressive,6,13200,56.5244,0.737372
volume,6,4,zone_ridge,0,13200,78.448,0.84949
volume,6,4,zone_ridge,1,13200,78.7578,0.849336
volume,6,4,zone_ridge,2,13200,71.3917,0.852525
volume,6,4,zone_ridge,3,13200,70.5815,0.842549
volume,6,4,zone_ridge,4,13200,72.9981,0.869016
volume,6,4,zone_ridge,5,13200,71.3885,0.795231
volume,6,4,zone_ridge,6,13200,70.095,0.789629
volume,6,4,zone_gbm,0,13200,73.8876,0.815194
volume,6,4,zone_gbm,1,13200,79.298,0.824562
volume,6,4,zone_gbm,2,13200,51.442,0.710783
volume,6,4,zone_gbm,3,13200,53.0699,0.71986
volume,6,4,zone_gbm,4,13200,58.298,0.756812
volume,6,4,zone_gbm,5,13200,63.4704,0.791313
volume,6,4,zone_gbm,6,13200,63.1219,0.789183
volume,6,4,global_ridge,0,13200,110.709,2.89702
volume,6,4,global_ridge,1,13200,104.049,2.74217
volume,6,4,global_ridge,2,13200,117.175,2.91938
volume,6,4,global_ridge,3,13200,114.294,2.87916
volume,6,4,global_ridge,4,13200,114.945,2.93366
volume,6,4,global_ridge,5,13200,111.525,2.82525
volume,6,4,global_ridge,6,13200,103.937,2.74977
volume,6,4,global_gbm,0,13200,67.21,0.974697
volume,6,4,global_gbm,1,13200,63.5552,0.937642
volume,6,4,global_gbm,2,13200,59.4105,0.975583
volume,6,4,global_gbm,3,13200,59.2056,0.965076
volume,6,4,global_gbm,4,13200,62.1349,0.989128
volume,6,4,global_gbm,5,13200,60.9145,0.870334
volume,6,4,global_gbm,6,13200,56.4105,0.806464
volume,6,5,last_observation,0,13200,72.9098,0.732911
volume,6,5,last_observation,1,13200,72.2464,0.734202
volume,6,5,last_observation,2,13200,69.2231,0.807225
volume,6,5,last_observation,3,13200,72.5258,0.787514
volume,6,5,last_observation,4,13200,75.232,0.763361
volume,6,5,last_observation,5,13200,65.1468,0.681072
volume,6,5,last_observation,6,13200,74.5201,0.735032
volume,6,5,seasonal_naive_daily,0,13200,42.8255,0.563313
volume,6,5,seasonal_naive_daily,1,13200,33.9504,0.5425
volume,6,5,seasonal_naive_daily,2,13200,43.3607,0.689301
volume,6,5,seasonal_naive_daily,3,13200,43.8379,0.682741
volume,6,5,seasonal_naive_daily,4,13200,48.5869,0.725416
volume,6,5,seasonal_naive_daily,5,13200,52.2271,0.741567
volume,6,5,seasonal_naive_daily,6,13200,54.6216,0.743677
volume,6,5,seasonal_naive_weekly,0,13200,117.777,1.33746
volume,6,5,seasonal_naive_weekly,1,13200,118.714,1.31526
volume,6,5,seasonal_naive_weekly,2,13200,102.504,1.23931
volume,6,5,seasonal_naive_weekly,3,13200,93.4805,1.15514
volume,6,5,seasonal_naive_weekly,4,13200,96.8704,1.21717
volume,6,5,seasonal_naive_weekly,5,13200,115.508,1.33865
volume,6,5,seasonal_naive_weekly,6,13200,108.72,1.32233
volume,6,5,autoregressive,0,13200,54.8881,0.618756
volume,6,5,autoregressive,1,13200,47.4166,0.58668
volume,6,5,autoregressive,2,13200,51.341,0.652016
volume,6,5,autoregressive,3,13200,51.3782,0.616415
volume,6,5,autoregressive,4,13200,56.8053,0.681651
volume,6,5,autoregressive,5,13200,62.0631,0.689662
volume,6,5,autoregressive,6,13200,65.218,0.691361
volume,6,5,zone_ridge,0,13200,84.5384,0.815713
volume,6,5,zone_ridge,1,13200,81.8859,0.781295
volume,6,5,zone_ridge,2,13200,73.4612,0.773878
volume,6,5,zone_ridge,3,13200,74.8155,0.739139
volume,6,5,zone_ridge,4,13200,79.3091,0.806628
volume,6,5,zone_ridge,5,13200,86.1744,0.843415
volume,6,5,zone_ridge,6,13200,86.2148,0.853888
volume,6,5,zone_gbm,0,13200,84.7757,0.909226
volume,6,5,zone_gbm,1,13200,80.7952,0.845809
volume,6,5,zone_gbm,2,13200,70.3501,0.803474
volume,6,5,zone_gbm,3,13200,72.29,0.800598
volume,6,5,zone_gbm,4,13200,73.3569,0.839651
volume,6,5,zone_gbm,5,13200,85.0281,0.889449
volume,6,5,zone_gbm,6,13200,87.7557,0.920694
volume,6,5,global_ridge,0,13200,84.2657,2.55807
volume,6,5,global_ridge,1,13200,83.4427,2.54043
volume,6,5,global_ridge,2,13200,83.5294,2.57052
volume,6,5,global_ridge,3,13200,82.3829,2.57747
volume,6,5,global_ridge,4,13200,83.0826,2.55408
volume,6,5,global_ridge,5,13200,87.2363,2.62482
volume,6,5,global_ridge,6,13200,93.0564,2.70757
volume,6,5,global_gbm,0,13200,51.718,0.672238
volume,6,5,global_gbm,1,13200,49.2683,0.652135
volume,6,5,global_gbm,2,13200,47.0786,0.681162
volume,6,5,global_gbm,3,13200,49.3188,0.65491
volume,6,5,global_gbm,4,13200,52.8019,0.710295
volume,6,5,global_gbm,5,13200,57.1095,0.708992
volume,6,5,global_gbm,6,13200,59.5133,0.717628
volume,6,6,last_observation,0,13200,133.77,1.13206
volume,6,6,last_observation,1,13200,139.226,1.28676
volume,6,6,last_observation,2,13200,125.178,1.18224
volume,6,6,last_observation,3,13200,132.458,1.20743
volume,6,6,last_observation,4,13200,131.978,1.19772
volume,6,6,last_observation,5,13200,138.745,1.07939
volume,6,6,last_observation,6,13200,125.321,0.850136
volume,6,6,seasonal_naive_daily,0,13200,60.1227,0.932078
volume,6,6,seasonal_naive_daily,1,13200,57.7182,0.813255
volume,6,6,seasonal_naive_daily,2,13200,66.8218,0.882918
volume,6,6,seasonal_naive_daily,3,13200,49.8959,0.711078
volume,6,6,seasonal_naive_daily,4,13200,45.9127,0.686502
volume,6,6,seasonal_naive_daily,5,13200,61.3596,0.941615
volume,6,6,seasonal_naive_daily,6,13200,59.2655,0.805657
volume,6,6,seasonal_naive_weekly,0,13200,83.2684,1.02145
volume,6,6,seasonal_naive_weekly,1,13200,80.1779,1.0288
volume,6,6,seasonal_naive_weekly,2,13200,101.896,1.17573
volume,6,6,seasonal_naive_weekly,3,13200,99.7067,1.23799
volume,6,6,seasonal_naive_weekly,4,13200,99.5312,1.28443
volume,6,6,seasonal_naive_weekly,5,13200,95.5259,1.12819
volume,6,6,seasonal_naive_weekly,6,13200,90.1741,1.06393
volume,6,6,autoregressive,0,13200,56.3022,0.804699
volume,6,6,autoregressive,1,13200,55.5436,0.724656
volume,6,6,autoregressive,2,13200,62.2755,0.778713
volume,6,6,autoregressive,3,13200,51.9584,0.681981
volume,6,6,autoregressive,4,13200,47.8927,0.678274
volume,6,6,autoregressive,5,13200,57.4756,0.771541
volume,6,6,autoregressive,6,13200,52.7943,0.665467
volume,6,6,zone_ridge,0,13200,70.8316,0.786549
volume,6,6,zone_ridge,1,13200,71.3436,0.814057
volume,6,6,zone_ridge,2,13200,79.159,0.842835
volume,6,6,zone_ridge,3,13200,75.4207,0.818501
volume,6,6,zone_ridge,4,13200,75.1871,0.81738
volume,6,6,zone_ridge,5,13200,76.6031,0.811217
volume,6,6,zone_ridge,6,13200,70.1839,0.742452
volume,6,6,zone_gbm,0,13200,70.7767,0.764375
volume,6,6,zone_gbm,1,13200,70.8884,0.775501
volume,6,6,zone_gbm,2,13200,72.9987,0.788266
volume,6,6,zone_gbm,3,13200,72.3065,0.766781
volume,6,6,zone_gbm,4,13200,72.2374,0.779218
volume,6,6,zone_gbm,5,13200,75.3219,0.798218
volume,6,6,zone_gbm,6,13200,73.9791,0.746588
volume,6,6,global_ridge,0,13200,111.394,2.6758
volume,6,6,global_ridge,1,13200,110.037,2.53733
volume,6,6,global_ridge,2,13200,113.587,2.52044
volume,6,6,global_ridge,3,13200,110.346,2.57112
volume,6,6,global_ridge,4,13200,110.1,2.58142
volume,6,6,global_ridge,5,13200,116.182,2.6081
volume,6,6,global_ridge,6,13200,108.15,2.59058
volume,6,6,global_gbm,0,13200,59.2074,0.86606
volume,6,6,global_gbm,1,13200,62.4785,0.903382
volume,6,6,global_gbm,2,13200,66.7614,0.937395
volume,6,6,global_gbm,3,13200,62.3407,0.900634
volume,6,6,global_gbm,4,13200,59.3706,0.882203
volume,6,6,global_gbm,5,13200,59.9647,0.833367
volume,6,6,global_gbm,6,13200,56.984,0.697149
volume,6,7,last_observation,0,13200,137.244,1.1337
volume,6,7,last_observation,1,13200,133.592,1.3088
volume,6,7,last_observation,2,13200,145.182,1.21928
volume,6,7,last_observation,3,13200,145.381,1.1987
volume,6,7,last_observation,4,13200,142.901,1.19249
volume,6,7,last_observation,5,13200,140.317,1.0113
volume,6,7,last_observation,6,13200,130.031,0.895419
volume,6,7,seasonal_naive_daily,0,13200,64.1673,0.925466
volume,6,7,seasonal_naive_daily,1,13200,56.917,0.831194
volume,6,7,seasonal_naive_daily,2,13200,56.996,0.790949
volume,6,7,seasonal_naive_daily,3,13200,51.2201,0.649971
volume,6,7,seasonal_naive_daily,4,13200,50.2805,0.651507
volume,6,7,seasonal_naive_daily,5,13200,61.1038,0.833899
volume,6,7,seasonal_naive_daily,6,13200,57.2543,0.736307
volume,6,7,seasonal_naive_weekly,0,13200,64.2701,0.936228
volume,6,7,seasonal_naive_weekly,1,13200,58.9368,0.863266
volume,6,7,seasonal_naive_weekly,2,13200,61.7625,0.928573
volume,6,7,seasonal_naive_weekly,3,13200,62.3629,0.969014
volume,6,7,seasonal_naive_weekly,4,13200,64.3543,0.97291
volume,6,7,seasonal_naive_weekly,5,13200,65.2196,1.00097
volume,6,7,seasonal_naive_weekly,6,13200,63.2459,0.989482
volume,6,7,autoregressive,0,13200,58.8383,0.748456
volume,6,7,autoregressive,1,13200,54.4647,0.724568
volume,6,7,autoregressive,2,13200,56.153,0.671249
volume,6,7,autoregressive,3,13200,50.0964,0.601269
volume,6,7,autoregressive,4,13200,49.5521,0.604267
volume,6,7,autoregressive,5,13200,55.0538,0.661482
volume,6,7,autoregressive,6,13200,52.4206,0.614585
volume,6,7,zone_ridge,0,13200,68.8203,0.727653
volume,6,7,zone_ridge,1,13200,68.9641,0.790419
volume,6,7,zone_ridge,2,13200,71.3023,0.75099
volume,6,7,zone_ridge,3,13200,69.4102,0.728624
volume,6,7,zone_ridge,4,13200,70.2148,0.712268
volume,6,7,zone_ridge,5,13200,68.8447,0.713648
volume,6,7,zone_ridge,6,13200,63.7082,0.702464
volume,6,7,zone_gbm,0,13200,53.6825,0.63643
volume,6,7,zone_gbm,1,13200,56.8692,0.71296
volume,6,7,zone_gbm,2,13200,52.8511,0.607488
volume,6,7,zone_gbm,3,13200,51.744,0.612863
volume,6,7,zone_gbm,4,13200,50.6122,0.605714
volume,6,7,zone_gbm,5,13200,53.215,0.636047
volume,6,7,zone_gbm,6,13200,54.8391,0.623722
volume,6,7,global_ridge,0,13200,117.39,2.81354
volume,6,7,global_ridge,1,13200,108.155,2.67963
volume,6,7,global_ridge,2,13200,121.545,2.80203
volume,6,7,global_ridge,3,13200,117.622,2.75454
volume,6,7,global_ridge,4,13200,119.467,2.75031
volume,6,7,global_ridge,5,13200,114.994,2.66969
volume,6,7,global_ridge,6,13200,109.75,2.7407
volume,6,7,global_gbm,0,13200,56.8266,0.83513
volume,6,7,global_gbm,1,13200,58.5019,0.894266
volume,6,7,global_gbm,2,13200,56.8866,0.825812
volume,6,7,global_gbm,3,13200,56.4675,0.815841
volume,6,7,global_gbm,4,13200,53.6462,0.794189
volume,6,7,global_gbm,5,13200,52.3969,0.739389
volume,6,7,global_gbm,6,13200,53.1074,0.689865
volume,24,0,last_observation,0,13200,74.2647,1.27734
volume,24,0,last_observation,1,13200,60.0694,0.952796
volume,24,0,last_observation,2,13200,71.0499,0.963343
volume,24,0,last_observation,3,13200,67.1454,0.963228
volume,24,0,last_observation,4,13200,57.8797,0.945955
volume,24,0,last_observation,5,13200,74.4985,1.2132
volume,24,0,last_observation,6,13200,63.8774,0.989381
volume,24,0,seasonal_naive_daily,0,13200,74.2647,1.27734
volume,24,0,seasonal_naive_daily,1,13200,60.0694,0.952796
volume,24,0,seasonal_naive_daily,2,13200,71.0499,0.963343
volume,24,0,seasonal_naive_daily,3,13200,67.1454,0.963228
volume,24,0,seasonal_naive_daily,4,13200,57.8797,0.945955
volume,24,0,seasonal_naive_daily,5,13200,74.4985,1.2132
volume,24,0,seasonal_naive_daily,6,13200,63.8774,0.989381
volume,24,0,seasonal_naive_weekly,0,13200,70.1435,1.04003
volume,24,0,seasonal_naive_weekly,1,13200,72.866,1.04261
volume,24,0,seasonal_naive_weekly,2,13200,97.2355,1.50588
volume,24,0,seasonal_naive_weekly,3,13200,61.0046,0.928899
volume,24,0,seasonal_naive_weekly,4,13200,63.0614,0.909998
volume,24,0,seasonal_naive_weekly,5,13200,71.2972,1.05789
volume,24,0,seasonal_naive_weekly,6,13200,73.0952,1.00592
volume,24,0,autoregressive,0,13200,67.5696,1.09917
volume,24,0,autoregressive,1,13200,58.4913,0.872185
volume,24,0,autoregressive,2,13200,66.6617,0.870186
volume,24,0,autoregressive,3,13200,61.8797,0.85241
volume,24,0,autoregressive,4,13200,55.6052,0.849226
volume,24,0,autoregressive,5,13200,64.5875,0.999243
volume,24,0,autoregressive,6,13200,60.2675,0.86997
volume,24,0,zone_ridge,0,13200,61.5782,1.03007
volume,24,0,zone_ridge,1,13200,59.9823,0.922674
volume,24,0,zone_ridge,2,13200,66.1829,0.932958
volume,24,0,zone_ridge,3,13200,63.4362,0.900513
volume,24,0,zone_ridge,4,13200,59.1273,0.903459
volume,24,0,zone_ridge,5,13200,65.5156,0.965952
volume,24,0,zone_ridge,6,13200,59.6686,0.894708
volume,24,0,zone_gbm,0,13200,60.2312,1.10559
volume,24,0,zone_gbm,1,13200,58.4972,1.04257
volume,24,0,zone_gbm,2,13200,65.2594,0.974732
volume,24,0,zone_gbm,3,13200,57.9567,0.961438
volume,24,0,zone_gbm,4,13200,59.1264,1.04352
volume,24,0,zone_gbm,5,13200,62.6128,1.08528
volume,24,0,zone_gbm,6,13200,61.0918,1.01382
volume,24,0,global_ridge,0,13200,67.8881,1.39184
volume,24,0,global_ridge,1,13200,58.3951,1.12368
volume,24,0,global_ridge,2,13200,63.1953,0.94735
volume,24,0,global_ridge,3,13200,58.7152,0.890604
volume,24,0,global_ridge,4,13200,54.6499,0.901826
volume,24,0,global_ridge,5,13200,66.711,1.13787
volume,24,0,global_ridge,6,13200,64.1974,1.10166
volume,24,0,global_gbm,0,13200,63.1955,1.12612
volume,24,0,global_gbm,1,13200,55.768,0.910997
volume,24,0,global_gbm,2,13200,63.8377,0.942229
volume,24,0,global_gbm,3,13200,59.3433,0.915098
volume,24,0,global_gbm,4,13200,53.8514,0.896584
volume,24,0,global_gbm,5,13200,63.8446,1.04473
volume,24,0,global_gbm,6,13200,58.7479,0.951596
volume,24,1,last_observation,0,13200,78.6306,1.31555
volume,24,1,last_observation,1,13200,67.9009,0.947271
volume,24,1,last_observation,2,13200,57.7434,0.907783
volume,24,1,last_observation,3,13200,55.0329,0.887892
volume,24,1,last_observation,4,13200,57.2784,0.92507
volume,24,1,last_observation,5,13200,70.0873,1.19474
volume,24,1,last_observation,6,13200,67.4508,0.979669
volume,24,1,seasonal_naive_daily,0,13200,78.6306,1.31555
volume,24,1,seasonal_naive_daily,1,13200,67.9009,0.947271
volume,24,1,seasonal_naive_daily,2,13200,57.7434,0.907783
volume,24,1,seasonal_naive_daily,3,13200,55.0329,0.887892
volume,24,1,seasonal_naive_daily,4,13200,57.2784,0.92507
volume,24,1,seasonal_naive_daily,5,13200,70.0873,1.19474
volume,24,1,seasonal_naive_daily,6,13200,67.4508,0.979669
volume,24,1,seasonal_naive_weekly,0,13200,70.5434,1.02991
volume,24,1,seasonal_naive_weekly,1,13200,73.1276,1.02748
volume,24,1,seasonal_naive_weekly,2,13200,71.6675,1.00581
volume,24,1,seasonal_naive_weekly,3,13200,74.1886,0.988981
volume,24,1,seasonal_naive_weekly,4,13200,68.144,1.01513
volume,24,1,seasonal_naive_weekly,5,13200,65.3018,1.00329
volume,24,1,seasonal_naive_weekly,6,13200,69.5131,0.98552
volume,24,1,autoregressive,0,13200,70.7667,1.11844
volume,24,1,autoregressive,1,13200,65.6594,0.886868
volume,24,1,autoregressive,2,13200,55.0155,0.800542
volume,24,1,autoregressive,3,13200,53.0215,0.803671
volume,24,1,autoregressive,4,13200,55.9312,0.828353
volume,24,1,autoregressive,5,13200,62.5899,0.987163
volume,24,1,autoregressive,6,13200,62.685,0.875963
volume,24,1,zone_ridge,0,13200,71.5097,0.994058
volume,24,1,zone_ridge,1,13200,68.7436,0.909364
volume,24,1,zone_ridge,2,13200,58.5014,0.822492
volume,24,1,zone_ridge,3,13200,57.4082,0.821893
volume,24,1,zone_ridge,4,13200,60.1314,0.866796
volume,24,1,zone_ridge,5,13200,66.6399,0.924342
volume,24,1,zone_ridge,6,13200,71.0032,0.879127
volume,24,1,zone_gbm,0,13200,60.4475,0.902444
volume,24,1,zone_gbm,1,13200,62.2434,0.885154
volume,24,1,zone_gbm,2,13200,53.0404,0.784006
volume,24,1,zone_gbm,3,13200,52.7864,0.820094
volume,24,1,zone_gbm,4,13200,55.3214,0.867226
volume,24,1,zone_gbm,5,13200,58.4116,0.880964
volume,24,1,zone_gbm,6,13200,63.5157,0.896708
volume,24,1,global_ridge,0,13200,71.3831,1.31801
volume,24,1,global_ridge,1,13200,65.5979,1.1091
volume,24,1,global_ridge,2,13200,54.3912,0.85303
volume,24,1,global_ridge,3,13200,53.357,1.00872
volume,24,1,global_ridge,4,13200,54.9566,0.942032
volume,24,1,global_ridge,5,13200,67.0459,1.2278
volume,24,1,global_ridge,6,13200,68.0859,1.12715
volume,24,1,global_gbm,0,13200,68.0789,1.25955
volume,24,1,global_gbm,1,13200,65.8767,1.05734
volume,24,1,global_gbm,2,13200,52.396,0.886391
volume,24,1,global_gbm,3,13200,51.2488,0.876265
volume,24,1,global_gbm,4,13200,55.4306,0.984758
volume,24,1,global_gbm,5,13200,59.2455,1.13275
volume,24,1,global_gbm,6,13200,62.8508,1.10087
volume,24,2,last_observation,0,13200,81.7905,1.19703
volume,24,2,last_observation,1,13200,65.535,0.93332
volume,24,2,last_observation,2,13200,68.5946,0.907197
volume,24,2,last_observation,3,13200,62.3314,0.894613
volume,24,2,last_observation,4,13200,69.8158,1.02041
volume,24,2,last_observation,5,13200,99.6151,1.30278
volume,24,2,last_observation,6,13200,71.8204,0.928474
volume,24,2,seasonal_naive_daily,0,13200,81.7905,1.19703
volume,24,2,seasonal_naive_daily,1,13200,65.535,0.93332
volume,24,2,seasonal_naive_daily,2,13200,68.5946,0.907197
volume,24,2,seasonal_naive_daily,3,13200,62.3314,0.894613
volume,24,2,seasonal_naive_daily,4,13200,69.8158,1.02041
volume,24,2,seasonal_naive_daily,5,13200,99.6151,1.30278
volume,24,2,seasonal_naive_daily,6,13200,71.8204,0.928474
volume,24,2,seasonal_naive_weekly,0,13200,78.005,1.04099
volume,24,2,seasonal_naive_weekly,1,13200,71.5599,1.05806
volume,24,2,seasonal_naive_weekly,2,13200,85.539,1.01763
volume,24,2,seasonal_naive_weekly,3,13200,87.5888,1.04513
volume,24,2,seasonal_naive_weekly,4,13200,114.273,1.31561
volume,24,2,seasonal_naive_weekly,5,13200,81.0045,1.0343
volume,24,2,seasonal_naive_weekly,6,13200,83.09,1.0206
volume,24,2,autoregressive,0,13200,70.8549,1.02827
volume,24,2,autoregressive,1,13200,61.0596,0.859923
volume,24,2,autoregressive,2,13200,66.6443,0.803285
volume,24,2,autoregressive,3,13200,60.6542,0.818922
volume,24,2,autoregressive,4,13200,70.3121,0.925754
volume,24,2,autoregressive,5,13200,83.5999,1.04416
volume,24,2,autoregressive,6,13200,65.2305,0.841517
volume,24,2,zone_ridge,0,13200,65.8314,0.96979
volume,24,2,zone_ridge,1,13200,61.6356,0.914383
volume,24,2,zone_ridge,2,13200,67.3274,0.831459
volume,24,2,zone_ridge,3,13200,62.0033,0.838093
volume,24,2,zone_ridge,4,13200,74.5548,0.963228
volume,24,2,zone_ridge,5,13200,75.9369,0.973559
volume,24,2,zone_ridge,6,13200,68.5022,0.905752
volume,24,2,zone_gbm,0,13200,65.063,0.944685
volume,24,2,zone_gbm,1,13200,63.7264,0.935267
volume,24,2,zone_gbm,2,13200,66.4977,0.825982
volume,24,2,zone_gbm,3,13200,61.5921,0.857839
volume,24,2,zone_gbm,4,13200,73.4883,0.997246
volume,24,2,zone_gbm,5,13200,71.7822,0.938095
volume,24,2,zone_gbm,6,13200,63.1986,0.904763
volume,24,2,global_ridge,0,13200,69.9702,1.20418
volume,24,2,global_ridge,1,13200,60.5651,1.00775
volume,24,2,global_ridge,2,13200,64.3059,0.848344
volume,24,2,global_ridge,3,13200,59.3878,0.899555
volume,24,2,global_ridge,4,13200,68.4488,1.01948
volume,24,2,global_ridge,5,13200,82.1567,1.166
volume,24,2,global_ridge,6,13200,71.1482,1.02453
volume,24,2,global_gbm,0,13200,63.9005,1.05718
volume,24,2,global_gbm,1,13200,61.1926,0.925075
volume,24,2,global_gbm,2,13200,63.846,0.900896
volume,24,2,global_gbm,3,13200,61.3159,0.895163
volume,24,2,global_gbm,4,13200,71.4482,1.02165
volume,24,2,global_gbm,5,13200,74.9524,1.10173
volume,24,2,global_gbm,6,13200,64.8514,0.938813
volume,24,3,last_observation,0,13200,64.6653,0.875518
volume,24,3,last_observation,1,13200,64.0756,0.95412
volume,24,3,last_observation,2,13200,58.6034,0.775657
volume,24,3,last_observation,3,13200,55.2801,0.757285
volume,24,3,last_observation,4,13200,56.7032,0.778842
volume,24,3,last_observation,5,13200,64.7001,0.918095
volume,24,3,last_observation,6,13200,60.0791,0.769121
volume,24,3,seasonal_naive_daily,0,13200,64.6653,0.875518
volume,24,3,seasonal_naive_daily,1,13200,64.0756,0.95412
volume,24,3,seasonal_naive_daily,2,13200,58.6034,0.775657
volume,24,3,seasonal_naive_daily,3,13200,55.2801,0.757285
volume,24,3,seasonal_naive_daily,4,13200,56.7032,0.778842
volume,24,3,seasonal_naive_daily,5,13200,64.7001,0.918095
volume,24,3,seasonal_naive_daily,6,13200,60.0791,0.769121
volume,24,3,seasonal_naive_weekly,0,13200,74.0728,1.07264
volume,24,3,seasonal_naive_weekly,1,13200,71.2353,1.0316
volume,24,3,seasonal_naive_weekly,2,13200,79.6957,1.04676
volume,24,3,seasonal_naive_weekly,3,13200,81.3311,1.10576
volume,24,3,seasonal_naive_weekly,4,13200,80.6274,1.12888
volume,24,3,seasonal_naive_weekly,5,13200,85.0082,1.08696
volume,24,3,seasonal_naive_weekly,6,13200,79.3887,1.06346
volume,24,3,autoregressive,0,13200,58.5784,0.802997
volume,24,3,autoregressive,1,13200,62.927,0.87628
volume,24,3,autoregressive,2,13200,56.6717,0.743804
volume,24,3,autoregressive,3,13200,54.3726,0.727523
volume,24,3,autoregressive,4,13200,56.0817,0.747269
volume,24,3,autoregressive,5,13200,62.517,0.832324
volume,24,3,autoregressive,6,13200,61.2577,0.778548
volume,24,3,zone_ridge,0,13200,60.8018,0.823468
volume,24,3,zone_ridge,1,13200,60.5679,0.850333
volume,24,3,zone_ridge,2,13200,56.2527,0.759221
volume,24,3,zone_ridge,3,13200,59.1166,0.783378
volume,24,3,zone_ridge,4,13200,58.2569,0.802027
volume,24,3,zone_ridge,5,13200,66.5585,0.877329
volume,24,3,zone_ridge,6,13200,66.4466,0.864453
volume,24,3,zone_gbm,0,13200,62.0041,0.931729
volume,24,3,zone_gbm,1,13200,61.6438,0.883449
volume,24,3,zone_gbm,2,13200,56.9307,0.788177
volume,24,3,zone_gbm,3,13200,59.2812,0.854421
volume,24,3,zone_gbm,4,13200,58.2766,0.860266
volume,24,3,zone_gbm,5,13200,69.0904,0.93914
volume,24,3,zone_gbm,6,13200,69.5982,0.951784
volume,24,3,global_ridge,0,13200,57.0651,1.0149
volume,24,3,global_ridge,1,13200,61.8275,1.04089
volume,24,3,global_ridge,2,13200,53.2561,0.784049
volume,24,3,global_ridge,3,13200,52.8291,0.810669
volume,24,3,global_ridge,4,13200,52.9803,0.827547
volume,24,3,global_ridge,5,13200,61.4872,0.95349
volume,24,3,global_ridge,6,13200,59.692,0.851696
volume,24,3,global_gbm,0,13200,53.9858,0.868825
volume,24,3,global_gbm,1,13200,61.3477,0.94557
volume,24,3,global_gbm,2,13200,54.0724,0.839611
volume,24,3,global_gbm,3,13200,53.9861,0.825105
volume,24,3,global_gbm,4,13200,52.5676,0.844569
volume,24,3,global_gbm,5,13200,61.047,0.910381
volume,24,3,global_gbm,6,13200,56.1379,0.833838
volume,24,4,last_observation,0,13200,70.5695,1.16067
volume,24,4,last_observation,1,13200,55.1507,0.894441
volume,24,4,last_observation,2,13200,59.8952,0.891865
volume,24,4,last_observation,3,13200,54.919,0.889909
volume,24,4,last_observation,4,13200,56.4671,0.89086
volume,24,4,last_observation,5,13200,62.3214,1.10653
volume,24,4,last_observation,6,13200,62.2994,0.964433
volume,24,4,seasonal_naive_daily,0,13200,70.5695,1.16067
volume,24,4,seasonal_naive_daily,1,13200,55.1507,0.894441
volume,24,4,seasonal_naive_daily,2,13200,59.8952,0.891865
volume,24,4,seasonal_naive_daily,3,13200,54.919,0.889909
volume,24,4,seasonal_naive_daily,4,13200,56.4671,0.89086
volume,24,4,seasonal_naive_daily,5,13200,62.3214,1.10653
volume,24,4,seasonal_naive_daily,6,13200,62.2994,0.964433
volume,24,4,seasonal_naive_weekly,0,13200,86.2465,1.20316
volume,24,4,seasonal_naive_weekly,1,13200,92.3806,1.08889
volume,24,4,seasonal_naive_weekly,2,13200,75.9733,1.06324
volume,24,4,seasonal_naive_weekly,3,13200,74.6687,1.06871
volume,24,4,seasonal_naive_weekly,4,13200,76.3518,1.05649
volume,24,4,seasonal_naive_weekly,5,13200,77.8586,1.07023
volume,24,4,seasonal_naive_weekly,6,13200,81.0322,1.07147
volume,24,4,autoregressive,0,13200,71.1044,1.02309
volume,24,4,autoregressive,1,13200,60.0032,0.845558
volume,24,4,autoregressive,2,13200,56.534,0.81927
volume,24,4,autoregressive,3,13200,52.8724,0.805831
volume,24,4,autoregressive,4,13200,54.7041,0.802648
volume,24,4,autoregressive,5,13200,60.1833,0.92759
volume,24,4,autoregressive,6,13200,59.0139,0.875675
volume,24,4,zone_ridge,0,13200,68.1768,0.922884
volume,24,4,zone_ridge,1,13200,64.0214,0.849954
volume,24,4,zone_ridge,2,13200,55.2996,0.821995
volume,24,4,zone_ridge,3,13200,55.4015,0.821766
volume,24,4,zone_ridge,4,13200,56.8079,0.820426
volume,24,4,zone_ridge,5,13200,57.6899,0.888625
volume,24,4,zone_ridge,6,13200,58.3559,0.895146
volume,24,4,zone_gbm,0,13200,69.5236,0.956724
volume,24,4,zone_gbm,1,13200,70.3974,0.93088
volume,24,4,zone_gbm,2,13200,53.7014,0.797389
volume,24,4,zone_gbm,3,13200,53.3766,0.842861
volume,24,4,zone_gbm,4,13200,56.6977,0.853673
volume,24,4,zone_gbm,5,13200,62.2183,0.941818
volume,24,4,zone_gbm,6,13200,61.5105,0.94214
volume,24,4,global_ridge,0,13200,66.1381,1.07114
volume,24,4,global_ridge,1,13200,57.3413,0.901892
volume,24,4,global_ridge,2,13200,54.9062,0.877259
volume,24,4,global_ridge,3,13200,51.3707,0.881219
volume,24,4,global_ridge,4,13200,52.689,0.855133
volume,24,4,global_ridge,5,13200,58.2794,1.03296
volume,24,4,global_ridge,6,13200,58.7938,0.959307
volume,24,4,global_gbm,0,13200,64.9298,1.0442
volume,24,4,global_gbm,1,13200,57.3484,0.901609
volume,24,4,global_gbm,2,13200,55.7699,0.915652
volume,24,4,global_gbm,3,13200,53.6336,0.884269
volume,24,4,global_gbm,4,13200,54.2796,0.889548
volume,24,4,global_gbm,5,13200,56.3036,0.975551
volume,24,4,global_gbm,6,13200,56.4647,0.954458
volume,24,5,last_observation,0,13200,42.8255,0.563313
volume,24,5,last_observation,1,13200,33.9504,0.5425
volume,24,5,last_observation,2,13200,43.3607,0.689301
volume,24,5,last_observation,3,13200,43.8379,0.682741
volume,24,5,last_observation,4,13200,48.5869,0.725416
volume,24,5,last_observation,5,13200,52.2271,0.741567
volume,24,5,last_observation,6,13200,54.6216,0.743677
volume,24,5,seasonal_naive_daily,0,13200,42.8255,0.563313
volume,24,5,seasonal_naive_daily,1,13200,33.9504,0.5425
volume,24,5,seasonal_naive_daily,2,13200,43.3607,0.689301
volume,24,5,seasonal_naive_daily,3,13200,43.8379,0.682741
volume,24,5,seasonal_naive_daily,4,13200,48.5869,0.725416
volume,24,5,seasonal_naive_daily,5,13200,52.2271,0.741567
volume,24,5,seasonal_naive_daily,6,13200,54.6216,0.743677
volume,24,5,seasonal_naive_weekly,0,13200,117.777,1.33746
volume,24,5,seasonal_naive_weekly,1,13200,118.714,1.31526
volume,24,5,seasonal_naive_weekly,2,13200,102.504,1.23931
volume,24,5,seasonal_naive_weekly,3,13200,93.4805,1.15514
volume,24,5,seasonal_naive_weekly,4,13200,96.8704,1.21717
volume,24,5,seasonal_naive_weekly,5,13200,115.508,1.33865
volume,24,5,seasonal_naive_weekly,6,13200,108.72,1.32233
volume,24,5,autoregressive,0,13200,62.0044,0.799973
volume,24,5,autoregressive,1,13200,50.1543,0.721901
volume,24,5,autoregressive,2,13200,55.3658,0.786851
volume,24,5,autoregressive,3,13200,53.4554,0.732713
volume,24,5,autoregressive,4,13200,58.358,0.797184
volume,24,5,autoregressive,5,13200,67.5647,0.868939
volume,24,5,autoregressive,6,13200,70.5062,0.874289
volume,24,5,zone_ridge,0,13200,70.3282,0.873963
volume,24,5,zone_ridge,1,13200,63.4348,0.826704
volume,24,5,zone_ridge,2,13200,61.1005,0.810987
volume,24,5,zone_ridge,3,13200,61.8831,0.776572
volume,24,5,zone_ridge,4,13200,66.1963,0.837025
volume,24,5,zone_ridge,5,13200,74.8569,0.949879
volume,24,5,zone_ridge,6,13200,77.1339,0.978139
volume,24,5,zone_gbm,0,13200,75.4076,1.02639
volume,24,5,zone_gbm,1,13200,70.9432,0.995457
volume,24,5,zone_gbm,2,13200,60.3257,0.876575
volume,24,5,zone_gbm,3,13200,61.8995,0.880448
volume,24,5,zone_gbm,4,13200,66.9297,0.949583
volume,24,5,zone_gbm,5,13200,79.6786,1.07227
volume,24,5,zone_gbm,6,13200,84.9252,1.10464
volume,24,5,global_ridge,0,13200,57.1214,0.892229
volume,24,5,global_ridge,1,13200,46.8445,0.827542
volume,24,5,global_ridge,2,13200,48.0253,0.75553
volume,24,5,global_ridge,3,13200,47.4178,0.725099
volume,24,5,global_ridge,4,13200,53.246,0.831621
volume,24,5,global_ridge,5,13200,60.9421,0.818826
volume,24,5,global_ridge,6,13200,63.8257,0.852559
volume,24,5,global_gbm,0,13200,58.1074,0.841013
volume,24,5,global_gbm,1,13200,46.5323,0.775144
volume,24,5,global_gbm,2,13200,43.9143,0.784832
volume,24,5,global_gbm,3,13200,46.7563,0.753716
volume,24,5,global_gbm,4,13200,51.5208,0.82664
volume,24,5,global_gbm,5,13200,62.7569,0.921596
volume,24,5,global_gbm,6,13200,65.0769,0.925569
volume,24,6,last_observation,0,13200,60.1227,0.932078
volume,24,6,last_observation,1,13200,57.7182,0.813255
volume,24,6,last_observation,2,13200,66.8218,0.882918
volume,24,6,last_observation,3,13200,49.8959,0.711078
volume,24,6,last_observation,4,13200,45.9127,0.686502
volume,24,6,last_observation,5,13200,61.3596,0.941615
volume,24,6,last_observation,6,13200,59.2655,0.805657
volume,24,6,seasonal_naive_daily,0,13200,60.1227,0.932078
volume,24,6,seasonal_naive_daily,1,13200,57.7182,0.813255
volume,24,6,seasonal_naive_daily,2,13200,66.8218,0.882918
volume,24,6,seasonal_naive_daily,3,13200,49.8959,0.711078
volume,24,6,seasonal_naive_daily,4,13200,45.9127,0.686502
volume,24,6,seasonal_naive_daily,5,13200,61.3596,0.941615
volume,24,6,seasonal_naive_daily,6,13200,59.2655,0.805657
volume,24,6,seasonal_naive_weekly,0,13200,83.2684,1.02145
volume,24,6,seasonal_naive_weekly,1,13200,80.1779,1.0288
volume,24,6,seasonal_naive_weekly,2,13200,101.896,1.17573
volume,24,6,seasonal_naive_weekly,3,13200,99.7067,1.23799
volume,24,6,seasonal_naive_weekly,4,13200,99.5312,1.28443
volume,24,6,seasonal_naive_weekly,5,13200,95.5259,1.12819
volume,24,6,seasonal_naive_weekly,6,13200,90.1741,1.06393
volume,24,6,autoregressive,0,13200,59.6751,0.974875
volume,24,6,autoregressive,1,13200,57.0069,0.826867
volume,24,6,autoregressive,2,13200,65.9886,0.944447
volume,24,6,autoregressive,3,13200,56.7559,0.826551
volume,24,6,autoregressive,4,13200,48.5753,0.796133
volume,24,6,autoregressive,5,13200,59.8175,0.8914
volume,24,6,autoregressive,6,13200,56.1918,0.80697
volume,24,6,zone_ridge,0,13200,57.1363,0.870508
volume,24,6,zone_ridge,1,13200,57.5255,0.811675
volume,24,6,zone_ridge,2,13200,68.133,0.924092
volume,24,6,zone_ridge,3,13200,64.2745,0.863906
volume,24,6,zone_ridge,4,13200,55.7414,0.84181
volume,24,6,zone_ridge,5,13200,59.9865,0.882687
volume,24,6,zone_ridge,6,13200,57.0349,0.817757
volume,24,6,zone_gbm,0,13200,62.7357,0.933586
volume,24,6,zone_gbm,1,13200,61.8268,0.885348
volume,24,6,zone_gbm,2,13200,68.639,0.942363
volume,24,6,zone_gbm,3,13200,68.7064,0.943867
volume,24,6,zone_gbm,4,13200,63.091,0.951387
volume,24,6,zone_gbm,5,13200,65.2078,0.952579
volume,24,6,zone_gbm,6,13200,65.5849,0.933257
volume,24,6,global_ridge,0,13200,55.8991,1.02858
volume,24,6,global_ridge,1,13200,55.9736,0.944148
volume,24,6,global_ridge,2,13200,61.751,0.851145
volume,24,6,global_ridge,3,13200,56.2811,0.773267
volume,24,6,global_ridge,4,13200,46.2402,0.780286
volume,24,6,global_ridge,5,13200,57.9385,0.987527
volume,24,6,global_ridge,6,13200,56.1598,0.848581
volume,24,6,global_gbm,0,13200,59.7186,1.05419
volume,24,6,global_gbm,1,13200,57.3268,0.949826
volume,24,6,global_gbm,2,13200,67.024,1.07966
volume,24,6,global_gbm,3,13200,62.6577,0.972997
volume,24,6,global_gbm,4,13200,52.8444,0.940671
volume,24,6,global_gbm,5,13200,57.9644,0.985979
volume,24,6,global_gbm,6,13200,56.9143,0.924143
volume,24,7,last_observation,0,13200,64.1673,0.925466
volume,24,7,last_observation,1,13200,56.917,0.831194
volume,24,7,last_observation,2,13200,56.996,0.790949
volume,24,7,last_observation,3,13200,51.2201,0.649971
volume,24,7,last_observation,4,13200,50.2805,0.651507
volume,24,7,last_observation,5,13200,61.1038,0.833899
volume,24,7,last_observation,6,13200,57.2543,0.736307
volume,24,7,seasonal_naive_daily,0,13200,64.1673,0.925466
volume,24,7,seasonal_naive_daily,1,13200,56.917,0.831194
volume,24,7,seasonal_naive_daily,2,13200,56.996,0.790949
volume,24,7,seasonal_naive_daily,3,13200,51.2201,0.649971
volume,24,7,seasonal_naive_daily,4,13200,50.2805,0.651507
volume,24,7,seasonal_naive_daily,5,13200,61.1038,0.833899
volume,24,7,seasonal_naive_daily,6,13200,57.2543,0.736307
volume,24,7,seasonal_naive_weekly,0,13200,64.2701,0.936228
volume,24,7,seasonal_naive_weekly,1,13200,58.9368,0.863266
volume,24,7,seasonal_naive_weekly,2,13200,61.7625,0.928573
volume,24,7,seasonal_naive_weekly,3,13200,62.3629,0.969014
volume,24,7,seasonal_naive_weekly,4,13200,64.3543,0.97291
volume,24,7,seasonal_naive_weekly,5,13200,65.2196,1.00097
volume,24,7,seasonal_naive_weekly,6,13200,63.2459,0.989482
volume,24,7,autoregressive,0,13200,61.152,0.885028
volume,24,7,autoregressive,1,13200,55.4375,0.775626
volume,24,7,autoregressive,2,13200,57.5617,0.779955
volume,24,7,autoregressive,3,13200,52.3815,0.694164
volume,24,7,autoregressive,4,13200,48.8915,0.661757
volume,24,7,autoregressive,5,13200,57.4744,0.796822
volume,24,7,autoregressive,6,13200,54.2481,0.741439
volume,24,7,zone_ridge,0,13200,56.5239,0.775775
volume,24,7,zone_ridge,1,13200,56.8301,0.799912
volume,24,7,zone_ridge,2,13200,54.7708,0.783281
volume,24,7,zone_ridge,3,13200,53.3564,0.721662
volume,24,7,zone_ridge,4,13200,49.6197,0.684088
volume,24,7,zone_ridge,5,13200,54.3561,0.769956
volume,24,7,zone_ridge,6,13200,52.9977,0.75351
volume,24,7,zone_gbm,0,13200,56.5307,0.761187
volume,24,7,zone_gbm,1,13200,57.3,0.790556
volume,24,7,zone_gbm,2,13200,51.9501,0.73736
volume,24,7,zone_gbm,3,13200,53.5416,0.736474
volume,24,7,zone_gbm,4,13200,50.4257,0.717138
volume,24,7,zone_gbm,5,13200,54.2388,0.779429
volume,24,7,zone_gbm,6,13200,55.2781,0.760451
volume,24,7,global_ridge,0,13200,60.3615,1.06577
volume,24,7,global_ridge,1,13200,56.5718,0.918558
volume,24,7,global_ridge,2,13200,55.025,0.845139
volume,24,7,global_ridge,3,13200,52.0362,0.761722
volume,24,7,global_ridge,4,13200,48.1611,0.735551
volume,24,7,global_ridge,5,13200,56.7554,0.915245
volume,24,7,global_ridge,6,13200,55.4583,0.8753
volume,24,7,global_gbm,0,13200,57.7031,0.940748
volume,24,7,global_gbm,1,13200,57.4699,0.868249
volume,24,7,global_gbm,2,13200,56.1544,0.872237
volume,24,7,global_gbm,3,13200,51.6774,0.784507
volume,24,7,global_gbm,4,13200,48.4273,0.758869
volume,24,7,global_gbm,5,13200,53.7217,0.880259
volume,24,7,global_gbm,6,13200,53.6088,0.823186
duration,1,0,last_observation,0,13200,1.49289,0.43306
duration,1,0,last_observation,1,13200,1.45843,0.41768
duration,1,0,last_observation,2,13200,1.42201,0.407789
duration,1,0,last_observation,3,13200,1.50952,0.429375
duration,1,0,last_observation,4,13200,1.54565,0.443586
duration,1,0,last_observation,5,13200,1.21886,0.36242
duration,1,0,last_observation,6,13200,1.09333,0.319823
duration,1,0,seasonal_naive_daily,0,13200,4.1015,1.30105
duration,1,0,seasonal_naive_daily,1,13200,2.65656,0.949042
duration,1,0,seasonal_naive_daily,2,13200,2.74418,0.950457
duration,1,0,seasonal_naive_daily,3,13200,2.63588,0.946181
duration,1,0,seasonal_naive_daily,4,13200,2.63518,0.934677
duration,1,0,seasonal_naive_daily,5,13200,3.79133,1.2133
duration,1,0,seasonal_naive_daily,6,13200,2.79301,0.992707
duration,1,0,seasonal_naive_weekly,0,13200,3.0275,1.02874
duration,1,0,seasonal_naive_weekly,1,13200,3.07557,1.03284
duration,1,0,seasonal_naive_weekly,2,13200,5.00789,1.5313
duration,1,0,seasonal_naive_weekly,3,13200,2.66963,0.921347
duration,1,0,seasonal_naive_weekly,4,13200,2.70001,0.895339
duration,1,0,seasonal_naive_weekly,5,13200,3.11669,1.03864
duration,1,0,seasonal_naive_weekly,6,13200,3.04781,0.998536
duration,1,0,autoregressive,0,13200,1.20532,0.384925
duration,1,0,autoregressive,1,13200,1.07823,0.350055
duration,1,0,autoregressive,2,13200,1.12896,0.357607
duration,1,0,autoregressive,3,13200,1.1562,0.365434
duration,1,0,autoregressive,4,13200,1.16869,0.375229
duration,1,0,autoregressive,5,13200,1.03741,0.338451
duration,1,0,autoregressive,6,13200,0.950323,0.307751
duration,1,0,zone_ridge,0,13200,1.20896,0.386403
duration,1,0,zone_ridge,1,13200,1.103,0.35706
duration,1,0,zone_ridge,2,13200,1.13587,0.36104
duration,1,0,zone_ridge,3,13200,1.16453,0.367345
duration,1,0,zone_ridge,4,13200,1.16162,0.370843
duration,1,0,zone_ridge,5,13200,1.03825,0.338824
duration,1,0,zone_ridge,6,13200,1.02813,0.323784
duration,1,0,zone_gbm,0,13200,1.11061,0.372928
duration,1,0,zone_gbm,1,13200,1.03438,0.343979
duration,1,0,zone_gbm,2,13200,1.06133,0.345899
duration,1,0,zone_gbm,3,13200,1.06551,0.350365
duration,1,0,zone_gbm,4,13200,1.08898,0.362623
duration,1,0,zone_gbm,5,13200,1.05907,0.352868
duration,1,0,zone_gbm,6,13200,1.02514,0.331867
duration,1,0,global_ridge,0,13200,1.31263,0.429792
duration,1,0,global_ridge,1,13200,1.1006,0.373077
duration,1,0,global_ridge,2,13200,1.11073,0.372805
duration,1,0,global_ridge,3,13200,1.15251,0.378415
duration,1,0,global_ridge,4,13200,1.17731,0.390506
duration,1,0,global_ridge,5,13200,1.11899,0.383133
duration,1,0,global_ridge,6,13200,1.0338,0.348216
duration,1,0,global_gbm,0,13200,1.07383,0.360545
duration,1,0,global_gbm,1,13200,0.989172,0.328862
duration,1,0,global_gbm,2,13200,0.991695,0.327598
duration,1,0,global_gbm,3,13200,1.06664,0.352324
duration,1,0,global_gbm,4,13200,1.07635,0.361694
duration,1,0,global_gbm,5,13200,0.994787,0.327123
duration,1,0,global_gbm,6,13200,0.921122,0.301736
duration,1,1,last_observation,0,13200,1.4284,0.409866
duration,1,1,last_observation,1,13200,1.47434,0.414381
duration,1,1,last_observation,2,13200,1.47334,0.413348
duration,1,1,last_observation,3,13200,1.43846,0.405146
duration,1,1,last_observation,4,13200,1.47645,0.419205
duration,1,1,last_observation,5,13200,1.20161,0.352772
duration,1,1,last_observation,6,13200,1.00835,0.299729
duration,1,1,seasonal_naive_daily,0,13200,4.33011,1.32094
duration,1,1,seasonal_naive_daily,1,13200,2.70876,0.932507
duration,1,1,seasonal_naive_daily,2,13200,2.51705,0.900369
duration,1,1,seasonal_naive_daily,3,13200,2.42468,0.872164
duration,1,1,seasonal_naive_daily,4,13200,2.49005,0.905719
duration,1,1,seasonal_naive_daily,5,13200,3.88056,1.19709
duration,1,1,seasonal_naive_daily,6,13200,2.82799,0.972919
duration,1,1,seasonal_naive_weekly,0,13200,2.8277,1.01003
duration,1,1,seasonal_naive_weekly,1,13200,2.94585,1.01779
duration,1,1,seasonal_naive_weekly,2,13200,2.81736,0.98176
duration,1,1,seasonal_naive_weekly,3,13200,2.81842,0.974388
duration,1,1,seasonal_naive_weekly,4,13200,2.71734,0.990396
duration,1,1,seasonal_naive_weekly,5,13200,2.83027,0.996481
duration,1,1,seasonal_naive_weekly,6,13200,2.79708,0.978183
duration,1,1,autoregressive,0,13200,1.15711,0.366976
duration,1,1,autoregressive,1,13200,1.08159,0.345548
duration,1,1,autoregressive,2,13200,1.06919,0.341128
duration,1,1,autoregressive,3,13200,1.02593,0.330744
duration,1,1,autoregressive,4,13200,1.06654,0.346478
duration,1,1,autoregressive,5,13200,1.06955,0.33902
duration,1,1,autoregressive,6,13200,0.910204,0.295855
duration,1,1,zone_ridge,0,13200,1.13635,0.36295
duration,1,1,zone_ridge,1,13200,1.05326,0.342797
duration,1,1,zone_ridge,2,13200,1.01458,0.329661
duration,1,1,zone_ridge,3,13200,1.01154,0.328494
duration,1,1,zone_ridge,4,13200,1.04166,0.342985
duration,1,1,zone_ridge,5,13200,1.03378,0.332133
duration,1,1,zone_ridge,6,13200,0.937035,0.302153
duration,1,1,zone_gbm,0,13200,1.00856,0.335527
duration,1,1,zone_gbm,1,13200,0.975701,0.323281
duration,1,1,zone_gbm,2,13200,0.943443,0.312484
duration,1,1,zone_gbm,3,13200,0.9393,0.312856
duration,1,1,zone_gbm,4,13200,0.99028,0.329629
duration,1,1,zone_gbm,5,13200,1.03939,0.333697
duration,1,1,zone_gbm,6,13200,0.944654,0.307113
duration,1,1,global_ridge,0,13200,1.28953,0.417387
duration,1,1,global_ridge,1,13200,1.10275,0.365223
duration,1,1,global_ridge,2,13200,1.04891,0.355338
duration,1,1,global_ridge,3,13200,1.01983,0.34768
duration,1,1,global_ridge,4,13200,1.0527,0.363843
duration,1,1,global_ridge,5,13200,1.14421,0.382055
duration,1,1,global_ridge,6,13200,0.995934,0.339441
duration,1,1,global_gbm,0,13200,1.20932,0.380977
duration,1,1,global_gbm,1,13200,1.20045,0.377162
duration,1,1,global_gbm,2,13200,1.01533,0.325548
duration,1,1,global_gbm,3,13200,1.14438,0.361716
duration,1,1,global_gbm,4,13200,1.28727,0.394299
duration,1,1,global_gbm,5,13200,1.1678,0.367988
duration,1,1,global_gbm,6,13200,1.06412,0.326313
duration,1,2,last_observation,0,13200,1.33263,0.383506
duration,1,2,last_observation,1,13200,1.32692,0.368854
duration,1,2,last_observation,2,13200,1.48647,0.412733
duration,1,2,last_observation,3,13200,1.50945,0.415904
duration,1,2,last_observation,4,13200,1.82858,0.506542
duration,1,2,last_observation,5,13200,1.14322,0.32836
duration,1,2,last_observation,6,13200,0.985688,0.285601
duration,1,2,seasonal_naive_daily,0,13200,4.03243,1.20251
duration,1,2,seasonal_naive_daily,1,13200,2.67083,0.923951
duration,1,2,seasonal_naive_daily,2,13200,2.49274,0.879276
duration,1,2,seasonal_naive_daily,3,13200,2.48535,0.871964
duration,1,2,seasonal_naive_daily,4,13200,2.96979,1.0111
duration,1,2,seasonal_naive_daily,5,13200,4.3809,1.30689
duration,1,2,seasonal_naive_daily,6,13200,2.7366,0.914513
duration,1,2,seasonal_naive_weekly,0,13200,2.98511,1.03583
duration,1,2,seasonal_naive_weekly,1,13200,3.09345,1.04477
duration,1,2,seasonal_naive_weekly,2,13200,2.80618,0.979304
duration,1,2,seasonal_naive_weekly,3,13200,2.90343,1.01099
duration,1,2,seasonal_naive_weekly,4,13200,4.09258,1.30348
duration,1,2,seasonal_naive_weekly,5,13200,2.96473,1.01753
duration,1,2,seasonal_naive_weekly,6,13200,2.96218,1.00689
duration,1,2,autoregressive,0,13200,1.10368,0.347498
duration,1,2,autoregressive,1,13200,0.992242,0.315184
duration,1,2,autoregressive,2,13200,1.08565,0.346165
duration,1,2,autoregressive,3,13200,1.12875,0.353296
duration,1,2,autoregressive,4,13200,1.53544,0.46113
duration,1,2,autoregressive,5,13200,1.13582,0.343954
duration,1,2,autoregressive,6,13200,0.899101,0.28213
duration,1,2,zone_ridge,0,13200,1.12043,0.348192
duration,1,2,zone_ridge,1,13200,0.990355,0.311335
duration,1,2,zone_ridge,2,13200,1.02734,0.33273
duration,1,2,zone_ridge,3,13200,1.0879,0.345613
duration,1,2,zone_ridge,4,13200,1.5161,0.454198
duration,1,2,zone_ridge,5,13200,1.08587,0.330861
duration,1,2,zone_ridge,6,13200,0.988668,0.302002
duration,1,2,zone_gbm,0,13200,0.960027,0.32012
duration,1,2,zone_gbm,1,13200,0.925768,0.304001
duration,1,2,zone_gbm,2,13200,0.960842,0.31586
duration,1,2,zone_gbm,3,13200,1.02862,0.333366
duration,1,2,zone_gbm,4,13200,1.38928,0.426467
duration,1,2,zone_gbm,5,13200,0.971781,0.309491
duration,1,2,zone_gbm,6,13200,0.923117,0.294094
duration,1,2,global_ridge,0,13200,1.21121,0.394092
duration,1,2,global_ridge,1,13200,1.00572,0.337702
duration,1,2,global_ridge,2,13200,1.05413,0.354612
duration,1,2,global_ridge,3,13200,1.10154,0.370014
duration,1,2,global_ridge,4,13200,1.48116,0.468993
duration,1,2,global_ridge,5,13200,1.23726,0.40088
duration,1,2,global_ridge,6,13200,0.991226,0.327081
duration,1,2,global_gbm,0,13200,0.980123,0.322838
duration,1,2,global_gbm,1,13200,0.902835,0.293968
duration,1,2,global_gbm,2,13200,0.970284,0.318042
duration,1,2,global_gbm,3,13200,1.00628,0.326468
duration,1,2,global_gbm,4,13200,1.3633,0.426421
duration,1,2,global_gbm,5,13200,0.999457,0.309465
duration,1,2,global_gbm,6,13200,0.90046,0.273747
duration,1,3,last_observation,0,13200,0.930448,0.271054
duration,1,3,last_observation,1,13200,1.156,0.330556
duration,1,3,last_observation,2,13200,1.0535,0.295276
duration,1,3,last_observation,3,13200,1.06254,0.298134
duration,1,3,last_observation,4,13200,1.0598,0.303911
duration,1,3,last_observation,5,13200,0.90041,0.257784
duration,1,3,last_observation,6,13200,0.786162,0.226324
duration,1,3,seasonal_naive_daily,0,13200,2.67354,0.876425
duration,1,3,seasonal_naive_daily,1,13200,2.97958,0.957829
duration,1,3,seasonal_naive_daily,2,13200,2.23246,0.759856
duration,1,3,seasonal_naive_daily,3,13200,2.18633,0.751134
duration,1,3,seasonal_naive_daily,4,13200,2.19511,0.763311
duration,1,3,seasonal_naive_daily,5,13200,2.81574,0.908436
duration,1,3,seasonal_naive_daily,6,13200,2.21655,0.75903
duration,1,3,seasonal_naive_weekly,0,13200,3.44249,1.08431
duration,1,3,seasonal_naive_weekly,1,13200,3.22056,1.02963
duration,1,3,seasonal_naive_weekly,2,13200,3.2975,1.03748
duration,1,3,seasonal_naive_weekly,3,13200,3.4886,1.10682
duration,1,3,seasonal_naive_weekly,4,13200,3.47241,1.10868
duration,1,3,seasonal_naive_weekly,5,13200,3.49432,1.0971
duration,1,3,seasonal_naive_weekly,6,13200,3.39519,1.07645
duration,1,3,autoregressive,0,13200,0.845442,0.267142
duration,1,3,autoregressive,1,13200,0.95117,0.301311
duration,1,3,autoregressive,2,13200,0.85247,0.268323
duration,1,3,autoregressive,3,13200,0.883122,0.273136
duration,1,3,autoregressive,4,13200,0.855635,0.273884
duration,1,3,autoregressive,5,13200,0.854049,0.266583
duration,1,3,autoregressive,6,13200,0.755972,0.238319
duration,1,3,zone_ridge,0,13200,0.862815,0.27502
duration,1,3,zone_ridge,1,13200,0.962121,0.304658
duration,1,3,zone_ridge,2,13200,0.867355,0.270933
duration,1,3,zone_ridge,3,13200,0.900947,0.278656
duration,1,3,zone_ridge,4,13200,0.862247,0.276727
duration,1,3,zone_ridge,5,13200,0.933206,0.286378
duration,1,3,zone_ridge,6,13200,0.828667,0.258599
duration,1,3,zone_gbm,0,13200,0.911727,0.279143
duration,1,3,zone_gbm,1,13200,0.897513,0.28482
duration,1,3,zone_gbm,2,13200,0.85899,0.264016
duration,1,3,zone_gbm,3,13200,0.903766,0.277066
duration,1,3,zone_gbm,4,13200,0.889846,0.276988
duration,1,3,zone_gbm,5,13200,0.908488,0.277185
duration,1,3,zone_gbm,6,13200,0.869448,0.261641
duration,1,3,global_ridge,0,13200,0.902757,0.297821
duration,1,3,global_ridge,1,13200,1.03946,0.337353
duration,1,3,global_ridge,2,13200,0.881084,0.289394
duration,1,3,global_ridge,3,13200,0.913019,0.300473
duration,1,3,global_ridge,4,13200,0.899794,0.301556
duration,1,3,global_ridge,5,13200,0.925345,0.306128
duration,1,3,global_ridge,6,13200,0.820608,0.276768
duration,1,3,global_gbm,0,13200,0.830125,0.256899
duration,1,3,global_gbm,1,13200,0.875643,0.28415
duration,1,3,global_gbm,2,13200,0.815967,0.257535
duration,1,3,global_gbm,3,13200,0.85176,0.264091
duration,1,3,global_gbm,4,13200,0.834194,0.266988
duration,1,3,global_gbm,5,13200,0.825459,0.253372
duration,1,3,global_gbm,6,13200,0.75127,0.22923
duration,1,4,last_observation,0,13200,1.27752,0.370448
duration,1,4,last_observation,1,13200,1.26182,0.36675
duration,1,4,last_observation,2,13200,1.3951,0.397154
duration,1,4,last_observation,3,13200,1.42703,0.406103
duration,1,4,last_observation,4,13200,1.3731,0.399352
duration,1,4,last_observation,5,13200,1.16419,0.343042
duration,1,4,last_observation,6,13200,1.01951,0.303884
duration,1,4,seasonal_naive_daily,0,13200,3.74354,1.15904
duration,1,4,seasonal_naive_daily,1,13200,2.48918,0.885867
duration,1,4,seasonal_naive_daily,2,13200,2.53726,0.895678
duration,1,4,seasonal_naive_daily,3,13200,2.47122,0.880573
duration,1,4,seasonal_naive_daily,4,13200,2.45378,0.879748
duration,1,4,seasonal_naive_daily,5,13200,3.40757,1.10584
duration,1,4,seasonal_naive_daily,6,13200,2.70429,0.941286
duration,1,4,seasonal_naive_weekly,0,13200,3.77193,1.20606
duration,1,4,seasonal_naive_weekly,1,13200,3.22548,1.07765
duration,1,4,seasonal_naive_weekly,2,13200,3.20315,1.06264
duration,1,4,seasonal_naive_weekly,3,13200,3.15335,1.07135
duration,1,4,seasonal_naive_weekly,4,13200,3.05936,1.05312
duration,1,4,seasonal_naive_weekly,5,13200,3.07838,1.05884
duration,1,4,seasonal_naive_weekly,6,13200,3.16095,1.06264
duration,1,4,autoregressive,0,13200,1.05569,0.336288
duration,1,4,autoregressive,1,13200,0.957843,0.317116
duration,1,4,autoregressive,2,13200,1.0057,0.328138
duration,1,4,autoregressive,3,13200,1.04396,0.336979
duration,1,4,autoregressive,4,13200,0.997748,0.331461
duration,1,4,autoregressive,5,13200,0.955449,0.313005
duration,1,4,autoregressive,6,13200,0.882048,0.290158
duration,1,4,zone_ridge,0,13200,1.05121,0.338561
duration,1,4,zone_ridge,1,13200,0.968269,0.321095
duration,1,4,zone_ridge,2,13200,0.954383,0.315862
duration,1,4,zone_ridge,3,13200,1.0054,0.327941
duration,1,4,zone_ridge,4,13200,0.977804,0.328509
duration,1,4,zone_ridge,5,13200,0.940572,0.314713
duration,1,4,zone_ridge,6,13200,0.899386,0.298968
duration,1,4,zone_gbm,0,13200,0.959829,0.310071
duration,1,4,zone_gbm,1,13200,0.970915,0.315127
duration,1,4,zone_gbm,2,13200,0.879934,0.292366
duration,1,4,zone_gbm,3,13200,0.941791,0.308901
duration,1,4,zone_gbm,4,13200,0.913702,0.306982
duration,1,4,zone_gbm,5,13200,0.926775,0.30431
duration,1,4,zone_gbm,6,13200,0.898522,0.2912
duration,1,4,global_ridge,0,13200,1.15756,0.379941
duration,1,4,global_ridge,1,13200,0.987141,0.336164
duration,1,4,global_ridge,2,13200,1.03397,0.349532
duration,1,4,global_ridge,3,13200,1.04264,0.352441
duration,1,4,global_ridge,4,13200,1.00835,0.349741
duration,1,4,global_ridge,5,13200,1.00784,0.34937
duration,1,4,global_ridge,6,13200,0.949801,0.325482
duration,1,4,global_gbm,0,13200,0.971003,0.317883
duration,1,4,global_gbm,1,13200,0.902921,0.301298
duration,1,4,global_gbm,2,13200,0.90458,0.303832
duration,1,4,global_gbm,3,13200,0.968753,0.319407
duration,1,4,global_gbm,4,13200,0.943559,0.316333
duration,1,4,global_gbm,5,13200,0.933567,0.30403
duration,1,4,global_gbm,6,13200,0.880392,0.283487
duration,1,5,last_observation,0,13200,0.738491,0.198001
duration,1,5,last_observation,1,13200,0.745859,0.199785
duration,1,5,last_observation,2,13200,0.775896,0.225471
duration,1,5,last_observation,3,13200,0.822532,0.238566
duration,1,5,last_observation,4,13200,0.803693,0.238816
duration,1,5,last_observation,5,13200,0.690928,0.197066
duration,1,5,last_observation,6,13200,0.901679,0.242134
duration,1,5,seasonal_naive_daily,0,13200,1.80404,0.561562
duration,1,5,seasonal_naive_daily,1,13200,1.65438,0.544688
duration,1,5,seasonal_naive_daily,2,13200,2.03348,0.690043
duration,1,5,seasonal_naive_daily,3,13200,2.15794,0.695765
duration,1,5,seasonal_naive_daily,4,13200,2.38387,0.742919
duration,1,5,seasonal_naive_daily,5,13200,2.42973,0.757754
duration,1,5,seasonal_naive_daily,6,13200,2.35995,0.749898
duration,1,5,seasonal_naive_weekly,0,13200,4.98754,1.38048
duration,1,5,seasonal_naive_weekly,1,13200,4.86988,1.34117
duration,1,5,seasonal_naive_weekly,2,13200,4.0177,1.25378
duration,1,5,seasonal_naive_weekly,3,13200,3.64583,1.15795
duration,1,5,seasonal_naive_weekly,4,13200,4.00864,1.23925
duration,1,5,seasonal_naive_weekly,5,13200,4.78299,1.38139
duration,1,5,seasonal_naive_weekly,6,13200,5.03539,1.36156
duration,1,5,autoregressive,0,13200,0.677402,0.205566
duration,1,5,autoregressive,1,13200,0.644145,0.198653
duration,1,5,autoregressive,2,13200,0.704615,0.229671
duration,1,5,autoregressive,3,13200,0.763402,0.241455
duration,1,5,autoregressive,4,13200,0.803651,0.252481
duration,1,5,autoregressive,5,13200,0.745722,0.231536
duration,1,5,autoregressive,6,13200,0.971098,0.275594
duration,1,5,zone_ridge,0,13200,0.931881,0.261652
duration,1,5,zone_ridge,1,13200,0.855316,0.246522
duration,1,5,zone_ridge,2,13200,0.81369,0.255903
duration,1,5,zone_ridge,3,13200,0.86872,0.266569
duration,1,5,zone_ridge,4,13200,0.936493,0.283674
duration,1,5,zone_ridge,5,13200,0.935216,0.272284
duration,1,5,zone_ridge,6,13200,1.0626,0.298037
duration,1,5,zone_gbm,0,13200,0.918267,0.284814
duration,1,5,zone_gbm,1,13200,0.888097,0.275162
duration,1,5,zone_gbm,2,13200,0.87909,0.277293
duration,1,5,zone_gbm,3,13200,0.919361,0.289263
duration,1,5,zone_gbm,4,13200,0.983054,0.304494
duration,1,5,zone_gbm,5,13200,0.918185,0.28359
duration,1,5,zone_gbm,6,13200,1.08571,0.327557
duration,1,5,global_ridge,0,13200,0.826341,0.257909
duration,1,5,global_ridge,1,13200,0.716014,0.23607
duration,1,5,global_ridge,2,13200,0.746486,0.259239
duration,1,5,global_ridge,3,13200,0.787304,0.267266
duration,1,5,global_ridge,4,13200,0.869419,0.284838
duration,1,5,global_ridge,5,13200,0.871055,0.284004
duration,1,5,global_ridge,6,13200,0.975738,0.302804
duration,1,5,global_gbm,0,13200,0.698147,0.212609
duration,1,5,global_gbm,1,13200,0.646736,0.199137
duration,1,5,global_gbm,2,13200,0.66942,0.219167
duration,1,5,global_gbm,3,13200,0.734658,0.237269
duration,1,5,global_gbm,4,13200,0.816085,0.254073
duration,1,5,global_gbm,5,13200,0.729811,0.223403
duration,1,5,global_gbm,6,13200,0.883903,0.263107
duration,1,6,last_observation,0,13200,1.19302,0.319743
duration,1,6,last_observation,1,13200,1.28392,0.359041
duration,1,6,last_observation,2,13200,1.14985,0.311121
duration,1,6,last_observation,3,13200,1.21888,0.335301
duration,1,6,last_observation,4,13200,1.17346,0.316143
duration,1,6,last_observation,5,13200,1.1274,0.327247
duration,1,6,last_observation,6,13200,0.863081,0.240079
duration,1,6,seasonal_naive_daily,0,13200,3.35462,0.952291
duration,1,6,seasonal_naive_daily,1,13200,2.33322,0.802079
duration,1,6,seasonal_naive_daily,2,13200,2.61947,0.871425
duration,1,6,seasonal_naive_daily,3,13200,2.05009,0.70768
duration,1,6,seasonal_naive_daily,4,13200,2.00098,0.687808
duration,1,6,seasonal_naive_daily,5,13200,3.17412,0.959469
duration,1,6,seasonal_naive_daily,6,13200,2.46189,0.805382
duration,1,6,seasonal_naive_weekly,0,13200,2.9681,1.00001
duration,1,6,seasonal_naive_weekly,1,13200,2.91304,1.0019
duration,1,6,seasonal_naive_weekly,2,13200,3.89614,1.18939
duration,1,6,seasonal_naive_weekly,3,13200,3.95242,1.25511
duration,1,6,seasonal_naive_weekly,4,13200,4.03537,1.29222
duration,1,6,seasonal_naive_weekly,5,13200,3.48811,1.1263
duration,1,6,seasonal_naive_weekly,6,13200,3.34218,1.06634
duration,1,6,autoregressive,0,13200,0.968355,0.289924
duration,1,6,autoregressive,1,13200,0.996399,0.317967
duration,1,6,autoregressive,2,13200,0.957611,0.291605
duration,1,6,autoregressive,3,13200,0.923132,0.293769
duration,1,6,autoregressive,4,13200,0.854741,0.269725
duration,1,6,autoregressive,5,13200,0.994762,0.316644
duration,1,6,autoregressive,6,13200,0.794783,0.245427
duration,1,6,zone_ridge,0,13200,0.976187,0.29455
duration,1,6,zone_ridge,1,13200,0.978812,0.31718
duration,1,6,zone_ridge,2,13200,0.923296,0.284988
duration,1,6,zone_ridge,3,13200,0.938508,0.297301
duration,1,6,zone_ridge,4,13200,0.868431,0.27615
duration,1,6,zone_ridge,5,13200,0.987323,0.318366
duration,1,6,zone_ridge,6,13200,0.833951,0.257693
duration,1,6,zone_gbm,0,13200,0.875757,0.278121
duration,1,6,zone_gbm,1,13200,0.927825,0.306268
duration,1,6,zone_gbm,2,13200,0.906907,0.280222
duration,1,6,zone_gbm,3,13200,0.937452,0.299996
duration,1,6,zone_gbm,4,13200,0.845063,0.274642
duration,1,6,zone_gbm,5,13200,0.967206,0.316363
duration,1,6,zone_gbm,6,13200,0.795213,0.252878
duration,1,6,global_ridge,0,13200,1.077,0.334125
duration,1,6,global_ridge,1,13200,1.01008,0.337821
duration,1,6,global_ridge,2,13200,0.896499,0.291153
duration,1,6,global_ridge,3,13200,0.934222,0.306355
duration,1,6,global_ridge,4,13200,0.888291,0.294292
duration,1,6,global_ridge,5,13200,1.01925,0.33493
duration,1,6,global_ridge,6,13200,0.876211,0.288383
duration,1,6,global_gbm,0,13200,0.910933,0.272795
duration,1,6,global_gbm,1,13200,0.956185,0.30297
duration,1,6,global_gbm,2,13200,0.878672,0.268794
duration,1,6,global_gbm,3,13200,0.899542,0.280041
duration,1,6,global_gbm,4,13200,0.826747,0.25217
duration,1,6,global_gbm,5,13200,0.965602,0.298538
duration,1,6,global_gbm,6,13200,0.793466,0.235466
duration,1,7,last_observation,0,13200,1.15662,0.313045
duration,1,7,last_observation,1,13200,1.35378,0.382842
duration,1,7,last_observation,2,13200,1.20313,0.320497
duration,1,7,last_observation,3,13200,1.22066,0.32621
duration,1,7,last_observation,4,13200,1.19421,0.320979
duration,1,7,last_observation,5,13200,1.01574,0.281735
duration,1,7,last_observation,6,13200,0.916395,0.256721
duration,1,7,seasonal_naive_daily,0,13200,3.27921,0.955079
duration,1,7,seasonal_naive_daily,1,13200,2.35535,0.82194
duration,1,7,seasonal_naive_daily,2,13200,2.21333,0.776781
duration,1,7,seasonal_naive_daily,3,13200,1.95249,0.650978
duration,1,7,seasonal_naive_daily,4,13200,1.90877,0.647076
duration,1,7,seasonal_naive_daily,5,13200,2.87302,0.850089
duration,1,7,seasonal_naive_daily,6,13200,2.26989,0.740197
duration,1,7,seasonal_naive_weekly,0,13200,2.4819,0.917306
duration,1,7,seasonal_naive_weekly,1,13200,2.3769,0.847224
duration,1,7,seasonal_naive_weekly,2,13200,2.51912,0.923505
duration,1,7,seasonal_naive_weekly,3,13200,2.5542,0.942542
duration,1,7,seasonal_naive_weekly,4,13200,2.54302,0.952248
duration,1,7,seasonal_naive_weekly,5,13200,2.67348,0.977098
duration,1,7,seasonal_naive_weekly,6,13200,2.63104,0.979222
duration,1,7,autoregressive,0,13200,0.935438,0.282415
duration,1,7,autoregressive,1,13200,1.05124,0.330821
duration,1,7,autoregressive,2,13200,0.887651,0.274596
duration,1,7,autoregressive,3,13200,0.884275,0.268324
duration,1,7,autoregressive,4,13200,0.846925,0.262351
duration,1,7,autoregressive,5,13200,0.846971,0.261677
duration,1,7,autoregressive,6,13200,0.778701,0.24393
duration,1,7,zone_ridge,0,13200,0.924871,0.284266
duration,1,7,zone_ridge,1,13200,0.996463,0.320183
duration,1,7,zone_ridge,2,13200,0.881103,0.276038
duration,1,7,zone_ridge,3,13200,0.862712,0.269414
duration,1,7,zone_ridge,4,13200,0.816403,0.260724
duration,1,7,zone_ridge,5,13200,0.823284,0.263946
duration,1,7,zone_ridge,6,13200,0.773433,0.25031
duration,1,7,zone_gbm,0,13200,0.790791,0.254304
duration,1,7,zone_gbm,1,13200,0.941322,0.307257
duration,1,7,zone_gbm,2,13200,0.751396,0.242843
duration,1,7,zone_gbm,3,13200,0.791302,0.254248
duration,1,7,zone_gbm,4,13200,0.750576,0.245347
duration,1,7,zone_gbm,5,13200,0.795671,0.256174
duration,1,7,zone_gbm,6,13200,0.759014,0.245422
duration,1,7,global_ridge,0,13200,1.03858,0.33482
duration,1,7,global_ridge,1,13200,1.02912,0.341657
duration,1,7,global_ridge,2,13200,1.00645,0.339014
duration,1,7,global_ridge,3,13200,0.890471,0.293808
duration,1,7,global_ridge,4,13200,0.854658,0.286306
duration,1,7,global_ridge,5,13200,0.898454,0.299106
duration,1,7,global_ridge,6,13200,0.833961,0.283231
duration,1,7,global_gbm,0,13200,0.80696,0.254325
duration,1,7,global_gbm,1,13200,0.927222,0.302866
duration,1,7,global_gbm,2,13200,0.807646,0.256254
duration,1,7,global_gbm,3,13200,0.793548,0.249971
duration,1,7,global_gbm,4,13200,0.7513,0.241341
duration,1,7,global_gbm,5,13200,0.769531,0.243589
duration,1,7,global_gbm,6,13200,0.723608,0.228809
duration,6,0,last_observation,0,13200,5.37406,1.47177
duration,6,0,last_observation,1,13200,5.71254,1.53376
duration,6,0,last_observation,2,13200,5.60332,1.51015
duration,6,0,last_observation,3,13200,5.69255,1.53163
duration,6,0,last_observation,4,13200,5.95677,1.58924
duration,6,0,last_observation,5,13200,4.52051,1.24038
duration,6,0,last_observation,6,13200,3.71165,1.03928
duration,6,0,seasonal_naive_daily,0,13200,4.1015,1.30105
duration,6,0,seasonal_naive_daily,1,13200,2.65656,0.949042
duration,6,0,seasonal_naive_daily,2,13200,2.74418,0.950457
duration,6,0,seasonal_naive_daily,3,13200,2.63588,0.946181
duration,6,0,seasonal_naive_daily,4,13200,2.63518,0.934677
duration,6,0,seasonal_naive_daily,5,13200,3.79133,1.2133
duration,6,0,seasonal_naive_daily,6,13200,2.79301,0.992707
duration,6,0,seasonal_naive_weekly,0,13200,3.0275,1.02874
duration,6,0,seasonal_naive_weekly,1,13200,3.07557,1.03284
duration,6,0,seasonal_naive_weekly,2,13200,5.00789,1.5313
duration,6,0,seasonal_naive_weekly,3,13200,2.66963,0.921347
duration,6,0,seasonal_naive_weekly,4,13200,2.70001,0.895339
duration,6,0,seasonal_naive_weekly,5,13200,3.11669,1.03864
duration,6,0,seasonal_naive_weekly,6,13200,3.04781,0.998536
duration,6,0,autoregressive,0,13200,3.09271,0.972827
duration,6,0,autoregressive,1,13200,2.2656,0.766307
duration,6,0,autoregressive,2,13200,2.45323,0.808861
duration,6,0,autoregressive,3,13200,2.32043,0.786053
duration,6,0,autoregressive,4,13200,2.33543,0.792882
duration,6,0,autoregressive,5,13200,2.60055,0.828582
duration,6,0,autoregressive,6,13200,2.17312,0.736946
duration,6,0,zone_ridge,0,13200,2.92778,0.935666
duration,6,0,zone_ridge,1,13200,2.91192,0.90552
duration,6,0,zone_ridge,2,13200,2.99062,0.923931
duration,6,0,zone_ridge,3,13200,2.80526,0.888527
duration,6,0,zone_ridge,4,13200,2.90316,0.90695
duration,6,0,zone_ridge,5,13200,2.5114,0.810873
duration,6,0,zone_ridge,6,13200,2.71106,0.830361
duration,6,0,zone_gbm,0,13200,2.57465,0.876446
duration,6,0,zone_gbm,1,13200,2.36377,0.806751
duration,6,0,zone_gbm,2,13200,2.41203,0.813199
duration,6,0,zone_gbm,3,13200,2.2638,0.776182
duration,6,0,zone_gbm,4,13200,2.30879,0.788386
duration,6,0,zone_gbm,5,13200,2.45019,0.823287
duration,6,0,zone_gbm,6,13200,2.5249,0.834717
duration,6,0,global_ridge,0,13200,4.04858,1.28131
duration,6,0,global_ridge,1,13200,3.8407,1.20493
duration,6,0,global_ridge,2,13200,3.79758,1.21131
duration,6,0,global_ridge,3,13200,3.70136,1.16529
duration,6,0,global_ridge,4,13200,3.87923,1.23748
duration,6,0,global_ridge,5,13200,3.26497,1.09522
duration,6,0,global_ridge,6,13200,2.84611,1.01418
duration,6,0,global_gbm,0,13200,2.57736,0.904606
duration,6,0,global_gbm,1,13200,2.32317,0.821273
duration,6,0,global_gbm,2,13200,2.67958,0.878194
duration,6,0,global_gbm,3,13200,2.28909,0.814478
duration,6,0,global_gbm,4,13200,2.39351,0.851037
duration,6,0,global_gbm,5,13200,2.26293,0.781816
duration,6,0,global_gbm,6,13200,2.11959,0.731113
duration,6,1,last_observation,0,13200,5.21811,1.41408
duration,6,1,last_observation,1,13200,5.75922,1.50005
duration,6,1,last_observation,2,13200,5.70557,1.49557
duration,6,1,last_observation,3,13200,5.71106,1.48228
duration,6,1,last_observation,4,13200,5.82366,1.54141
duration,6,1,last_observation,5,13200,4.38977,1.20183
duration,6,1,last_observation,6,13200,3.47373,0.97693
duration,6,1,seasonal_naive_daily,0,13200,4.33011,1.32094
duration,6,1,seasonal_naive_daily,1,13200,2.70876,0.932507
duration,6,1,seasonal_naive_daily,2,13200,2.51705,0.900369
duration,6,1,seasonal_naive_daily,3,13200,2.42468,0.872164
duration,6,1,seasonal_naive_daily,4,13200,2.49005,0.905719
duration,6,1,seasonal_naive_daily,5,13200,3.88056,1.19709
duration,6,1,seasonal_naive_daily,6,13200,2.82799,0.972919
duration,6,1,seasonal_naive_weekly,0,13200,2.8277,1.01003
duration,6,1,seasonal_naive_weekly,1,13200,2.94585,1.01779
duration,6,1,seasonal_naive_weekly,2,13200,2.81736,0.98176
duration,6,1,seasonal_naive_weekly,3,13200,2.81842,0.974388
duration,6,1,seasonal_naive_weekly,4,13200,2.71734,0.990396
duration,6,1,seasonal_naive_weekly,5,13200,2.83027,0.996481
duration,6,1,seasonal_naive_weekly,6,13200,2.79708,0.978183
duration,6,1,autoregressive,0,13200,3.11995,0.960227
duration,6,1,autoregressive,1,13200,2.25678,0.753285
duration,6,1,autoregressive,2,13200,2.16179,0.737746
duration,6,1,autoregressive,3,13200,2.11953,0.724437
duration,6,1,autoregressive,4,13200,2.19798,0.765649
duration,6,1,autoregressive,5,13200,2.64286,0.827101
duration,6,1,autoregressive,6,13200,2.18096,0.726353
duration,6,1,zone_ridge,0,13200,2.61964,0.849488
duration,6,1,zone_ridge,1,13200,2.70967,0.854799
duration,6,1,zone_ridge,2,13200,2.5558,0.808225
duration,6,1,zone_ridge,3,13200,2.62899,0.828522
duration,6,1,zone_ridge,4,13200,2.67946,0.863258
duration,6,1,zone_ridge,5,13200,2.50629,0.796907
duration,6,1,zone_ridge,6,13200,2.67086,0.806524
duration,6,1,zone_gbm,0,13200,2.27632,0.782895
duration,6,1,zone_gbm,1,13200,2.23011,0.764487
duration,6,1,zone_gbm,2,13200,2.01409,0.706428
duration,6,1,zone_gbm,3,13200,2.03816,0.717207
duration,6,1,zone_gbm,4,13200,2.13368,0.757386
duration,6,1,zone_gbm,5,13200,2.32882,0.770431
duration,6,1,zone_gbm,6,13200,2.36947,0.780848
duration,6,1,global_ridge,0,13200,4.07171,1.31523
duration,6,1,global_ridge,1,13200,3.89461,1.20415
duration,6,1,global_ridge,2,13200,3.71296,1.17352
duration,6,1,global_ridge,3,13200,3.76157,1.19583
duration,6,1,global_ridge,4,13200,3.84254,1.24319
duration,6,1,global_ridge,5,13200,3.2914,1.11166
duration,6,1,global_ridge,6,13200,2.82072,1.01198
duration,6,1,global_gbm,0,13200,2.5229,0.880797
duration,6,1,global_gbm,1,13200,2.37999,0.831243
duration,6,1,global_gbm,2,13200,2.15961,0.771667
duration,6,1,global_gbm,3,13200,2.18952,0.78655
duration,6,1,global_gbm,4,13200,2.42678,0.865627
duration,6,1,global_gbm,5,13200,2.33546,0.809746
duration,6,1,global_gbm,6,13200,2.23647,0.764571
duration,6,2,last_observation,0,13200,4.78539,1.29755
duration,6,2,last_observation,1,13200,5.1065,1.34992
duration,6,2,last_observation,2,13200,6.00355,1.54258
duration,6,2,last_observation,3,13200,5.79395,1.50157
duration,6,2,last_observation,4,13200,6.74563,1.73212
duration,6,2,last_observation,5,13200,4.22312,1.13271
duration,6,2,last_observation,6,13200,3.22737,0.908685
duration,6,2,seasonal_naive_daily,0,13200,4.03243,1.20251
duration,6,2,seasonal_naive_daily,1,13200,2.67083,0.923951
duration,6,2,seasonal_naive_daily,2,13200,2.49274,0.879276
duration,6,2,seasonal_naive_daily,3,13200,2.48535,0.871964
duration,6,2,seasonal_naive_daily,4,13200,2.96979,1.0111
duration,6,2,seasonal_naive_daily,5,13200,4.3809,1.30689
duration,6,2,seasonal_naive_daily,6,13200,2.7366,0.914513
duration,6,2,seasonal_naive_weekly,0,13200,2.98511,1.03583
duration,6,2,seasonal_naive_weekly,1,13200,3.09345,1.04477
duration,6,2,seasonal_naive_weekly,2,13200,2.80618,0.979304
duration,6,2,seasonal_naive_weekly,3,13200,2.90343,1.01099
duration,6,2,seasonal_naive_weekly,4,13200,4.09258,1.30348
duration,6,2,seasonal_naive_weekly,5,13200,2.96473,1.01753
duration,6,2,seasonal_naive_weekly,6,13200,2.96218,1.00689
duration,6,2,autoregressive,0,13200,2.90543,0.891207
duration,6,2,autoregressive,1,13200,2.14264,0.72093
duration,6,2,autoregressive,2,13200,2.18105,0.739365
duration,6,2,autoregressive,3,13200,2.19763,0.746033
duration,6,2,autoregressive,4,13200,2.99951,0.939743
duration,6,2,autoregressive,5,13200,3.02839,0.89234
duration,6,2,autoregressive,6,13200,2.0989,0.683762
duration,6,2,zone_ridge,0,13200,2.71561,0.834093
duration,6,2,zone_ridge,1,13200,2.70666,0.813193
duration,6,2,zone_ridge,2,13200,2.61489,0.809579
duration,6,2,zone_ridge,3,13200,2.6439,0.817073
duration,6,2,zone_ridge,4,13200,3.39247,0.998571
duration,6,2,zone_ridge,5,13200,2.70523,0.814713
duration,6,2,zone_ridge,6,13200,2.91173,0.830549
duration,6,2,zone_gbm,0,13200,2.26739,0.793524
duration,6,2,zone_gbm,1,13200,2.29089,0.78942
duration,6,2,zone_gbm,2,13200,2.02727,0.699894
duration,6,2,zone_gbm,3,13200,2.12101,0.737923
duration,6,2,zone_gbm,4,13200,2.83521,0.924615
duration,6,2,zone_gbm,5,13200,2.34401,0.781262
duration,6,2,zone_gbm,6,13200,2.29919,0.780839
duration,6,2,global_ridge,0,13200,3.74969,1.21052
duration,6,2,global_ridge,1,13200,3.58547,1.1263
duration,6,2,global_ridge,2,13200,3.86135,1.20091
duration,6,2,global_ridge,3,13200,3.86845,1.21489
duration,6,2,global_ridge,4,13200,4.3245,1.31647
duration,6,2,global_ridge,5,13200,3.45079,1.14603
duration,6,2,global_ridge,6,13200,2.72408,0.95225
duration,6,2,global_gbm,0,13200,2.33599,0.812755
duration,6,2,global_gbm,1,13200,2.18821,0.760466
duration,6,2,global_gbm,2,13200,2.2401,0.788124
duration,6,2,global_gbm,3,13200,2.21603,0.781579
duration,6,2,global_gbm,4,13200,2.9041,0.958485
duration,6,2,global_gbm,5,13200,2.31189,0.771879
duration,6,2,global_gbm,6,13200,2.00169,0.663735
duration,6,3,last_observation,0,13200,3.04143,0.85784
duration,6,3,last_observation,1,13200,4.14652,1.1223
duration,6,3,last_observation,2,13200,3.73027,1.00348
duration,6,3,last_observation,3,13200,3.67722,0.994786
duration,6,3,last_observation,4,13200,3.69088,1.01416
duration,6,3,last_observation,5,13200,2.88437,0.807235
duration,6,3,last_observation,6,13200,2.47501,0.705496
duration,6,3,seasonal_naive_daily,0,13200,2.67354,0.876425
duration,6,3,seasonal_naive_daily,1,13200,2.97958,0.957829
duration,6,3,seasonal_naive_daily,2,13200,2.23246,0.759856
duration,6,3,seasonal_naive_daily,3,13200,2.18633,0.751134
duration,6,3,seasonal_naive_daily,4,13200,2.19511,0.763311
duration,6,3,seasonal_naive_daily,5,13200,2.81574,0.908436
duration,6,3,seasonal_naive_daily,6,13200,2.21655,0.75903
duration,6,3,seasonal_naive_weekly,0,13200,3.44249,1.08431
duration,6,3,seasonal_naive_weekly,1,13200,3.22056,1.02963
duration,6,3,seasonal_naive_weekly,2,13200,3.2975,1.03748
duration,6,3,seasonal_naive_weekly,3,13200,3.4886,1.10682
duration,6,3,seasonal_naive_weekly,4,13200,3.47241,1.10868
duration,6,3,seasonal_naive_weekly,5,13200,3.49432,1.0971
duration,6,3,seasonal_naive_weekly,6,13200,3.39519,1.07645
duration,6,3,autoregressive,0,13200,2.12995,0.685587
duration,6,3,autoregressive,1,13200,2.37086,0.749428
duration,6,3,autoregressive,2,13200,1.89924,0.629357
duration,6,3,autoregressive,3,13200,1.89788,0.631295
duration,6,3,autoregressive,4,13200,1.87571,0.635412
duration,6,3,autoregressive,5,13200,2.13747,0.678104
duration,6,3,autoregressive,6,13200,1.8831,0.625535
duration,6,3,zone_ridge,0,13200,2.56775,0.772885
duration,6,3,zone_ridge,1,13200,2.42113,0.755478
duration,6,3,zone_ridge,2,13200,2.262,0.695172
duration,6,3,zone_ridge,3,13200,2.35536,0.725704
duration,6,3,zone_ridge,4,13200,2.39393,0.736863
duration,6,3,zone_ridge,5,13200,2.79768,0.798095
duration,6,3,zone_ridge,6,13200,2.86578,0.808921
duration,6,3,zone_gbm,0,13200,2.48085,0.78734
duration,6,3,zone_gbm,1,13200,2.28103,0.738205
duration,6,3,zone_gbm,2,13200,2.18258,0.684842
duration,6,3,zone_gbm,3,13200,2.33939,0.75165
duration,6,3,zone_gbm,4,13200,2.33601,0.745864
duration,6,3,zone_gbm,5,13200,2.48707,0.775555
duration,6,3,zone_gbm,6,13200,2.51809,0.785302
duration,6,3,global_ridge,0,13200,2.65462,0.946054
duration,6,3,global_ridge,1,13200,3.21866,1.0325
duration,6,3,global_ridge,2,13200,2.80095,0.929512
duration,6,3,global_ridge,3,13200,2.85512,0.974611
duration,6,3,global_ridge,4,13200,2.90279,1.01417
duration,6,3,global_ridge,5,13200,2.73379,0.991765
duration,6,3,global_ridge,6,13200,2.38092,0.911845
duration,6,3,global_gbm,0,13200,2.06675,0.67257
duration,6,3,global_gbm,1,13200,2.2058,0.731387
duration,6,3,global_gbm,2,13200,2.07837,0.675888
duration,6,3,global_gbm,3,13200,2.10232,0.67831
duration,6,3,global_gbm,4,13200,2.13799,0.696693
duration,6,3,global_gbm,5,13200,2.09598,0.660531
duration,6,3,global_gbm,6,13200,1.91505,0.612379
duration,6,4,last_observation,0,13200,4.81551,1.31332
duration,6,4,last_observation,1,13200,5.03322,1.35869
duration,6,4,last_observation,2,13200,5.65599,1.49187
duration,6,4,last_observation,3,13200,5.5777,1.48004
duration,6,4,last_observation,4,13200,5.5643,1.49783
duration,6,4,last_observation,5,13200,4.5169,1.22361
duration,6,4,last_observation,6,13200,3.72384,1.04342
duration,6,4,seasonal_naive_daily,0,13200,3.74354,1.15904
duration,6,4,seasonal_naive_daily,1,13200,2.48918,0.885867
duration,6,4,seasonal_naive_daily,2,13200,2.53726,0.895678
duration,6,4,seasonal_naive_daily,3,13200,2.47122,0.880573
duration,6,4,seasonal_naive_daily,4,13200,2.45378,0.879748
duration,6,4,seasonal_naive_daily,5,13200,3.40757,1.10584
duration,6,4,seasonal_naive_daily,6,13200,2.70429,0.941286
duration,6,4,seasonal_naive_weekly,0,13200,3.77193,1.20606
duration,6,4,seasonal_naive_weekly,1,13200,3.22548,1.07765
duration,6,4,seasonal_naive_weekly,2,13200,3.20315,1.06264
duration,6,4,seasonal_naive_weekly,3,13200,3.15335,1.07135
duration,6,4,seasonal_naive_weekly,4,13200,3.05936,1.05312
duration,6,4,seasonal_naive_weekly,5,13200,3.07838,1.05884
duration,6,4,seasonal_naive_weekly,6,13200,3.16095,1.06264
duration,6,4,autoregressive,0,13200,2.8134,0.877436
duration,6,4,autoregressive,1,13200,2.16233,0.735216
duration,6,4,autoregressive,2,13200,2.16703,0.735394
duration,6,4,autoregressive,3,13200,2.11215,0.72619
duration,6,4,autoregressive,4,13200,2.12812,0.742866
duration,6,4,autoregressive,5,13200,2.38136,0.77753
duration,6,4,autoregressive,6,13200,2.12864,0.720303
duration,6,4,zone_ridge,0,13200,2.65355,0.832058
duration,6,4,zone_ridge,1,13200,2.68981,0.840809
duration,6,4,zone_ridge,2,13200,2.80948,0.85305
duration,6,4,zone_ridge,3,13200,2.72674,0.834694
duration,6,4,zone_ridge,4,13200,2.78465,0.867666
duration,6,4,zone_ridge,5,13200,2.40039,0.785563
duration,6,4,zone_ridge,6,13200,2.33342,0.768287
duration,6,4,zone_gbm,0,13200,2.37781,0.790586
duration,6,4,zone_gbm,1,13200,2.45391,0.814292
duration,6,4,zone_gbm,2,13200,2.05458,0.697783
duration,6,4,zone_gbm,3,13200,2.0435,0.699491
duration,6,4,zone_gbm,4,13200,2.17745,0.746827
duration,6,4,zone_gbm,5,13200,2.28979,0.777965
duration,6,4,zone_gbm,6,13200,2.27026,0.763976
duration,6,4,global_ridge,0,13200,3.51327,1.13913
duration,6,4,global_ridge,1,13200,3.31405,1.06655
duration,6,4,global_ridge,2,13200,3.69474,1.1779
duration,6,4,global_ridge,3,13200,3.53514,1.12154
duration,6,4,global_ridge,4,13200,3.54552,1.14393
duration,6,4,global_ridge,5,13200,3.01336,1.04098
duration,6,4,global_ridge,6,13200,2.64613,0.954038
duration,6,4,global_gbm,0,13200,2.35978,0.810962
duration,6,4,global_gbm,1,13200,2.18534,0.770141
duration,6,4,global_gbm,2,13200,2.25995,0.789037
duration,6,4,global_gbm,3,13200,2.19165,0.777056
duration,6,4,global_gbm,4,13200,2.22881,0.802666
duration,6,4,global_gbm,5,13200,2.16609,0.750325
duration,6,4,global_gbm,6,13200,2.03324,0.701684
duration,6,5,last_observation,0,13200,2.99454,0.757883
duration,6,5,last_observation,1,13200,2.98721,0.753846
duration,6,5,last_observation,2,13200,3.05354,0.836951
duration,6,5,last_observation,3,13200,3.0011,0.80451
duration,6,5,last_observation,4,13200,2.70666,0.773285
duration,6,5,last_observation,5,13200,2.50682,0.685457
duration,6,5,last_observation,6,13200,2.90636,0.750815
duration,6,5,seasonal_naive_daily,0,13200,1.80404,0.561562
duration,6,5,seasonal_naive_daily,1,13200,1.65438,0.544688
duration,6,5,seasonal_naive_daily,2,13200,2.03348,0.690043
duration,6,5,seasonal_naive_daily,3,13200,2.15794,0.695765
duration,6,5,seasonal_naive_daily,4,13200,2.38387,0.742919
duration,6,5,seasonal_naive_daily,5,13200,2.42973,0.757754
duration,6,5,seasonal_naive_daily,6,13200,2.35995,0.749898
duration,6,5,seasonal_naive_weekly,0,13200,4.98754,1.38048
duration,6,5,seasonal_naive_weekly,1,13200,4.86988,1.34117
duration,6,5,seasonal_naive_weekly,2,13200,4.0177,1.25378
duration,6,5,seasonal_naive_weekly,3,13200,3.64583,1.15795
duration,6,5,seasonal_naive_weekly,4,13200,4.00864,1.23925
duration,6,5,seasonal_naive_weekly,5,13200,4.78299,1.38139
duration,6,5,seasonal_naive_weekly,6,13200,5.03539,1.36156
duration,6,5,autoregressive,0,13200,1.98872,0.620668
duration,6,5,autoregressive,1,13200,1.80889,0.582619
duration,6,5,autoregressive,2,13200,1.98485,0.654602
duration,6,5,autoregressive,3,13200,1.89276,0.614133
duration,6,5,autoregressive,4,13200,2.17551,0.687785
duration,6,5,autoregressive,5,13200,2.21505,0.694805
duration,6,5,autoregressive,6,13200,2.23607,0.683074
duration,6,5,zone_ridge,0,13200,2.85443,0.813999
duration,6,5,zone_ridge,1,13200,2.75706,0.779865
duration,6,5,zone_ridge,2,13200,2.58886,0.775447
duration,6,5,zone_ridge,3,13200,2.48727,0.734844
duration,6,5,zone_ridge,4,13200,2.82555,0.814929
duration,6,5,zone_ridge,5,13200,3.044,0.851242
duration,6,5,zone_ridge,6,13200,3.0449,0.850119
duration,6,5,zone_gbm,0,13200,2.93472,0.906933
duration,6,5,zone_gbm,1,13200,2.6859,0.833315
duration,6,5,zone_gbm,2,13200,2.55576,0.80236
duration,6,5,zone_gbm,3,13200,2.56201,0.795343
duration,6,5,zone_gbm,4,13200,2.724,0.851328
duration,6,5,zone_gbm,5,13200,2.96696,0.895368
duration,6,5,zone_gbm,6,13200,3.06473,0.91764
duration,6,5,global_ridge,0,13200,2.54982,0.864687
duration,6,5,global_ridge,1,13200,2.39315,0.831014
duration,6,5,global_ridge,2,13200,2.29882,0.817208
duration,6,5,global_ridge,3,13200,2.23843,0.806984
duration,6,5,global_ridge,4,13200,2.41283,0.858444
duration,6,5,global_ridge,5,13200,2.58207,0.929907
duration,6,5,global_ridge,6,13200,2.74475,0.949234
duration,6,5,global_gbm,0,13200,1.84767,0.574317
duration,6,5,global_gbm,1,13200,1.71008,0.533017
duration,6,5,global_gbm,2,13200,1.7979,0.597256
duration,6,5,global_gbm,3,13200,1.80339,0.571235
duration,6,5,global_gbm,4,13200,2.068,0.644314
duration,6,5,global_gbm,5,13200,1.9896,0.620656
duration,6,5,global_gbm,6,13200,2.09052,0.627202
duration,6,6,last_observation,0,13200,4.51377,1.15256
duration,6,6,last_observation,1,13200,5.04241,1.3072
duration,6,6,last_observation,2,13200,4.73964,1.20767
duration,6,6,last_observation,3,13200,4.82085,1.23973
duration,6,6,last_observation,4,13200,4.88577,1.22979
duration,6,6,last_observation,5,13200,4.05311,1.08658
duration,6,6,last_observation,6,13200,3.24054,0.852976
duration,6,6,seasonal_naive_daily,0,13200,3.35462,0.952291
duration,6,6,seasonal_naive_daily,1,13200,2.33322,0.802079
duration,6,6,seasonal_naive_daily,2,13200,2.61947,0.871425
duration,6,6,seasonal_naive_daily,3,13200,2.05009,0.70768
duration,6,6,seasonal_naive_daily,4,13200,2.00098,0.687808
duration,6,6,seasonal_naive_daily,5,13200,3.17412,0.959469
duration,6,6,seasonal_naive_daily,6,13200,2.46189,0.805382
duration,6,6,seasonal_naive_weekly,0,13200,2.9681,1.00001
duration,6,6,seasonal_naive_weekly,1,13200,2.91304,1.0019
duration,6,6,seasonal_naive_weekly,2,13200,3.89614,1.18939
duration,6,6,seasonal_naive_weekly,3,13200,3.95242,1.25511
duration,6,6,seasonal_naive_weekly,4,13200,4.03537,1.29222
duration,6,6,seasonal_naive_weekly,5,13200,3.48811,1.1263
duration,6,6,seasonal_naive_weekly,6,13200,3.34218,1.06634
duration,6,6,autoregressive,0,13200,2.67751,0.809336
duration,6,6,autoregressive,1,13200,2.11513,0.714662
duration,6,6,autoregressive,2,13200,2.31508,0.767961
duration,6,6,autoregressive,3,13200,1.94585,0.670682
duration,6,6,autoregressive,4,13200,1.97657,0.671997
duration,6,6,autoregressive,5,13200,2.42789,0.767631
duration,6,6,autoregressive,6,13200,2.00488,0.657019
duration,6,6,zone_ridge,0,13200,2.49604,0.774119
duration,6,6,zone_ridge,1,13200,2.57508,0.807793
duration,6,6,zone_ridge,2,13200,2.69388,0.828505
duration,6,6,zone_ridge,3,13200,2.57017,0.804762
duration,6,6,zone_ridge,4,13200,2.60583,0.805337
duration,6,6,zone_ridge,5,13200,2.4545,0.794532
duration,6,6,zone_ridge,6,13200,2.28222,0.729422
duration,6,6,zone_gbm,0,13200,2.17502,0.731371
duration,6,6,zone_gbm,1,13200,2.15262,0.751096
duration,6,6,zone_gbm,2,13200,2.3312,0.76877
duration,6,6,zone_gbm,3,13200,2.22244,0.752678
duration,6,6,zone_gbm,4,13200,2.22162,0.761631
duration,6,6,zone_gbm,5,13200,2.32155,0.774048
duration,6,6,zone_gbm,6,13200,2.18096,0.726468
duration,6,6,global_ridge,0,13200,3.40597,1.06229
duration,6,6,global_ridge,1,13200,3.35144,1.04728
duration,6,6,global_ridge,2,13200,3.3275,1.01336
duration,6,6,global_ridge,3,13200,3.20408,1.00671
duration,6,6,global_ridge,4,13200,3.20822,1.0036
duration,6,6,global_ridge,5,13200,3.07911,1.05147
duration,6,6,global_ridge,6,13200,2.50171,0.896114
duration,6,6,global_gbm,0,13200,2.16193,0.70713
duration,6,6,global_gbm,1,13200,2.1691,0.742858
duration,6,6,global_gbm,2,13200,2.26732,0.762347
duration,6,6,global_gbm,3,13200,2.07952,0.719696
duration,6,6,global_gbm,4,13200,2.0362,0.703277
duration,6,6,global_gbm,5,13200,2.17095,0.720907
duration,6,6,global_gbm,6,13200,1.9125,0.628806
duration,6,7,last_observation,0,13200,4.52062,1.1557
duration,6,7,last_observation,1,13200,5.04556,1.33654
duration,6,7,last_observation,2,13200,4.96336,1.25128
duration,6,7,last_observation,3,13200,4.88592,1.22347
duration,6,7,last_observation,4,13200,4.88406,1.22613
duration,6,7,last_observation,5,13200,4.016,1.0315
duration,6,7,last_observation,6,13200,3.46125,0.904488
duration,6,7,seasonal_naive_daily,0,13200,3.27921,0.955079
duration,6,7,seasonal_naive_daily,1,13200,2.35535,0.82194
duration,6,7,seasonal_naive_daily,2,13200,2.21333,0.776781
duration,6,7,seasonal_naive_daily,3,13200,1.95249,0.650978
duration,6,7,seasonal_naive_daily,4,13200,1.90877,0.647076
duration,6,7,seasonal_naive_daily,5,13200,2.87302,0.850089
duration,6,7,seasonal_naive_daily,6,13200,2.26989,0.740197
duration,6,7,seasonal_naive_weekly,0,13200,2.4819,0.917306
duration,6,7,seasonal_naive_weekly,1,13200,2.3769,0.847224
duration,6,7,seasonal_naive_weekly,2,13200,2.51912,0.923505
duration,6,7,seasonal_naive_weekly,3,13200,2.5542,0.942542
duration,6,7,seasonal_naive_weekly,4,13200,2.54302,0.952248
duration,6,7,seasonal_naive_weekly,5,13200,2.67348,0.977098
duration,6,7,seasonal_naive_weekly,6,13200,2.63104,0.979222
duration,6,7,autoregressive,0,13200,2.49386,0.756578
duration,6,7,autoregressive,1,13200,2.10869,0.712869
duration,6,7,autoregressive,2,13200,1.96626,0.660837
duration,6,7,autoregressive,3,13200,1.79559,0.595321
duration,6,7,autoregressive,4,13200,1.76322,0.600289
duration,6,7,autoregressive,5,13200,2.12636,0.665932
duration,6,7,autoregressive,6,13200,1.8657,0.614729
duration,6,7,zone_ridge,0,13200,2.24532,0.718054
duration,6,7,zone_ridge,1,13200,2.39483,0.778159
duration,6,7,zone_ridge,2,13200,2.33557,0.742645
duration,6,7,zone_ridge,3,13200,2.30206,0.723005
duration,6,7,zone_ridge,4,13200,2.21024,0.705707
duration,6,7,zone_ridge,5,13200,2.14177,0.702523
duration,6,7,zone_ridge,6,13200,2.14896,0.695235
duration,6,7,zone_gbm,0,13200,1.80661,0.616159
duration,6,7,zone_gbm,1,13200,1.98311,0.68629
duration,6,7,zone_gbm,2,13200,1.71379,0.591976
duration,6,7,zone_gbm,3,13200,1.73337,0.589711
duration,6,7,zone_gbm,4,13200,1.67416,0.584524
duration,6,7,zone_gbm,5,13200,1.85198,0.62452
duration,6,7,zone_gbm,6,13200,1.80051,0.611125
duration,6,7,global_ridge,0,13200,3.37558,1.07277
duration,6,7,global_ridge,1,13200,3.33862,1.06621
duration,6,7,global_ridge,2,13200,3.34872,1.0839
duration,6,7,global_ridge,3,13200,3.29245,1.04771
duration,6,7,global_ridge,4,13200,3.17025,1.02893
duration,6,7,global_ridge,5,13200,2.86704,0.977907
duration,6,7,global_ridge,6,13200,2.51005,0.914897
duration,6,7,global_gbm,0,13200,2.06862,0.697147
duration,6,7,global_gbm,1,13200,2.10072,0.73161
duration,6,7,global_gbm,2,13200,1.95734,0.661568
duration,6,7,global_gbm,3,13200,1.91893,0.650963
duration,6,7,global_gbm,4,13200,1.82675,0.628915
duration,6,7,global_gbm,5,13200,1.85413,0.624667
duration,6,7,global_gbm,6,13200,1.77235,0.594141
duration,24,0,last_observation,0,13200,4.1015,1.30105
duration,24,0,last_observation,1,13200,2.65656,0.949042
duration,24,0,last_observation,2,13200,2.74418,0.950457
duration,24,0,last_observation,3,13200,2.63588,0.946181
duration,24,0,last_observation,4,13200,2.63518,0.934677
duration,24,0,last_observation,5,13200,3.79133,1.2133
duration,24,0,last_observation,6,13200,2.79301,0.992707
duration,24,0,seasonal_naive_daily,0,13200,4.1015,1.30105
duration,24,0,seasonal_naive_daily,1,13200,2.65656,0.949042
duration,24,0,seasonal_naive_daily,2,13200,2.74418,0.950457
duration,24,0,seasonal_naive_daily,3,13200,2.63588,0.946181
duration,24,0,seasonal_naive_daily,4,13200,2.63518,0.934677
duration,24,0,seasonal_naive_daily,5,13200,3.79133,1.2133
duration,24,0,seasonal_naive_daily,6,13200,2.79301,0.992707
duration,24,0,seasonal_naive_weekly,0,13200,3.0275,1.02874
duration,24,0,seasonal_naive_weekly,1,13200,3.07557,1.03284
duration,24,0,seasonal_naive_weekly,2,13200,5.00789,1.5313
duration,24,0,seasonal_naive_weekly,3,13200,2.66963,0.921347
duration,24,0,seasonal_naive_weekly,4,13200,2.70001,0.895339
duration,24,0,seasonal_naive_weekly,5,13200,3.11669,1.03864
duration,24,0,seasonal_naive_weekly,6,13200,3.04781,0.998536
duration,24,0,autoregressive,0,13200,3.5638,1.11554
duration,24,0,autoregressive,1,13200,2.61408,0.869844
duration,24,0,autoregressive,2,13200,2.55308,0.863584
duration,24,0,autoregressive,3,13200,2.44465,0.842743
duration,24,0,autoregressive,4,13200,2.43059,0.837396
duration,24,0,autoregressive,5,13200,3.22639,1.00106
duration,24,0,autoregressive,6,13200,2.60874,0.875312
duration,24,0,zone_ridge,0,13200,3.11342,1.03526
duration,24,0,zone_ridge,1,13200,2.83611,0.925497
duration,24,0,zone_ridge,2,13200,2.83666,0.928832
duration,24,0,zone_ridge,3,13200,2.72724,0.895291
duration,24,0,zone_ridge,4,13200,2.69908,0.894666
duration,24,0,zone_ridge,5,13200,3.03818,0.963427
duration,24,0,zone_ridge,6,13200,2.77834,0.905044
duration,24,0,zone_gbm,0,13200,3.3473,1.11264
duration,24,0,zone_gbm,1,13200,3.24151,1.05027
duration,24,0,zone_gbm,2,13200,3.03588,0.980244
duration,24,0,zone_gbm,3,13200,2.94625,0.973054
duration,24,0,zone_gbm,4,13200,3.32827,1.04702
duration,24,0,zone_gbm,5,13200,3.46733,1.08223
duration,24,0,zone_gbm,6,13200,3.15941,1.01057
duration,24,0,global_ridge,0,13200,3.55859,1.23091
duration,24,0,global_ridge,1,13200,2.93584,1.07312
duration,24,0,global_ridge,2,13200,2.82367,0.985759
duration,24,0,global_ridge,3,13200,2.52466,0.890761
duration,24,0,global_ridge,4,13200,2.46534,0.885855
duration,24,0,global_ridge,5,13200,3.43445,1.0871
duration,24,0,global_ridge,6,13200,2.90405,0.976246
duration,24,0,global_gbm,0,13200,2.66821,0.962953
duration,24,0,global_gbm,1,13200,2.2955,0.813015
duration,24,0,global_gbm,2,13200,2.5452,0.86379
duration,24,0,global_gbm,3,13200,2.31984,0.821494
duration,24,0,global_gbm,4,13200,2.36136,0.821514
duration,24,0,global_gbm,5,13200,2.58817,0.897391
duration,24,0,global_gbm,6,13200,2.37044,0.853361
duration,24,1,last_observation,0,13200,4.33011,1.32094
duration,24,1,last_observation,1,13200,2.70876,0.932507
duration,24,1,last_observation,2,13200,2.51705,0.900369
duration,24,1,last_observation,3,13200,2.42468,0.872164
duration,24,1,last_observation,4,13200,2.49005,0.905719
duration,24,1,last_observation,5,13200,3.88056,1.19709
duration,24,1,last_observation,6,13200,2.82799,0.972919
duration,24,1,seasonal_naive_daily,0,13200,4.33011,1.32094
duration,24,1,seasonal_naive_daily,1,13200,2.70876,0.932507
duration,24,1,seasonal_naive_daily,2,13200,2.51705,0.900369
duration,24,1,seasonal_naive_daily,3,13200,2.42468,0.872164
duration,24,1,seasonal_naive_daily,4,13200,2.49005,0.905719
duration,24,1,seasonal_naive_daily,5,13200,3.88056,1.19709
duration,24,1,seasonal_naive_daily,6,13200,2.82799,0.972919
duration,24,1,seasonal_naive_weekly,0,13200,2.8277,1.01003
duration,24,1,seasonal_naive_weekly,1,13200,2.94585,1.01779
duration,24,1,seasonal_naive_weekly,2,13200,2.81736,0.98176
duration,24,1,seasonal_naive_weekly,3,13200,2.81842,0.974388
duration,24,1,seasonal_naive_weekly,4,13200,2.71734,0.990396
duration,24,1,seasonal_naive_weekly,5,13200,2.83027,0.996481
duration,24,1,seasonal_naive_weekly,6,13200,2.79708,0.978183
duration,24,1,autoregressive,0,13200,3.69459,1.11694
duration,24,1,autoregressive,1,13200,2.67823,0.880459
duration,24,1,autoregressive,2,13200,2.27634,0.789692
duration,24,1,autoregressive,3,13200,2.24754,0.789916
duration,24,1,autoregressive,4,13200,2.27644,0.811717
duration,24,1,autoregressive,5,13200,3.2899,0.995415
duration,24,1,autoregressive,6,13200,2.63981,0.866393
duration,24,1,zone_ridge,0,13200,3.03491,0.976444
duration,24,1,zone_ridge,1,13200,2.77126,0.903023
duration,24,1,zone_ridge,2,13200,2.41534,0.806491
duration,24,1,zone_ridge,3,13200,2.43116,0.815101
duration,24,1,zone_ridge,4,13200,2.49992,0.859535
duration,24,1,zone_ridge,5,13200,2.92681,0.92784
duration,24,1,zone_ridge,6,13200,2.65067,0.858921
duration,24,1,zone_gbm,0,13200,2.58788,0.89748
duration,24,1,zone_gbm,1,13200,2.54773,0.872014
duration,24,1,zone_gbm,2,13200,2.21788,0.778246
duration,24,1,zone_gbm,3,13200,2.33884,0.819684
duration,24,1,zone_gbm,4,13200,2.36734,0.850288
duration,24,1,zone_gbm,5,13200,2.64759,0.87967
duration,24,1,zone_gbm,6,13200,2.6399,0.874763
duration,24,1,global_ridge,0,13200,3.48035,1.12095
duration,24,1,global_ridge,1,13200,2.84226,0.973048
duration,24,1,global_ridge,2,13200,2.38288,0.812811
duration,24,1,global_ridge,3,13200,2.28253,0.832721
duration,24,1,global_ridge,4,13200,2.35008,0.866711
duration,24,1,global_ridge,5,13200,3.46467,1.08828
duration,24,1,global_ridge,6,13200,2.86977,0.947346
duration,24,1,global_gbm,0,13200,2.69073,0.95083
duration,24,1,global_gbm,1,13200,2.41572,0.845642
duration,24,1,global_gbm,2,13200,2.14343,0.771812
duration,24,1,global_gbm,3,13200,2.17897,0.779551
duration,24,1,global_gbm,4,13200,2.37499,0.83505
duration,24,1,global_gbm,5,13200,2.57327,0.886411
duration,24,1,global_gbm,6,13200,2.43856,0.844802
duration,24,2,last_observation,0,13200,4.03243,1.20251
duration,24,2,last_observation,1,13200,2.67083,0.923951
duration,24,2,last_observation,2,13200,2.49274,0.879276
duration,24,2,last_observation,3,13200,2.48535,0.871964
duration,24,2,last_observation,4,13200,2.96979,1.0111
duration,24,2,last_observation,5,13200,4.3809,1.30689
duration,24,2,last_observation,6,13200,2.7366,0.914513
duration,24,2,seasonal_naive_daily,0,13200,4.03243,1.20251
duration,24,2,seasonal_naive_daily,1,13200,2.67083,0.923951
duration,24,2,seasonal_naive_daily,2,13200,2.49274,0.879276
duration,24,2,seasonal_naive_daily,3,13200,2.48535,0.871964
duration,24,2,seasonal_naive_daily,4,13200,2.96979,1.0111
duration,24,2,seasonal_naive_daily,5,13200,4.3809,1.30689
duration,24,2,seasonal_naive_daily,6,13200,2.7366,0.914513
duration,24,2,seasonal_naive_weekly,0,13200,2.98511,1.03583
duration,24,2,seasonal_naive_weekly,1,13200,3.09345,1.04477
duration,24,2,seasonal_naive_weekly,2,13200,2.80618,0.979304
duration,24,2,seasonal_naive_weekly,3,13200,2.90343,1.01099
duration,24,2,seasonal_naive_weekly,4,13200,4.09258,1.30348
duration,24,2,seasonal_naive_weekly,5,13200,2.96473,1.01753
duration,24,2,seasonal_naive_weekly,6,13200,2.96218,1.00689
duration,24,2,autoregressive,0,13200,3.43428,1.0366
duration,24,2,autoregressive,1,13200,2.55818,0.854196
duration,24,2,autoregressive,2,13200,2.28561,0.781031
duration,24,2,autoregressive,3,13200,2.3113,0.801904
duration,24,2,autoregressive,4,13200,2.804,0.921423
duration,24,2,autoregressive,5,13200,3.62561,1.05538
duration,24,2,autoregressive,6,13200,2.61884,0.839295
duration,24,2,zone_ridge,0,13200,3.11173,0.971435
duration,24,2,zone_ridge,1,13200,2.96832,0.908746
duration,24,2,zone_ridge,2,13200,2.4803,0.812444
duration,24,2,zone_ridge,3,13200,2.44541,0.826845
duration,24,2,zone_ridge,4,13200,3.00709,0.960074
duration,24,2,zone_ridge,5,13200,3.26465,0.978845
duration,24,2,zone_ridge,6,13200,3.03071,0.906346
duration,24,2,zone_gbm,0,13200,2.6777,0.936416
duration,24,2,zone_gbm,1,13200,2.65679,0.915873
duration,24,2,zone_gbm,2,13200,2.36318,0.796704
duration,24,2,zone_gbm,3,13200,2.36271,0.834007
duration,24,2,zone_gbm,4,13200,2.97256,0.996171
duration,24,2,zone_gbm,5,13200,2.72176,0.921827
duration,24,2,zone_gbm,6,13200,2.62654,0.895212
duration,24,2,global_ridge,0,13200,3.24968,1.08351
duration,24,2,global_ridge,1,13200,2.65131,0.90916
duration,24,2,global_ridge,2,13200,2.50399,0.856979
duration,24,2,global_ridge,3,13200,2.31374,0.829404
duration,24,2,global_ridge,4,13200,2.85532,0.993535
duration,24,2,global_ridge,5,13200,3.77212,1.20744
duration,24,2,global_ridge,6,13200,2.91265,0.946573
duration,24,2,global_gbm,0,13200,2.6284,0.907547
duration,24,2,global_gbm,1,13200,2.31816,0.814062
duration,24,2,global_gbm,2,13200,2.27362,0.78436
duration,24,2,global_gbm,3,13200,2.22713,0.787824
duration,24,2,global_gbm,4,13200,2.82188,0.94125
duration,24,2,global_gbm,5,13200,2.84304,0.931599
duration,24,2,global_gbm,6,13200,2.35547,0.800169
duration,24,3,last_observation,0,13200,2.67354,0.876425
duration,24,3,last_observation,1,13200,2.97958,0.957829
duration,24,3,last_observation,2,13200,2.23246,0.759856
duration,24,3,last_observation,3,13200,2.18633,0.751134
duration,24,3,last_observation,4,13200,2.19511,0.763311
duration,24,3,last_observation,5,13200,2.81574,0.908436
duration,24,3,last_observation,6,13200,2.21655,0.75903
duration,24,3,seasonal_naive_daily,0,13200,2.67354,0.876425
duration,24,3,seasonal_naive_daily,1,13200,2.97958,0.957829
duration,24,3,seasonal_naive_daily,2,13200,2.23246,0.759856
duration,24,3,seasonal_naive_daily,3,13200,2.18633,0.751134
duration,24,3,seasonal_naive_daily,4,13200,2.19511,0.763311
duration,24,3,seasonal_naive_daily,5,13200,2.81574,0.908436
duration,24,3,seasonal_naive_daily,6,13200,2.21655,0.75903
duration,24,3,seasonal_naive_weekly,0,13200,3.44249,1.08431
duration,24,3,seasonal_naive_weekly,1,13200,3.22056,1.02963
duration,24,3,seasonal_naive_weekly,2,13200,3.2975,1.03748
duration,24,3,seasonal_naive_weekly,3,13200,3.4886,1.10682
duration,24,3,seasonal_naive_weekly,4,13200,3.47241,1.10868
duration,24,3,seasonal_naive_weekly,5,13200,3.49432,1.0971
duration,24,3,seasonal_naive_weekly,6,13200,3.39519,1.07645
duration,24,3,autoregressive,0,13200,2.45413,0.801946
duration,24,3,autoregressive,1,13200,2.783,0.87096
duration,24,3,autoregressive,2,13200,2.13046,0.731921
duration,24,3,autoregressive,3,13200,2.11051,0.72597
duration,24,3,autoregressive,4,13200,2.08612,0.729898
duration,24,3,autoregressive,5,13200,2.62135,0.831672
duration,24,3,autoregressive,6,13200,2.28982,0.776307
duration,24,3,zone_ridge,0,13200,2.53853,0.825479
duration,24,3,zone_ridge,1,13200,2.60374,0.840404
duration,24,3,zone_ridge,2,13200,2.24941,0.748159
duration,24,3,zone_ridge,3,13200,2.35389,0.781337
duration,24,3,zone_ridge,4,13200,2.33892,0.778942
duration,24,3,zone_ridge,5,13200,2.90597,0.872562
duration,24,3,zone_ridge,6,13200,2.8315,0.858487
duration,24,3,zone_gbm,0,13200,2.81806,0.930101
duration,24,3,zone_gbm,1,13200,2.61498,0.875016
duration,24,3,zone_gbm,2,13200,2.41339,0.788037
duration,24,3,zone_gbm,3,13200,2.57613,0.853167
duration,24,3,zone_gbm,4,13200,2.5081,0.839086
duration,24,3,zone_gbm,5,13200,2.91683,0.933926
duration,24,3,zone_gbm,6,13200,2.91815,0.947929
duration,24,3,global_ridge,0,13200,2.3526,0.787626
duration,24,3,global_ridge,1,13200,2.7896,0.900713
duration,24,3,global_ridge,2,13200,2.09743,0.706053
duration,24,3,global_ridge,3,13200,2.06457,0.694205
duration,24,3,global_ridge,4,13200,2.06164,0.70747
duration,24,3,global_ridge,5,13200,2.6436,0.881981
duration,24,3,global_ridge,6,13200,2.30708,0.796447
duration,24,3,global_gbm,0,13200,2.3285,0.76236
duration,24,3,global_gbm,1,13200,2.51768,0.823785
duration,24,3,global_gbm,2,13200,2.08989,0.709497
duration,24,3,global_gbm,3,13200,2.13924,0.718883
duration,24,3,global_gbm,4,13200,2.09203,0.726102
duration,24,3,global_gbm,5,13200,2.43991,0.791774
duration,24,3,global_gbm,6,13200,2.15881,0.729525
duration,24,4,last_observation,0,13200,3.74354,1.15904
duration,24,4,last_observation,1,13200,2.48918,0.885867
duration,24,4,last_observation,2,13200,2.53726,0.895678
duration,24,4,last_observation,3,13200,2.47122,0.880573
duration,24,4,last_observation,4,13200,2.45378,0.879748
duration,24,4,last_observation,5,13200,3.40757,1.10584
duration,24,4,last_observation,6,13200,2.70429,0.941286
duration,24,4,seasonal_naive_daily,0,13200,3.74354,1.15904
duration,24,4,seasonal_naive_daily,1,13200,2.48918,0.885867
duration,24,4,seasonal_naive_daily,2,13200,2.53726,0.895678
duration,24,4,seasonal_naive_daily,3,13200,2.47122,0.880573
duration,24,4,seasonal_naive_daily,4,13200,2.45378,0.879748
duration,24,4,seasonal_naive_daily,5,13200,3.40757,1.10584
duration,24,4,seasonal_naive_daily,6,13200,2.70429,0.941286
duration,24,4,seasonal_naive_weekly,0,13200,3.77193,1.20606
duration,24,4,seasonal_naive_weekly,1,13200,3.22548,1.07765
duration,24,4,seasonal_naive_weekly,2,13200,3.20315,1.06264
duration,24,4,seasonal_naive_weekly,3,13200,3.15335,1.07135
duration,24,4,seasonal_naive_weekly,4,13200,3.05936,1.05312
duration,24,4,seasonal_naive_weekly,5,13200,3.07838,1.05884
duration,24,4,seasonal_naive_weekly,6,13200,3.16095,1.06264
duration,24,4,autoregressive,0,13200,3.35431,1.02603
duration,24,4,autoregressive,1,13200,2.50714,0.840967
duration,24,4,autoregressive,2,13200,2.42813,0.823763
duration,24,4,autoregressive,3,13200,2.26652,0.795421
duration,24,4,autoregressive,4,13200,2.25905,0.796454
duration,24,4,autoregressive,5,13200,2.88701,0.930999
duration,24,4,autoregressive,6,13200,2.54255,0.865584
duration,24,4,zone_ridge,0,13200,2.79101,0.913681
duration,24,4,zone_ridge,1,13200,2.47751,0.839478
duration,24,4,zone_ridge,2,13200,2.50555,0.827359
duration,24,4,zone_ridge,3,13200,2.36162,0.808633
duration,24,4,zone_ridge,4,13200,2.34818,0.817063
duration,24,4,zone_ridge,5,13200,2.62323,0.886006
duration,24,4,zone_ridge,6,13200,2.60249,0.883663
duration,24,4,zone_gbm,0,13200,2.70755,0.937488
duration,24,4,zone_gbm,1,13200,2.6477,0.916519
duration,24,4,zone_gbm,2,13200,2.31855,0.796499
duration,24,4,zone_gbm,3,13200,2.37026,0.834049
duration,24,4,zone_gbm,4,13200,2.41257,0.856808
duration,24,4,zone_gbm,5,13200,2.70214,0.951671
duration,24,4,zone_gbm,6,13200,2.68228,0.945693
duration,24,4,global_ridge,0,13200,3.08912,0.989311
duration,24,4,global_ridge,1,13200,2.4463,0.818828
duration,24,4,global_ridge,2,13200,2.56981,0.857537
duration,24,4,global_ridge,3,13200,2.33093,0.802327
duration,24,4,global_ridge,4,13200,2.23212,0.798556
duration,24,4,global_ridge,5,13200,2.92874,0.982938
duration,24,4,global_ridge,6,13200,2.60018,0.881637
duration,24,4,global_gbm,0,13200,2.6067,0.909123
duration,24,4,global_gbm,1,13200,2.36315,0.831711
duration,24,4,global_gbm,2,13200,2.28406,0.801591
duration,24,4,global_gbm,3,13200,2.22601,0.797798
duration,24,4,global_gbm,4,13200,2.23741,0.803391
duration,24,4,global_gbm,5,13200,2.48599,0.877343
duration,24,4,global_gbm,6,13200,2.45063,0.859057
duration,24,5,last_observation,0,13200,1.80404,0.561562
duration,24,5,last_observation,1,13200,1.65438,0.544688
duration,24,5,last_observation,2,13200,2.03348,0.690043
duration,24,5,last_observation,3,13200,2.15794,0.695765
duration,24,5,last_observation,4,13200,2.38387,0.742919
duration,24,5,last_observation,5,13200,2.42973,0.757754
duration,24,5,last_observation,6,13200,2.35995,0.749898
duration,24,5,seasonal_naive_daily,0,13200,1.80404,0.561562
duration,24,5,seasonal_naive_daily,1,13200,1.65438,0.544688
duration,24,5,seasonal_naive_daily,2,13200,2.03348,0.690043
duration,24,5,seasonal_naive_daily,3,13200,2.15794,0.695765
duration,24,5,seasonal_naive_daily,4,13200,2.38387,0.742919
duration,24,5,seasonal_naive_daily,5,13200,2.42973,0.757754
duration,24,5,seasonal_naive_daily,6,13200,2.35995,0.749898
duration,24,5,seasonal_naive_weekly,0,13200,4.98754,1.38048
duration,24,5,seasonal_naive_weekly,1,13200,4.86988,1.34117
duration,24,5,seasonal_naive_weekly,2,13200,4.0177,1.25378
duration,24,5,seasonal_naive_weekly,3,13200,3.64583,1.15795
duration,24,5,seasonal_naive_weekly,4,13200,4.00864,1.23925
duration,24,5,seasonal_naive_weekly,5,13200,4.78299,1.38139
duration,24,5,seasonal_naive_weekly,6,13200,5.03539,1.36156
duration,24,5,autoregressive,0,13200,2.59285,0.809658
duration,24,5,autoregressive,1,13200,2.21583,0.726508
duration,24,5,autoregressive,2,13200,2.45751,0.806397
duration,24,5,autoregressive,3,13200,2.25855,0.746202
duration,24,5,autoregressive,4,13200,2.5446,0.81878
duration,24,5,autoregressive,5,13200,2.82706,0.890692
duration,24,5,autoregressive,6,13200,2.85492,0.879807
duration,24,5,zone_ridge,0,13200,2.8669,0.869601
duration,24,5,zone_ridge,1,13200,2.72188,0.821975
duration,24,5,zone_ridge,2,13200,2.59862,0.825398
duration,24,5,zone_ridge,3,13200,2.48526,0.784143
duration,24,5,zone_ridge,4,13200,2.74909,0.846161
duration,24,5,zone_ridge,5,13200,3.41318,0.975581
duration,24,5,zone_ridge,6,13200,3.41473,0.982748
duration,24,5,zone_gbm,0,13200,3.11759,1.02175
duration,24,5,zone_gbm,1,13200,2.9573,0.983934
duration,24,5,zone_gbm,2,13200,2.6863,0.882065
duration,24,5,zone_gbm,3,13200,2.65353,0.87937
duration,24,5,zone_gbm,4,13200,2.86425,0.945863
duration,24,5,zone_gbm,5,13200,3.4611,1.07827
duration,24,5,zone_gbm,6,13200,3.4914,1.09712
duration,24,5,global_ridge,0,13200,2.2535,0.688918
duration,24,5,global_ridge,1,13200,1.93289,0.637944
duration,24,5,global_ridge,2,13200,2.09072,0.694741
duration,24,5,global_ridge,3,13200,2.00828,0.659274
duration,24,5,global_ridge,4,13200,2.32639,0.728295
duration,24,5,global_ridge,5,13200,2.72355,0.85016
duration,24,5,global_ridge,6,13200,2.76945,0.854667
duration,24,5,global_gbm,0,13200,2.31555,0.712756
duration,24,5,global_gbm,1,13200,1.90414,0.615686
duration,24,5,global_gbm,2,13200,1.90493,0.648716
duration,24,5,global_gbm,3,13200,1.97793,0.640748
duration,24,5,global_gbm,4,13200,2.24367,0.708591
duration,24,5,global_gbm,5,13200,2.82319,0.842002
duration,24,5,global_gbm,6,13200,2.62664,0.79739
duration,24,6,last_observation,0,13200,3.35462,0.952291
duration,24,6,last_observation,1,13200,2.33322,0.802079
duration,24,6,last_observation,2,13200,2.61947,0.871425
duration,24,6,last_observation,3,13200,2.05009,0.70768
duration,24,6,last_observation,4,13200,2.00098,0.687808
duration,24,6,last_observation,5,13200,3.17412,0.959469
duration,24,6,last_observation,6,13200,2.46189,0.805382
duration,24,6,seasonal_naive_daily,0,13200,3.35462,0.952291
duration,24,6,seasonal_naive_daily,1,13200,2.33322,0.802079
duration,24,6,seasonal_naive_daily,2,13200,2.61947,0.871425
duration,24,6,seasonal_naive_daily,3,13200,2.05009,0.70768
duration,24,6,seasonal_naive_daily,4,13200,2.00098,0.687808
duration,24,6,seasonal_naive_daily,5,13200,3.17412,0.959469
duration,24,6,seasonal_naive_daily,6,13200,2.46189,0.805382
duration,24,6,seasonal_naive_weekly,0,13200,2.9681,1.00001
duration,24,6,seasonal_naive_weekly,1,13200,2.91304,1.0019
duration,24,6,seasonal_naive_weekly,2,13200,3.89614,1.18939
duration,24,6,seasonal_naive_weekly,3,13200,3.95242,1.25511
duration,24,6,seasonal_naive_weekly,4,13200,4.03537,1.29222
duration,24,6,seasonal_naive_weekly,5,13200,3.48811,1.1263
duration,24,6,seasonal_naive_weekly,6,13200,3.34218,1.06634
duration,24,6,autoregressive,0,13200,3.27379,0.986066
duration,24,6,autoregressive,1,13200,2.40427,0.821387
duration,24,6,autoregressive,2,13200,2.74137,0.932271
duration,24,6,autoregressive,3,13200,2.29548,0.816201
duration,24,6,autoregressive,4,13200,2.19388,0.78648
duration,24,6,autoregressive,5,13200,2.87188,0.895014
duration,24,6,autoregressive,6,13200,2.45308,0.810385
duration,24,6,zone_ridge,0,13200,2.73966,0.879992
duration,24,6,zone_ridge,1,13200,2.40748,0.814175
duration,24,6,zone_ridge,2,13200,2.73725,0.912458
duration,24,6,zone_ridge,3,13200,2.5024,0.860189
duration,24,6,zone_ridge,4,13200,2.40124,0.840404
duration,24,6,zone_ridge,5,13200,2.73364,0.893344
duration,24,6,zone_ridge,6,13200,2.5212,0.829515
duration,24,6,zone_gbm,0,13200,2.57537,0.912075
duration,24,6,zone_gbm,1,13200,2.38341,0.868345
duration,24,6,zone_gbm,2,13200,2.73784,0.935383
duration,24,6,zone_gbm,3,13200,2.62157,0.938883
duration,24,6,zone_gbm,4,13200,2.58798,0.943991
duration,24,6,zone_gbm,5,13200,2.65473,0.934018
duration,24,6,zone_gbm,6,13200,2.63702,0.925221
duration,24,6,global_ridge,0,13200,2.83205,0.872085
duration,24,6,global_ridge,1,13200,2.3535,0.818812
duration,24,6,global_ridge,2,13200,2.56937,0.826594
duration,24,6,global_ridge,3,13200,2.20073,0.754212
duration,24,6,global_ridge,4,13200,2.09096,0.726813
duration,24,6,global_ridge,5,13200,2.82267,0.892774
duration,24,6,global_ridge,6,13200,2.38738,0.766294
duration,24,6,global_gbm,0,13200,2.27919,0.763579
duration,24,6,global_gbm,1,13200,2.09317,0.74173
duration,24,6,global_gbm,2,13200,2.52088,0.846359
duration,24,6,global_gbm,3,13200,2.25508,0.792393
duration,24,6,global_gbm,4,13200,2.1338,0.761168
duration,24,6,global_gbm,5,13200,2.45422,0.808348
duration,24,6,global_gbm,6,13200,2.24792,0.746197
duration,24,7,last_observation,0,13200,3.27921,0.955079
duration,24,7,last_observation,1,13200,2.35535,0.82194
duration,24,7,last_observation,2,13200,2.21333,0.776781
duration,24,7,last_observation,3,13200,1.95249,0.650978
duration,24,7,last_observation,4,13200,1.90877,0.647076
duration,24,7,last_observation,5,13200,2.87302,0.850089
duration,24,7,last_observation,6,13200,2.26989,0.740197
duration,24,7,seasonal_naive_daily,0,13200,3.27921,0.955079
duration,24,7,seasonal_naive_daily,1,13200,2.35535,0.82194
duration,24,7,seasonal_naive_daily,2,13200,2.21333,0.776781
duration,24,7,seasonal_naive_daily,3,13200,1.95249,0.650978
duration,24,7,seasonal_naive_daily,4,13200,1.90877,0.647076
duration,24,7,seasonal_naive_daily,5,13200,2.87302,0.850089
duration,24,7,seasonal_naive_daily,6,13200,2.26989,0.740197
duration,24,7,seasonal_naive_weekly,0,13200,2.4819,0.917306
duration,24,7,seasonal_naive_weekly,1,13200,2.3769,0.847224
duration,24,7,seasonal_naive_weekly,2,13200,2.51912,0.923505
duration,24,7,seasonal_naive_weekly,3,13200,2.5542,0.942542
duration,24,7,seasonal_naive_weekly,4,13200,2.54302,0.952248
duration,24,7,seasonal_naive_weekly,5,13200,2.67348,0.977098
duration,24,7,seasonal_naive_weekly,6,13200,2.63104,0.979222
duration,24,7,autoregressive,0,13200,2.9834,0.901217
duration,24,7,autoregressive,1,13200,2.24227,0.768883
duration,24,7,autoregressive,2,13200,2.16284,0.767672
duration,24,7,autoregressive,3,13200,1.97065,0.685679
duration,24,7,autoregressive,4,13200,1.8364,0.651579
duration,24,7,autoregressive,5,13200,2.59769,0.808086
duration,24,7,autoregressive,6,13200,2.23027,0.748408
duration,24,7,zone_ridge,0,13200,2.42122,0.781075
duration,24,7,zone_ridge,1,13200,2.36834,0.790234
duration,24,7,zone_ridge,2,13200,2.23448,0.776088
duration,24,7,zone_ridge,3,13200,2.06655,0.715407
duration,24,7,zone_ridge,4,13200,1.92361,0.677126
duration,24,7,zone_ridge,5,13200,2.35526,0.776318
duration,24,7,zone_ridge,6,13200,2.27018,0.766253
duration,24,7,zone_gbm,0,13200,2.20756,0.769585
duration,24,7,zone_gbm,1,13200,2.22522,0.782619
duration,24,7,zone_gbm,2,13200,2.04254,0.737977
duration,24,7,zone_gbm,3,13200,2.03826,0.728295
duration,24,7,zone_gbm,4,13200,1.97629,0.71218
duration,24,7,zone_gbm,5,13200,2.17601,0.767817
duration,24,7,zone_gbm,6,13200,2.15237,0.762946
duration,24,7,global_ridge,0,13200,2.83049,0.931527
duration,24,7,global_ridge,1,13200,2.38083,0.860614
duration,24,7,global_ridge,2,13200,2.28578,0.811704
duration,24,7,global_ridge,3,13200,2.0153,0.718357
duration,24,7,global_ridge,4,13200,1.89024,0.684855
duration,24,7,global_ridge,5,13200,2.62749,0.826018
duration,24,7,global_ridge,6,13200,2.29019,0.752582
duration,24,7,global_gbm,0,13200,2.07916,0.71494
duration,24,7,global_gbm,1,13200,2.04155,0.718983
duration,24,7,global_gbm,2,13200,2.03991,0.736836
duration,24,7,global_gbm,3,13200,1.8608,0.65287
duration,24,7,global_gbm,4,13200,1.74993,0.623118
duration,24,7,global_gbm,5,13200,2.05942,0.712223
duration,24,7,global_gbm,6,13200,1.98119,0.684354
