timestamp,mean_residual,mean_abs_residual,input_psi,input_ks,residual_mean_cusum,residual_abs_ewma
2022-09-01 00:00,,,,,,
2022-09-01 01:00,,,,,,
2022-09-01 02:00,,,,,,
2022-09-01 03:00,,,,,,
2022-09-01 04:00,,,,,,
2022-09-01 05:00,,,,,,
2022-09-01 06:00,,,,,,
2022-09-01 07:00,,,,,,
2022-09-01 08:00,,,,,,
2022-09-01 09:00,,,,,,
2022-09-01 10:00,,,,,,
2022-09-01 11:00,,,,,,
2022-09-01 12:00,,,,,,
2022-09-01 13:00,,,,,,
2022-09-01 14:00,,,,,,
2022-09-01 15:00,,,,,,
2022-09-01 16:00,,,,,,
2022-09-01 17:00,,,,,,
2022-09-01 18:00,,,,,,
2022-09-01 19:00,,,,,,
2022-09-01 20:00,,,,,,
2022-09-01 21:00,,,,,,
2022-09-01 22:00,,,,,,
2022-09-01 23:00,,,,,,
2022-09-02 00:00,,,,,,
2022-09-02 01:00,,,,,,
2022-09-02 02:00,,,,,,
2022-09-02 03:00,,,,,,
2022-09-02 04:00,,,,,,
2022-09-02 05:00,,,,,,
2022-09-02 06:00,,,,,,
2022-09-02 07:00,,,,,,
2022-09-02 08:00,,,,,,
2022-09-02 09:00,,,,,,
2022-09-02 10:00,,,,,,
2022-09-02 11:00,,,,,,
2022-09-02 12:00,,,,,,
2022-09-02 13:00,,,,,,
2022-09-02 14:00,,,,,,
2022-09-02 15:00,,,,,,
2022-09-02 16:00,,,,,,
2022-09-02 17:00,,,,,,
2022-09-02 18:00,,,,,,
2022-09-02 19:00,,,,,,
2022-09-02 20:00,,,,,,
2022-09-02 21:00,,,,,,
2022-09-02 22:00,,,,,,
2022-09-02 23:00,,,,,,
2022-09-03 00:00,,,,,,
2022-09-03 01:00,,,,,,
2022-09-03 02:00,,,,,,
2022-09-03 03:00,,,,,,
2022-09-03 04:00,,,,,,
2022-09-03 05:00,,,,,,
2022-09-03 06:00,,,,,,
2022-09-03 07:00,,,,,,
2022-09-03 08:00,,,,,,
2022-09-03 09:00,,,,,,
2022-09-03 10:00,,,,,,
2022-09-03 11:00,,,,,,
2022-09-03 12:00,,,,,,
2022-09-03 13:00,,,,,,
2022-09-03 14:00,,,,,,
2022-09-03 15:00,,,,,,
2022-09-03 16:00,,,,,,
2022-09-03 17:00,,,,,,
2022-09-03 18:00,,,,,,
2022-09-03 19:00,,,,,,
2022-09-03 20:00,,,,,,
2022-09-03 21:00,,,,,,
2022-09-03 22:00,,,,,,
2022-09-03 23:00,,,,,,
2022-09-04 00:00,,,,,,
2022-09-04 01:00,,,,,,
2022-09-04 02:00,,,,,,
2022-09-04 03:00,,,,,,
2022-09-04 04:00,,,,,,
2022-09-04 05:00,,,,,,
2022-09-04 06:00,,,,,,
2022-09-04 07:00,,,,,,
2022-09-04 08:00,,,,,,
2022-09-04 09:00,,,,,,
2022-09-04 10:00,,,,,,
2022-09-04 11:00,,,,,,
2022-09-04 12:00,,,,,,
2022-09-04 13:00,,,,,,
2022-09-04 14:00,,,,,,
2022-09-04 15:00,,,,,,
2022-09-04 16:00,,,,,,
2022-09-04 17:00,,,,,,
2022-09-04 18:00,,,,,,
2022-09-04 19:00,,,,,,
2022-09-04 20:00,,,,,,
2022-09-04 21:00,,,,,,
2022-09-04 22:00,,,,,,
2022-09-04 23:00,,,,,,
2022-09-05 00:00,,,,,,
2022-09-05 01:00,,,,,,
2022-09-05 02:00,,,,,,
2022-09-05 03:00,,,,,,
2022-09-05 04:00,,,,,,
2022-09-05 05:00,,,,,,
2022-09-05 06:00,,,,,,
2022-09-05 07:00,,,,,,
2022-09-05 08:00,,,,,,
2022-09-05 09:00,,,,,,
2022-09-05 10:00,,,,,,
2022-09-05 11:00,,,,,,
2022-09-05 12:00,,,,,,
2022-09-05 13:00,,,,,,
2022-09-05 14:00,,,,,,
2022-09-05 15:00,,,,,,
2022-09-05 16:00,,,,,,
2022-09-05 17:00,,,,,,
2022-09-05 18:00,,,,,,
2022-09-05 19:00,,,,,,
2022-09-05 20:00,,,,,,
2022-09-05 21:00,,,,,,
2022-09-05 22:00,,,,,,
2022-09-05 23:00,,,,,,
2022-09-06 00:00,,,,,,
2022-09-06 01:00,,,,,,
2022-09-06 02:00,,,,,,
2022-09-06 03:00,,,,,,
2022-09-06 04:00,,,,,,
2022-09-06 05:00,,,,,,
2022-09-06 06:00,,,,,,
2022-09-06 07:00,,,,,,
2022-09-06 08:00,,,,,,
2022-09-06 09:00,,,,,,
2022-09-06 10:00,,,,,,
2022-09-06 11:00,,,,,,
2022-09-06 12:00,,,,,,
2022-09-06 13:00,,,,,,
2022-09-06 14:00,,,,,,
2022-09-06 15:00,,,,,,
2022-09-06 16:00,,,,,,
2022-09-06 17:00,,,,,,
2022-09-06 18:00,,,,,,
2022-09-06 19:00,,,,,,
2022-09-06 20:00,,,,,,
2022-09-06 21:00,,,,,,
2022-09-06 22:00,,,,,,
2022-09-06 23:00,,,,,,
2022-09-07 00:00,,,,,,
2022-09-07 01:00,,,,,,
2022-09-07 02:00,,,,,,
2022-09-07 03:00,,,,,,
2022-09-07 04:00,,,,,,
2022-09-07 05:00,,,,,,
2022-09-07 06:00,,,,,,
2022-09-07 07:00,,,,,,
2022-09-07 08:00,,,,,,
2022-09-07 09:00,,,,,,
2022-09-07 10:00,,,,,,
2022-09-07 11:00,,,,,,
2022-09-07 12:00,,,,,,
2022-09-07 13:00,,,,,,
2022-09-07 14:00,,,,,,
2022-09-07 15:00,,,,,,
2022-09-07 16:00,,,,,,
2022-09-07 17:00,,,,,,
2022-09-07 18:00,,,,,,
2022-09-07 19:00,,,,,,
2022-09-07 20:00,,,,,,
2022-09-07 21:00,,,,,,
2022-09-07 22:00,,,,,,
2022-09-07 23:00,,,0.797164,0.974156,0,0
2022-09-08 00:00,,,0.719929,0.968312,0,0
2022-09-08 01:00,,,0.671994,0.962468,0,0
2022-09-08 02:00,,,0.63615,0.956623,0,0
2022-09-08 03:00,,,0.607048,0.950779,0,0
2022-09-08 04:00,,,0.582296,0.944935,0,0
2022-09-08 05:00,,,0.560629,0.939091,0,0
2022-09-08 06:00,,,0.541158,0.933247,0,0
2022-09-08 07:00,,,0.523438,0.927403,0,0
2022-09-08 08:00,,,0.50716,0.921558,0,0
2022-09-08 09:00,,,0.492029,0.915714,0,0
2022-09-08 10:00,,,0.47797,0.90987,0,0
2022-09-08 11:00,,,0.464832,0.904026,0,0
2022-09-08 12:00,,,0.452484,0.898182,0,0
2022-09-08 13:00,,,0.44087,0.892338,0,0
2022-09-08 14:00,,,0.429931,0.886494,0,0
2022-09-08 15:00,,,0.419607,0.880649,0,0
2022-09-08 16:00,,,0.409876,0.874805,0,0
2022-09-08 17:00,,,0.400715,0.868961,0,0
2022-09-08 18:00,,,0.392073,0.863117,0,0
2022-09-08 19:00,,,0.383962,0.857273,0,0
2022-09-08 20:00,,,0.376388,0.851429,0,0
2022-09-08 21:00,,,0.369321,0.845584,0,0
2022-09-08 22:00,,,0.362763,0.83974,0,0
2022-09-08 23:00,,,0.356541,0.833896,0,0
2022-09-09 00:00,,,0.350372,0.828052,0,0
2022-09-09 01:00,,,0.344351,0.822208,0,0
2022-09-09 02:00,,,0.338516,0.816364,0,0
2022-09-09 03:00,,,0.332784,0.810519,0,0
2022-09-09 04:00,,,0.327244,0.804654,0,0
2022-09-09 05:00,,,0.321822,0.798788,0,0
2022-09-09 06:00,,,0.316562,0.792922,0,0
2022-09-09 07:00,,,0.311422,0.787056,0,0
2022-09-09 08:00,,,0.306361,0.78119,0,0
2022-09-09 09:00,,,0.301448,0.775325,0,0
2022-09-09 10:00,,,0.296692,0.769459,0,0
2022-09-09 11:00,,,0.291924,0.763593,0,0
2022-09-09 12:00,,,0.287249,0.757727,0,0
2022-09-09 13:00,,,0.282689,0.751861,0,0
2022-09-09 14:00,,,0.278161,0.745996,0,0
2022-09-09 15:00,,,0.273672,0.74013,0,0
2022-09-09 16:00,,,0.26929,0.734264,0,0
2022-09-09 17:00,,,0.264992,0.728398,0,0
2022-09-09 18:00,,,0.26083,0.722532,0,0
2022-09-09 19:00,,,0.256703,0.716667,0,0
2022-09-09 20:00,,,0.252665,0.710801,0,0
2022-09-09 21:00,,,0.248679,0.704935,0,0
2022-09-09 22:00,,,0.244746,0.699069,0,0
2022-09-09 23:00,,,0.240857,0.693203,0,0
2022-09-10 00:00,,,0.237024,0.687338,0,0
2022-09-10 01:00,,,0.233244,0.681472,0,0
2022-09-10 02:00,,,0.229522,0.675606,0,0
2022-09-10 03:00,,,0.225833,0.66974,0,0
2022-09-10 04:00,,,0.222183,0.663874,0,0
2022-09-10 05:00,,,0.218597,0.658009,0,0
2022-09-10 06:00,,,0.215089,0.652143,0,0
2022-09-10 07:00,,,0.211624,0.646277,0,0
2022-09-10 08:00,,,0.208172,0.640411,0,0
2022-09-10 09:00,,,0.20477,0.634545,0,0
2022-09-10 10:00,,,0.201365,0.62868,0,0
2022-09-10 11:00,,,0.198028,0.622814,0,0
2022-09-10 12:00,,,0.194754,0.616948,0,0
2022-09-10 13:00,,,0.191528,0.611082,0,0
2022-09-10 14:00,,,0.188306,0.605216,0,0
2022-09-10 15:00,,,0.185124,0.599372,0,0
2022-09-10 16:00,,,0.181982,0.593528,0,0
2022-09-10 17:00,,,0.178871,0.587684,0,0
2022-09-10 18:00,,,0.175819,0.58184,0,0
2022-09-10 19:00,,,0.172764,0.575996,0,0
2022-09-10 20:00,,,0.169748,0.570152,0,0
2022-09-10 21:00,,,0.16675,0.564307,0,0
2022-09-10 22:00,,,0.163784,0.558463,0,0
2022-09-10 23:00,,,0.160803,0.552619,0,0
2022-09-11 00:00,,,0.157778,0.546775,0,0
2022-09-11 01:00,,,0.154751,0.540931,0,0
2022-09-11 02:00,,,0.151724,0.535087,0,0
2022-09-11 03:00,,,0.14874,0.529242,0,0
2022-09-11 04:00,,,0.145791,0.523398,0,0
2022-09-11 05:00,,,0.142884,0.517554,0,0
2022-09-11 06:00,,,0.140011,0.51171,0,0
2022-09-11 07:00,,,0.137194,0.505866,0,0
2022-09-11 08:00,,,0.134417,0.500022,0,0
2022-09-11 09:00,,,0.131684,0.494177,0,0
2022-09-11 10:00,,,0.128948,0.488333,0,0
2022-09-11 11:00,,,0.12626,0.482489,0,0
2022-09-11 12:00,,,0.123628,0.476645,0,0
2022-09-11 13:00,,,0.121043,0.470801,0,0
2022-09-11 14:00,,,0.118472,0.464957,0,0
2022-09-11 15:00,,,0.115934,0.459113,0,0
2022-09-11 16:00,,,0.113426,0.453268,0,0
2022-09-11 17:00,,,0.110961,0.447424,0,0
2022-09-11 18:00,,,0.108522,0.44158,0,0
2022-09-11 19:00,,,0.106131,0.435736,0,0
2022-09-11 20:00,,,0.103772,0.429892,0,0
2022-09-11 21:00,,,0.101428,0.424069,0,0
2022-09-11 22:00,,,0.0991203,0.418247,0,0
2022-09-11 23:00,,,0.0968477,0.412424,0,0
2022-09-12 00:00,,,0.0946335,0.406602,0,0
2022-09-12 01:00,,,0.0924453,0.400779,0,0
2022-09-12 02:00,,,0.0902873,0.394957,0,0
2022-09-12 03:00,,,0.0881743,0.389134,0,0
2022-09-12 04:00,,,0.0860999,0.383312,0,0
2022-09-12 05:00,,,0.0840554,0.377489,0,0
2022-09-12 06:00,,,0.0820539,0.371667,0,0
2022-09-12 07:00,,,0.0801089,0.365844,0,0
2022-09-12 08:00,,,0.0782422,0.360022,0,0
2022-09-12 09:00,,,0.0764401,0.354199,0,0
2022-09-12 10:00,,,0.0746605,0.348377,0,0
2022-09-12 11:00,,,0.0728804,0.342554,0,0
2022-09-12 12:00,,,0.0711316,0.336732,0,0
2022-09-12 13:00,,,0.069413,0.330909,0,0
2022-09-12 14:00,,,0.0677284,0.325087,0,0
2022-09-12 15:00,,,0.0660729,0.319264,0,0
2022-09-12 16:00,,,0.0644438,0.313442,0,0
2022-09-12 17:00,,,0.0628332,0.307619,0,0
2022-09-12 18:00,,,0.0612511,0.301797,0,0
2022-09-12 19:00,,,0.05968,0.295974,0,0
2022-09-12 20:00,,,0.0580716,0.290152,0,0
2022-09-12 21:00,,,0.0564993,0.284329,0,0
2022-09-12 22:00,,,0.0549603,0.278506,0,0
2022-09-12 23:00,,,0.0534328,0.272684,0,0
2022-09-13 00:00,,,0.0519224,0.266861,0,0
2022-09-13 01:00,,,0.0504314,0.261039,0,0
2022-09-13 02:00,,,0.048973,0.255216,0,0
2022-09-13 03:00,,,0.0475197,0.249394,0,0
2022-09-13 04:00,,,0.0461011,0.243571,0,0
2022-09-13 05:00,,,0.0447132,0.237749,0,0
2022-09-13 06:00,,,0.0433658,0.231926,0,0
2022-09-13 07:00,,,0.04203,0.226104,0,0
2022-09-13 08:00,,,0.040638,0.220281,0,0
2022-09-13 09:00,,,0.0392523,0.214459,0,0
2022-09-13 10:00,,,0.0378879,0.208636,0,0
2022-09-13 11:00,,,0.0365273,0.202814,0,0
2022-09-13 12:00,,,0.0351855,0.196991,0,0
2022-09-13 13:00,,,0.0338734,0.191169,0,0
2022-09-13 14:00,,,0.0325862,0.185346,0,0
2022-09-13 15:00,,,0.0313309,0.179524,0,0
2022-09-13 16:00,,,0.0300924,0.173701,0,0
2022-09-13 17:00,,,0.028841,0.167879,0,0
2022-09-13 18:00,,,0.0276863,0.162056,0,0
2022-09-13 19:00,,,0.0265961,0.156234,0,0
2022-09-13 20:00,,,0.0255502,0.150411,0,0
2022-09-13 21:00,,,0.0245427,0.144589,0,0
2022-09-13 22:00,,,0.0235674,0.138766,0,0
2022-09-13 23:00,,,0.0226015,0.132944,0,0
2022-09-14 00:00,,,0.0216525,0.127121,0,0
2022-09-14 01:00,,,0.0207367,0.121299,0,0
2022-09-14 02:00,,,0.0198571,0.115476,0,0
2022-09-14 03:00,,,0.0190028,0.109654,0,0
2022-09-14 04:00,,,0.0181743,0.103831,0,0
2022-09-14 05:00,,,0.017395,0.0980087,0,0
2022-09-14 06:00,,,0.0166407,0.0921861,0,0
2022-09-14 07:00,,,0.0159373,0.0863636,0,0
2022-09-14 08:00,,,0.015295,0.0805411,0,0
2022-09-14 09:00,,,0.0146949,0.0747186,0,0
2022-09-14 10:00,,,0.0141099,0.0688961,0,0
2022-09-14 11:00,,,0.0135773,0.0630736,0,0
2022-09-14 12:00,,,0.0130535,0.0572511,0,0
2022-09-14 13:00,,,0.0126342,0.0514286,0,0
2022-09-14 14:00,,,0.0122501,0.0456061,0,0
2022-09-14 15:00,,,0.0119347,0.0418452,0,0
2022-09-14 16:00,,,0.0116844,0.0431602,0,0
2022-09-14 17:00,,,0.0114926,0.0449351,0,0
2022-09-14 18:00,,,0.0113335,0.0465368,0,0
2022-09-14 19:00,,,0.0112165,0.0482684,0,0
2022-09-14 20:00,,,0.0110653,0.0491342,0,0
2022-09-14 21:00,,,0.0109548,0.0496537,0,0
2022-09-14 22:00,,,0.0108893,0.0499134,0,0
2022-09-14 23:00,,,0.0107736,0.0501461,0,0
2022-09-15 00:00,,,0.0106215,0.0516829,0,0
2022-09-15 01:00,,,0.0104486,0.0532413,0,0
2022-09-15 02:00,,,0.0103026,0.0548864,0,0
2022-09-15 03:00,,,0.0101827,0.0564665,0,0
2022-09-15 04:00,,,0.0100903,0.0582359,0,0
2022-09-15 05:00,,,0.0101817,0.060119,0,0
2022-09-15 06:00,,,0.0102608,0.0620022,0,0
2022-09-15 07:00,,,0.0103265,0.0636472,0,0
2022-09-15 08:00,,,0.0103479,0.0647294,0,0
2022-09-15 09:00,,,0.010307,0.0653788,0,0
2022-09-15 10:00,,,0.0102699,0.0657684,0,0
2022-09-15 11:00,,,0.0102464,0.0660498,0,0
2022-09-15 12:00,,,0.0102305,0.0662229,0,0
2022-09-15 13:00,,,0.0102204,0.0663528,0,0
2022-09-15 14:00,,,0.0101806,0.0664177,0,0
2022-09-15 15:00,,,0.0101548,0.0664177,0,0
2022-09-15 16:00,,,0.0101379,0.0662879,0,0
2022-09-15 17:00,,,0.010119,0.0661147,0,0
2022-09-15 18:00,,,0.0101258,0.0660065,0,0
2022-09-15 19:00,,,0.0101154,0.0659416,0,0
2022-09-15 20:00,,,0.0101009,0.0658117,0,0
2022-09-15 21:00,,,0.0100778,0.0656385,0,0
2022-09-15 22:00,,,0.0100832,0.065487,0,0
2022-09-15 23:00,,,0.0100789,0.0653788,0,0
2022-09-16 00:00,,,0.0100737,0.0653788,0,0
2022-09-16 01:00,,,0.0100781,0.0653788,0,0
2022-09-16 02:00,,,0.0100785,0.0654437,0,0
2022-09-16 03:00,,,0.0100768,0.0655519,0,0
2022-09-16 04:00,,,0.010078,0.0655736,0,0
2022-09-16 05:00,,,0.0100862,0.0655087,0,0
2022-09-16 06:00,,,0.010098,0.0654437,0,0
2022-09-16 07:00,,,0.0100842,0.0653355,0,0
2022-09-16 08:00,,,0.0100739,0.0652489,0,0
2022-09-16 09:00,,,0.0100756,0.0651407,0,0
2022-09-16 10:00,,,0.0100764,0.0649459,0,0
2022-09-16 11:00,,,0.0100697,0.0648593,0,0
2022-09-16 12:00,,,0.0100608,0.0646645,0,0
2022-09-16 13:00,,,0.0100729,0.064513,0,0
2022-09-16 14:00,,,0.0100766,0.0643398,0,0
2022-09-16 15:00,,,0.0100788,0.064145,0,0
2022-09-16 16:00,,,0.0100901,0.0639069,0,0
2022-09-16 17:00,,,0.0100713,0.0636255,0,0
2022-09-16 18:00,,,0.0100798,0.0633009,0,0
2022-09-16 19:00,,,0.0100535,0.0630195,0,0
2022-09-16 20:00,,,0.0100516,0.0626732,0,0
2022-09-16 21:00,,,0.0100481,0.0623485,0,0
2022-09-16 22:00,,,0.010043,0.0621753,0,0
2022-09-16 23:00,,,0.0100427,0.0620887,0,0
2022-09-17 00:00,,,0.0100395,0.0620238,0,0
2022-09-17 01:00,,,0.0100433,0.0620238,0,0
2022-09-17 02:00,,,0.0100402,0.0620887,0,0
2022-09-17 03:00,,,0.0100323,0.062132,0,0
2022-09-17 04:00,,,0.0100223,0.0620887,0,0
2022-09-17 05:00,,,0.0100078,0.0620238,0,0
2022-09-17 06:00,,,0.00999602,0.0619805,0,0
2022-09-17 07:00,,,0.0099849,0.0620022,0,0
2022-09-17 08:00,,,0.0099825,0.0620022,0,0
2022-09-17 09:00,,,0.00995656,0.0620455,0,0
2022-09-17 10:00,,,0.00995352,0.0619805,0,0
2022-09-17 11:00,,,0.00994074,0.0619589,0,0
2022-09-17 12:00,,,0.00994216,0.0619805,0,0
2022-09-17 13:00,,,0.00995237,0.0620022,0,0
2022-09-17 14:00,,,0.00997614,0.0620455,0,0
2022-09-17 15:00,,,0.00997569,0.0619805,0,0
2022-09-17 16:00,,,0.0100061,0.0618939,0,0
2022-09-17 17:00,,,0.0100113,0.0616775,0,0
2022-09-17 18:00,,,0.0100324,0.0613528,0,0
2022-09-17 19:00,,,0.0100698,0.0611147,0,0
2022-09-17 20:00,,,0.010133,0.060855,0,0
2022-09-17 21:00,,,0.0101879,0.0605303,0,0
2022-09-17 22:00,,,0.0102372,0.0602489,0,0
2022-09-17 23:00,,,0.010281,0.0600108,0,0
2022-09-18 00:00,,,0.0103141,0.0597294,0,0
2022-09-18 01:00,,,0.0103455,0.0595346,0,0
2022-09-18 02:00,,,0.0103628,0.0592749,0,0
2022-09-18 03:00,,,0.0103921,0.0589719,0,0
2022-09-18 04:00,,,0.0104063,0.0586688,0,0
2022-09-18 05:00,,,0.0104275,0.0582576,0,0
2022-09-18 06:00,,,0.0104547,0.0578463,0,0
2022-09-18 07:00,,,0.0104718,0.0573918,0,0
2022-09-18 08:00,,,0.010511,0.0568723,0,0
2022-09-18 09:00,,,0.0105473,0.0562879,0,0
2022-09-18 10:00,,,0.0105675,0.0557251,0,0
2022-09-18 11:00,,,0.0105739,0.055119,0,0
2022-09-18 12:00,,,0.0106049,0.0545346,0,0
2022-09-18 13:00,,,0.0106464,0.0539719,0,0
2022-09-18 14:00,,,0.0107185,0.0533874,0,0
2022-09-18 15:00,,,0.0107612,0.052803,0,0
2022-09-18 16:00,,,0.0107943,0.0523701,0,0
2022-09-18 17:00,,,0.010829,0.0519805,0,0
2022-09-18 18:00,,,0.0108731,0.0516342,0,0
2022-09-18 19:00,,,0.0109185,0.051158,0,0
2022-09-18 20:00,,,0.0109727,0.0507251,0,0
2022-09-18 21:00,,,0.0110534,0.0504383,0,0
2022-09-18 22:00,,,0.011096,0.0501353,0,0
2022-09-18 23:00,,,0.0111417,0.0497457,0,0
2022-09-19 00:00,,,0.0111513,0.0496699,0,0
2022-09-19 01:00,,,0.0111946,0.0498431,0,0
2022-09-19 02:00,,,0.0112297,0.0499729,0,0
2022-09-19 03:00,,,0.0112656,0.0500595,0,0
2022-09-19 04:00,,,0.0113096,0.0501677,0,0
2022-09-19 05:00,,,0.0113544,0.0502327,0,0
2022-09-19 06:00,,,0.0113888,0.0503193,0,0
2022-09-19 07:00,,,0.0113969,0.0503842,0,0
2022-09-19 08:00,,,0.0113508,0.0504275,0,0
2022-09-19 09:00,,,0.0113007,0.0504275,0,0
2022-09-19 10:00,,,0.0112823,0.0504708,0,0
2022-09-19 11:00,,,0.0112687,0.0505357,0,0
2022-09-19 12:00,,,0.0112469,0.0506439,0,0
2022-09-19 13:00,,,0.0112332,0.0507089,0,0
2022-09-19 14:00,,,0.0112231,0.0507522,0,0
2022-09-19 15:00,,,0.0111935,0.0507738,0,0
2022-09-19 16:00,,,0.0111259,0.0507522,0,0
2022-09-19 17:00,,,0.0110887,0.0507305,0,0
2022-09-19 18:00,,,0.0110385,0.0506656,0,0
2022-09-19 19:00,,,0.010985,0.0506223,0,0
2022-09-19 20:00,,,0.0109532,0.0506439,0,0
2022-09-19 21:00,,,0.0109545,0.0506439,0,0
2022-09-19 22:00,,,0.0109408,0.0506872,0,0
2022-09-19 23:00,,,0.0109194,0.0506656,0,0
2022-09-20 00:00,,,0.0110112,0.0506006,0,0
2022-09-20 01:00,,,0.0110061,0.0505574,0,0
2022-09-20 02:00,,,0.011019,0.0504924,0,0
2022-09-20 03:00,,,0.0110388,0.0504275,0,0
2022-09-20 04:00,,,0.0110748,0.0504275,0,0
2022-09-20 05:00,,,0.0110901,0.0504978,0,0
2022-09-20 06:00,,,0.0111167,0.0506494,0,0
2022-09-20 07:00,,,0.0111341,0.0508442,0,0
2022-09-20 08:00,,,0.0110795,0.0510823,0,0
2022-09-20 09:00,,,0.0110005,0.051342,0,0
2022-09-20 10:00,,,0.0109224,0.0515368,0,0
2022-09-20 11:00,,,0.0108432,0.05171,0,0
2022-09-20 12:00,,,0.0107784,0.0518398,0,0
2022-09-20 13:00,,,0.0107497,0.0519697,0,0
2022-09-20 14:00,,,0.0107122,0.0520779,0,0
2022-09-20 15:00,,,0.0106526,0.0521861,0,0
2022-09-20 16:00,,,0.0105691,0.0523377,0,0
2022-09-20 17:00,,,0.0105196,0.0524892,0,0
2022-09-20 18:00,,,0.0104703,0.052619,0,0
2022-09-20 19:00,,,0.0104505,0.0527273,0,0
2022-09-20 20:00,,,0.0104519,0.0528355,0,0
2022-09-20 21:00,,,0.010475,0.0529654,0,0
2022-09-20 22:00,,,0.0104781,0.0530736,0,0
2022-09-20 23:00,,,0.0104497,0.0531602,0,0
2022-09-21 00:00,,,0.0104547,0.0532684,0,0
2022-09-21 01:00,,,0.0104176,0.0533766,0,0
2022-09-21 02:00,,,0.0103847,0.0534416,0,0
2022-09-21 03:00,,,0.0103379,0.0535065,0,0
2022-09-21 04:00,,,0.0102998,0.0535498,0,0
2022-09-21 05:00,,,0.0102557,0.0535714,0,0
2022-09-21 06:00,,,0.0102036,0.0535714,0,0
2022-09-21 07:00,,,0.0101481,0.0535281,0,0
2022-09-21 08:00,,,0.0100269,0.0534199,0,0
2022-09-21 09:00,,,0.00988971,0.05329,0,0
2022-09-21 10:00,,,0.0097751,0.0531602,0,0
2022-09-21 11:00,,,0.00966846,0.0530087,0,0
2022-09-21 12:00,,,0.00959195,0.0528355,0,0
2022-09-21 13:00,,,0.0095365,0.0526407,0,0
2022-09-21 14:00,,,0.00948961,0.0524242,0,0
2022-09-21 15:00,,,0.00945437,0.0521861,0,0
2022-09-21 16:00,,,0.00943338,0.0520346,0,0
2022-09-21 17:00,,,0.00942393,0.0518831,0,0
2022-09-21 18:00,,,0.00946147,0.0517749,0,0
2022-09-21 19:00,,,0.00953838,0.0516667,0,0
2022-09-21 20:00,,,0.00970228,0.0514935,0,0
2022-09-21 21:00,,,0.00990455,0.0513203,0,0
2022-09-21 22:00,,,0.0101546,0.0511688,0,0
2022-09-21 23:00,,,0.0104786,0.051039,0,0
2022-09-22 00:00,,,0.0108852,0.0508658,0,0
2022-09-22 01:00,,,0.0114008,0.0506926,0,0
2022-09-22 02:00,,,0.0119873,0.0505411,0,0
2022-09-22 03:00,,,0.0126355,0.050368,0,0
2022-09-22 04:00,,,0.0133724,0.0503463,0,0
2022-09-22 05:00,,,0.0137172,0.05079,0,0
2022-09-22 06:00,,,0.0140327,0.0524134,0,0
2022-09-22 07:00,,,0.0142271,0.053474,0,0
2022-09-22 08:00,,,0.0143135,0.05421,0,0
2022-09-22 09:00,,,0.0143295,0.054513,0,0
2022-09-22 10:00,,,0.0143136,0.0546861,0,0
2022-09-22 11:00,,,0.0143134,0.0548593,0,0
2022-09-22 12:00,,,0.0142939,0.0549946,0,0
2022-09-22 13:00,,,0.0142597,0.0551677,0,0
2022-09-22 14:00,,,0.0142763,0.0552489,0,0
2022-09-22 15:00,,,0.0142896,0.0553571,0,0
2022-09-22 16:00,,,0.0142935,0.0553139,0,0
2022-09-22 17:00,,,0.014273,0.055184,0,0
2022-09-22 18:00,,,0.0142156,0.0550162,0,0
2022-09-22 19:00,,,0.0141844,0.0549297,0,0
2022-09-22 20:00,,,0.014113,0.0547781,0,0
2022-09-22 21:00,,,0.0140448,0.054605,0,0
2022-09-22 22:00,,,0.0139731,0.0544751,0,0
2022-09-22 23:00,,,0.0139218,0.0543452,0,0
2022-09-23 00:00,,,0.0138676,0.054237,0,0
2022-09-23 01:00,,,0.0138325,0.0541288,0,0
2022-09-23 02:00,,,0.0137962,0.0540206,0,0
2022-09-23 03:00,,,0.0137655,0.0539123,0,0
2022-09-23 04:00,,,0.0137435,0.0538258,0,0
2022-09-23 05:00,,,0.0137079,0.0537392,0,0
2022-09-23 06:00,,,0.0136763,0.053631,0,0
2022-09-23 07:00,,,0.0136751,0.0535011,0,0
2022-09-23 08:00,,,0.0136534,0.0533929,0,0
2022-09-23 09:00,,,0.013629,0.0533279,0,0
2022-09-23 10:00,,,0.0136285,0.0532413,0,0
2022-09-23 11:00,,,0.013625,0.0531764,0,0
2022-09-23 12:00,,,0.013618,0.0530898,0,0
2022-09-23 13:00,,,0.0135942,0.0530032,0,0
2022-09-23 14:00,,,0.0135497,0.052895,0,0
2022-09-23 15:00,,,0.0135571,0.0527868,0,0
2022-09-23 16:00,,,0.013526,0.0527002,0,0
2022-09-23 17:00,,,0.0135538,0.0526732,0,0
2022-09-23 18:00,,,0.0134918,0.0526082,0,0
2022-09-23 19:00,,,0.0134635,0.0526353,0,0
2022-09-23 20:00,,,0.0134235,0.0527219,0,0
2022-09-23 21:00,,,0.0133758,0.0528301,0,0
2022-09-23 22:00,,,0.013344,0.0529383,0,0
2022-09-23 23:00,,,0.0133259,0.0530898,0,0
2022-09-24 00:00,,,0.0132949,0.0532413,0,0
2022-09-24 01:00,,,0.0132771,0.0533929,0,0
2022-09-24 02:00,,,0.0132846,0.0535227,0,0
2022-09-24 03:00,,,0.0132806,0.0536093,0,0
2022-09-24 04:00,,,0.0132903,0.0536959,0,0
2022-09-24 05:00,,,0.0132997,0.0537608,0,0
2022-09-24 06:00,,,0.0132957,0.0538474,0,0
2022-09-24 07:00,,,0.0133011,0.0539123,0,0
2022-09-24 08:00,,,0.0132982,0.0539773,0,0
2022-09-24 09:00,,,0.0133097,0.0541288,0,0
2022-09-24 10:00,,,0.013322,0.0542803,0,0
2022-09-24 11:00,,,0.0133079,0.0543669,0,0
2022-09-24 12:00,,,0.0132807,0.0544318,0,0
2022-09-24 13:00,,,0.0132955,0.0544968,0,0
2022-09-24 14:00,,,0.0133019,0.05454,0,0
2022-09-24 15:00,,,0.013329,0.0545833,0,0
2022-09-24 16:00,,,0.0133032,0.0545833,0,0
2022-09-24 17:00,,,0.0132744,0.0544968,0,0
2022-09-24 18:00,,,0.0132456,0.0544535,0,0
2022-09-24 19:00,,,0.0131908,0.0544535,0,0
2022-09-24 20:00,,,0.0131686,0.0544318,0,0
2022-09-24 21:00,,,0.0131101,0.0544102,0,0
2022-09-24 22:00,,,0.0131216,0.0545184,0,0
2022-09-24 23:00,,,0.013122,0.0546266,0,0
2022-09-25 00:00,,,0.0130886,0.0547132,0,0
2022-09-25 01:00,,,0.0130942,0.0547781,0,0
2022-09-25 02:00,,,0.0131246,0.0547781,0,0
2022-09-25 03:00,,,0.0131193,0.0547781,0,0
2022-09-25 04:00,,,0.0131165,0.0547781,0,0
2022-09-25 05:00,,,0.0131021,0.0547998,0,0
2022-09-25 06:00,,,0.0130848,0.0547565,0,0
2022-09-25 07:00,,,0.0130644,0.0547132,0,0
2022-09-25 08:00,,,0.0130569,0.0546699,0,0
2022-09-25 09:00,,,0.01305,0.054605,0,0
2022-09-25 10:00,,,0.0130819,0.0545184,0,0
2022-09-25 11:00,,,0.0131136,0.0544102,0,0
2022-09-25 12:00,,,0.0131291,0.0544318,0,0
2022-09-25 13:00,,,0.0131182,0.0545833,0,0
2022-09-25 14:00,,,0.0130943,0.0548431,0,0
2022-09-25 15:00,,,0.0130699,0.0551677,0,0
2022-09-25 16:00,,,0.0130672,0.055579,0,0
2022-09-25 17:00,,,0.0130839,0.0557955,0,0
2022-09-25 18:00,,,0.0130877,0.0560335,0,0
2022-09-25 19:00,,,0.0130683,0.0562933,0,0
2022-09-25 20:00,,,0.0130576,0.0565963,0,0
2022-09-25 21:00,,,0.0130501,0.0568561,0,0
2022-09-25 22:00,,,0.0129295,0.0565747,0,0
2022-09-25 23:00,,,0.012877,0.05625,0,0
2022-09-26 00:00,,,0.0128305,0.0558604,0,0
2022-09-26 01:00,,,0.012748,0.0554491,0,0
2022-09-26 02:00,,,0.0127026,0.0551677,0,0
2022-09-26 03:00,,,0.012636,0.0548647,0,0
2022-09-26 04:00,,,0.0125556,0.0548431,0,0
2022-09-26 05:00,,,0.0124594,0.0547998,0,0
2022-09-26 06:00,,,0.0124031,0.0546483,0,0
2022-09-26 07:00,,,0.0123785,0.05454,0,0
2022-09-26 08:00,,,0.0123382,0.0543669,0,0
2022-09-26 09:00,,,0.0123094,0.0543236,0,0
2022-09-26 10:00,,,0.0122495,0.054237,0,0
2022-09-26 11:00,,,0.0122198,0.0541071,0,0
2022-09-26 12:00,,,0.0121822,0.0539989,0,0
2022-09-26 13:00,,,0.0121626,0.053869,0,0
2022-09-26 14:00,,,0.0121757,0.0537608,0,0
2022-09-26 15:00,,,0.0121818,0.0536526,0,0
2022-09-26 16:00,,,0.012183,0.0535444,0,0
2022-09-26 17:00,,,0.0121818,0.0534361,0,0
2022-09-26 18:00,,,0.0121773,0.0533279,0,0
2022-09-26 19:00,,,0.0121712,0.0531981,0,0
2022-09-26 20:00,,,0.012167,0.0531331,0,0
2022-09-26 21:00,,,0.012126,0.0530249,0,0
2022-09-26 22:00,,,0.0121171,0.0529383,0,0
2022-09-26 23:00,,,0.0121096,0.0527652,0,0
2022-09-27 00:00,,,0.0120886,0.0525487,0,0
2022-09-27 01:00,,,0.0120661,0.0523106,0,0
2022-09-27 02:00,,,0.0120431,0.0521374,0,0
2022-09-27 03:00,,,0.0120213,0.0519859,0,0
2022-09-27 04:00,,,0.0119875,0.0518344,0,0
2022-09-27 05:00,,,0.0119665,0.0516396,0,0
2022-09-27 06:00,,,0.0119413,0.0514015,0,0
2022-09-27 07:00,,,0.0119136,0.0514015,0,0
2022-09-27 08:00,,,0.0118822,0.0513799,0,0
2022-09-27 09:00,,,0.0118737,0.0513582,0,0
2022-09-27 10:00,,,0.0118686,0.0513149,0,0
2022-09-27 11:00,,,0.0118586,0.0512284,0,0
2022-09-27 12:00,,,0.0118214,0.0511634,0,0
2022-09-27 13:00,,,0.0117796,0.0511201,0,0
2022-09-27 14:00,,,0.0117534,0.0510768,0,0
2022-09-27 15:00,,,0.0117336,0.0510119,0,0
2022-09-27 16:00,,,0.011749,0.050947,0,0
2022-09-27 17:00,,,0.0117357,0.050882,0,0
2022-09-27 18:00,,,0.0117316,0.0508387,0,0
2022-09-27 19:00,,,0.0117251,0.0508171,0,0
2022-09-27 20:00,,,0.011716,0.0507955,0,0
2022-09-27 21:00,,,0.0116865,0.0507955,0,0
2022-09-27 22:00,,,0.0116588,0.0507955,0,0
2022-09-27 23:00,,,0.0116531,0.0508171,0,0
2022-09-28 00:00,,,0.011719,0.0508387,0,0
2022-09-28 01:00,,,0.0117366,0.050882,0,0
2022-09-28 02:00,,,0.0117586,0.0509253,0,0
2022-09-28 03:00,,,0.011801,0.0509686,0,0
2022-09-28 04:00,,,0.0118356,0.0510119,0,0
2022-09-28 05:00,,,0.0118645,0.0510552,0,0
2022-09-28 06:00,,,0.0119027,0.0510985,0,0
2022-09-28 07:00,,,0.0119434,0.0511201,0,0
2022-09-28 08:00,,,0.0119772,0.0511201,0,0
2022-09-28 09:00,,,0.0120296,0.0510985,0,0
2022-09-28 10:00,,,0.0120584,0.0510768,0,0
2022-09-28 11:00,,,0.0121096,0.0510119,0,0
2022-09-28 12:00,,,0.0121355,0.0509686,0,0
2022-09-28 13:00,,,0.0121636,0.0509253,0,0
2022-09-28 14:00,,,0.0121978,0.050947,0,0
2022-09-28 15:00,,,0.012211,0.0509686,0,0
2022-09-28 16:00,,,0.0121856,0.050947,0,0
2022-09-28 17:00,,,0.0121783,0.0509037,0,0
2022-09-28 18:00,,,0.0122092,0.0508604,0,0
2022-09-28 19:00,,,0.012218,0.0507955,0,0
2022-09-28 20:00,,,0.0122249,0.0507522,0,0
2022-09-28 21:00,,,0.0122506,0.0507305,0,0
2022-09-28 22:00,,,0.012255,0.0507089,0,0
2022-09-28 23:00,,,0.0122837,0.0507305,0,0
2022-09-29 00:00,,,0.012294,0.0507305,0,0
2022-09-29 01:00,,,0.0122864,0.0507089,0,0
2022-09-29 02:00,,,0.0122861,0.0506872,0,0
2022-09-29 03:00,,,0.0122858,0.0506872,0,0
2022-09-29 04:00,,,0.0122726,0.0506872,0,0
2022-09-29 05:00,,,0.0122585,0.0506872,0,0
2022-09-29 06:00,,,0.0122322,0.0506656,0,0
2022-09-29 07:00,,,0.0122651,0.0505574,0,0
2022-09-29 08:00,,,0.0122771,0.0504708,0,0
2022-09-29 09:00,,,0.0122806,0.0504058,0,0
2022-09-29 10:00,,,0.0122999,0.0503842,0,0
2022-09-29 11:00,,,0.0123138,0.0503626,0,0
2022-09-29 12:00,,,0.012363,0.0503409,0,0
2022-09-29 13:00,,,0.0123967,0.0503409,0,0
2022-09-29 14:00,,,0.0123838,0.0503193,0,0
2022-09-29 15:00,,,0.0123768,0.050276,0,0
2022-09-29 16:00,,,0.0123792,0.0502976,0,0
2022-09-29 17:00,,,0.0123563,0.050276,0,0
2022-09-29 18:00,,,0.0123661,0.050276,0,0
2022-09-29 19:00,,,0.0123547,0.0502976,0,0
2022-09-29 20:00,,,0.0123939,0.0504275,0,0
2022-09-29 21:00,,,0.0124431,0.0506223,0,0
2022-09-29 22:00,,,0.0124801,0.0507522,0,0
2022-09-29 23:00,,,0.0124875,0.050882,0,0
2022-09-30 00:00,,,0.0125175,0.0509686,0,0
2022-09-30 01:00,,,0.0125085,0.0510552,0,0
2022-09-30 02:00,,,0.0124942,0.0511418,0,0
2022-09-30 03:00,,,0.0124869,0.0512284,0,0
2022-09-30 04:00,,,0.012472,0.0512933,0,0
2022-09-30 05:00,,,0.0124623,0.0513582,0,0
2022-09-30 06:00,,,0.0124368,0.0514015,0,0
2022-09-30 07:00,,,0.0124112,0.0514448,0,0
2022-09-30 08:00,,,0.0123849,0.0514448,0,0
2022-09-30 09:00,,,0.012358,0.0514448,0,0
2022-09-30 10:00,,,0.0123487,0.0514448,0,0
2022-09-30 11:00,,,0.0123438,0.0514665,0,0
2022-09-30 12:00,,,0.0123169,0.051553,0,0
2022-09-30 13:00,,,0.0123213,0.0516396,0,0
2022-09-30 14:00,,,0.0123255,0.0517478,0,0
2022-09-30 15:00,,,0.0123189,0.0518344,0,0
2022-09-30 16:00,,,0.0123376,0.0519426,0,0
2022-09-30 17:00,,,0.0123029,0.0520292,0,0
2022-09-30 18:00,,,0.0122775,0.0521158,0,0
2022-09-30 19:00,,,0.0122321,0.0520942,0,0
2022-09-30 20:00,,,0.0122108,0.0519859,0,0
2022-09-30 21:00,,,0.0121926,0.0518344,0,0
2022-09-30 22:00,,,0.0121576,0.0517045,0,0
2022-09-30 23:00,,,0.0121423,0.051618,0,0
2022-10-01 00:00,,,0.0120881,0.051553,0,0
2022-10-01 01:00,,,0.0120784,0.0515097,0,0
2022-10-01 02:00,,,0.0120442,0.0514665,0,0
2022-10-01 03:00,,,0.0120417,0.0514448,0,0
2022-10-01 04:00,,,0.0120278,0.0514448,0,0
2022-10-01 05:00,,,0.0120087,0.0514665,0,0
2022-10-01 06:00,,,0.012001,0.0514665,0,0
2022-10-01 07:00,,,0.0119964,0.0514665,0,0
2022-10-01 08:00,,,0.0119964,0.0514448,0,0
2022-10-01 09:00,,,0.011976,0.0513799,0,0
2022-10-01 10:00,,,0.011939,0.05125,0,0
2022-10-01 11:00,,,0.0119408,0.0510985,0,0
2022-10-01 12:00,,,0.011919,0.0509037,0,0
2022-10-01 13:00,,,0.0118592,0.0506223,0,0
2022-10-01 14:00,,,0.0118221,0.0503409,0,0
2022-10-01 15:00,,,0.0117478,0.0500595,0,0
2022-10-01 16:00,,,0.0116821,0.0497565,0,0
2022-10-01 17:00,,,0.0115743,0.0494318,0,0
2022-10-01 18:00,,,0.0114111,0.0487175,0,0
2022-10-01 19:00,,,0.011191,0.0475271,0,0
2022-10-01 20:00,,,0.0108868,0.045947,0,0
2022-10-01 21:00,,,0.0105711,0.0441721,0,0
2022-10-01 22:00,,,0.0101722,0.0420942,0,0
2022-10-01 23:00,,,0.00978915,0.0402706,0,0
2022-10-02 00:00,,,0.00941318,0.0402489,0,0
2022-10-02 01:00,,,0.00905086,0.0402489,0,0
2022-10-02 02:00,,,0.00869978,0.0402273,0,0
2022-10-02 03:00,,,0.00841737,0.0402056,0,0
2022-10-02 04:00,,,0.00817776,0.040184,0,0
2022-10-02 05:00,,,0.00807406,0.0401623,0,0
2022-10-02 06:00,,,0.00802436,0.0401407,0,0
2022-10-02 07:00,,,0.00796871,0.040119,0,0
2022-10-02 08:00,,,0.00789724,0.0400974,0,0
2022-10-02 09:00,,,0.00785042,0.0400758,0,0
2022-10-02 10:00,,,0.00779613,0.0400541,0,0
2022-10-02 11:00,,,0.00773047,0.0400108,0,0
2022-10-02 12:00,,,0.00765049,0.0399459,0,0
2022-10-02 13:00,,,0.0076041,0.039881,0,0
2022-10-02 14:00,,,0.00757346,0.039816,0,0
2022-10-02 15:00,,,0.00755554,0.0397511,0,0
2022-10-02 16:00,,,0.00754986,0.0396861,0,0
2022-10-02 17:00,,,0.00755071,0.0396212,0,0
2022-10-02 18:00,,,0.00756213,0.0395563,0,0
2022-10-02 19:00,,,0.00761469,0.0394913,0,0
2022-10-02 20:00,,,0.00763556,0.0394264,0,0
2022-10-02 21:00,,,0.00766624,0.0393615,0,0
2022-10-02 22:00,,,0.00766374,0.0393182,0,0
2022-10-02 23:00,,,0.00765583,0.0392749,0,0
2022-10-03 00:00,,,0.00764256,0.0392316,0,0
2022-10-03 01:00,,,0.00763152,0.0391883,0,0
2022-10-03 02:00,,,0.00761362,0.039145,0,0
2022-10-03 03:00,,,0.0076047,0.0391017,0,0
2022-10-03 04:00,,,0.00758115,0.0390584,0,0
2022-10-03 05:00,,,0.00755547,0.0389935,0,0
2022-10-03 06:00,,,0.00752226,0.0389286,0,0
2022-10-03 07:00,,,0.00747251,0.0388636,0,0
2022-10-03 08:00,,,0.00744008,0.0387987,0,0
2022-10-03 09:00,,,0.007449,0.0387338,0,0
2022-10-03 10:00,,,0.00747866,0.0386472,0,0
2022-10-03 11:00,,,0.00748462,0.0385606,0,0
2022-10-03 12:00,,,0.00746914,0.038474,0,0
2022-10-03 13:00,,,0.00746042,0.0383874,0,0
2022-10-03 14:00,,,0.00745058,0.0383009,0,0
2022-10-03 15:00,,,0.00747219,0.0382143,0,0
2022-10-03 16:00,,,0.0074841,0.0381277,0,0
2022-10-03 17:00,,,0.00750631,0.0380411,0,0
2022-10-03 18:00,,,0.00750713,0.0379329,0,0
2022-10-03 19:00,,,0.00750846,0.0378247,0,0
2022-10-03 20:00,,,0.00750095,0.0377165,0,0
2022-10-03 21:00,,,0.00751461,0.0376082,0,0
2022-10-03 22:00,,,0.007518,0.0375,0,0
2022-10-03 23:00,,,0.00753308,0.0373918,0,0
2022-10-04 00:00,,,0.00752726,0.0380411,0,0
2022-10-04 01:00,,,0.00752637,0.0389502,0,0
2022-10-04 02:00,,,0.00753875,0.0399026,0,0
2022-10-04 03:00,,,0.007534,0.0407468,0,0
2022-10-04 04:00,,,0.00755097,0.0415693,0,0
2022-10-04 05:00,,,0.00755476,0.0422835,0,0
2022-10-04 06:00,,,0.00754516,0.0430844,0,0
2022-10-04 07:00,,,0.00754283,0.0440152,0,0
2022-10-04 08:00,,,0.00755284,0.0449242,0,0
2022-10-04 09:00,,,0.0075314,0.0458117,0,0
2022-10-04 10:00,,,0.00751639,0.0466775,0,0
2022-10-04 11:00,,,0.00749151,0.0475216,0,0
2022-10-04 12:00,,,0.00747055,0.0483442,0,0
2022-10-04 13:00,,,0.00745958,0.0491883,0,0
2022-10-04 14:00,,,0.00747978,0.0499892,0,0
2022-10-04 15:00,,,0.00748411,0.05079,0,0
2022-10-04 16:00,,,0.00748404,0.0515476,0,0
2022-10-04 17:00,,,0.00749492,0.0523268,0,0
2022-10-04 18:00,,,0.00750413,0.0531277,0,0
2022-10-04 19:00,,,0.00747247,0.0539935,0,0
2022-10-04 20:00,,,0.00746954,0.0549459,0,0
2022-10-04 21:00,,,0.00748246,0.0558117,0,0
2022-10-04 22:00,,,0.00747821,0.0565693,0,0
2022-10-04 23:00,,,0.0074875,0.0573052,0,0
2022-10-05 00:00,,,0.00752513,0.0581061,0,0
2022-10-05 01:00,,,0.00753934,0.0589286,0,0
2022-10-05 02:00,,,0.00753734,0.0597565,0,0
2022-10-05 03:00,,,0.00752631,0.0606656,0,0
2022-10-05 04:00,,,0.00753564,0.0616342,0,0
2022-10-05 05:00,,,0.00753493,0.0626082,0,0
2022-10-05 06:00,,,0.00751719,0.0634307,0,0
2022-10-05 07:00,,,0.00751253,0.0641937,0,0
2022-10-05 08:00,,,0.00753834,0.0650325,0,0
2022-10-05 09:00,,,0.00757808,0.065855,0,0
2022-10-05 10:00,,,0.00763732,0.0667641,0,0
2022-10-05 11:00,,,0.0076785,0.0677814,0,0
2022-10-05 12:00,,,0.0077469,0.0688203,0,0
2022-10-05 13:00,,,0.00780442,0.0698377,0,0
2022-10-05 14:00,,,0.00789099,0.0709416,0,0
2022-10-05 15:00,,,0.00798152,0.0720022,0,0
2022-10-05 16:00,,,0.0080912,0.0729762,0,0
2022-10-05 17:00,,,0.00820232,0.0739286,0,0
2022-10-05 18:00,,,0.0082912,0.0749459,0,0
2022-10-05 19:00,,,0.00837252,0.0758983,0,0
2022-10-05 20:00,,,0.00845791,0.0771591,0,0
2022-10-05 21:00,,,0.00855088,0.0784578,0,0
2022-10-05 22:00,,,0.00865943,0.0796916,0,0
2022-10-05 23:00,,,0.00874453,0.080882,0,0
2022-10-06 00:00,,,0.00885819,0.0820509,0,0
2022-10-06 01:00,,,0.00895458,0.0830898,0,0
2022-10-06 02:00,,,0.00904356,0.0841288,0,0
2022-10-06 03:00,,,0.00913702,0.0852327,0,0
2022-10-06 04:00,,,0.00923321,0.08625,0,0
2022-10-06 05:00,,,0.00932133,0.0872673,0,0
2022-10-06 06:00,,,0.00940486,0.0882413,0,0
2022-10-06 07:00,,,0.00947711,0.0892154,0,0
2022-10-06 08:00,,,0.00958469,0.0901894,0,0
2022-10-06 09:00,,,0.00968513,0.09125,0,0
2022-10-06 10:00,,,0.00980424,0.0923539,0,0
2022-10-06 11:00,,,0.00990148,0.0933929,0,0
2022-10-06 12:00,,,0.0100021,0.0944318,0,0
2022-10-06 13:00,,,0.0101068,0.0954491,0,0
2022-10-06 14:00,,,0.010237,0.0965314,0,0
2022-10-06 15:00,,,0.0103833,0.0976353,0,0
2022-10-06 16:00,,,0.0105247,0.0986742,0,0
2022-10-06 17:00,,,0.0106692,0.0997565,0,0
2022-10-06 18:00,,,0.0108259,0.100882,0,0
2022-10-06 19:00,,,0.0110109,0.102073,0,0
2022-10-06 20:00,,,0.011181,0.103263,0,0
2022-10-06 21:00,,,0.0113271,0.104432,0,0
2022-10-06 22:00,,,0.0114598,0.105644,0,0
2022-10-06 23:00,,,0.0115805,0.106813,0,0
2022-10-07 00:00,,,0.0117116,0.108003,0,0
2022-10-07 01:00,,,0.0118371,0.109172,0,0
2022-10-07 02:00,,,0.0119718,0.110319,0,0
2022-10-07 03:00,,,0.0121162,0.111423,0,0
2022-10-07 04:00,,,0.0122591,0.11257,0,0
2022-10-07 05:00,,,0.0124098,0.113696,0,0
2022-10-07 06:00,,,0.0125547,0.1148,0,0
2022-10-07 07:00,,,0.0127044,0.115925,0,0
2022-10-07 08:00,,,0.0129114,0.117137,0,0
2022-10-07 09:00,,,0.0131235,0.118371,0,0
2022-10-07 10:00,,,0.013335,0.119605,0,0
2022-10-07 11:00,,,0.0135423,0.120817,0,0
2022-10-07 12:00,,,0.0137611,0.121943,0,0
2022-10-07 13:00,,,0.0139692,0.123047,0,0
2022-10-07 14:00,,,0.01419,0.124107,0,0
2022-10-07 15:00,,,0.0143971,0.125103,0,0
2022-10-07 16:00,,,0.0145921,0.12612,0,0
2022-10-07 17:00,,,0.0148101,0.127073,0,0
2022-10-07 18:00,,,0.0150553,0.128176,0,0
2022-10-07 19:00,,,0.0152994,0.12928,0,0
2022-10-07 20:00,,,0.0154929,0.130363,0,0
2022-10-07 21:00,,,0.015692,0.131402,0,0
2022-10-07 22:00,,,0.0158952,0.132397,0,0
2022-10-07 23:00,,,0.0160916,0.133371,0,0
2022-10-08 00:00,,,0.0163109,0.13441,0,0
2022-10-08 01:00,,,0.0164943,0.135384,0,0
2022-10-08 02:00,,,0.0166922,0.136315,0,0
2022-10-08 03:00,,,0.0168769,0.137246,0,0
2022-10-08 04:00,,,0.0170663,0.138133,0,0
2022-10-08 05:00,,,0.0172613,0.138999,0,0
2022-10-08 06:00,,,0.0174586,0.139756,0,0
2022-10-08 07:00,,,0.0176206,0.140557,0,0
2022-10-08 08:00,,,0.0177557,0.141358,0,0
2022-10-08 09:00,,,0.0178607,0.141726,0,0
2022-10-08 10:00,,,0.0179819,0.142051,0,0
2022-10-08 11:00,,,0.0180772,0.142202,0,0
2022-10-08 12:00,,,0.0181391,0.142181,0,0
2022-10-08 13:00,,,0.0181327,0.142116,0,0
2022-10-08 14:00,,,0.018122,0.141856,0,0
2022-10-08 15:00,,,0.01807,0.14164,0,0
2022-10-08 16:00,,,0.0179875,0.14125,0,0
2022-10-08 17:00,,,0.0178901,0.140601,0,0
2022-10-08 18:00,,,0.0177192,0.139756,0,0
2022-10-08 19:00,,,0.0175254,0.138609,0,0
2022-10-08 20:00,,,0.0172971,0.137289,0,0
2022-10-08 21:00,,,0.0170564,0.13586,0,0
2022-10-08 22:00,,,0.0168011,0.13428,0,0
2022-10-08 23:00,,,0.0165245,0.1327,0,0
2022-10-09 00:00,,,0.0163052,0.130947,0,0
2022-10-09 01:00,,,0.0160904,0.129107,0,0
2022-10-09 02:00,,,0.0159063,0.127267,0,0
2022-10-09 03:00,,,0.0157662,0.125427,0,0
2022-10-09 04:00,,,0.0156711,0.123501,0,0
2022-10-09 05:00,,,0.0154587,0.121596,0,0
2022-10-09 06:00,,,0.0152634,0.1198,0,0
2022-10-09 07:00,,,0.0150733,0.11809,0,0
2022-10-09 08:00,,,0.0149244,0.116575,0,0
2022-10-09 09:00,,,0.0147995,0.115168,0,0
2022-10-09 10:00,,,0.0146848,0.113891,0,0
2022-10-09 11:00,,,0.0145629,0.112765,0,0
2022-10-09 12:00,,,0.0144886,0.111834,0,0
2022-10-09 13:00,,,0.0144665,0.110947,0,0
2022-10-09 14:00,,,0.014422,0.110124,0,0
2022-10-09 15:00,,,0.0144032,0.109345,0,0
2022-10-09 16:00,,,0.0143963,0.108588,0,0
2022-10-09 17:00,,,0.0144206,0.107873,0,0
2022-10-09 18:00,,,0.0143965,0.107246,0,0
2022-10-09 19:00,,,0.0144026,0.106618,0,0
2022-10-09 20:00,,,0.0144264,0.106012,0,0
2022-10-09 21:00,,,0.0144155,0.105298,0,0
2022-10-09 22:00,,,0.0143936,0.104583,0,0
2022-10-09 23:00,,,0.0143806,0.103847,0,0
2022-10-10 00:00,,,0.0143285,0.103176,0,0
2022-10-10 01:00,,,0.0142828,0.102462,0,0
2022-10-10 02:00,,,0.0141882,0.101726,0,0
2022-10-10 03:00,,,0.0141142,0.100947,0,0
2022-10-10 04:00,,,0.0140259,0.100124,0,0
2022-10-10 05:00,,,0.0139118,0.0993019,0,0
2022-10-10 06:00,,,0.0137918,0.0984361,0,0
2022-10-10 07:00,,,0.0136357,0.0976136,0,0
2022-10-10 08:00,,,0.0135162,0.0967695,0,0
2022-10-10 09:00,,,0.0133842,0.0959686,0,0
2022-10-10 10:00,,,0.0132617,0.0951461,0,0
2022-10-10 11:00,,,0.0131492,0.0943669,0,0
2022-10-10 12:00,,,0.0130457,0.0936526,0,0
2022-10-10 13:00,,,0.0129388,0.0928301,0,0
2022-10-10 14:00,,,0.0128331,0.0919859,0,0
2022-10-10 15:00,,,0.0126998,0.0909903,0,0
2022-10-10 16:00,,,0.0125654,0.0900162,0,0
2022-10-10 17:00,,,0.012442,0.0890855,0,0
2022-10-10 18:00,,,0.0123224,0.0881548,0,0
2022-10-10 19:00,,,0.012192,0.087224,0,0
2022-10-10 20:00,,,0.0120772,0.0862608,0,0
2022-10-10 21:00,,,0.011956,0.0852868,0,0
2022-10-10 22:00,,,0.0118714,0.0843344,0,0
2022-10-10 23:00,,,0.0117917,0.0833387,0,0
2022-10-11 00:00,,,0.0117197,0.0823864,0,0
2022-10-11 01:00,,,0.011642,0.0813907,0,0
2022-10-11 02:00,,,0.0115622,0.08046,0,0
2022-10-11 03:00,,,0.0114983,0.0796374,0,0
2022-10-11 04:00,,,0.0114183,0.0788366,0,0
2022-10-11 05:00,,,0.0113533,0.0780574,0,0
2022-10-11 06:00,,,0.0112998,0.0772998,0,0
2022-10-11 07:00,,,0.0112674,0.0765206,0,0
2022-10-11 08:00,,,0.0112112,0.0756548,0,0
2022-10-11 09:00,,,0.0111615,0.0748106,0,0
2022-10-11 10:00,,,0.0111143,0.0739881,0,0
2022-10-11 11:00,,,0.0110363,0.0731656,0,0
2022-10-11 12:00,,,0.0109451,0.0722781,0,0
2022-10-11 13:00,,,0.0108844,0.0714123,0,0
2022-10-11 14:00,,,0.0107636,0.0706331,0,0
2022-10-11 15:00,,,0.0106919,0.0699188,0,0
2022-10-11 16:00,,,0.0106334,0.0692262,0,0
2022-10-11 17:00,,,0.0105675,0.068447,0,0
2022-10-11 18:00,,,0.010471,0.0676028,0,0
2022-10-11 19:00,,,0.0104322,0.0667587,0,0
2022-10-11 20:00,,,0.0103645,0.0658712,0,0
2022-10-11 21:00,,,0.0102677,0.0650595,0,0
2022-10-11 22:00,,,0.0101863,0.0642803,0,0
2022-10-11 23:00,,,0.010114,0.0635227,0,0
2022-10-12 00:00,,,0.010044,0.0627219,0,0
2022-10-12 01:00,,,0.00997532,0.0619426,0,0
2022-10-12 02:00,,,0.00995135,0.0611634,0,0
2022-10-12 03:00,,,0.00991483,0.0602543,0,0
2022-10-12 04:00,,,0.00986739,0.0593236,0,0
2022-10-12 05:00,,,0.00983031,0.0584578,0,0
2022-10-12 06:00,,,0.0098281,0.0576569,0,0
2022-10-12 07:00,,,0.00981,0.0567911,0,0
2022-10-12 08:00,,,0.00979512,0.055882,0,0
2022-10-12 09:00,,,0.00974538,0.0549297,0,0
2022-10-12 10:00,,,0.00969238,0.0540422,0,0
2022-10-12 11:00,,,0.00966793,0.0532413,0,0
2022-10-12 12:00,,,0.00964862,0.0524729,0,0
2022-10-12 13:00,,,0.00965937,0.0516937,0,0
2022-10-12 14:00,,,0.009646,0.0508712,0,0
2022-10-12 15:00,,,0.00962511,0.0499405,0,0
2022-10-12 16:00,,,0.00958252,0.0490097,0,0
2022-10-12 17:00,,,0.00951034,0.0480357,0,0
2022-10-12 18:00,,,0.00949709,0.0470833,0,0
2022-10-12 19:00,,,0.00953279,0.0461093,0,0
2022-10-12 20:00,,,0.0095499,0.0451353,0,0
2022-10-12 21:00,,,0.00953752,0.0442045,0,0
2022-10-12 22:00,,,0.00950508,0.0432522,0,0
2022-10-12 23:00,,,0.00948052,0.0423647,0,0
2022-10-13 00:00,,,0.00943668,0.0414556,0,0
2022-10-13 01:00,,,0.00938531,0.0406439,0,0
2022-10-13 02:00,,,0.00936154,0.040276,0,0
2022-10-13 03:00,,,0.00934413,0.0403409,0,0
2022-10-13 04:00,,,0.00931367,0.0403842,0,0
2022-10-13 05:00,,,0.00928406,0.0404275,0,0
2022-10-13 06:00,,,0.00930149,0.0404708,0,0
2022-10-13 07:00,,,0.00931749,0.0405141,0,0
2022-10-13 08:00,,,0.00930313,0.0405574,0,0
2022-10-13 09:00,,,0.00931642,0.0406006,0,0
2022-10-13 10:00,,,0.00929715,0.0406656,0,0
2022-10-13 11:00,,,0.00932302,0.0407522,0,0
2022-10-13 12:00,,,0.00936324,0.0407955,0,0
2022-10-13 13:00,,,0.00938779,0.0407738,0,0
2022-10-13 14:00,,,0.0094005,0.0407738,0,0
2022-10-13 15:00,,,0.0094116,0.0407738,0,0
2022-10-13 16:00,,,0.00942854,0.0407955,0,0
2022-10-13 17:00,,,0.00943355,0.0408387,0,0
2022-10-13 18:00,,,0.00948058,0.040882,0,0
2022-10-13 19:00,,,0.00947479,0.0409686,0,0
2022-10-13 20:00,,,0.0094855,0.0410552,0,0
2022-10-13 21:00,,,0.0094693,0.0411418,0,0
2022-10-13 22:00,,,0.00948069,0.04125,0,0
2022-10-13 23:00,,,0.00951622,0.0413582,0,0
2022-10-14 00:00,,,0.00950767,0.0414665,0,0
2022-10-14 01:00,,,0.0095302,0.041553,0,0
2022-10-14 02:00,,,0.009551,0.0416396,0,0
2022-10-14 03:00,,,0.00957017,0.0417262,0,0
2022-10-14 04:00,,,0.00962025,0.0418128,0,0
2022-10-14 05:00,,,0.00966248,0.041921,0,0
2022-10-14 06:00,,,0.00969936,0.0420509,0,0
2022-10-14 07:00,,,0.00976994,0.0422024,0,0
2022-10-14 08:00,,,0.00980675,0.0423972,0,0
2022-10-14 09:00,,,0.00981308,0.0426136,0,0
2022-10-14 10:00,,,0.0098068,0.0429167,0,0
2022-10-14 11:00,,,0.0098705,0.0431764,0,0
2022-10-14 12:00,,,0.00992633,0.0434361,0,0
2022-10-14 13:00,,,0.00995421,0.0436526,0,0
2022-10-14 14:00,,,0.00998355,0.0438907,0,0
2022-10-14 15:00,,,0.0100137,0.0441071,0,0
2022-10-14 16:00,,,0.010059,0.0443452,0,0
2022-10-14 17:00,,,0.0101307,0.04454,0,0
2022-10-14 18:00,,,0.0102212,0.0447132,0,0
2022-10-14 19:00,,,0.0102479,0.0448214,0,0
2022-10-14 20:00,,,0.0102693,0.0448864,0,0
2022-10-14 21:00,,,0.0102836,0.044908,0,0
2022-10-14 22:00,,,0.0102858,0.0449297,0,0
2022-10-14 23:00,,,0.0103049,0.0449297,0,0
2022-10-15 00:00,,,0.0102874,0.0449513,0,0
2022-10-15 01:00,,,0.0102687,0.0449729,0,0
2022-10-15 02:00,,,0.0102349,0.0449729,0,0
2022-10-15 03:00,,,0.010226,0.0449729,0,0
2022-10-15 04:00,,,0.0102176,0.0449513,0,0
2022-10-15 05:00,,,0.0102173,0.044908,0,0
2022-10-15 06:00,,,0.0102154,0.0448647,0,0
2022-10-15 07:00,,,0.0101956,0.0448214,0,0
2022-10-15 08:00,,,0.0101252,0.0447998,0,0
2022-10-15 09:00,,,0.0101281,0.0447781,0,0
2022-10-15 10:00,,,0.0101108,0.0447348,0,0
2022-10-15 11:00,,,0.0100852,0.0446483,0,0
2022-10-15 12:00,,,0.0100465,0.0445617,0,0
2022-10-15 13:00,,,0.0100282,0.0444535,0,0
2022-10-15 14:00,,,0.00998858,0.0443019,0,0
2022-10-15 15:00,,,0.00996699,0.0441504,0,0
2022-10-15 16:00,,,0.00994324,0.0439773,0,0
2022-10-15 17:00,,,0.00994155,0.0437825,0,0
2022-10-15 18:00,,,0.00996363,0.0435877,0,0
2022-10-15 19:00,,,0.0099584,0.0434578,0,0
2022-10-15 20:00,,,0.00995099,0.0433496,0,0
2022-10-15 21:00,,,0.00992884,0.0433063,0,0
2022-10-15 22:00,,,0.00985887,0.0432846,0,0
2022-10-15 23:00,,,0.00981934,0.043263,0,0
2022-10-16 00:00,,,0.00978656,0.0432413,0,0
2022-10-16 01:00,,,0.00972813,0.0432413,0,0
2022-10-16 02:00,,,0.00970157,0.043263,0,0
2022-10-16 03:00,,,0.00966459,0.0433063,0,0
2022-10-16 04:00,,,0.00964881,0.0433496,0,0
2022-10-16 05:00,,,0.00962589,0.0433929,0,0
2022-10-16 06:00,,,0.00963734,0.0434578,0,0
2022-10-16 07:00,,,0.00959635,0.0435227,0,0
2022-10-16 08:00,,,0.0095624,0.043566,0,0
2022-10-16 09:00,,,0.0095233,0.0435877,0,0
2022-10-16 10:00,,,0.00952152,0.0435877,0,0
2022-10-16 11:00,,,0.0095559,0.0435877,0,0
2022-10-16 12:00,,,0.0095305,0.0435444,0,0
2022-10-16 13:00,,,0.00950737,0.0435444,0,0
2022-10-16 14:00,,,0.0095062,0.043566,0,0
2022-10-16 15:00,,,0.00949412,0.0436093,0,0
2022-10-16 16:00,,,0.00949517,0.0436526,0,0
2022-10-16 17:00,,,0.00951119,0.0437175,0,0
2022-10-16 18:00,,,0.00954286,0.0438041,0,0
2022-10-16 19:00,,,0.00954366,0.0438474,0,0
2022-10-16 20:00,,,0.00953077,0.0438907,0,0
2022-10-16 21:00,,,0.00948158,0.043934,0,0
2022-10-16 22:00,,,0.00943735,0.0439773,0,0
2022-10-16 23:00,,,0.00937558,0.0439773,0,0
2022-10-17 00:00,,,0.00932187,0.0439773,0,0
2022-10-17 01:00,,,0.00927258,0.0439989,0,0
2022-10-17 02:00,,,0.00922156,0.0440206,0,0
2022-10-17 03:00,,,0.00917315,0.0440422,0,0
2022-10-17 04:00,,,0.00913061,0.0440639,0,0
2022-10-17 05:00,,,0.00907577,0.0440855,0,0
2022-10-17 06:00,,,0.0090492,0.0440855,0,0
2022-10-17 07:00,,,0.00902427,0.0440855,0,0
2022-10-17 08:00,,,0.00887406,0.0441071,0,0
2022-10-17 09:00,,,0.00871764,0.0441071,0,0
2022-10-17 10:00,,,0.00859113,0.0440855,0,0
2022-10-17 11:00,,,0.00849186,0.0440639,0,0
2022-10-17 12:00,,,0.00837747,0.0441071,0,0
2022-10-17 13:00,,,0.00826507,0.0441504,0,0
2022-10-17 14:00,,,0.00816876,0.0441504,0,0
2022-10-17 15:00,,,0.00806306,0.0441937,0,0
2022-10-17 16:00,,,0.00799148,0.044237,0,0
2022-10-17 17:00,,,0.00789509,0.0442803,0,0
2022-10-17 18:00,,,0.00781645,0.0443452,0,0
2022-10-17 19:00,,,0.00780825,0.0444102,0,0
2022-10-17 20:00,,,0.00779015,0.0444318,0,0
2022-10-17 21:00,,,0.00779735,0.0444535,0,0
2022-10-17 22:00,,,0.00776248,0.0444751,0,0
2022-10-17 23:00,,,0.0077119,0.0444968,0,0
2022-10-18 00:00,,,0.00768184,0.04454,0,0
2022-10-18 01:00,,,0.00764777,0.0445833,0,0
2022-10-18 02:00,,,0.00761131,0.0446266,0,0
2022-10-18 03:00,,,0.00757256,0.0446699,0,0
2022-10-18 04:00,,,0.00754601,0.0447132,0,0
2022-10-18 05:00,,,0.00750876,0.0447565,0,0
2022-10-18 06:00,,,0.00749575,0.0448647,0,0
2022-10-18 07:00,,,0.00745978,0.0449729,0,0
2022-10-18 08:00,,,0.00743117,0.0450595,0,0
2022-10-18 09:00,,,0.00745333,0.0451461,0,0
2022-10-18 10:00,,,0.00745219,0.045211,0,0
2022-10-18 11:00,,,0.00745385,0.0452543,0,0
2022-10-18 12:00,,,0.00747136,0.0453193,0,0
2022-10-18 13:00,,,0.00745755,0.0453409,0,0
2022-10-18 14:00,,,0.00744876,0.0453409,0,0
2022-10-18 15:00,,,0.00742573,0.0453193,0,0
2022-10-18 16:00,,,0.0074075,0.0452976,0,0
2022-10-18 17:00,,,0.00737821,0.0452976,0,0
2022-10-18 18:00,,,0.00736879,0.0452976,0,0
2022-10-18 19:00,,,0.00732106,0.0452543,0,0
2022-10-18 20:00,,,0.0073208,0.045276,0,0
2022-10-18 21:00,,,0.00733826,0.0452543,0,0
2022-10-18 22:00,,,0.0073474,0.0452327,0,0
2022-10-18 23:00,,,0.00735293,0.045211,0,0
2022-10-19 00:00,,,0.00734208,0.0451677,0,0
2022-10-19 01:00,,,0.00735783,0.0451245,0,0
2022-10-19 02:00,,,0.00735448,0.0450812,0,0
2022-10-19 03:00,,,0.00737795,0.0450379,0,0
2022-10-19 04:00,,,0.00739868,0.0450162,0,0
2022-10-19 05:00,,,0.00740422,0.0450162,0,0
2022-10-19 06:00,,,0.00741568,0.0450162,0,0
2022-10-19 07:00,,,0.00739172,0.0450162,0,0
2022-10-19 08:00,,,0.00734788,0.0450379,0,0
2022-10-19 09:00,,,0.00735196,0.0450595,0,0
2022-10-19 10:00,,,0.00734533,0.0450379,0,0
2022-10-19 11:00,,,0.00734474,0.0449946,0,0
2022-10-19 12:00,,,0.0073573,0.0449729,0,0
2022-10-19 13:00,,,0.00734456,0.0449297,0,0
2022-10-19 14:00,,,0.00733214,0.0448431,0,0
2022-10-19 15:00,,,0.0073263,0.0447781,0,0
2022-10-19 16:00,,,0.00730622,0.0446483,0,0
2022-10-19 17:00,,,0.00729319,0.04454,0,0
2022-10-19 18:00,,,0.00726484,0.0444535,0,0
2022-10-19 19:00,,,0.00722203,0.0443885,0,0
2022-10-19 20:00,,,0.00720334,0.0443452,0,0
2022-10-19 21:00,,,0.00721022,0.0443019,0,0
2022-10-19 22:00,,,0.00720971,0.0442803,0,0
2022-10-19 23:00,,,0.00721625,0.044237,0,0
2022-10-20 00:00,,,0.00723262,0.0441937,0,0
2022-10-20 01:00,,,0.00725137,0.0441504,0,0
2022-10-20 02:00,,,0.00725836,0.0441071,0,0
2022-10-20 03:00,,,0.00724992,0.0440855,0,0
2022-10-20 04:00,,,0.0072648,0.0440855,0,0
2022-10-20 05:00,,,0.00726913,0.0440855,0,0
2022-10-20 06:00,,,0.0072538,0.0440855,0,0
2022-10-20 07:00,,,0.0072323,0.0440855,0,0
2022-10-20 08:00,,,0.00722428,0.0440855,0,0
2022-10-20 09:00,,,0.00719601,0.0440855,0,0
2022-10-20 10:00,,,0.00719916,0.0440855,0,0
2022-10-20 11:00,,,0.00717138,0.0440639,0,0
2022-10-20 12:00,,,0.00714626,0.0441071,0,0
2022-10-20 13:00,,,0.00714887,0.0441504,0,0
2022-10-20 14:00,,,0.00716194,0.0441937,0,0
2022-10-20 15:00,,,0.00718368,0.0442154,0,0
2022-10-20 16:00,,,0.00721492,0.0441721,0,0
2022-10-20 17:00,,,0.00720747,0.0441288,0,0
2022-10-20 18:00,,,0.00719458,0.0441071,0,0
2022-10-20 19:00,,,0.00718396,0.0440639,0,0
2022-10-20 20:00,,,0.0071871,0.0440206,0,0
2022-10-20 21:00,,,0.00718386,0.0439773,0,0
2022-10-20 22:00,,,0.00719961,0.043934,0,0
2022-10-20 23:00,,,0.00719646,0.043869,0,0
2022-10-21 00:00,,,0.0072297,0.0438041,0,0
2022-10-21 01:00,,,0.00719572,0.0437825,0,0
2022-10-21 02:00,,,0.00718254,0.0438041,0,0
2022-10-21 03:00,,,0.00716956,0.0438258,0,0
2022-10-21 04:00,,,0.0071328,0.0438474,0,0
2022-10-21 05:00,,,0.00712771,0.043869,0,0
2022-10-21 06:00,,,0.00713276,0.0438907,0,0
2022-10-21 07:00,,,0.00712826,0.0439123,0,0
2022-10-21 08:00,,,0.00715083,0.0439123,0,0
2022-10-21 09:00,,,0.00717732,0.043934,0,0
2022-10-21 10:00,,,0.00720141,0.0439556,0,0
2022-10-21 11:00,,,0.00720866,0.0439989,0,0
2022-10-21 12:00,,,0.007208,0.0440422,0,0
2022-10-21 13:00,,,0.00722464,0.0441071,0,0
2022-10-21 14:00,,,0.00723874,0.0441721,0,0
2022-10-21 15:00,,,0.00723934,0.0442587,0,0
2022-10-21 16:00,,,0.00726575,0.0443452,0,0
2022-10-21 17:00,,,0.0072549,0.0444318,0,0
2022-10-21 18:00,,,0.00724745,0.0445184,0,0
2022-10-21 19:00,,,0.00729208,0.0446266,0,0
2022-10-21 20:00,,,0.00732418,0.0447998,0,0
2022-10-21 21:00,,,0.00733108,0.0450162,0,0
2022-10-21 22:00,,,0.00732728,0.0452327,0,0
2022-10-21 23:00,,,0.00734481,0.0454708,0,0
2022-10-22 00:00,,,0.00740149,0.0457089,0,0
2022-10-22 01:00,,,0.00744633,0.045947,0,0
2022-10-22 02:00,,,0.00747622,0.0461634,0,0
2022-10-22 03:00,,,0.00752868,0.0464015,0,0
2022-10-22 04:00,,,0.00752673,0.046618,0,0
2022-10-22 05:00,,,0.00756951,0.0468128,0,0
2022-10-22 06:00,,,0.00761411,0.0470076,0,0
2022-10-22 07:00,,,0.00769996,0.0473485,0,0
2022-10-22 08:00,,,0.00780858,0.0478247,0,0
2022-10-22 09:00,,,0.00789802,0.0483225,0,0
2022-10-22 10:00,,,0.00798266,0.048842,0,0
2022-10-22 11:00,,,0.00803213,0.0492965,0,0
2022-10-22 12:00,,,0.00809308,0.0497944,0,0
2022-10-22 13:00,,,0.00817508,0.0502056,0,0
2022-10-22 14:00,,,0.00824842,0.0506169,0,0
2022-10-22 15:00,,,0.00832636,0.0510281,0,0
2022-10-22 16:00,,,0.00840405,0.0514394,0,0
2022-10-22 17:00,,,0.00848904,0.0518723,0,0
2022-10-22 18:00,,,0.00859791,0.0523052,0,0
2022-10-22 19:00,,,0.00866509,0.0526948,0,0
2022-10-22 20:00,,,0.00876344,0.0530844,0,0
2022-10-22 21:00,,,0.00878645,0.0534091,0,0
2022-10-22 22:00,,,0.00880209,0.0537338,0,0
2022-10-22 23:00,,,0.00886429,0.0540801,0,0
2022-10-23 00:00,,,0.00893429,0.0544481,0,0
2022-10-23 01:00,,,0.00899756,0.0547511,0,0
2022-10-23 02:00,,,0.00907094,0.0550541,0,0
2022-10-23 03:00,,,0.00911395,0.0553355,0,0
2022-10-23 04:00,,,0.00914925,0.0556169,0,0
2022-10-23 05:00,,,0.0092111,0.0559416,0,0
2022-10-23 06:00,,,0.00928802,0.0562662,0,0
2022-10-23 07:00,,,0.00936437,0.0566126,0,0
2022-10-23 08:00,,,0.00944874,0.0569805,0,0
2022-10-23 09:00,,,0.0095341,0.0578084,0,0
2022-10-23 10:00,,,0.00963563,0.0589123,0,0
2022-10-23 11:00,,,0.00973193,0.0600162,0,0
2022-10-23 12:00,,,0.00984158,0.0611851,0,0
2022-10-23 13:00,,,0.0100015,0.0623539,0,0
2022-10-23 14:00,,,0.0101333,0.0634794,0,0
2022-10-23 15:00,,,0.0103062,0.06454,0,0
2022-10-23 16:00,,,0.0104747,0.0656439,0,0
2022-10-23 17:00,,,0.0105902,0.0667478,0,0
2022-10-23 18:00,,,0.0107162,0.0682792,0,0
2022-10-23 19:00,,,0.0108839,0.0697727,0,0
2022-10-23 20:00,,,0.0110407,0.0712229,0,0
2022-10-23 21:00,,,0.0112327,0.0726732,0,0
2022-10-23 22:00,,,0.0114252,0.074145,0,0
2022-10-23 23:00,,,0.0116446,0.0755736,0,0
2022-10-24 00:00,,,0.011889,0.0769589,0,0
2022-10-24 01:00,,,0.0121413,0.0782792,0,0
2022-10-24 02:00,,,0.0123793,0.079513,0,0
2022-10-24 03:00,,,0.0126211,0.0807251,0,0
2022-10-24 04:00,,,0.0128765,0.0819805,0,0
2022-10-24 05:00,,,0.0131434,0.0831926,0,0
2022-10-24 06:00,,,0.0134519,0.0844481,0,0
2022-10-24 07:00,,,0.0137775,0.0859416,0,0
2022-10-24 08:00,,,0.0140681,0.0874134,0,0
2022-10-24 09:00,,,0.0143442,0.0886688,0,0
2022-10-24 10:00,,,0.0145695,0.0897511,0,0
2022-10-24 11:00,,,0.0147544,0.0905087,0,0
2022-10-24 12:00,,,0.0149616,0.0912879,0,0
2022-10-24 13:00,,,0.0151768,0.0919589,0,0
2022-10-24 14:00,,,0.0153808,0.0926082,0,0
2022-10-24 15:00,,,0.0155922,0.0932792,0,0
2022-10-24 16:00,,,0.0157653,0.0939069,0,0
2022-10-24 17:00,,,0.0159012,0.0945563,0,0
2022-10-24 18:00,,,0.0160542,0.0950974,0,0
2022-10-24 19:00,,,0.0162358,0.0956385,0,0
2022-10-24 20:00,,,0.0163831,0.0961364,0,0
2022-10-24 21:00,,,0.0164913,0.0964827,0,0
2022-10-24 22:00,,,0.0166317,0.0967857,0,0
2022-10-24 23:00,,,0.0167424,0.0970076,0,0
2022-10-25 00:00,,,0.0168154,0.0972457,0,0
2022-10-25 01:00,,,0.0168755,0.0975054,0,0
2022-10-25 02:00,,,0.0169493,0.0977219,0,0
2022-10-25 03:00,,,0.0170344,0.09796,0,0
2022-10-25 04:00,,,0.017127,0.0981764,0,0
2022-10-25 05:00,,,0.0172007,0.0983496,0,0
2022-10-25 06:00,,,0.0172404,0.098566,0,0
2022-10-25 07:00,,,0.0172605,0.0988258,0,0
2022-10-25 08:00,,,0.0172762,0.0990855,0,0
2022-10-25 09:00,,,0.0172939,0.0993669,0,0
2022-10-25 10:00,,,0.0173601,0.0995617,0,0
2022-10-25 11:00,,,0.0173671,0.0996916,0,0
2022-10-25 12:00,,,0.0173412,0.0997565,0,0
2022-10-25 13:00,,,0.0173476,0.0998431,0,0
2022-10-25 14:00,,,0.0173402,0.099908,0,0
2022-10-25 15:00,,,0.0173304,0.100016,0,0
2022-10-25 16:00,,,0.0173181,0.100141,0,0
2022-10-25 17:00,,,0.0173503,0.1004,0,0
2022-10-25 18:00,,,0.0173662,0.10066,0,0
2022-10-25 19:00,,,0.0174205,0.100855,0,0
2022-10-25 20:00,,,0.0174484,0.100942,0,0
2022-10-25 21:00,,,0.0174683,0.10105,0,0
2022-10-25 22:00,,,0.0174755,0.101158,0,0
2022-10-25 23:00,,,0.0175005,0.101288,0,0
2022-10-26 00:00,,,0.0175412,0.101418,0,0
2022-10-26 01:00,,,0.0175819,0.101613,0,0
2022-10-26 02:00,,,0.0176529,0.101786,0,0
2022-10-26 03:00,,,0.0177128,0.101916,0,0
2022-10-26 04:00,,,0.0177609,0.102024,0,0
2022-10-26 05:00,,,0.0178463,0.102132,0,0
2022-10-26 06:00,,,0.0179162,0.102219,0,0
2022-10-26 07:00,,,0.0180183,0.10224,0,0
2022-10-26 08:00,,,0.0181242,0.102262,0,0
2022-10-26 09:00,,,0.0182316,0.102305,0,0
2022-10-26 10:00,,,0.0183437,0.102262,0,0
2022-10-26 11:00,,,0.0184283,0.102132,0,0
2022-10-26 12:00,,,0.0184646,0.101937,0,0
2022-10-26 13:00,,,0.0185403,0.101634,0,0
2022-10-26 14:00,,,0.0185562,0.101223,0,0
2022-10-26 15:00,,,0.0184844,0.100812,0,0
2022-10-26 16:00,,,0.0183428,0.100227,0,0
2022-10-26 17:00,,,0.0180996,0.0994264,0,0
2022-10-26 18:00,,,0.0177022,0.0982576,0,0
2022-10-26 19:00,,,0.0171442,0.0968344,0,0
2022-10-26 20:00,,,0.0164086,0.0951028,0,0
2022-10-26 21:00,,,0.0155461,0.0930682,0,0
2022-10-26 22:00,,,0.0146721,0.0908604,0,0
2022-10-26 23:00,,,0.0137234,0.0885606,0,0
2022-10-27 00:00,,,0.0127987,0.0862879,0,0
2022-10-27 01:00,,,0.0119317,0.0840152,0,0
2022-10-27 02:00,,,0.0111006,0.0817208,0,0
2022-10-27 03:00,,,0.0103287,0.0794264,0,0
2022-10-27 04:00,,,0.00964045,0.077132,0,0
2022-10-27 05:00,,,0.00901365,0.0749026,0,0
2022-10-27 06:00,,,0.00854632,0.0728247,0,0
2022-10-27 07:00,,,0.00813608,0.0708983,0,0
2022-10-27 08:00,,,0.00778989,0.0694264,0,0
2022-10-27 09:00,,,0.00749353,0.0681061,0,0
2022-10-27 10:00,,,0.00726776,0.066829,0,0
2022-10-27 11:00,,,0.00706152,0.0656169,0,0
2022-10-27 12:00,,,0.00687132,0.0643831,0,0
2022-10-27 13:00,,,0.00668522,0.0631494,0,0
2022-10-27 14:00,,,0.00652926,0.0619372,0,0
2022-10-27 15:00,,,0.00637701,0.0608766,0,0
2022-10-27 16:00,,,0.00651928,0.0605519,0,0
2022-10-27 17:00,,,0.00669408,0.0604221,0,0
2022-10-27 18:00,,,0.00665738,0.0602489,0,0
2022-10-27 19:00,,,0.00658792,0.060119,0,0
2022-10-27 20:00,,,0.00653427,0.0599026,0,0
2022-10-27 21:00,,,0.00648982,0.0597078,0,0
2022-10-27 22:00,,,0.00641971,0.0594913,0,0
2022-10-27 23:00,,,0.00635062,0.0592532,0,0
2022-10-28 00:00,,,0.00629921,0.0589719,0,0
2022-10-28 01:00,,,0.00621588,0.0584957,0,0
2022-10-28 02:00,,,0.00610482,0.0579978,0,0
2022-10-28 03:00,,,0.0060235,0.0574784,0,0
2022-10-28 04:00,,,0.00595106,0.0569589,0,0
2022-10-28 05:00,,,0.00588098,0.0563745,0,0
2022-10-28 06:00,,,0.00582801,0.0558117,0,0
2022-10-28 07:00,,,0.00578143,0.055119,0,0
2022-10-28 08:00,,,0.00575261,0.0544048,0,0
2022-10-28 09:00,,,0.0058916,0.053842,0,0
2022-10-28 10:00,,,0.00590389,0.0534957,0,0
2022-10-28 11:00,,,0.00594381,0.0529978,0,0
2022-10-28 12:00,,,0.00599447,0.0525,0,0
2022-10-28 13:00,,,0.00603558,0.0520671,0,0
2022-10-28 14:00,,,0.00608464,0.0515909,0,0
2022-10-28 15:00,,,0.00611728,0.0509848,0,0
2022-10-28 16:00,,,0.0062001,0.0502056,0,0
2022-10-28 17:00,,,0.0062658,0.0488636,0,0
2022-10-28 18:00,,,0.00630696,0.0475,0,0
2022-10-28 19:00,,,0.00633873,0.0461797,0,0
2022-10-28 20:00,,,0.00631125,0.0448377,0,0
2022-10-28 21:00,,,0.00628088,0.0434957,0,0
2022-10-28 22:00,,,0.00623237,0.0421753,0,0
2022-10-28 23:00,,,0.00620119,0.0408333,0,0
2022-10-29 00:00,,,0.0061589,0.0394697,0,0
2022-10-29 01:00,,,0.00613479,0.038171,0,0
2022-10-29 02:00,,,0.00610377,0.036829,0,0
2022-10-29 03:00,,,0.00612222,0.0369048,0,0
2022-10-29 04:00,,,0.00617261,0.0374026,0,0
2022-10-29 05:00,,,0.00618777,0.0375758,0,0
2022-10-29 06:00,,,0.00620215,0.0375325,0,0
2022-10-29 07:00,,,0.00623419,0.0375758,0,0
2022-10-29 08:00,,,0.00636773,0.0380844,0,0
2022-10-29 09:00,,,0.00641989,0.0381926,0,0
2022-10-29 10:00,,,0.00652614,0.038539,0,0
2022-10-29 11:00,,,0.00657992,0.0386039,0,0
2022-10-29 12:00,,,0.00668374,0.0391234,0,0
2022-10-29 13:00,,,0.00678043,0.0393831,0,0
2022-10-29 14:00,,,0.00689808,0.0399026,0,0
2022-10-29 15:00,,,0.00700277,0.040395,0,0
2022-10-29 16:00,,,0.00711963,0.0417154,0,0
2022-10-29 17:00,,,0.00728359,0.0430574,0,0
2022-10-29 18:00,,,0.00747407,0.044421,0,0
2022-10-29 19:00,,,0.0076498,0.0457846,0,0
2022-10-29 20:00,,,0.00782961,0.0471266,0,0
2022-10-29 21:00,,,0.00804098,0.0484253,0,0
2022-10-29 22:00,,,0.00828192,0.049724,0,0
2022-10-29 23:00,,,0.00843343,0.0510227,0,0
2022-10-30 00:00,,,0.00863141,0.0523214,0,0
2022-10-30 01:00,,,0.00878404,0.0536201,0,0
2022-10-30 02:00,,,0.00895386,0.0548972,0,0
2022-10-30 03:00,,,0.00911645,0.0561742,0,0
2022-10-30 04:00,,,0.00928972,0.0574513,0,0
2022-10-30 05:00,,,0.00947395,0.0587067,0,0
2022-10-30 06:00,,,0.00968746,0.0599405,0,0
2022-10-30 07:00,,,0.00990059,0.0612175,0,0
2022-10-30 08:00,,,0.0101752,0.0625379,0,0
2022-10-30 09:00,,,0.0104751,0.0641396,0,0
2022-10-30 10:00,,,0.0107884,0.0657846,0,0
2022-10-30 11:00,,,0.0111439,0.0674567,0,0
2022-10-30 12:00,,,0.0114633,0.0692316,0,0
2022-10-30 13:00,,,0.0117947,0.0710498,0,0
2022-10-30 14:00,,,0.0121862,0.0729113,0,0
2022-10-30 15:00,,,0.0125572,0.0747944,0,0
2022-10-30 16:00,,,0.012934,0.0767424,0,0
2022-10-30 17:00,,,0.013354,0.0786688,0,0
2022-10-30 18:00,,,0.0137878,0.0806169,0,0
2022-10-30 19:00,,,0.0142331,0.0826299,0,0
2022-10-30 20:00,,,0.0146444,0.0845779,0,0
2022-10-30 21:00,,,0.0151049,0.086526,0,0
2022-10-30 22:00,,,0.0155397,0.0887933,0,0
2022-10-30 23:00,,,0.015959,0.0910444,0,0
2022-10-31 00:00,,,0.0165755,0.0932955,0,0
2022-10-31 01:00,,,0.0171948,0.0955032,0,0
2022-10-31 02:00,,,0.017783,0.0977327,0,0
2022-10-31 03:00,,,0.0183701,0.0999621,0,0
2022-10-31 04:00,,,0.0190003,0.10217,0,0
2022-10-31 05:00,,,0.0196673,0.104356,0,0
2022-10-31 06:00,,,0.0201955,0.106585,0,0
2022-10-31 07:00,,,0.0207365,0.108902,0,0
2022-10-31 08:00,,,0.0213238,0.111174,0,0
2022-10-31 09:00,,,0.0219499,0.113425,0,0
2022-10-31 10:00,,,0.0225716,0.115655,0,0
2022-10-31 11:00,,,0.0231857,0.117798,0,0
2022-10-31 12:00,,,0.023805,0.119919,0,0
2022-10-31 13:00,,,0.024431,0.12204,0,0
2022-10-31 14:00,,,0.0250216,0.124118,0,0
2022-10-31 15:00,,,0.0256416,0.126153,0,0
2022-10-31 16:00,,,0.0262801,0.128166,0,0
2022-10-31 17:00,,,0.026908,0.130092,0,0
2022-10-31 18:00,,,0.0275782,0.131997,0,0
2022-10-31 19:00,,,0.028188,0.13388,0,0
2022-10-31 20:00,,,0.0287612,0.135698,0,0
2022-10-31 21:00,,,0.0292611,0.137451,0,0
2022-10-31 22:00,,,0.0297807,0.139118,0,0
2022-10-31 23:00,,,0.0302847,0.140763,0,0
2022-11-01 00:00,,,0.0298511,0.141326,0,0
2022-11-01 01:00,,,0.0294814,0.141629,0,0
2022-11-01 02:00,,,0.0291663,0.141715,0,0
2022-11-01 03:00,,,0.0288875,0.141802,0,0
2022-11-01 04:00,,,0.0286409,0.14191,0,0
2022-11-01 05:00,,,0.0284409,0.141975,0,0
2022-11-01 06:00,,,0.0281689,0.14191,0,0
2022-11-01 07:00,,,0.0279249,0.141867,0,0
2022-11-01 08:00,,,0.0277872,0.141802,0,0
2022-11-01 09:00,,,0.0276632,0.141607,0,0
2022-11-01 10:00,,,0.0275705,0.141369,0,0
2022-11-01 11:00,,,0.0274789,0.141088,0,0
2022-11-01 12:00,,,0.0273558,0.14072,0,0
2022-11-01 13:00,,,0.027315,0.140438,0,0
2022-11-01 14:00,,,0.0273008,0.1402,0,0
2022-11-01 15:00,,,0.0273006,0.140049,0,0
2022-11-01 16:00,,,0.0272986,0.139897,0,0
2022-11-01 17:00,,,0.0273497,0.139724,0,0
2022-11-01 18:00,,,0.0274278,0.139529,0,0
2022-11-01 19:00,,,0.0275413,0.139313,0,0
2022-11-01 20:00,,,0.02765,0.139248,0,0
2022-11-01 21:00,,,0.0277897,0.139356,0,0
2022-11-01 22:00,,,0.0280037,0.139637,0,0
2022-11-01 23:00,,,0.0284846,0.141174,0,0
2022-11-02 00:00,,,0.0287735,0.142646,0,0
2022-11-02 01:00,,,0.0291198,0.144226,0,0
2022-11-02 02:00,,,0.0294994,0.145828,0,0
2022-11-02 03:00,,,0.0299164,0.147386,0,0
2022-11-02 04:00,,,0.030358,0.148923,0,0
2022-11-02 05:00,,,0.0307952,0.150417,0,0
2022-11-02 06:00,,,0.0312756,0.151845,0,0
2022-11-02 07:00,,,0.031853,0.153295,0,0
2022-11-02 08:00,,,0.0325256,0.154702,0,0
2022-11-02 09:00,,,0.0332598,0.156001,0,0
2022-11-02 10:00,,,0.034029,0.157321,0,0
2022-11-02 11:00,,,0.0347883,0.158663,0,0
2022-11-02 12:00,,,0.0355574,0.159897,0,0
2022-11-02 13:00,,,0.036407,0.161044,0,0
2022-11-02 14:00,,,0.0372502,0.162127,0,0
2022-11-02 15:00,,,0.0381495,0.163036,0,0
2022-11-02 16:00,,,0.0390619,0.163815,0,0
2022-11-02 17:00,,,0.0399736,0.164399,0,0
2022-11-02 18:00,,,0.0407818,0.164616,0,0
2022-11-02 19:00,,,0.0414828,0.164464,0,0
2022-11-02 20:00,,,0.0420191,0.163945,0,0
2022-11-02 21:00,,,0.0424318,0.163339,0,0
2022-11-02 22:00,,,0.0427684,0.162538,0,0
2022-11-02 23:00,,,0.0429327,0.161629,0,0
2022-11-03 00:00,,,0.0430912,0.160676,0,0
2022-11-03 01:00,,,0.0419738,0.158534,0,0
2022-11-03 02:00,,,0.0408226,0.156174,0,0
2022-11-03 03:00,,,0.0396165,0.153642,0,0
2022-11-03 04:00,,,0.0385608,0.150936,0,0
2022-11-03 05:00,,,0.0374908,0.148187,0,0
2022-11-03 06:00,,,0.0367022,0.145611,0,0
2022-11-03 07:00,,,0.0360061,0.143209,0,0
2022-11-03 08:00,,,0.0353576,0.140893,0,0
2022-11-03 09:00,,,0.0347636,0.138642,0,0
2022-11-03 10:00,,,0.034272,0.136456,0,0
2022-11-03 11:00,,,0.0337572,0.134378,0,0
2022-11-03 12:00,,,0.0333049,0.132321,0,0
2022-11-03 13:00,,,0.0328985,0.130244,0,0
2022-11-03 14:00,,,0.0324944,0.128144,0,0
2022-11-03 15:00,,,0.0321561,0.126023,0,0
2022-11-03 16:00,,,0.0319157,0.124508,0,0
2022-11-03 17:00,,,0.0317287,0.122992,0,0
2022-11-03 18:00,,,0.0314236,0.121499,0,0
2022-11-03 19:00,,,0.0311876,0.119984,0,0
2022-11-03 20:00,,,0.0309815,0.118469,0,0
2022-11-03 21:00,,,0.0307886,0.116975,0,0
2022-11-03 22:00,,,0.0306402,0.115482,0,0
2022-11-03 23:00,,,0.0304994,0.114031,0,0
2022-11-04 00:00,,,0.0304128,0.112603,0,0
2022-11-04 01:00,,,0.0300849,0.111196,0,0
2022-11-04 02:00,,,0.0297656,0.109811,0,0
2022-11-04 03:00,,,0.0294153,0.108425,0,0
2022-11-04 04:00,,,0.0290868,0.107018,0,0
2022-11-04 05:00,,,0.0287311,0.105611,0,0
2022-11-04 06:00,,,0.0283585,0.104205,0,0
2022-11-04 07:00,,,0.0280001,0.102819,0,0
2022-11-04 08:00,,,0.027708,0.101412,0,0
2022-11-04 09:00,,,0.0273377,0.10007,0,0
2022-11-04 10:00,,,0.0270621,0.09875,0,0
2022-11-04 11:00,,,0.0267893,0.0974513,0,0
2022-11-04 12:00,,,0.0266037,0.096131,0,0
2022-11-04 13:00,,,0.0263586,0.094789,0,0
2022-11-04 14:00,,,0.0260718,0.0934686,0,0
2022-11-04 15:00,,,0.0258019,0.0921699,0,0
2022-11-04 16:00,,,0.0255417,0.0908929,0,0
2022-11-04 17:00,,,0.0251464,0.0892262,0,0
2022-11-04 18:00,,,0.0248633,0.0875379,0,0
2022-11-04 19:00,,,0.0245689,0.0859361,0,0
2022-11-04 20:00,,,0.0242937,0.0843561,0,0
2022-11-04 21:00,,,0.0240121,0.0827976,0,0
2022-11-04 22:00,,,0.023735,0.0811905,0,0
2022-11-04 23:00,,,0.0234654,0.079697,0,0
2022-11-05 00:00,,,0.0232038,0.0782468,0,0
2022-11-05 01:00,,,0.0229183,0.0768398,0,0
2022-11-05 02:00,,,0.0226589,0.0754329,0,0
2022-11-05 03:00,,,0.0223808,0.0740476,0,0
2022-11-05 04:00,,,0.0221282,0.072619,0,0
2022-11-05 05:00,,,0.0218662,0.0711688,0,0
2022-11-05 06:00,,,0.0216043,0.0697186,0,0
2022-11-05 07:00,,,0.0213597,0.0682576,0,0
2022-11-05 08:00,,,0.0210639,0.0668074,0,0
2022-11-05 09:00,,,0.0207658,0.0651407,0,0
2022-11-05 10:00,,,0.0205554,0.063539,0,0
2022-11-05 11:00,,,0.0203051,0.0619372,0,0
2022-11-05 12:00,,,0.0201761,0.0602922,0,0
2022-11-05 13:00,,,0.019989,0.059421,0,0
2022-11-05 14:00,,,0.0197787,0.0594643,0,0
2022-11-05 15:00,,,0.0196288,0.0595942,0,0
2022-11-05 16:00,,,0.0194695,0.0598106,0,0
2022-11-05 17:00,,,0.0193107,0.0600487,0,0
2022-11-05 18:00,,,0.019141,0.0602219,0,0
2022-11-05 19:00,,,0.0189634,0.0604816,0,0
2022-11-05 20:00,,,0.0188082,0.0606981,0,0
2022-11-05 21:00,,,0.0186422,0.0608279,0,0
2022-11-05 22:00,,,0.0185018,0.0610444,0,0
2022-11-05 23:00,,,0.0183634,0.061066,0,0
2022-11-06 00:00,,,0.0182315,0.061131,0,0
2022-11-06 01:00,,,0.0180888,0.0612338,0,0
2022-11-06 02:00,,,0.0179476,0.0613203,0,0
2022-11-06 03:00,,,0.0177915,0.0614935,0,0
2022-11-06 04:00,,,0.0176648,0.0615584,0,0
2022-11-06 05:00,,,0.0175323,0.0615368,0,0
2022-11-06 06:00,,,0.0173976,0.0616017,0,0
2022-11-06 07:00,,,0.0172666,0.06171,0,0
2022-11-06 08:00,,,0.0171387,0.0619481,0,0
2022-11-06 09:00,,,0.017021,0.0624026,0,0
2022-11-06 10:00,,,0.01696,0.0628355,0,0
2022-11-06 11:00,,,0.0169009,0.0631385,0,0
2022-11-06 12:00,,,0.0168584,0.0634848,0,0
2022-11-06 13:00,,,0.016806,0.0638745,0,0
2022-11-06 14:00,,,0.0167649,0.0641775,0,0
2022-11-06 15:00,,,0.0167654,0.0645455,0,0
2022-11-06 16:00,,,0.0167616,0.0648268,0,0
2022-11-06 17:00,,,0.0167869,0.0652165,0,0
2022-11-06 18:00,,,0.0167916,0.0657576,0,0
2022-11-06 19:00,,,0.0167815,0.0660823,0,0
2022-11-06 20:00,,,0.0167937,0.0665368,0,0
2022-11-06 21:00,,,0.0167817,0.0668831,0,0
2022-11-06 22:00,,,0.01676,0.0671645,0,0
2022-11-06 23:00,,,0.0167739,0.0675541,0,0
2022-11-07 00:00,,,0.0167802,0.0677273,0,0
2022-11-07 01:00,,,0.0167922,0.0679004,0,0
2022-11-07 02:00,,,0.016825,0.0682035,0,0
2022-11-07 03:00,,,0.0168739,0.0685498,0,0
2022-11-07 04:00,,,0.0169412,0.0688528,0,0
2022-11-07 05:00,,,0.0170289,0.0692208,0,0
2022-11-07 06:00,,,0.0171118,0.0694805,0,0
2022-11-07 07:00,,,0.0172252,0.0696753,0,0
2022-11-07 08:00,,,0.017419,0.0702381,0,0
2022-11-07 09:00,,,0.0176352,0.0706926,0,0
2022-11-07 10:00,,,0.0178592,0.0710173,0,0
2022-11-07 11:00,,,0.018101,0.0715801,0,0
2022-11-07 12:00,,,0.0183807,0.0720563,0,0
2022-11-07 13:00,,,0.0186674,0.0727706,0,0
2022-11-07 14:00,,,0.0189351,0.0734632,0,0
2022-11-07 15:00,,,0.0192206,0.0742857,0,0
2022-11-07 16:00,,,0.0195257,0.0750433,0,0
2022-11-07 17:00,,,0.0198465,0.0760173,0,0
2022-11-07 18:00,,,0.0201504,0.0766883,0,0
2022-11-07 19:00,,,0.0203967,0.0771212,0,0
2022-11-07 20:00,,,0.020636,0.0774026,0,0
2022-11-07 21:00,,,0.0208788,0.077619,0,0
2022-11-07 22:00,,,0.0211177,0.0779437,0,0
2022-11-07 23:00,,,0.0213624,0.0780736,0,0
2022-11-08 00:00,-2.22477,2.95264,0.0207513,0.0760173,1.93365,0.149508
2022-11-08 01:00,-0.942939,2.42115,0.0201904,0.0744156,2.362,0.209704
2022-11-08 02:00,-0.929423,1.78123,0.0196488,0.0728355,2.77447,0.174347
2022-11-08 03:00,-0.765763,1.75523,0.0191147,0.0713203,2.99476,0.138889
2022-11-08 04:00,-1.09791,1.70664,0.0186044,0.0698918,3.6051,0.100178
2022-11-08 05:00,-1.8915,2.19607,0.0181099,0.0684199,5.14738,0.133816
2022-11-08 06:00,-1.45262,2.2943,0.0176482,0.0669481,6.17427,0.177833
2022-11-08 07:00,-0.776062,1.81337,0.0172063,0.0654762,6.40665,0.15016
2022-11-08 08:00,2.00415,2.9947,0.0167912,0.063961,6.40665,0.290537
2022-11-08 09:00,0.437262,3.21983,0.0163742,0.0624459,6.40665,0.448374
2022-11-08 10:00,-0.874183,2.39825,0.0159585,0.0606061,6.40665,0.475479
2022-11-08 11:00,-0.792396,1.77826,0.0155576,0.0588745,6.40665,0.41313
2022-11-08 12:00,-1.13904,2.03846,0.0151489,0.0571537,6.40665,0.39342
2022-11-08 13:00,-1.03765,1.82087,0.0147608,0.0575216,6.40665,0.345238
2022-11-08 14:00,-0.629369,1.84743,0.0143778,0.0579329,6.40665,0.30559
2022-11-08 15:00,0.398598,1.62421,0.0140255,0.0582576,6.40665,0.238676
2022-11-08 16:00,0.14244,1.36589,0.013688,0.0586039,6.40665,0.142311
2022-11-08 17:00,-0.580947,1.5291,0.0133643,0.0589935,6.40665,0.0784172
2022-11-08 18:00,-0.269456,1.51528,0.0130467,0.0592965,6.40665,0.0189794
2022-11-08 19:00,-1.37783,2.54656,0.0127273,0.0595779,6.40665,0.109774
2022-11-08 20:00,-1.66435,2.68577,0.0124581,0.0599026,6.40665,0.210966
2022-11-08 21:00,-1.69553,2.4999,0.0122036,0.0600325,6.40665,0.276033
2022-11-08 22:00,-1.51761,2.29687,0.0119935,0.0600974,6.40665,0.306188
2022-11-08 23:00,-0.983956,2.26072,0.0119154,0.0600541,6.793,0.328269
2022-11-09 00:00,-0.761774,2.15048,0.0116249,0.0584524,7.0086,0.332719
2022-11-09 01:00,-1.70875,2.19165,0.0114158,0.0569156,8.33627,0.342483
2022-11-09 02:00,-0.845188,1.75656,0.0112238,0.0555303,8.64982,0.290396
2022-11-09 03:00,-0.931229,1.7621,0.0110713,0.0554545,9.06442,0.244294
2022-11-09 04:00,-1.198,1.76654,0.0109653,0.0560606,9.7923,0.203423
2022-11-09 05:00,-1.24812,1.97005,0.0108717,0.0564935,10.579,0.195113
2022-11-09 06:00,-1.78751,2.07412,0.0108242,0.0571645,11.9992,0.202194
2022-11-09 07:00,-1.27967,1.80044,0.0108354,0.0581818,12.823,0.170277
2022-11-09 08:00,0.270709,2.52869,0.0108931,0.0595022,12.823,0.243441
2022-11-09 09:00,-0.573386,2.80121,0.0110162,0.0609957,12.823,0.347418
2022-11-09 10:00,-1.21676,2.39428,0.0111556,0.0621645,12.823,0.384064
2022-11-09 11:00,-1.54593,2.10521,0.0112961,0.0628355,13.7068,0.376599
2022-11-09 12:00,-1.61821,2.67545,0.0114867,0.0634848,14.9282,0.449665
2022-11-09 13:00,-0.49778,3.0915,0.0117094,0.0640476,14.9282,0.573634
2022-11-09 14:00,-0.293074,1.79048,0.0119544,0.0642857,14.9282,0.50318
2022-11-09 15:00,-0.186605,1.49592,0.0122843,0.0650649,14.9282,0.398557
2022-11-09 16:00,-1.05302,1.94434,0.0126821,0.0659524,14.9282,0.367137
2022-11-09 17:00,-0.0992379,1.83895,0.0130999,0.0667532,14.9282,0.324113
2022-11-09 18:00,-0.622331,1.85064,0.0135554,0.0672944,14.9282,0.287027
2022-11-09 19:00,-0.710799,2.3967,0.0140433,0.0677706,14.9282,0.33005
2022-11-09 20:00,-1.43778,2.76125,0.0145965,0.0682468,15.2513,0.419776
2022-11-09 21:00,-1.58448,2.4289,0.0151949,0.0690043,16.4331,0.454028
2022-11-09 22:00,-0.989331,2.04703,0.015807,0.069632,16.9159,0.431428
2022-11-09 23:00,-1.14185,2.02231,0.0164606,0.0702381,17.5778,0.407629
2022-11-10 00:00,-1.64006,2.41576,0.0172026,0.0713853,18.8248,0.441257
2022-11-10 01:00,-0.0260683,1.67627,0.0169332,0.069026,18.8248,0.368061
2022-11-10 02:00,0.231934,1.00707,0.0166266,0.0680032,18.8248,0.208554
2022-11-10 03:00,0.456231,1.19467,0.0162484,0.06796,18.8248,0.091245
2022-11-10 04:00,0.0776728,1.07646,0.0159207,0.0677002,18.8248,0.030872
2022-11-10 05:00,0.170342,1.00175,0.0155614,0.0673755,18.8248,0.15123
2022-11-10 06:00,-0.431832,1.1438,0.0152161,0.066921,18.8248,0.239677
2022-11-10 07:00,-0.192049,1.37719,0.0149504,0.0664232,18.8248,0.286625
2022-11-10 08:00,1.98984,2.94782,0.0146668,0.0659037,18.8248,0.109129
2022-11-10 09:00,0.366993,2.89223,0.0143637,0.0653409,18.8248,0.0428401
2022-11-10 10:00,-0.316775,1.9541,0.0141167,0.0647565,18.8248,0.0483564
2022-11-10 11:00,-1.83577,2.70607,0.0139276,0.0641937,18.8248,0.158531
2022-11-10 12:00,0.495433,2.15822,0.0137343,0.0636797,18.8248,0.181036
2022-11-10 13:00,-0.566999,1.62749,0.0135661,0.0633333,18.8248,0.127036
2022-11-10 14:00,0.12922,1.43079,0.0134135,0.062987,18.8248,0.0509159
2022-11-10 15:00,0.458556,1.47493,0.0132851,0.062619,18.8248,0.0114169
2022-11-10 16:00,2.17097,2.85435,0.013077,0.0623701,18.8248,0.125481
2022-11-10 17:00,0.319302,1.53765,0.012978,0.062132,18.8248,0.064467
2022-11-10 18:00,0.218381,1.77273,0.012827,0.0618723,18.8248,0.0424447
2022-11-10 19:00,-0.180465,2.44178,0.0128147,0.0616775,18.8248,0.116232
2022-11-10 20:00,-0.453661,2.05478,0.0128063,0.0615043,18.8248,0.128496
2022-11-10 21:00,-0.598629,2.33824,0.0127855,0.0612879,18.8248,0.179193
2022-11-10 22:00,0.730833,1.9319,0.0127956,0.0611147,18.8248,0.167968
2022-11-10 23:00,0.497609,1.64558,0.0128466,0.0609632,18.8248,0.117806
2022-11-11 00:00,-0.0446306,1.58509,0.0129315,0.0608333,18.8248,0.0641964
2022-11-11 01:00,-0.750535,1.89206,0.0129152,0.0607251,18.8248,0.0588968
2022-11-11 02:00,0.372083,1.34278,0.0129104,0.0606169,18.8248,0.0227237
2022-11-11 03:00,0.586026,1.27849,0.0129005,0.0605087,18.8248,0.105177
2022-11-11 04:00,-0.469425,1.35801,0.0128941,0.0604004,18.8248,0.168258
2022-11-11 05:00,0.339543,1.39206,0.0128849,0.0602922,18.8248,0.220269
2022-11-11 06:00,-0.170973,1.40454,0.0128746,0.060119,18.8248,0.265332
2022-11-11 07:00,-0.314979,1.36506,0.0128427,0.0599026,18.8248,0.311412
2022-11-11 08:00,2.46053,3.69801,0.0128065,0.0596645,18.8248,0.0264765
2022-11-11 09:00,0.67825,3.13863,0.0127278,0.0593831,18.8248,0.151702
2022-11-11 10:00,0.0464428,2.35005,0.0126865,0.0591017,18.8248,0.201731
2022-11-11 11:00,0.317161,2.03171,0.0126422,0.058842,18.8248,0.202216
2022-11-11 12:00,1.3259,2.30731,0.0126804,0.0585823,18.8248,0.241213
2022-11-11 13:00,-1.13222,2.19596,0.0126686,0.0583225,18.8248,0.260732
2022-11-11 14:00,0.528454,1.7515,0.0126304,0.0580682,18.8248,0.216113
2022-11-11 15:00,0.353201,1.51991,0.0125978,0.057895,18.8248,0.143553
2022-11-11 16:00,0.180714,1.80236,0.0125323,0.0577002,18.8248,0.117768
2022-11-11 17:00,0.400233,1.77932,0.0124801,0.0575054,18.8248,0.0913375
2022-11-11 18:00,-0.601721,2.60926,0.0124054,0.0573539,18.8248,0.183669
2022-11-11 19:00,0.65194,2.62511,0.0123195,0.057224,18.8248,0.268985
2022-11-11 20:00,-0.290893,2.4899,0.0122797,0.0571374,18.8248,0.326852
2022-11-11 21:00,-0.0614281,1.89215,0.012295,0.0570292,18.8248,0.2953
2022-11-11 22:00,-0.421544,2.07452,0.0122778,0.056921,18.8248,0.292418
2022-11-11 23:00,0.274018,1.35821,0.012271,0.0568128,18.8248,0.189604
2022-11-12 00:00,-0.482096,1.9898,0.0123187,0.0567262,18.8248,0.185439
2022-11-12 01:00,-0.126193,1.61925,0.0123442,0.0566396,18.8248,0.129846
2022-11-12 02:00,-0.0580171,1.33535,0.0123549,0.056553,18.8248,0.0400912
2022-11-12 03:00,0.206527,1.27797,0.0123619,0.0564448,18.8248,0.0487162
2022-11-12 04:00,0.273199,1.15926,0.012374,0.0563582,18.8248,0.145252
2022-11-12 05:00,-0.41478,1.08901,0.0123846,0.05625,18.8248,0.241963
2022-11-12 06:00,-0.736645,1.36408,0.0123923,0.0561418,18.8248,0.290518
2022-11-12 07:00,-0.440396,1.49033,0.0123793,0.0560335,18.8248,0.316552
2022-11-12 08:00,-0.568654,1.75499,0.0123294,0.0559037,18.8248,0.302955
2022-11-12 09:00,0.482705,1.91478,0.0123119,0.0557522,18.8248,0.268361
2022-11-12 10:00,0.229567,2.04901,0.0122649,0.0556223,18.8248,0.218445
2022-11-12 11:00,-0.613984,2.2862,0.0122157,0.0555141,18.8248,0.140336
2022-11-12 12:00,-0.200766,2.02141,0.0122281,0.0553842,18.8248,0.107084
2022-11-12 13:00,-0.907337,2.25419,0.0121954,0.0552327,18.8248,0.0445887
2022-11-12 14:00,-0.0433028,1.90836,0.0121725,0.0550595,18.8248,0.0367291
2022-11-12 15:00,0.504418,1.91281,0.0121476,0.0548647,18.8248,0.0290326
2022-11-12 16:00,-0.211756,2.02445,0.0121287,0.0547132,18.8248,0.00648666
2022-11-12 17:00,0.328178,1.91019,0.0121137,0.0544968,18.8248,0.00218099
2022-11-12 18:00,-0.378422,2.22395,0.0120876,0.0542587,18.8248,0.0455933
2022-11-12 19:00,0.0677758,2.0676,0.0120658,0.0540422,18.8248,0.066714
2022-11-12 20:00,0.697154,1.89285,0.0120347,0.053869,18.8248,0.0612727
2022-11-12 21:00,-0.38439,1.90505,0.0120051,0.0536959,18.8248,0.0580836
2022-11-12 22:00,0.849882,1.8064,0.0119758,0.0535444,18.8248,0.0414104
2022-11-12 23:00,0.272296,1.53043,0.0119232,0.0534145,18.8248,0.0122065
2022-11-13 00:00,0.11307,1.32103,0.0119031,0.0533496,18.8248,0.0897598
2022-11-13 01:00,-1.33949,2.35372,0.0118806,0.0532413,18.8248,0.0150714
2022-11-13 02:00,0.730144,1.52764,0.0118842,0.0531764,18.8248,0.0634305
2022-11-13 03:00,0.26587,1.08966,0.0118757,0.0531331,18.8248,0.168232
2022-11-13 04:00,-0.156466,1.22339,0.0118797,0.0530465,18.8248,0.243844
2022-11-13 05:00,-0.773024,1.50113,0.0118835,0.0529383,18.8248,0.273035
2022-11-13 06:00,-0.319349,1.68324,0.0118929,0.0528301,18.8248,0.273827
2022-11-13 07:00,-0.525321,1.64066,0.0118921,0.0527219,18.8248,0.280498
2022-11-13 08:00,-0.384227,1.57455,0.0119141,0.0526136,18.8248,0.295752
2022-11-13 09:00,0.0893344,2.10824,0.0119162,0.0525271,18.8248,0.234811
2022-11-13 10:00,0.399473,1.93863,0.0119033,0.0524405,18.8248,0.203694
2022-11-13 11:00,0.0646115,1.85123,0.0118816,0.0523323,18.8248,0.187917
2022-11-13 12:00,-0.517994,1.85261,0.0118218,0.0522457,18.8248,0.173525
2022-11-13 13:00,-0.121322,1.69458,0.011767,0.0521591,18.8248,0.182682
2022-11-13 14:00,-0.394471,1.84008,0.0117453,0.0521158,18.8248,0.170567
2022-11-13 15:00,0.11796,1.75628,0.0117185,0.0521591,18.8248,0.171387
2022-11-13 16:00,0.0251167,2.15069,0.0117291,0.052224,18.8248,0.116943
2022-11-13 17:00,0.319185,1.84802,0.011758,0.0523539,18.8248,0.11029
2022-11-13 18:00,0.488906,1.70398,0.0117626,0.0524188,18.8248,0.124455
2022-11-13 19:00,0.108478,1.69329,0.0117754,0.0525271,18.8248,0.1387
2022-11-13 20:00,-0.456052,1.64062,0.0118202,0.0526569,18.8248,0.158889
2022-11-13 21:00,0.116242,1.67601,0.0117962,0.0527652,18.8248,0.172108
2022-11-13 22:00,-0.103426,1.69323,0.0117885,0.0528301,18.8248,0.181595
2022-11-13 23:00,-0.21652,1.41245,0.0117776,0.0528734,18.8248,0.229419
2022-11-14 00:00,-0.00202437,1.47529,0.0117424,0.052895,18.8248,0.263668
2022-11-14 01:00,-0.459389,1.68449,0.0117342,0.0529383,18.8248,0.265223
2022-11-14 02:00,-0.26451,1.33157,0.0117215,0.0529167,18.8248,0.316
2022-11-14 03:00,-0.158491,1.15702,0.0117141,0.0528517,18.8248,0.386121
2022-11-14 04:00,-0.113975,1.12669,0.0117024,0.0528301,18.8248,0.453474
2022-11-14 05:00,-0.853246,1.59559,0.0116713,0.0528084,18.8248,0.448486
2022-11-14 06:00,-0.404205,1.66182,0.01165,0.0527868,18.8248,0.434731
2022-11-14 07:00,-0.101292,2.1167,0.011652,0.0528301,18.8248,0.358707
2022-11-14 08:00,2.25976,3.80728,0.0116465,0.0529816,18.8248,0.053755
2022-11-14 09:00,-0.371909,4.39702,0.0116845,0.0530249,18.8248,0.303214
2022-11-14 10:00,-1.04037,3.15378,0.0116472,0.0530682,18.8248,0.450543
2022-11-14 11:00,-0.638413,2.31447,0.0116473,0.0530898,18.8248,0.465709
2022-11-14 12:00,-0.891672,2.01086,0.011633,0.0530898,18.8248,0.436881
2022-11-14 13:00,-1.09843,2.04077,0.0116233,0.0530465,18.8248,0.41512
2022-11-14 14:00,-0.355772,2.26315,0.0116403,0.0530032,18.8248,0.426648
2022-11-14 15:00,0.27688,1.95439,0.011667,0.0529167,18.8248,0.393823
2022-11-14 16:00,0.378913,1.80805,0.0116674,0.0528517,18.8248,0.343808
2022-11-14 17:00,-0.0581054,1.70678,0.0116731,0.0528734,18.8248,0.284625
2022-11-14 18:00,-0.816009,2.16792,0.0116765,0.0529383,18.8248,0.295878
2022-11-14 19:00,-0.112021,2.60177,0.011719,0.0530465,18.8248,0.366708
2022-11-14 20:00,-1.26036,2.64438,0.0117437,0.0531548,18.8248,0.436416
2022-11-14 21:00,-0.871152,2.20937,0.0118186,0.0531981,18.8248,0.43829
2022-11-14 22:00,-0.435119,2.0484,0.0118411,0.0532197,18.8248,0.417456
2022-11-14 23:00,-0.712909,1.91209,0.0118288,0.0532413,18.8248,0.379632
2022-11-15 00:00,-0.282674,1.95786,0.011809,0.053263,17.1383,0.351995
2022-11-15 01:00,-0.0539571,1.71167,0.0118145,0.0532846,17.1383,0.292677
2022-11-15 02:00,0.357918,1.28642,0.0118003,0.0533063,17.1383,0.179794
2022-11-15 03:00,-0.432141,1.66888,0.0117839,0.0533279,17.1383,0.131709
2022-11-15 04:00,0.050423,1.24811,0.0117696,0.0533063,17.1383,0.0295618
2022-11-15 05:00,-0.539643,1.46906,0.0117484,0.053263,17.1383,0.0314568
2022-11-15 06:00,-0.428397,1.46952,0.0117568,0.0532197,17.1383,0.0863092
2022-11-15 07:00,-0.000779676,1.34206,0.0117485,0.0531981,17.1383,0.15351
2022-11-15 08:00,1.93574,3.47389,0.0117302,0.0531548,17.1383,0.0842789
2022-11-15 09:00,0.662227,3.275,0.0117548,0.0530898,17.1383,0.270462
2022-11-15 10:00,-0.220267,2.36577,0.0117386,0.0530682,17.1383,0.310813
2022-11-15 11:00,-0.0966599,1.88057,0.0117432,0.0530682,17.1383,0.279245
2022-11-15 12:00,-0.495341,1.83365,0.0116932,0.0530682,17.1383,0.244268
2022-11-15 13:00,-1.20691,2.31324,0.0116628,0.0530682,17.1383,0.279889
2022-11-15 14:00,0.316647,2.02015,0.0116206,0.0530249,17.1383,0.270942
2022-11-15 15:00,0.511563,1.86585,0.0116049,0.0529383,17.1383,0.241301
2022-11-15 16:00,0.356414,1.69586,0.0116026,0.0528517,17.1383,0.19084
2022-11-15 17:00,0.167879,1.84818,0.0115987,0.0527652,17.1383,0.166737
2022-11-15 18:00,-0.0496924,2.10431,0.0115929,0.0527652,17.1383,0.18088
2022-11-15 19:00,-0.809022,2.88227,0.0115452,0.0528084,16.1992,0.302454
2022-11-15 20:00,-0.654731,2.47441,0.0115061,0.0528734,14.9237,0.354806
2022-11-15 21:00,-0.61136,2.00694,0.0115257,0.0529167,13.6116,0.336519
2022-11-15 22:00,0.147599,2.04326,0.0115207,0.05296,12.5084,0.325143
2022-11-15 23:00,-0.519738,1.92527,0.011519,0.0529383,12.0318,0.298395
2022-11-16 00:00,0.551088,1.74912,0.0114755,0.052895,11.8162,0.249677
2022-11-16 01:00,-0.928599,1.90484,0.0114701,0.0528734,10.4886,0.227618
2022-11-16 02:00,0.194774,1.16625,0.0114726,0.0528517,10.175,0.104427
2022-11-16 03:00,0.190196,1.4465,0.0114633,0.0528301,9.76042,0.0327647
2022-11-16 04:00,-0.0210661,1.15113,0.0114417,0.0528084,9.03255,0.0730569
2022-11-16 05:00,-0.248799,1.15808,0.0114334,0.0527652,8.24581,0.167324
2022-11-16 06:00,-0.898684,1.44831,0.011457,0.0527002,7.00438,0.211557
2022-11-16 07:00,0.525451,1.6211,0.0114746,0.0526569,7.00438,0.227192
2022-11-16 08:00,1.8989,2.73906,0.0114652,0.0526353,7.00438,0.0848475
2022-11-16 09:00,0.455356,2.96319,0.0114783,0.052592,7.00438,0.0746213
2022-11-16 10:00,-0.0334503,2.15955,0.0114621,0.0526136,6.25447,0.105704
2022-11-16 11:00,-0.172687,1.50279,0.0114867,0.0526136,5.11801,0.0417896
2022-11-16 12:00,-0.193598,1.56704,0.0114679,0.0526136,4.79055,0.00674279
2022-11-16 13:00,-0.798205,1.76952,0.0114233,0.052592,4.79055,0.0220928
2022-11-16 14:00,0.286226,1.96734,0.0114118,0.0525054,4.79055,0.00823072
2022-11-16 15:00,0.717673,1.52036,0.01139,0.0524188,4.79055,0.0582931
2022-11-16 16:00,0.125842,1.71633,0.0113843,0.0523106,4.79055,0.0759308
2022-11-16 17:00,0.636635,1.48325,0.0113696,0.0522457,4.79055,0.124415
2022-11-16 18:00,0.322622,1.63611,0.011332,0.0522457,4.7387,0.146663
2022-11-16 19:00,-0.657638,2.55137,0.0113005,0.052224,4.58296,0.0386309
2022-11-16 20:00,-0.988343,2.41382,0.0112551,0.0521807,4.06491,0.0393524
2022-11-16 21:00,-0.143661,1.98557,0.0112359,0.0520942,4.06491,0.0496207
2022-11-16 22:00,-0.0256377,1.73321,0.0112063,0.0520292,4.06491,0.0235533
2022-11-16 23:00,-0.113658,1.7345,0.0111641,0.0519859,4.06491,0.00027431
2022-11-17 00:00,-11.7326,12.4514,0.0110831,0.0519643,13.099,1.47875
2022-11-17 01:00,6.55652,6.93741,0.0110836,0.0519426,13.099,2.0379
2022-11-17 02:00,1.31303,2.00727,0.0110825,0.0519426,13.099,1.85135
2022-11-17 03:00,0.0225993,1.13987,0.0110785,0.0519426,13.099,1.56209
2022-11-17 04:00,-0.550308,1.33176,0.0110941,0.051921,13.099,1.32861
2022-11-17 05:00,-0.598608,1.36293,0.0111097,0.0519643,13.099,1.12284
2022-11-17 06:00,-0.303899,1.57722,0.0111321,0.0520076,13.099,0.967623
2022-11-17 07:00,-0.0664375,1.26254,0.0111771,0.0520725,13.099,0.783903
2022-11-17 08:00,1.68324,2.61991,0.0112448,0.0521807,13.099,0.808468
2022-11-17 09:00,0.320175,3.39734,0.0113067,0.0522673,13.099,0.939348
2022-11-17 10:00,0.301717,2.02336,0.0113604,0.0523323,13.099,0.864903
2022-11-17 11:00,-0.201796,1.46475,0.011395,0.0524188,13.099,0.719748
2022-11-17 12:00,0.164821,1.46333,0.0114316,0.0525054,13.099,0.588908
2022-11-17 13:00,-0.492096,1.67538,0.0114266,0.0525487,13.099,0.500822
2022-11-17 14:00,0.415085,1.51342,0.0114185,0.052592,13.099,0.398883
2022-11-17 15:00,-0.608008,2.11793,0.0113859,0.0526353,13.099,0.391717
2022-11-17 16:00,1.10331,1.85985,0.0113763,0.0526786,13.099,0.34916
2022-11-17 17:00,0.0153444,1.75799,0.0113925,0.0527002,13.099,0.296605
2022-11-17 18:00,0.366378,1.78863,0.0114217,0.0526786,13.099,0.253594
2022-11-17 19:00,-0.0224018,2.398,0.0113841,0.0526353,13.099,0.300141
2022-11-17 20:00,-0.551099,2.06697,0.0113399,0.052592,13.099,0.29572
2022-11-17 21:00,-0.746602,2.15483,0.0113625,0.0525487,13.099,0.304033
2022-11-17 22:00,-0.175845,1.88576,0.0113559,0.0524621,13.099,0.273868
2022-11-17 23:00,0.154265,1.83341,0.0112925,0.0523972,13.099,0.239396
2022-11-18 00:00,-0.513598,3.93265,0.0111275,0.052289,13.099,0.50208
2022-11-18 01:00,-0.848284,3.28546,0.0110608,0.052224,13.099,0.647945
2022-11-18 02:00,0.644416,1.49035,0.0109987,0.0521591,13.099,0.528067
2022-11-18 03:00,-0.125768,1.3006,0.0109392,0.0521158,13.099,0.393628
2022-11-18 04:00,0.00536901,1.58629,0.0108943,0.0520725,13.099,0.312605
2022-11-18 05:00,-0.0564595,1.26554,0.0108259,0.0520292,13.099,0.194807
2022-11-18 06:00,-0.510581,1.07018,0.0107702,0.0519859,13.099,0.0614556
2022-11-18 07:00,-0.282886,1.50395,0.0107424,0.0520076,13.099,0.00212913
2022-11-18 08:00,2.14097,3.16436,0.0107383,0.0519426,13.099,0.181047
2022-11-18 09:00,0.600888,3.1865,0.0107301,0.0518777,13.099,0.345169
2022-11-18 10:00,-0.326112,2.10776,0.0107211,0.0518344,13.099,0.341951
2022-11-18 11:00,-0.32484,1.62174,0.0107442,0.0518344,13.099,0.271055
2022-11-18 12:00,-0.280612,1.49217,0.0107506,0.0518344,13.099,0.18912
2022-11-18 13:00,-0.35994,1.99963,0.0107454,0.0518777,13.099,0.186379
2022-11-18 14:00,0.259457,1.5691,0.0107395,0.0519643,13.099,0.123675
2022-11-18 15:00,0.469019,2.0128,0.01071,0.0520509,13.099,0.129321
2022-11-18 16:00,0.827045,1.87329,0.0107168,0.0521374,13.099,0.114882
2022-11-18 17:00,0.688759,1.70233,0.010714,0.052224,13.099,0.0779682
2022-11-18 18:00,0.226059,2.0299,0.0107437,0.0523106,13.099,0.0905772
2022-11-18 19:00,0.104485,2.77103,0.0108171,0.0523972,13.099,0.205618
2022-11-18 20:00,-0.785841,2.43707,0.0108672,0.0524405,13.099,0.262429
2022-11-18 21:00,-0.0302226,1.97943,0.0108874,0.0524621,13.099,0.249531
2022-11-18 22:00,-0.312133,1.87048,0.0108937,0.0525054,13.099,0.222679
2022-11-18 23:00,-0.186772,1.80503,0.010884,0.0525487,13.099,0.189355
2022-11-19 00:00,0.592925,2.37078,0.0108389,0.0525703,13.099,0.238519
2022-11-19 01:00,-0.965774,2.12883,0.0108429,0.052592,13.099,0.248915
2022-11-19 02:00,-0.125687,1.17604,0.0108734,0.0526353,13.099,0.124963
2022-11-19 03:00,-0.107672,1.4266,0.0109001,0.0527002,13.099,0.0484635
2022-11-19 04:00,-0.330014,1.3134,0.0109318,0.0527435,13.099,0.0362243
2022-11-19 05:00,-0.417551,1.3521,0.0109627,0.0528084,13.099,0.107029
2022-11-19 06:00,-0.917432,1.51854,0.0109648,0.0528517,13.099,0.147466
2022-11-19 07:00,-0.664594,1.42484,0.010979,0.0528734,13.099,0.196969
2022-11-19 08:00,-0.720973,2.01183,0.0109957,0.0528734,13.099,0.159394
2022-11-19 09:00,0.390183,2.05798,0.0110305,0.0529167,13.099,0.119121
2022-11-19 10:00,0.242447,2.02403,0.0110451,0.0530032,13.099,0.0876243
2022-11-19 11:00,0.121225,1.60071,0.0110411,0.0530898,13.099,0.118506
2022-11-19 12:00,-0.300059,1.70649,0.0110849,0.0531548,13.099,0.131498
2022-11-19 13:00,-0.84055,2.14308,0.0111048,0.0532197,13.099,0.0821072
2022-11-19 14:00,0.210585,1.69699,0.0111023,0.0532846,13.099,0.100069
2022-11-19 15:00,0.48159,1.87223,0.0111139,0.0533496,13.099,0.0917155
2022-11-19 16:00,-0.0868309,2.04484,0.0111187,0.0533496,13.099,0.060048
2022-11-19 17:00,-0.0783282,1.99394,0.0111038,0.0534145,13.099,0.0386681
2022-11-19 18:00,0.768479,2.16683,0.0110796,0.0534578,13.099,0.00476192
2022-11-19 19:00,0.297379,1.84256,0.0110737,0.0534361,13.099,0.00152011
2022-11-19 20:00,0.0616594,1.71007,0.01106,0.0534145,13.099,0.0257105
2022-11-19 21:00,0.0832622,1.68269,0.0110728,0.0534145,13.099,0.051312
2022-11-19 22:00,0.304969,1.81203,0.0110792,0.0534361,13.099,0.0562583
2022-11-19 23:00,0.277152,1.51988,0.0110888,0.0534361,13.099,0.101585
2022-11-20 00:00,0.151799,1.74093,0.0111058,0.0534145,13.099,0.111452
2022-11-20 01:00,-0.751785,2.01529,0.0111276,0.0534794,13.099,0.0819451
2022-11-20 02:00,0.134953,1.4077,0.011135,0.0535227,13.099,0.140399
2022-11-20 03:00,0.37074,1.4678,0.0111359,0.0535444,13.099,0.184597
2022-11-20 04:00,-0.442804,1.41136,0.0111433,0.053631,13.099,0.232272
2022-11-20 05:00,0.230474,1.53153,0.0111652,0.0537392,13.099,0.258367
2022-11-20 06:00,-0.861569,1.54011,0.0111862,0.0538258,13.099,0.280652
2022-11-20 07:00,-0.344254,1.50872,0.0112131,0.0538907,13.099,0.3051
2022-11-20 08:00,-0.590995,1.45795,0.0112255,0.0540206,13.099,0.334208
2022-11-20 09:00,0.0494363,1.87805,0.011225,0.0541071,13.099,0.301627
2022-11-20 10:00,-0.250562,1.59382,0.0112332,0.0541721,13.099,0.312071
2022-11-20 11:00,-0.631997,1.69446,0.0112484,0.0542154,13.099,0.30739
2022-11-20 12:00,-0.177832,1.539,0.0112945,0.0542587,13.099,0.324927
2022-11-20 13:00,-1.35914,1.91548,0.0113356,0.0543236,13.099,0.288038
2022-11-20 14:00,-0.155356,1.68428,0.0113608,0.0543019,13.099,0.287185
2022-11-20 15:00,0.357971,1.62299,0.0113691,0.0542803,13.099,0.294992
2022-11-20 16:00,0.198978,1.59893,0.0113658,0.0542803,13.099,0.305385
2022-11-20 17:00,-0.181345,1.85527,0.0113864,0.0543019,13.099,0.278874
2022-11-20 18:00,-0.498745,1.80252,0.0114444,0.0543669,13.099,0.262394
2022-11-20 19:00,-0.549317,2.27066,0.0114668,0.0543885,13.099,0.182064
2022-11-20 20:00,-0.34136,1.98461,0.0114685,0.0543452,13.099,0.149788
2022-11-20 21:00,0.370395,1.59084,0.0114934,0.0543019,13.099,0.175833
2022-11-20 22:00,0.0249589,1.5308,0.0115185,0.0543236,13.099,0.207674
2022-11-20 23:00,-0.117863,1.61528,0.0115622,0.0543452,13.099,0.224512
2022-11-21 00:00,-0.501156,1.88527,0.0115981,0.0543885,13.099,0.20189
2022-11-21 01:00,0.174468,1.65438,0.0116282,0.0543885,13.099,0.213835
2022-11-21 02:00,0.23853,1.32094,0.011653,0.0543669,13.099,0.271238
2022-11-21 03:00,0.272274,1.2025,0.0116915,0.0543669,13.099,0.339472
2022-11-21 04:00,-0.0591876,1.17905,0.011716,0.0543452,13.099,0.404163
2022-11-21 05:00,-0.506433,1.26609,0.0117669,0.0542803,13.099,0.450208
2022-11-21 06:00,-0.314637,1.21525,0.0117902,0.0542154,13.099,0.498761
2022-11-21 07:00,0.187163,2.14682,0.0118138,0.0541288,13.099,0.412121
2022-11-21 08:00,2.44935,3.78973,0.0118607,0.0539773,13.099,0.104282
2022-11-21 09:00,0.205227,3.83071,0.0118489,0.053934,13.099,0.178507
2022-11-21 10:00,-0.855391,3.19053,0.0118767,0.0538258,13.099,0.343448
2022-11-21 11:00,-0.599665,2.31148,0.0118734,0.0538041,13.099,0.368905
2022-11-21 12:00,-0.477493,1.95244,0.0119353,0.0538474,13.099,0.341583
2022-11-21 13:00,-0.769645,2.02671,0.0119729,0.0539123,13.099,0.327384
2022-11-21 14:00,0.0257136,2.21553,0.0120209,0.0539989,13.099,0.341023
2022-11-21 15:00,0.201699,1.9832,0.0120587,0.0541504,13.099,0.320793
2022-11-21 16:00,0.302124,1.86852,0.0120829,0.0542154,13.099,0.286541
2022-11-21 17:00,0.525287,1.6411,0.01211,0.0542154,13.099,0.223894
2022-11-21 18:00,0.526051,1.76054,0.0121201,0.0541721,13.099,0.184224
2022-11-21 19:00,-0.970225,2.62766,0.0121165,0.0541721,13.099,0.269842
2022-11-21 20:00,-1.25245,2.71512,0.012153,0.0541504,13.099,0.359134
2022-11-21 21:00,-0.774077,2.21214,0.0121607,0.0541071,13.099,0.369124
2022-11-21 22:00,-0.192689,1.76204,0.0121889,0.0540855,13.099,0.315141
2022-11-21 23:00,-0.0256549,1.86514,0.0122183,0.0540639,13.099,0.28098
2022-11-22 00:00,0.151737,1.72429,0.0122358,0.0540422,13.099,0.23053
2022-11-22 01:00,-1.40206,2.16626,0.012247,0.0540206,13.099,0.24696
2022-11-22 02:00,0.30078,1.57543,0.0122827,0.0539989,13.099,0.179085
2022-11-22 03:00,0.256723,1.26571,0.0123158,0.0539773,13.099,0.0746631
2022-11-22 04:00,-0.193109,1.06951,0.0123487,0.0539989,13.099,0.0467678
2022-11-22 05:00,-0.767675,1.7039,0.0123996,0.0539989,13.099,0.0672971
2022-11-22 06:00,-0.638846,1.63659,0.0124264,0.0540206,13.099,0.0951911
2022-11-22 07:00,0.0752507,1.76281,0.0124494,0.0540422,13.099,0.102635
2022-11-22 08:00,2.84148,3.74622,0.0124454,0.0540639,13.099,0.168168
2022-11-22 09:00,0.744418,3.32587,0.0124476,0.0540855,13.099,0.353078
2022-11-22 10:00,0.0332516,2.45735,0.0124549,0.0541721,13.099,0.397982
2022-11-22 11:00,-0.254773,1.68017,0.012434,0.054237,13.099,0.329658
2022-11-22 12:00,-0.868149,1.92714,0.0124446,0.0543236,13.099,0.302721
2022-11-22 13:00,-0.433796,1.63975,0.0124805,0.0543885,13.099,0.238268
2022-11-22 14:00,0.346678,1.75601,0.012518,0.0544751,13.099,0.196526
2022-11-22 15:00,0.133249,1.72512,0.0125459,0.0545617,13.099,0.154637
2022-11-22 16:00,0.547684,1.64353,0.0125332,0.0546483,13.099,0.105521
2022-11-22 17:00,-0.397666,2.03617,0.0125409,0.0547348,13.099,0.116252
2022-11-22 18:00,0.932785,1.85077,0.0125197,0.0548431,13.099,0.0999699
2022-11-22 19:00,-0.036937,2.06051,0.0125392,0.0548864,13.099,0.114662
2022-11-22 20:00,-1.31751,2.50308,0.0125733,0.0548864,13.099,0.189805
2022-11-22 21:00,-0.38556,1.94797,0.0125841,0.0549297,13.099,0.179767
2022-11-22 22:00,-0.0765356,1.75353,0.0126027,0.0549729,13.099,0.143529
2022-11-22 23:00,0.189849,1.76048,0.0126002,0.0550595,13.099,0.111887
2022-11-23 00:00,0.37934,1.56173,0.0126169,0.0551245,13.099,0.0556008
2022-11-23 01:00,-0.657206,1.85247,0.0126193,0.0551677,13.099,0.0456219
2022-11-23 02:00,0.281513,1.59183,0.0126314,0.0551894,13.099,0.00017349
2022-11-23 03:00,0.393706,1.25318,0.012648,0.055211,13.099,0.0881101
2022-11-23 04:00,-0.0261254,1.05745,0.0126696,0.0552327,13.099,0.194951
2022-11-23 05:00,0.0963513,1.23437,0.0127057,0.0552543,13.099,0.266354
2022-11-23 06:00,-0.851435,1.71519,0.0127217,0.0552976,13.099,0.263344
2022-11-23 07:00,0.37305,1.46704,0.0127231,0.0552976,13.099,0.295356
2022-11-23 08:00,1.75797,3.16888,0.0127426,0.0552976,13.099,0.0860575
2022-11-23 09:00,0.852918,2.91098,0.0127694,0.0552976,13.099,0.0662282
2022-11-23 10:00,-0.518177,2.28359,0.0127723,0.055276,13.099,0.115506
2022-11-23 11:00,0.128059,1.52252,0.0127924,0.0552327,13.099,0.0533718
2022-11-23 12:00,-0.532636,1.70259,0.0128535,0.0552327,13.099,0.022646
2022-11-23 13:00,-0.738149,1.93547,0.0128879,0.0552327,13.099,0.0275745
2022-11-23 14:00,-0.212798,1.79928,0.0129379,0.0552543,13.099,0.0129564
2022-11-23 15:00,0.538954,1.58645,0.0130217,0.055276,13.099,0.029978
2022-11-23 16:00,0.424599,1.43462,0.0130764,0.0553193,13.099,0.0898608
2022-11-23 17:00,0.0825919,1.5174,0.0131202,0.0553409,13.099,0.132175
2022-11-23 18:00,-0.301589,1.76659,0.0131881,0.0553193,13.099,0.135392
2022-11-23 19:00,-0.152062,2.38928,0.0132235,0.0553409,13.099,0.0511655
2022-11-23 20:00,-0.821802,2.26636,0.0132614,0.0553626,13.099,0.00744009
2022-11-23 21:00,-0.785542,2.13547,0.0132978,0.0554275,13.099,0.0418722
2022-11-23 22:00,0.0768136,1.76456,0.0133385,0.0554924,13.099,0.0209666
2022-11-23 23:00,0.138544,1.64276,0.0133836,0.0555574,13.099,0.0148893
2022-11-24 00:00,1.6152,2.65091,0.0134515,0.055579,8.59945,0.0938919
2022-11-24 01:00,-0.0398286,1.69234,0.0134418,0.055579,3.56901,0.0576802
2022-11-24 02:00,0.516332,1.31944,0.0134398,0.0555574,3.56901,0.0270844
2022-11-24 03:00,-0.0110406,1.45174,0.0134348,0.0555357,3.56901,0.0848619
2022-11-24 04:00,-0.0746767,1.43755,0.0134328,0.0555141,3.56901,0.138847
2022-11-24 05:00,0.409166,1.25242,0.0134257,0.0554708,3.56901,0.213335
2022-11-24 06:00,-0.225191,1.33449,0.0134085,0.0554275,3.56901,0.268892
2022-11-24 07:00,-0.0218286,1.6003,0.0133892,0.0553842,3.56901,0.281703
2022-11-24 08:00,1.64895,3.69106,0.0133545,0.0552976,3.56901,0.000710746
2022-11-24 09:00,0.801426,3.11368,0.013359,0.0551894,3.56901,0.171399
2022-11-24 10:00,-0.0340169,2.056,0.0133112,0.0551245,3.56901,0.178316
2022-11-24 11:00,-0.280538,1.30047,0.0132824,0.0550379,3.56901,0.0788337
2022-11-24 12:00,-0.490112,1.61317,0.0132307,0.0549297,3.56901,0.0330504
2022-11-24 13:00,-1.26568,2.23757,0.0132253,0.0547781,3.56901,0.0792064
2022-11-24 14:00,0.471385,1.91074,0.0131898,0.054605,3.56901,0.07502
2022-11-24 15:00,0.446998,1.54812,0.0131881,0.0544535,3.56901,0.0205173
2022-11-24 16:00,0.37345,1.39233,0.013172,0.0543452,3.56901,0.0503319
2022-11-24 17:00,0.444703,1.4861,0.0130868,0.054237,3.56901,0.100977
2022-11-24 18:00,0.178713,1.51276,0.0130102,0.0541937,3.56901,0.142827
2022-11-24 19:00,-0.404738,2.15726,0.0129654,0.0541937,3.56901,0.0903197
2022-11-24 20:00,-0.90877,2.29621,0.0129166,0.0541937,3.56901,0.0236217
2022-11-24 21:00,-0.147335,1.70886,0.0128739,0.0541937,3.56901,0.0457705
2022-11-24 22:00,-0.548312,1.87001,0.0128429,0.0541937,3.56901,0.0431585
2022-11-24 23:00,0.0995509,1.56033,0.0128697,0.0541937,3.56901,0.0841351
2022-11-25 00:00,0.282591,1.89289,0.0129692,0.054237,3.56901,0.0744848
2022-11-25 01:00,-1.14573,2.23307,0.0129662,0.054237,3.56901,0.018205
2022-11-25 02:00,0.0888265,1.63083,0.0129673,0.054237,3.56901,0.0518134
2022-11-25 03:00,0.759705,1.65295,0.0129589,0.0542154,3.56901,0.0789665
2022-11-25 04:00,0.481373,1.46972,0.0129611,0.0541937,3.56901,0.12904
2022-11-25 05:00,-0.200578,0.953797,0.0129773,0.0541721,3.56901,0.24629
2022-11-25 06:00,-0.300806,1.13858,0.012985,0.0541504,3.56901,0.325962
2022-11-25 07:00,0.0702898,1.51976,0.0129627,0.0541288,3.56901,0.344334
2022-11-25 08:00,2.17215,3.19316,0.0129376,0.054237,3.56901,0.126741
2022-11-25 09:00,-0.0533999,3.25866,0.0129768,0.0543669,3.56901,0.0782576
2022-11-25 10:00,-0.0519582,1.93239,0.0129746,0.0544535,3.56901,0.0771942
2022-11-25 11:00,-0.239365,1.60178,0.0129869,0.0544751,3.56901,0.0299808
2022-11-25 12:00,0.164799,1.44597,0.0130122,0.0544968,3.56901,0.0343102
2022-11-25 13:00,-0.374353,1.73056,0.0129926,0.0544535,3.56901,0.0523551
2022-11-25 14:00,0.140708,1.24256,0.0129679,0.0543669,3.56901,0.136873
2022-11-25 15:00,0.200676,1.43104,0.0129921,0.0542587,3.56901,0.186568
2022-11-25 16:00,0.419718,1.25688,0.0130154,0.0541288,3.56901,0.25566
2022-11-25 17:00,0.450745,1.44854,0.0129937,0.0540422,3.56901,0.291028
2022-11-25 18:00,0.369115,1.50921,0.0129553,0.0539989,3.56901,0.314371
2022-11-25 19:00,0.0825333,2.33016,0.0128932,0.0539123,3.56901,0.220518
2022-11-25 20:00,-0.222332,1.99109,0.0128225,0.0538258,3.56901,0.18349
2022-11-25 21:00,-0.346773,1.72764,0.0128136,0.0537608,3.56901,0.187026
2022-11-25 22:00,-0.275506,1.77892,0.0127749,0.0537175,3.56901,0.183033
2022-11-25 23:00,-0.088494,1.5121,0.0127265,0.053631,3.56901,0.21677
2022-11-26 00:00,0.170372,1.42172,0.0127127,0.0535227,3.56901,0.25978
2022-11-26 01:00,-0.250518,1.64523,0.0126472,0.0534145,3.56901,0.267216
2022-11-26 02:00,0.192351,1.30499,0.0125823,0.0532846,3.56901,0.321512
2022-11-26 03:00,0.249775,1.2295,0.0125219,0.0531548,3.56901,0.38094
2022-11-26 04:00,0.0892992,1.0487,0.0124729,0.0530249,3.56901,0.459722
2022-11-26 05:00,-0.252313,1.04374,0.0124443,0.052895,3.56901,0.531319
2022-11-26 06:00,-0.329984,1.12652,0.0124338,0.0528084,3.56901,0.584175
2022-11-26 07:00,-0.676413,1.38113,0.0124274,0.0527435,3.56901,0.596123
2022-11-26 08:00,-0.694845,1.76473,0.0124183,0.0527219,3.56901,0.553206
2022-11-26 09:00,0.749554,2.07422,0.0124338,0.0526786,3.56901,0.471278
2022-11-26 10:00,-1.24207,3.76532,0.012473,0.0526353,3.56901,0.160938
2022-11-26 11:00,0.426476,2.68803,0.0125385,0.0525703,3.56901,0.0323583
2022-11-26 12:00,-0.513839,1.77164,0.0125475,0.0525487,3.56901,0.0448508
2022-11-26 13:00,-1.39453,2.26559,0.0125514,0.0525487,3.56901,0.0130152
2022-11-26 14:00,-0.224247,1.82138,0.0125736,0.0525703,3.56901,0.00294455
2022-11-26 15:00,-0.0459918,1.53367,0.0125992,0.052592,3.56901,0.0463731
2022-11-26 16:00,-0.20353,1.4426,0.0126116,0.0526569,3.56901,0.103501
2022-11-26 17:00,-0.204608,1.67704,0.0126586,0.0527002,3.56901,0.122115
2022-11-26 18:00,-0.586689,2.09388,0.0127192,0.0527868,3.56901,0.0805454
2022-11-26 19:00,0.355306,2.02696,0.0127544,0.0529167,3.56901,0.0524966
2022-11-26 20:00,0.134719,1.81296,0.01281,0.0530249,3.56901,0.0571942
2022-11-26 21:00,0.417157,1.50664,0.0128093,0.0531331,3.56901,0.104279
2022-11-26 22:00,0.671929,1.65663,0.0128289,0.0532197,3.56901,0.125671
2022-11-26 23:00,0.545803,1.32132,0.0128463,0.0533279,3.56901,0.191836
2022-11-27 00:00,0.560092,1.34555,0.0128709,0.0534578,3.56901,0.247995
2022-11-27 01:00,-0.427556,1.89331,0.0128794,0.0535444,3.56901,0.221901
2022-11-27 02:00,0.464428,1.25351,0.0129028,0.0536526,3.56901,0.287932
2022-11-27 03:00,0.394057,1.39188,0.0129103,0.0537608,3.56901,0.328
2022-11-27 04:00,0.419119,1.25475,0.0129364,0.0538258,3.56901,0.383246
2022-11-27 05:00,-0.130193,1.12816,0.0129296,0.053869,3.56901,0.45068
2022-11-27 06:00,0.104033,1.11914,0.0129488,0.053934,3.56901,0.512633
2022-11-27 07:00,-0.926046,1.61204,0.0129663,0.0540206,3.56901,0.499427
2022-11-27 08:00,-0.0556121,1.60705,0.0130088,0.0540855,3.56901,0.48824
2022-11-27 09:00,-0.468553,1.98372,0.01301,0.0541937,3.56901,0.425472
2022-11-27 10:00,0.182755,1.94677,0.0130247,0.054237,3.56901,0.37415
2022-11-27 11:00,-0.691283,1.84715,0.0130361,0.0543236,3.56901,0.341899
2022-11-27 12:00,-0.356384,1.40158,0.0130316,0.0544102,3.56901,0.375212
2022-11-27 13:00,-0.628833,1.48094,0.0130286,0.0544535,3.56901,0.394092
2022-11-27 14:00,-0.324669,1.47199,0.0129867,0.0544535,3.56901,0.412335
2022-11-27 15:00,-0.138788,1.36382,0.012956,0.0544102,3.56901,0.443888
2022-11-27 16:00,-1.01452,2.08618,0.0129084,0.054237,3.56901,0.37122
2022-11-27 17:00,0.270043,1.83232,0.012815,0.0539989,3.56901,0.341336
2022-11-27 18:00,-0.101529,1.64615,0.0127354,0.0537825,3.56901,0.340488
2022-11-27 19:00,-0.158689,1.6318,0.0127199,0.0535227,3.56901,0.341732
2022-11-27 20:00,-0.313371,1.63166,0.0126786,0.0534145,3.56901,0.342872
2022-11-27 21:00,0.266793,1.53862,0.0126599,0.0532846,3.56901,0.356915
2022-11-27 22:00,0.553353,1.43867,0.0126499,0.0531115,3.56901,0.383538
2022-11-27 23:00,0.567935,1.39018,0.0126266,0.05296,3.56901,0.414283
2022-11-28 00:00,0.250922,1.4473,0.0125894,0.0528084,3.56901,0.433961
2022-11-28 01:00,0.0514428,1.46837,0.012574,0.0526786,3.56901,0.448724
2022-11-28 02:00,0.41906,1.56961,0.0125683,0.0525703,3.56901,0.447846
2022-11-28 03:00,0.772056,1.36033,0.012538,0.0524405,3.56901,0.476336
2022-11-28 04:00,0.202587,1.0914,0.0125359,0.0523539,3.56901,0.539605
2022-11-28 05:00,0.305104,1.12762,0.0125232,0.0523323,3.56901,0.591478
2022-11-28 06:00,-0.136071,1.2048,0.0125234,0.052289,3.56901,0.627366
2022-11-28 07:00,0.819754,2.16235,0.0124976,0.0522673,3.56901,0.525692
2022-11-28 08:00,2.7948,3.93429,0.0124745,0.052289,4.22048,0.18627
2022-11-28 09:00,0.444733,3.83789,0.0124975,0.0522024,4.42172,0.105722
2022-11-28 10:00,-0.5024,2.67514,0.0125166,0.0521374,4.42172,0.205832
2022-11-28 11:00,-0.629127,2.00789,0.0125579,0.0520292,4.42172,0.202575
2022-11-28 12:00,-0.488,1.89916,0.0125413,0.051921,4.42172,0.184431
2022-11-28 13:00,-0.933311,2.23481,0.0125405,0.0518128,4.42172,0.215063
2022-11-28 14:00,0.547237,2.00342,0.0125522,0.0517045,4.42172,0.210257
2022-11-28 15:00,0.247992,1.76818,0.0125464,0.0515963,4.42172,0.173019
2022-11-28 16:00,0.954546,1.80456,0.0125563,0.051553,4.42172,0.144595
2022-11-28 17:00,0.213279,1.63327,0.0125639,0.0515097,4.42172,0.0950473
2022-11-28 18:00,0.117951,1.74665,0.0125937,0.0514881,4.42172,0.0663184
2022-11-28 19:00,0.122457,2.13604,0.012592,0.0514448,4.42172,0.0949427
2022-11-28 20:00,-1.00998,2.38385,0.0125851,0.0514448,4.42172,0.155376
2022-11-28 21:00,-0.742152,2.34782,0.0125817,0.0514665,4.42172,0.204725
2022-11-28 22:00,0.0562703,1.8891,0.0125885,0.0514448,4.42172,0.184959
2022-11-28 23:00,0.0964159,1.71033,0.0125743,0.0514232,4.42172,0.142156
2022-11-29 00:00,-0.370929,1.70094,0.0125672,0.0514015,4.42172,0.102321
2022-11-29 01:00,-0.404267,1.61995,0.0125716,0.0513799,4.42172,0.0551379
2022-11-29 02:00,0.354212,1.2834,0.0125692,0.0513582,4.42172,0.034414
2022-11-29 03:00,0.194821,1.195,0.0125806,0.0513366,4.42172,0.127379
2022-11-29 04:00,-0.105307,1.24435,0.012587,0.0513149,4.42172,0.204144
2022-11-29 05:00,-0.154753,1.19169,0.0125893,0.0513149,4.42172,0.2806
2022-11-29 06:00,-0.705635,1.34128,0.0125914,0.0513149,4.42172,0.32848
2022-11-29 07:00,-0.259972,1.9508,0.0125389,0.0512933,4.42172,0.286293
2022-11-29 08:00,2.02353,3.03237,0.0125172,0.0512284,4.42172,0.0970008
2022-11-29 09:00,0.491731,3.13214,0.0125074,0.0511851,4.42172,0.0873219
2022-11-29 10:00,0.00467422,2.0671,0.0125203,0.0510985,4.42172,0.104201
2022-11-29 11:00,-0.0459033,1.60337,0.0125645,0.0509903,4.42172,0.0545094
2022-11-29 12:00,0.156614,1.55469,0.0125729,0.050882,4.42172,0.00297613
2022-11-29 13:00,-0.158931,1.72802,0.0125611,0.0507955,4.42172,0.0191522
2022-11-29 14:00,0.504398,1.58876,0.0125631,0.0507089,4.42172,0.0585514
2022-11-29 15:00,0.686505,1.66815,0.012583,0.0506656,4.42172,0.0829033
2022-11-29 16:00,0.0240486,2.21297,0.0126058,0.0506223,4.42172,0.0285938
2022-11-29 17:00,1.25952,1.95065,0.0126563,0.0505574,4.42172,0.0164169
2022-11-29 18:00,0.35933,1.56551,0.0127304,0.0504275,4.42172,0.0593427
2022-11-29 19:00,-0.072209,1.98481,0.0127713,0.0502976,4.42172,0.0393116
2022-11-29 20:00,-1.00532,2.42016,0.0127557,0.0501894,4.42172,0.0396268
2022-11-29 21:00,0.0572406,1.76482,0.0127477,0.0500379,4.42172,0.018982
2022-11-29 22:00,-0.244049,1.80508,0.0127354,0.0498864,4.42172,0.0060347
2022-11-29 23:00,0.0323417,1.25279,0.01275,0.0497781,4.42172,0.0828899
2022-11-30 00:00,0.12714,1.44138,0.0127535,0.0496916,4.42172,0.136536
2022-11-30 01:00,-0.763409,1.99236,0.0127673,0.0496266,4.42172,0.107729
2022-11-30 02:00,0.0786035,1.20711,0.012781,0.0495833,4.42172,0.191668
2022-11-30 03:00,0.171259,1.15499,0.0128041,0.04954,4.42172,0.274505
2022-11-30 04:00,0.0614355,1.05011,0.0128182,0.0494968,4.42172,0.363733
2022-11-30 05:00,-0.244814,0.971875,0.0128497,0.0494751,4.42172,0.454985
2022-11-30 06:00,-0.328276,1.1992,0.0128736,0.0494751,4.42172,0.505305
2022-11-30 07:00,-0.24659,1.69107,0.0128747,0.0494968,4.42172,0.481776
2022-11-30 08:00,0.927627,2.88881,0.0128876,0.0494535,4.42172,0.293021
2022-11-30 09:00,0.760417,2.98909,0.0128715,0.0493885,4.42172,0.109111
2022-11-30 10:00,-0.0963341,2.02935,0.012907,0.0492803,4.42172,0.0778707
2022-11-30 11:00,-0.308775,1.46886,0.0128976,0.049237,4.42172,0.128174
2022-11-30 12:00,-0.778725,1.64897,0.0128852,0.0491721,4.42172,0.148248
2022-11-30 13:00,-0.448693,1.65685,0.0128809,0.0490639,4.42172,0.165212
2022-11-30 14:00,-0.580498,1.75485,0.0128648,0.0489556,4.42172,0.166768
2022-11-30 15:00,0.137875,1.83091,0.012851,0.0488907,4.42172,0.157527
2022-11-30 16:00,-0.32423,1.6519,0.0128058,0.0488474,4.42172,0.174256
2022-11-30 17:00,-0.210714,1.63099,0.0127532,0.0487392,4.42172,0.192236
2022-11-30 18:00,-0.306786,1.63321,0.0127235,0.0486093,4.42172,0.208108
2022-11-30 19:00,-1.30959,2.52511,0.0127131,0.0485011,4.42172,0.0976052
2022-11-30 20:00,-0.566191,2.09716,0.0126836,0.0483929,4.42172,0.0580288
2022-11-30 21:00,-0.633582,1.73734,0.012661,0.048263,4.42172,0.0727523
2022-11-30 22:00,-0.124124,1.6904,0.012622,0.0481548,4.42172,0.092572
2022-11-30 23:00,-0.270368,1.6182,0.0125808,0.0480249,4.42172,0.12051
2022-12-01 00:00,0.614445,1.86205,0.0125327,0.047895,4.42172,0.111537
2022-12-01 01:00,-1.112,1.95445,0.0125139,0.0478084,4.42172,0.0905345
2022-12-01 02:00,-0.0225606,1.18152,0.0125022,0.0477219,4.42172,0.179774
2022-12-01 03:00,-0.106075,1.10741,0.0125102,0.0476353,4.42172,0.270459
2022-12-01 04:00,-0.274997,1.03195,0.0125085,0.0475703,4.42172,0.362633
2022-12-01 05:00,-0.816539,1.2795,0.0125042,0.0475487,4.42172,0.410955
2022-12-01 06:00,-0.877612,1.55962,0.012504,0.0475054,4.42172,0.415251
2022-12-01 07:00,-0.112579,1.69191,0.0124662,0.0474838,4.42172,0.400608
2022-12-01 08:00,1.69489,3.27242,0.0124313,0.0474405,4.42172,0.166299
2022-12-01 09:00,-0.0826117,2.63496,0.0124005,0.0473972,4.42172,0.0446076
2022-12-01 10:00,-0.830153,1.91819,0.0124288,0.0473323,4.42172,0.0353707
2022-12-01 11:00,-0.838593,1.76807,0.0124277,0.0473106,4.42172,0.0480616
2022-12-01 12:00,-0.679478,1.64296,0.0124674,0.047289,4.42172,0.0769879
2022-12-01 13:00,-1.10871,2.00941,0.0124936,0.047289,4.42172,0.0517502
2022-12-01 14:00,-0.199284,1.66035,0.0125372,0.0473106,4.42172,0.077874
2022-12-01 15:00,-0.509436,1.65848,0.0125712,0.0473106,4.42172,0.101647
2022-12-01 16:00,-0.54975,1.74674,0.0125993,0.0473106,4.42172,0.110694
2022-12-01 17:00,-0.0354704,1.68368,0.0126716,0.0473323,4.42172,0.127658
2022-12-01 18:00,-0.494302,1.48092,0.0127078,0.0473106,4.42172,0.171295
2022-12-01 19:00,-1.03599,2.60473,0.0127163,0.047289,4.42172,0.053334
2022-12-01 20:00,-1.54488,2.50028,0.0127375,0.0472673,4.42172,0.0382171
2022-12-01 21:00,-0.823301,1.93707,0.0127544,0.0472457,4.42172,0.041813
2022-12-01 22:00,-0.78584,1.84045,0.0127432,0.0471807,4.42172,0.0315308
2022-12-01 23:00,-0.393443,1.71978,0.0127308,0.0471158,4.42172,0.00539341
2022-12-02 00:00,-0.236723,1.61249,0.0127163,0.0470509,4.42172,0.0331414
2022-12-02 01:00,-0.803557,1.86968,0.0127305,0.0470076,4.42172,0.0318382
2022-12-02 02:00,0.0465608,1.33741,0.0127481,0.0469643,4.42172,0.105136
2022-12-02 03:00,-0.343529,1.30989,0.0127669,0.046921,4.42172,0.174955
2022-12-02 04:00,-0.387405,1.26959,0.0127649,0.0468994,4.42172,0.243431
2022-12-02 05:00,-0.282319,1.15241,0.0127466,0.0468994,4.42172,0.321454
2022-12-02 06:00,-0.677046,1.19203,0.0127411,0.0468994,4.42172,0.386131
2022-12-02 07:00,-0.589646,1.62083,0.0127533,0.0469426,4.42172,0.384346
2022-12-02 08:00,1.06182,2.73247,0.0127911,0.046921,4.42172,0.227209
2022-12-02 09:00,-0.0115283,2.96651,0.0127751,0.0468777,4.42172,0.0530388
2022-12-02 10:00,-1.31564,2.66441,0.0127709,0.0468777,4.42172,0.0614463
2022-12-02 11:00,-0.519328,1.89832,0.0127715,0.0468994,4.42172,0.0572971
2022-12-02 12:00,-1.11819,1.81705,0.0127639,0.046921,4.42172,0.0421923
2022-12-02 13:00,-0.945876,1.81971,0.0127783,0.0469426,4.42172,0.0289701
2022-12-02 14:00,-0.2358,1.59578,0.0127856,0.0469859,4.42172,0.0142605
2022-12-02 15:00,0.429758,1.52864,0.0127791,0.0470292,4.42172,0.0625612
2022-12-02 16:00,0.243976,1.42731,0.0127707,0.0470509,4.42172,0.120209
2022-12-02 17:00,0.241352,1.24896,0.0127926,0.0470509,4.42172,0.197046
2022-12-02 18:00,-0.405782,1.81867,0.0127758,0.0469859,4.42172,0.186489
2022-12-02 19:00,0.149431,2.35337,0.0127835,0.0469426,4.42172,0.102177
2022-12-02 20:00,-1.20564,2.48679,0.0128126,0.0469426,4.42172,0.00763018
2022-12-02 21:00,-0.600955,1.90206,0.0127984,0.0469426,4.42172,0.00434834
2022-12-02 22:00,-0.428837,1.84384,0.0127932,0.0468777,4.42172,0.00954013
2022-12-02 23:00,-0.3592,1.70475,0.0127875,0.0468777,4.42172,0.0336731
2022-12-03 00:00,-1.4347,2.35707,0.0127811,0.046921,4.42172,0.0358742
2022-12-03 01:00,-0.456227,1.79989,0.0127753,0.0469643,4.42172,0.0205108
2022-12-03 02:00,-0.0878243,1.36445,0.0127802,0.0470076,4.42172,0.0542396
2022-12-03 03:00,-0.075407,1.24502,0.0127697,0.0470509,4.42172,0.138225
2022-12-03 04:00,-0.598088,1.22269,0.0127438,0.0470942,4.42172,0.216934
2022-12-03 05:00,-0.445705,1.3702,0.0126978,0.0471374,4.42172,0.267135
2022-12-03 06:00,-0.688223,1.1406,0.0126675,0.0471374,4.42172,0.344439
2022-12-03 07:00,-1.09704,1.41629,0.0126164,0.0471374,4.42172,0.375441
2022-12-03 08:00,-0.931769,1.72789,0.0125721,0.0471158,4.42172,0.359746
2022-12-03 09:00,-0.0768191,2.00137,0.0125296,0.0470509,4.42172,0.307358
2022-12-03 10:00,0.382477,1.84101,0.0124569,0.046921,4.42172,0.282644
2022-12-03 11:00,-1.03464,2.03712,0.0123702,0.0467262,4.42172,0.232964
2022-12-03 12:00,-0.164505,1.85568,0.0122926,0.046553,4.42172,0.213637
2022-12-03 13:00,-1.24118,2.22366,0.0122305,0.0463582,4.42172,0.144758
2022-12-03 14:00,-0.315414,1.73839,0.0121632,0.0461418,4.42172,0.150663
2022-12-03 15:00,0.0191247,1.56803,0.0121094,0.0459686,4.42172,0.179813
2022-12-03 16:00,-0.0735885,1.78526,0.0120636,0.0457522,4.42172,0.175654
2022-12-03 17:00,0.122493,1.72127,0.0120045,0.0454924,4.42172,0.180863
2022-12-03 18:00,-0.0449113,1.70124,0.0119413,0.045211,4.42172,0.188355
2022-12-03 19:00,-0.240407,1.88973,0.0118746,0.044908,4.42172,0.168726
2022-12-03 20:00,0.368749,1.56341,0.011812,0.0447132,4.42172,0.196716
2022-12-03 21:00,-0.0697683,1.74062,0.0117599,0.0444751,4.42172,0.197113
2022-12-03 22:00,0.699072,1.51551,0.0117041,0.044237,4.42172,0.228965
2022-12-03 23:00,0.161612,1.6911,0.0116181,0.0440639,4.42172,0.233065
2022-12-04 00:00,0.381315,1.42604,0.0115536,0.0439123,4.42172,0.27384
2022-12-04 01:00,-0.791507,2.02097,0.0114852,0.0437608,4.42172,0.2273
2022-12-04 02:00,0.355906,1.18533,0.0113997,0.0435444,4.42172,0.30233
2022-12-04 03:00,0.369168,1.21627,0.0113355,0.0433279,4.42172,0.365528
2022-12-04 04:00,-0.053514,1.07776,0.0112661,0.0431115,4.42172,0.441786
2022-12-04 05:00,-0.24598,1.02928,0.0112087,0.042895,4.42172,0.517201
2022-12-04 06:00,-0.458213,1.0942,0.011146,0.0426786,4.42172,0.57599
2022-12-04 07:00,-0.746994,1.44171,0.0110657,0.0424621,4.42172,0.58028
2022-12-04 08:00,-0.878666,1.49638,0.0109868,0.0422457,4.42172,0.576492
2022-12-04 09:00,0.391802,1.70981,0.0109256,0.0420076,4.42172,0.543221
2022-12-04 10:00,-0.0400708,1.52642,0.0108759,0.0418128,4.42172,0.538936
2022-12-04 11:00,-0.219007,1.50613,0.0107933,0.0416396,4.42172,0.537919
2022-12-04 12:00,-0.710586,1.78064,0.010743,0.0414448,4.42172,0.498596
2022-12-04 13:00,-1.08397,2.05125,0.0106838,0.0412933,4.42172,0.425343
2022-12-04 14:00,0.290942,1.96369,0.0106432,0.0412284,4.42172,0.371667
2022-12-04 15:00,0.249387,1.57184,0.0106497,0.0411418,4.42172,0.378183
2022-12-04 16:00,0.459667,1.50253,0.0106385,0.0411634,4.42172,0.393745
2022-12-04 17:00,0.0219904,1.31208,0.0106583,0.0412067,4.42172,0.434397
2022-12-04 18:00,-0.261914,1.64072,0.0106363,0.0412716,4.42172,0.425003
2022-12-04 19:00,-0.568003,1.9225,0.010614,0.0413149,4.42172,0.377123
2022-12-04 20:00,-0.0882279,1.51239,0.0105811,0.0413366,4.42172,0.391411
2022-12-04 21:00,0.170786,1.53434,0.0105476,0.0413799,4.42172,0.401198
2022-12-04 22:00,-0.347574,1.68051,0.0105236,0.0414448,4.09292,0.389557
2022-12-04 23:00,0.0824637,1.43082,0.0104876,0.0415097,4.03397,0.414014
2022-12-05 00:00,-0.539463,1.87629,0.0104668,0.0415747,4.03397,0.373699
2022-12-05 01:00,-0.21979,1.60487,0.0104338,0.0415963,4.03397,0.37539
2022-12-05 02:00,-0.0754802,1.4079,0.010368,0.0416396,3.86287,0.404471
2022-12-05 03:00,0.147819,1.40939,0.0103194,0.041618,3.8039,0.430435
2022-12-05 04:00,-0.185403,1.0358,0.0102614,0.0415314,3.8039,0.506072
2022-12-05 05:00,-0.541625,1.23242,0.0102009,0.0414232,3.8039,0.546636
2022-12-05 06:00,-0.580829,1.39708,0.0101541,0.0413582,3.8039,0.560106
2022-12-05 07:00,-0.215115,1.90507,0.0101285,0.0412716,3.16226,0.501155
2022-12-05 08:00,2.06366,4.26986,0.0101125,0.0411418,2.69921,0.117237
2022-12-05 09:00,-0.107332,4.03228,0.0100482,0.0410335,2.69921,0.195049
2022-12-05 10:00,-0.952548,3.23435,0.0100121,0.0410335,2.69921,0.364468
2022-12-05 11:00,-1.29495,2.50102,0.00995111,0.0410335,2.69921,0.414341
2022-12-05 12:00,-0.690094,2.43277,0.00992573,0.040947,2.69921,0.449679
2022-12-05 13:00,-1.10604,2.51259,0.00986964,0.040882,2.69921,0.492651
2022-12-05 14:00,-0.597013,2.04276,0.00981629,0.0408604,2.69921,0.465591
2022-12-05 15:00,0.124668,1.94613,0.00977956,0.0408604,2.69921,0.427718
2022-12-05 16:00,-0.608649,2.08804,0.00975892,0.0408387,2.69921,0.413486
2022-12-05 17:00,-0.0109283,1.74314,0.00971692,0.0408171,2.69921,0.352422
2022-12-05 18:00,-0.435102,1.83611,0.0096593,0.0408171,2.69921,0.310472
2022-12-05 19:00,-0.772718,2.18384,0.00962967,0.0407955,2.69921,0.321369
2022-12-05 20:00,-1.92506,2.94669,0.009602,0.0407738,2.69921,0.437907
2022-12-05 21:00,-1.56697,2.63253,0.00956065,0.0407522,3.40233,0.498837
2022-12-05 22:00,-0.736727,2.24612,0.0095156,0.0407522,3.58852,0.49961
2022-12-05 23:00,-0.999213,2.03596,0.00945332,0.0407305,4.08296,0.470903
2022-12-06 00:00,-0.0669386,3.28445,0.00942577,0.0407955,4.08296,0.619744
2022-12-06 01:00,-1.56342,2.98161,0.0094025,0.0408387,4.63959,0.711331
2022-12-06 02:00,-0.643466,1.72704,0.00937739,0.040882,4.71626,0.61823
2022-12-06 03:00,-0.550393,1.40633,0.00933707,0.0409253,4.71626,0.489568
2022-12-06 04:00,-0.769583,1.49617,0.00930446,0.0409686,4.9084,0.386342
2022-12-06 05:00,-0.865436,1.53456,0.00926806,0.0410119,5.24573,0.29881
2022-12-06 06:00,-1.58922,1.86121,0.0092359,0.0410335,6.43303,0.265733
2022-12-06 07:00,-0.169193,1.82002,0.00925434,0.0410552,6.43303,0.230201
2022-12-06 08:00,1.52172,2.98414,0.00925875,0.0411418,6.43303,0.361097
2022-12-06 09:00,0.36459,3.52611,0.00925915,0.0412067,6.43303,0.55473
2022-12-06 10:00,-0.045036,2.26467,0.00925007,0.04125,6.43303,0.55251
2022-12-06 11:00,-0.258524,1.9201,0.00921185,0.0412933,6.43303,0.502302
2022-12-06 12:00,-0.784361,1.87411,0.00920133,0.0412716,6.43303,0.45068
2022-12-06 13:00,-1.52572,2.49022,0.0091915,0.0412716,6.43303,0.490421
2022-12-06 14:00,0.530384,2.03984,0.00918884,0.0412933,6.43303,0.463176
2022-12-06 15:00,0.316116,1.61254,0.00919067,0.0412933,6.43303,0.37887
2022-12-06 16:00,0.352796,1.41545,0.00918127,0.0413149,6.43303,0.275419
2022-12-06 17:00,-0.0622748,1.51983,0.00918141,0.0413582,6.43303,0.196918
2022-12-06 18:00,-0.17285,1.55215,0.00915527,0.0414015,6.43303,0.130789
2022-12-06 19:00,-0.780658,2.30788,0.00914852,0.0415097,6.43303,0.177008
2022-12-06 20:00,-1.21956,2.45054,0.00917021,0.041618,6.43303,0.238565
2022-12-06 21:00,-1.29034,2.51036,0.0092162,0.0417262,6.43303,0.302337
2022-12-06 22:00,-0.951925,2.25516,0.00926873,0.0418344,6.43303,0.324025
2022-12-06 23:00,-0.109782,1.74114,0.00929587,0.041921,6.43303,0.271627
2022-12-07 00:00,-0.538886,1.7474,0.00932599,0.0419643,6.43303,0.225345
2022-12-07 01:00,-1.56379,2.32981,0.00936768,0.0419859,6.43303,0.265177
2022-12-07 02:00,-0.584842,1.4336,0.00938814,0.0420076,6.43303,0.175635
2022-12-07 03:00,-0.890149,1.67213,0.00941602,0.0420292,6.43303,0.128421
2022-12-07 04:00,-0.293294,1.48684,0.00944787,0.0420725,6.43303,0.0600042
2022-12-07 05:00,-0.709415,1.22259,0.00947214,0.0421591,6.43303,0.0385432
2022-12-07 06:00,-1.07923,1.58039,0.0095066,0.0422457,6.43303,0.0771748
2022-12-07 07:00,-0.793187,1.47432,0.00956946,0.0423323,6.43303,0.126784
2022-12-07 08:00,1.41282,2.86083,0.0096078,0.0423972,6.43303,0.0225567
2022-12-07 09:00,0.293433,3.2454,0.00964469,0.0424838,6.43303,0.210769
2022-12-07 10:00,-0.568469,2.10765,0.00967403,0.0425271,6.43303,0.220977
2022-12-07 11:00,-1.28665,2.04356,0.00970164,0.0426136,6.43303,0.221196
2022-12-07 12:00,-0.852892,2.07946,0.00974682,0.0426786,6.43303,0.226417
2022-12-07 13:00,-0.258254,1.99368,0.00976668,0.0428084,6.43303,0.219112
2022-12-07 14:00,-0.0315373,1.71122,0.00981143,0.04296,6.43303,0.17302
2022-12-07 15:00,0.511227,1.50519,0.00984679,0.0430682,6.43303,0.10271
2022-12-07 16:00,0.260708,1.56028,0.00990447,0.0431331,6.43303,0.0471384
2022-12-07 17:00,-0.605755,2.15762,0.00997022,0.0433063,6.43303,0.0806995
2022-12-07 18:00,0.436252,2.23244,0.00999447,0.0435011,6.43303,0.121373
2022-12-07 19:00,-0.153704,2.33652,0.0100128,0.0436526,6.43303,0.17254
2022-12-07 20:00,-0.983299,2.50111,0.0100528,0.0437608,6.43303,0.24162
2022-12-07 21:00,-0.509958,2.09017,0.010069,0.0438474,6.43303,0.246296
2022-12-07 22:00,-0.572685,1.97197,0.0101078,0.043934,6.43303,0.233968
2022-12-07 23:00,-0.640899,1.91226,0.0101464,0.0440422,6.43303,0.214517
2022-12-08 00:00,-1.12994,2.13458,0.0102203,0.0441071,6.43303,0.228118
2022-12-08 01:00,-0.658021,1.82935,0.0102578,0.0441721,6.43303,0.197652
2022-12-08 02:00,0.101638,1.27695,0.0102998,0.044237,6.43303,0.092946
2022-12-08 03:00,-0.174621,1.2906,0.01032,0.0443019,6.43303,0.000620417
2022-12-08 04:00,-0.495637,1.17549,0.0103479,0.0443452,6.43303,0.0985778
2022-12-08 05:00,-0.577296,1.35355,0.0103729,0.0443669,6.43303,0.162943
2022-12-08 06:00,-0.724849,1.26032,0.010414,0.0443885,6.43303,0.233917
2022-12-08 07:00,-0.559956,1.561,0.0104698,0.0443669,6.43303,0.255725
2022-12-08 08:00,0.932187,3.3323,0.0105492,0.0444102,6.43303,0.0275256
2022-12-08 09:00,0.823269,2.82672,0.0105981,0.0444751,6.43303,0.107117
2022-12-08 10:00,-0.846405,2.4489,0.0106278,0.0445184,6.43303,0.175433
2022-12-08 11:00,-0.176112,1.96205,0.010643,0.04454,6.43303,0.168803
2022-12-08 12:00,-0.475435,1.63458,0.0106503,0.0445617,6.43303,0.117019
2022-12-08 13:00,-1.04555,1.85075,0.0106595,0.04454,6.43303,0.100657
2022-12-08 14:00,1.04009,4.2492,0.0106027,0.0446916,6.43303,0.421504
2022-12-08 15:00,0.315397,3.34916,0.0106002,0.0448431,6.43303,0.584339
2022-12-08 16:00,0.276142,1.72611,0.0105878,0.0449729,6.43303,0.503806
2022-12-08 17:00,-0.0485617,1.73867,0.0105854,0.0451028,6.43303,0.433085
2022-12-08 18:00,0.0953734,1.83085,0.0105908,0.045211,6.43303,0.382333
2022-12-08 19:00,-0.192707,2.27729,0.0106145,0.0452976,6.43303,0.399118
2022-12-08 20:00,-1.32641,3.00913,0.0106459,0.0453842,6.43303,0.516617
2022-12-08 21:00,-0.869299,2.36959,0.0106738,0.0454708,6.43303,0.532889
2022-12-08 22:00,-0.278618,2.16804,0.0107136,0.0456006,6.43303,0.519332
2022-12-08 23:00,-0.00799907,1.65325,0.0107713,0.0457522,6.43303,0.435107
2022-12-09 00:00,-1.00548,2.04474,0.0108475,0.0459037,6.43303,0.414078
2022-12-09 01:00,-0.748799,1.71989,0.0108896,0.0460335,6.43303,0.349702
2022-12-09 02:00,-0.158483,1.19984,0.0109149,0.0461634,6.43303,0.219002
2022-12-09 03:00,-0.197147,1.36702,0.0109463,0.0462933,6.43303,0.124763
2022-12-09 04:00,-0.389998,1.16618,0.0109868,0.0464502,6.43303,0.0118474
2022-12-09 05:00,-0.854752,1.22387,0.0110416,0.0467965,6.43303,0.0817044
2022-12-09 06:00,-1.304,1.69231,0.0110868,0.0470779,6.43303,0.100361
2022-12-09 07:00,-0.418304,1.69949,0.0111469,0.0473377,6.43303,0.116147
2022-12-09 08:00,1.16086,3.20855,0.0111802,0.0475541,6.43303,0.0807809
2022-12-09 09:00,0.217824,2.95322,0.0111889,0.047684,6.43303,0.222292
2022-12-09 10:00,-16.6903,17.3956,0.0112279,0.0480736,18.921,2.37031
2022-12-09 11:00,7.58936,10.7578,0.0111981,0.0482251,18.921,3.37483
2022-12-09 12:00,-9.64039,10.9308,0.0112503,0.0488528,19.9717,4.30309
2022-12-09 13:00,-12.766,13.8931,0.0113762,0.0495887,34.2843,5.553
2022-12-09 14:00,9.37207,11.8684,0.0114321,0.0499784,34.2843,6.39463
2022-12-09 15:00,3.60248,4.24834,0.0114809,0.0501082,34.2843,6.08596
2022-12-09 16:00,0.447049,1.56227,0.0115438,0.0501948,34.2843,5.43234
2022-12-09 17:00,0.267619,1.86743,0.0115833,0.050303,34.2843,4.88678
2022-12-09 18:00,-0.124478,1.84419,0.0116425,0.050303,34.2843,4.39253
2022-12-09 19:00,0.281514,2.38587,0.011704,0.0504762,34.2843,4.02348
2022-12-09 20:00,-0.948561,2.48889,0.0117653,0.0506061,34.2843,3.70576
2022-12-09 21:00,-1.62477,2.8127,0.0118581,0.0508225,34.2843,3.46511
2022-12-09 22:00,0.102442,2.09024,0.0119477,0.0509307,34.2843,3.14745
2022-12-09 23:00,-0.67063,2.22275,0.0120453,0.0511039,34.2843,2.88009
2022-12-10 00:00,0.70897,2.21073,0.0121038,0.0511688,34.2843,2.63779
2022-12-10 01:00,-0.939217,1.98635,0.0121828,0.0512338,34.2843,2.38832
2022-12-10 02:00,0.119595,1.28422,0.0122607,0.051342,34.2843,2.06557
2022-12-10 03:00,-0.0302827,1.30748,0.0123215,0.0513853,34.2843,1.77834
2022-12-10 04:00,-0.449497,1.20485,0.0123991,0.0514719,34.2843,1.50548
2022-12-10 05:00,-1.08754,1.68051,0.0125022,0.051645,34.2843,1.32645
2022-12-10 06:00,-0.305057,1.71124,0.0125831,0.0517316,34.2843,1.16963
2022-12-10 07:00,-1.07938,1.75956,0.012682,0.0518182,34.2843,1.03525
2022-12-10 08:00,-1.03169,2.09385,0.0127791,0.0519048,34.2843,0.961075
2022-12-10 09:00,0.183831,2.06922,0.012848,0.0518831,34.2843,0.890875
2022-12-10 10:00,2.9534,4.65604,0.0128646,0.0519481,34.2843,1.18962
2022-12-10 11:00,-2.71356,3.70774,0.0129145,0.052013,34.2843,1.32581
2022-12-10 12:00,1.43375,3.00208,0.0129315,0.0522727,34.2843,1.34966
2022-12-10 13:00,1.09816,3.16413,0.0129294,0.0523593,34.2843,1.39379
2022-12-10 14:00,-2.37709,3.59763,0.0129438,0.0525108,34.2843,1.49416
2022-12-10 15:00,-0.127549,1.81659,0.0129788,0.0526407,34.2843,1.33531
2022-12-10 16:00,0.301303,1.7934,0.0130135,0.0526407,34.2843,1.18909
2022-12-10 17:00,0.200963,1.55636,0.0130534,0.052619,34.2843,1.02434
2022-12-10 18:00,-0.792623,2.33478,0.0130676,0.052619,34.2843,0.984964
2022-12-10 19:00,0.445183,2.10062,0.0130543,0.0525325,34.2843,0.916767
2022-12-10 20:00,0.177371,1.60267,0.0130663,0.0525108,34.2843,0.785721
2022-12-10 21:00,-0.000182381,1.72325,0.0130882,0.0524459,34.2843,0.68465
2022-12-10 22:00,-0.133339,1.41088,0.0131313,0.0525325,34.2843,0.549983
2022-12-10 23:00,0.225224,1.38551,0.0131708,0.0525758,34.2843,0.425233
2022-12-11 00:00,-0.583639,1.48132,0.0132126,0.0526623,34.2843,0.326363
2022-12-11 01:00,-1.43385,2.11082,0.0132725,0.0527489,34.2843,0.325454
2022-12-11 02:00,0.0957531,1.42827,0.0133291,0.0528788,34.2843,0.229139
2022-12-11 03:00,-0.264435,1.23212,0.0133948,0.0530087,34.2843,0.115012
2022-12-11 04:00,-0.585677,1.14167,0.0134552,0.0531169,34.2843,0.000356964
2022-12-11 05:00,-0.691393,1.37531,0.0135234,0.0531818,34.2843,0.0715012
2022-12-11 06:00,-1.11623,1.57782,0.0135982,0.0532251,34.2843,0.107196
2022-12-11 07:00,-1.20778,1.76503,0.0136954,0.0533333,34.2843,0.113129
2022-12-11 08:00,-1.00879,1.7097,0.0137748,0.0533983,34.2843,0.126211
2022-12-11 09:00,-1.11658,2.26747,0.0138794,0.0535065,34.2843,0.0599457
2022-12-11 10:00,0.984591,2.55031,0.0139748,0.0535931,34.2843,0.0392657
2022-12-11 11:00,-0.754765,1.90356,0.0140802,0.0537446,34.2843,0.0380686
2022-12-11 12:00,-0.0361146,1.75023,0.0141704,0.0538961,34.2843,0.015538
2022-12-11 13:00,-0.539034,2.5109,0.0142577,0.0541558,34.2843,0.101688
2022-12-11 14:00,-0.00174077,1.98646,0.0143388,0.0543723,34.2843,0.105847
2022-12-11 15:00,-0.49571,1.6475,0.0143822,0.0545022,34.2843,0.0621647
2022-12-11 16:00,-0.338646,1.59427,0.0144697,0.0547835,34.2843,0.0154046
2022-12-11 17:00,-0.637956,1.56295,0.0145461,0.0549567,34.2843,0.0310618
2022-12-11 18:00,-0.739189,1.69764,0.0146231,0.0551948,34.2843,0.0540375
2022-12-11 19:00,-0.986167,1.86374,0.0146776,0.0552814,34.2843,0.0514763
2022-12-11 20:00,-0.499166,1.57127,0.0147577,0.055303,34.2843,0.0900906
2022-12-11 21:00,-0.252256,1.44958,0.0148361,0.0553247,34.2843,0.14187
2022-12-11 22:00,-0.0858794,1.53518,0.014894,0.055303,34.2843,0.176495
2022-12-11 23:00,-0.0405204,1.30578,0.0149849,0.0554329,34.2843,0.239754
2022-12-12 00:00,-0.0302796,1.19155,0.0150609,0.0555195,34.2843,0.312669
2022-12-12 01:00,-0.882695,1.9,0.0151471,0.0555411,34.2843,0.279171
2022-12-12 02:00,-0.624922,1.69249,0.0152635,0.0557143,34.2843,0.278056
2022-12-12 03:00,0.178633,1.48123,0.0153647,0.0558658,34.2843,0.30661
2022-12-12 04:00,-0.443601,1.24899,0.0154682,0.055974,34.2843,0.364802
2022-12-12 05:00,-1.17149,1.69597,0.01558,0.0561688,34.2843,0.354637
2022-12-12 06:00,-0.920102,1.74448,0.0156915,0.0563203,34.2843,0.338701
2022-12-12 07:00,-0.105706,2.15671,0.0157774,0.0564069,34.2843,0.266683
2022-12-12 08:00,2.34138,3.99916,0.0158875,0.0566667,34.2843,0.0559137
2022-12-12 09:00,0.117898,4.1827,0.0159983,0.0569481,34.2843,0.37193
2022-12-12 10:00,-1.15825,2.95873,0.016096,0.0572294,34.2843,0.485097
2022-12-12 11:00,-0.904926,2.05994,0.0161992,0.0574892,34.2843,0.461196
2022-12-12 12:00,-1.39659,2.34863,0.0162636,0.0575758,34.2843,0.480077
2022-12-12 13:00,-1.06524,2.68875,0.0163451,0.057619,34.2843,0.544656
2022-12-12 14:00,-0.526029,2.13489,0.0164492,0.0577273,34.2843,0.525286
2022-12-12 15:00,-0.692998,2.5463,0.016525,0.0579221,34.2843,0.565413
2022-12-12 16:00,-0.155986,1.9774,0.0165629,0.057987,34.2843,0.521932
2022-12-12 17:00,-0.182978,1.8341,0.0166022,0.0579437,34.2843,0.46275
2022-12-12 18:00,-0.654042,1.84433,0.016657,0.0579437,34.2843,0.410917
2022-12-12 19:00,-1.12469,2.79867,0.0167496,0.0580736,34.2843,0.497792
2022-12-12 20:00,-1.90206,3.03417,0.0168157,0.0580952,34.2843,0.608928
2022-12-12 21:00,-0.912036,2.15425,0.0168976,0.0581818,34.2843,0.58584
2022-12-12 22:00,-1.04271,2.13366,0.0169444,0.0582468,34.2843,0.562178
2022-12-12 23:00,-0.546131,1.62795,0.0170277,0.0583333,34.2843,0.470128
2022-12-13 00:00,-1.38942,2.10708,0.0170822,0.0585714,34.2843,0.45432
2022-12-13 01:00,-1.21948,2.1503,0.0171215,0.0587013,34.2843,0.446139
2022-12-13 02:00,-0.143495,1.54542,0.0171569,0.0588907,34.2843,0.354146
2022-12-13 03:00,-0.798769,1.5773,0.0172047,0.0591937,34.2843,0.275813
2022-12-13 04:00,-0.515987,1.40862,0.017239,0.0594535,34.2843,0.181712
2022-12-13 05:00,-0.727714,1.4916,0.0172695,0.0597565,34.2843,0.108632
2022-12-13 06:00,-1.90181,2.26389,0.0172973,0.0600162,34.2843,0.150913
2022-12-13 07:00,-0.249819,1.89954,0.0173359,0.0601245,34.2843,0.137988
2022-12-13 08:00,1.45582,3.04026,0.0173468,0.0602976,34.2843,0.285957
2022-12-13 09:00,0.544064,3.25395,0.017364,0.0604708,34.2843,0.449026
2022-12-13 10:00,-0.261336,2.75643,0.0173917,0.0605141,34.2843,0.526179
2022-12-13 11:00,-0.91676,2.05892,0.0174305,0.0606872,34.2843,0.498027
2022-12-13 12:00,-0.993894,2.21403,0.0174843,0.0608171,34.2843,0.494393
2022-12-13 13:00,-0.784461,2.05256,0.0175106,0.060947,34.2843,0.46853
2022-12-13 14:00,-0.405797,1.60601,0.0175473,0.0610552,34.2843,0.382775
2022-12-13 15:00,0.17464,1.67962,0.0175744,0.0611418,34.2843,0.315894
2022-12-13 16:00,-0.303499,1.31049,0.0175985,0.0613799,34.2843,0.204056
2022-12-13 17:00,-0.335697,1.59193,0.0175781,0.0614015,34.2843,0.142778
2022-12-13 18:00,-0.317425,1.86107,0.0175577,0.0613149,34.2843,0.125285
2022-12-13 19:00,-0.956528,2.46532,0.0175298,0.0612933,34.2843,0.194082
2022-12-13 20:00,-1.11357,2.45241,0.017496,0.0610768,34.2843,0.254194
2022-12-13 21:00,-1.20385,2.13775,0.0174565,0.060947,34.2843,0.264269
2022-12-13 22:00,-0.731584,1.91549,0.0174077,0.0607522,34.2843,0.242241
2022-12-13 23:00,-0.544467,1.37742,0.0173512,0.0605357,34.2843,0.147132
2022-12-14 00:00,-1.02791,1.8608,0.0173401,0.0604491,34.2843,0.129166
2022-12-14 01:00,-0.736715,1.67432,0.0173079,0.0601515,34.2843,0.0869051
2022-12-14 02:00,-0.207227,1.13248,0.0172688,0.0599567,34.2843,0.0269402
2022-12-14 03:00,-0.0425404,1.29321,0.0172133,0.059697,34.2843,0.106913
2022-12-14 04:00,-1.13139,1.64688,0.0171701,0.059697,34.2843,0.129404
2022-12-14 05:00,-0.028431,1.42009,0.0171234,0.0594805,34.2843,0.181378
2022-12-14 06:00,-0.61895,1.36945,0.0170731,0.059329,34.2843,0.235239
2022-12-14 07:00,-0.483242,1.35798,0.0170368,0.0591342,34.2843,0.285319
2022-12-14 08:00,1.13972,3.25392,0.0169635,0.0589827,34.2843,0.0651267
2022-12-14 09:00,0.194223,2.7884,0.0169018,0.0588961,34.2843,0.0679151
2022-12-14 10:00,-0.790255,2.18466,0.0168664,0.0589827,34.2843,0.103181
2022-12-14 11:00,-1.08518,1.90139,0.0168511,0.058961,34.2843,0.0952885
2022-12-14 12:00,-0.760371,1.84179,0.0168113,0.0589827,34.2843,0.079846
2022-12-14 13:00,-1.48256,2.13796,0.0167918,0.0590909,34.2843,0.107385
2022-12-14 14:00,-0.439465,1.44847,0.0167751,0.0592641,34.2843,0.0357033
2022-12-14 15:00,-0.651197,1.64867,0.0167625,0.0593074,34.2843,0.000799422
2022-12-14 16:00,-0.577401,1.74513,0.0167344,0.0593506,34.2843,0.0201567
2022-12-14 17:00,-0.0155271,1.90943,0.0167064,0.059329,34.2843,0.0145905
2022-12-14 18:00,-0.417855,1.76128,0.0167211,0.0594589,34.2843,0.0303084
2022-12-14 19:00,-1.52353,3.20369,0.0167038,0.0595022,34.2843,0.157355
2022-12-14 20:00,-1.82409,2.92976,0.0166978,0.0595887,34.2843,0.287927
2022-12-14 21:00,-0.857379,2.24437,0.016661,0.0595455,34.2843,0.309547
2022-12-14 22:00,-0.42339,1.70538,0.0166481,0.0593723,34.2843,0.253594
2022-12-14 23:00,-0.290136,1.50106,0.0166287,0.0591342,34.2843,0.174649
2022-12-15 00:00,-0.25918,1.66962,0.0166311,0.0588745,34.2843,0.127182
2022-12-15 01:00,-0.9722,2.13613,0.0166459,0.0587446,34.2843,0.149732
2022-12-15 02:00,0.242066,1.22744,0.0166435,0.0585065,34.2843,0.04289
2022-12-15 03:00,0.0423613,1.12001,0.0166436,0.0581818,34.2843,0.0682984
2022-12-15 04:00,-0.231215,1.13316,0.0166466,0.0581548,34.2843,0.166528
2022-12-15 05:00,-0.750415,1.32289,0.0166707,0.0580682,34.2843,0.228389
2022-12-15 06:00,-0.80072,1.51628,0.0166751,0.0580465,34.2843,0.257005
2022-12-15 07:00,-0.504035,1.56309,0.0167043,0.0580249,34.2843,0.276212
2022-12-15 08:00,2.13229,3.38294,0.0166786,0.0580249,34.2843,0.0388781
2022-12-15 09:00,0.0863643,3.34991,0.0166759,0.0579816,34.2843,0.1701
2022-12-15 10:00,-0.312173,2.07252,0.0166713,0.05796,34.2843,0.179459
2022-12-15 11:00,-0.37304,1.60005,0.0166759,0.0580249,34.2843,0.121778
2022-12-15 12:00,-3.85657,4.51268,0.0166853,0.0582413,34.2843,0.477376
2022-12-15 13:00,0.842792,3.56441,0.0166861,0.0581981,34.2843,0.66474
2022-12-15 14:00,-0.229946,1.82287,0.0167344,0.0585877,34.2843,0.589706
2022-12-15 15:00,-0.781273,1.73282,0.0167513,0.0589123,34.2843,0.509576
2022-12-15 16:00,0.0350348,1.53828,0.0167748,0.0591721,34.2843,0.410241
2022-12-15 17:00,-0.37599,1.37977,0.0167798,0.0593019,34.2843,0.298662
2022-12-15 18:00,0.0504939,1.49862,0.0167884,0.0594968,34.2843,0.21487
2022-12-15 19:00,0.421218,2.06941,0.0167413,0.0596916,34.2843,0.219316
2022-12-15 20:00,-1.22947,3.79745,0.0166804,0.0595833,34.2843,0.465091
2022-12-15 21:00,-0.113783,2.05462,0.0166345,0.0593452,34.2843,0.442447
2022-12-15 22:00,0.000308384,1.5861,0.0165513,0.0591288,34.2843,0.356515
2022-12-15 23:00,-0.365399,1.91145,0.0164961,0.0589177,34.2843,0.324696
2022-12-16 00:00,-1.76871,3.05698,0.0164689,0.0588312,34.2843,0.456333
2022-12-16 01:00,1.10507,2.38886,0.0164191,0.0585498,34.2843,0.481327
2022-12-16 02:00,0.370201,1.17176,0.0163876,0.0583333,34.2843,0.333537
2022-12-16 03:00,0.464634,1.1091,0.0163778,0.0580736,34.2843,0.191757
2022-12-16 04:00,0.289803,1.01646,0.0163609,0.0578139,34.2843,0.0511945
2022-12-16 05:00,-0.0665273,1.06096,0.0163477,0.0575325,34.2843,0.0690856
2022-12-16 06:00,-0.36039,1.32659,0.0163354,0.0573593,34.2843,0.140173
2022-12-16 07:00,-0.0131109,1.62983,0.0163353,0.0571645,34.2843,0.161724
2022-12-16 08:00,1.78767,2.71267,0.0162565,0.056921,34.2843,0.0296193
2022-12-16 09:00,0.139227,2.75144,0.0162174,0.0567965,34.2843,0.0947008
2022-12-16 10:00,1.95366,3.52137,0.0160805,0.0561472,24.9546,0.314311
2022-12-16 11:00,-0.31945,1.62035,0.0160499,0.0560823,24.9546,0.245984
2022-12-16 12:00,1.66135,2.72227,0.01596,0.055368,14.7984,0.338662
2022-12-16 13:00,0.990395,2.76683,0.015897,0.0545887,14.7984,0.428306
2022-12-16 14:00,-0.436759,2.05178,0.0158682,0.0542208,8.00845,0.408943
2022-12-16 15:00,0.618261,1.81134,0.015843,0.054026,8.00845,0.357875
2022-12-16 16:00,0.139387,1.64334,0.0157882,0.0537879,8.00845,0.288409
2022-12-16 17:00,0.0221249,1.49969,0.015735,0.0535931,8.00845,0.20579
2022-12-16 18:00,0.124367,1.80812,0.0156815,0.0535281,8.00845,0.174586
2022-12-16 19:00,0.00605874,2.23836,0.0155702,0.0533712,8.00845,0.2067
2022-12-16 20:00,-0.686652,2.0654,0.0154694,0.0530952,8.00845,0.211402
2022-12-16 21:00,-0.295857,2.00795,0.0153516,0.0530087,8.00845,0.207597
2022-12-16 22:00,0.479224,1.76435,0.0152282,0.0529221,8.00845,0.170089
2022-12-16 23:00,0.583579,1.60266,0.0151191,0.0528355,8.00845,0.11371
2022-12-17 00:00,0.31062,1.62257,0.0150169,0.0527814,8.00845,0.0657538
2022-12-17 01:00,-0.996887,2.05172,0.0149052,0.0527814,8.00845,0.0826363
2022-12-17 02:00,0.290035,1.30933,0.0147984,0.0527597,8.00845,0.00603741
2022-12-17 03:00,0.166541,1.17025,0.0147081,0.0527381,8.00845,0.105303
2022-12-17 04:00,-0.0639816,1.10609,0.014606,0.0527165,8.00845,0.203619
2022-12-17 05:00,-0.17026,1.08631,0.0145225,0.0526948,8.00845,0.294871
2022-12-17 06:00,-0.547109,1.1914,0.0144361,0.0526732,8.00845,0.362294
2022-12-17 07:00,-0.813877,1.40507,0.0143584,0.0526515,8.00845,0.393079
2022-12-17 08:00,-1.24072,1.92751,0.014292,0.0525866,8.00845,0.347692
2022-12-17 09:00,-0.631819,2.17511,0.0142334,0.0525216,8.00845,0.2722
2022-12-17 10:00,-0.744611,1.84441,0.0141142,0.0524567,8.00845,0.250527
2022-12-17 11:00,-1.12983,1.86515,0.014055,0.0523918,8.00845,0.228119
2022-12-17 12:00,-1.11738,1.82046,0.0140219,0.0523268,8.00845,0.214204
2022-12-17 13:00,-2.01983,2.47705,0.0140339,0.0522403,8.00845,0.109817
2022-12-17 14:00,-0.868434,1.94665,0.0140575,0.0521537,8.00845,0.0900768
2022-12-17 15:00,-1.05989,1.87563,0.0140399,0.0520887,8.00845,0.0822482
2022-12-17 16:00,-0.8005,1.76344,0.0140227,0.0520238,8.00845,0.0908983
2022-12-17 17:00,-1.20589,1.89205,0.0140191,0.0519156,8.00845,0.08069
2022-12-17 18:00,-1.01344,1.8932,0.0140157,0.0518236,8.00845,0.0713416
2022-12-17 19:00,-0.391457,1.993,0.0140156,0.0518452,8.00845,0.0489641
2022-12-17 20:00,-0.543281,1.78114,0.013973,0.0518669,8.00845,0.0584667
2022-12-17 21:00,0.29519,1.45025,0.0139332,0.0518885,8.00845,0.113314
2022-12-17 22:00,-0.20044,1.5769,0.0138968,0.0519102,8.00845,0.144956
2022-12-17 23:00,0.682993,1.56671,0.0138982,0.0519318,8.00845,0.174862
2022-12-18 00:00,0.485962,1.27033,0.013886,0.0519535,8.00845,0.243243
2022-12-18 01:00,-0.356188,1.62508,0.0138353,0.0519535,8.00845,0.255152
2022-12-18 02:00,0.0656491,1.48227,0.0138119,0.0519535,8.00845,0.285851
2022-12-18 03:00,0.266581,1.2239,0.0137748,0.0519318,8.00845,0.349629
2022-12-18 04:00,-0.286841,1.26382,0.0137404,0.0519102,8.00845,0.401445
2022-12-18 05:00,-0.251079,1.32831,0.0136943,0.0519102,8.00845,0.439056
2022-12-18 06:00,-0.511629,1.60384,0.013642,0.0518669,8.00845,0.434355
2022-12-18 07:00,-0.645998,1.51528,0.013586,0.0518236,8.00845,0.442515
2022-12-18 08:00,-1.17568,2.01045,0.0135307,0.0517587,8.00845,0.380579
2022-12-18 09:00,-0.602668,2.01172,0.0134655,0.0516937,8.00845,0.324659
2022-12-18 10:00,-0.663322,1.8374,0.013467,0.0516071,8.00845,0.298721
2022-12-18 11:00,-0.828972,1.67294,0.0134441,0.0515206,8.00845,0.298386
2022-12-18 12:00,-0.697861,1.81232,0.0134034,0.051434,8.00845,0.278584
2022-12-18 13:00,-1.12322,1.81908,0.0133714,0.0513041,8.00845,0.259816
2022-12-18 14:00,-0.445651,1.6248,0.0133385,0.0511742,8.00845,0.270107
2022-12-18 15:00,-0.752806,1.61039,0.0133274,0.0510227,8.00845,0.281385
2022-12-18 16:00,-0.330262,1.58983,0.0133109,0.0508496,8.00845,0.294412
2022-12-18 17:00,-0.498811,1.52418,0.013302,0.0506764,8.00845,0.315321
2022-12-18 18:00,-0.785286,1.62665,0.0132826,0.0505032,8.00845,0.319802
2022-12-18 19:00,-0.727041,1.66859,0.0132533,0.0503301,8.00845,0.317968
2022-12-18 20:00,0.0821897,1.45783,0.0132001,0.0501569,8.00845,0.345805
2022-12-18 21:00,-0.623698,1.8171,0.0131146,0.0499838,8.00845,0.320593
2022-12-18 22:00,0.392872,1.60443,0.0130626,0.0498106,8.00845,0.327656
2022-12-18 23:00,0.063986,1.20779,0.0129707,0.0496374,8.00845,0.389509
2022-12-19 00:00,-0.00672029,1.2569,0.0129143,0.0494426,8.00845,0.438304
2022-12-19 01:00,-0.517979,1.77802,0.0128342,0.0492478,8.00845,0.409309
2022-12-19 02:00,0.474146,1.32526,0.0127644,0.049053,8.00845,0.446561
2022-12-19 03:00,0.0219964,1.23522,0.0126926,0.0488366,8.00845,0.492684
2022-12-19 04:00,-0.249108,1.15161,0.012645,0.0486201,8.00845,0.545894
2022-12-19 05:00,-0.397181,1.29504,0.0125805,0.0484037,8.00845,0.573714
2022-12-19 06:00,-0.463789,1.4377,0.0125133,0.0481656,8.00845,0.578792
2022-12-19 07:00,-0.275672,1.73292,0.0124474,0.0479275,8.00845,0.542059
2022-12-19 08:00,0.786596,2.84472,0.0124208,0.0476677,8.00845,0.353445
2022-12-19 09:00,-0.468914,3.48953,0.0124008,0.047408,8.00845,0.0934745
2022-12-19 10:00,-0.895726,2.41199,0.0123701,0.0471699,7.32726,0.0102623
2022-12-19 11:00,-1.14431,1.98922,0.0123463,0.0469318,6.94355,0.00547738
2022-12-19 12:00,-0.974414,1.83276,0.0123152,0.0468398,6.7032,0.00224697
2022-12-19 13:00,-1.30507,2.10941,0.0122875,0.0468831,6.7032,0.0295073
2022-12-19 14:00,-0.473979,1.59074,0.0122598,0.0468831,6.7032,0.0144819
2022-12-19 15:00,0.495526,1.6913,0.0122298,0.0467532,6.7032,0.0400019
2022-12-19 16:00,-0.0743035,1.30897,0.0122255,0.0468398,6.7032,0.116463
2022-12-19 17:00,0.178147,1.28963,0.012226,0.047013,6.7032,0.187984
2022-12-19 18:00,-0.228449,1.4896,0.0122003,0.0471645,6.7032,0.224375
2022-12-19 19:00,-0.825297,2.55937,0.0121539,0.0471212,6.7032,0.107453
2022-12-19 20:00,-0.748038,2.21344,0.012117,0.0470779,6.7032,0.0506222
2022-12-19 21:00,-0.356321,1.86728,0.0120327,0.0468831,6.7032,0.0479061
2022-12-19 22:00,0.0535421,1.39367,0.0119884,0.0467532,6.7032,0.111727
2022-12-19 23:00,-0.134695,1.27065,0.0119141,0.0464719,6.7032,0.186377
2022-12-20 00:00,-0.285473,1.38939,0.0118575,0.0462121,6.7032,0.236948
2022-12-20 01:00,-0.843156,1.621,0.0118128,0.0459524,6.7032,0.250057
2022-12-20 02:00,0.020311,1.13134,0.0117728,0.0457792,6.7032,0.330365
2022-12-20 03:00,0.198644,1.19755,0.0117255,0.045671,6.7032,0.393379
2022-12-20 04:00,-0.629607,1.37041,0.0116963,0.0456277,6.7032,0.425906
2022-12-20 05:00,-0.0512669,1.35146,0.0116738,0.0455195,6.7032,0.457832
2022-12-20 06:00,-0.756165,1.4642,0.0116416,0.0453896,6.7032,0.470791
2022-12-20 07:00,-0.549552,1.43566,0.0116246,0.0453896,6.7032,0.486448
2022-12-20 08:00,0.78708,2.14216,0.0115951,0.0453463,6.7032,0.401692
2022-12-20 09:00,0.168808,2.58237,0.0115982,0.0454113,6.7032,0.26382
2022-12-20 10:00,-0.764381,2.13362,0.0115763,0.0457792,6.7032,0.20252
2022-12-20 11:00,-0.621955,1.74554,0.0115747,0.0461255,6.7032,0.201649
2022-12-20 12:00,-1.0714,1.92592,0.0115647,0.0464502,6.7032,0.175626
2022-12-20 13:00,-1.37083,1.88873,0.0115365,0.0467532,6.7032,0.157408
2022-12-20 14:00,-0.314141,1.73861,0.0115206,0.0471429,6.7032,0.162016
2022-12-20 15:00,0.462208,1.45188,0.011506,0.047619,6.7032,0.206281
2022-12-20 16:00,0.174846,1.23314,0.011495,0.047987,6.7032,0.276723
2022-12-20 17:00,0.116105,1.27287,0.011513,0.0484199,6.7032,0.334563
2022-12-20 18:00,0.0141617,1.2501,0.0115581,0.0488528,6.7032,0.389804
2022-12-20 19:00,-0.445893,2.12747,0.01159,0.0489827,6.7032,0.316767
2022-12-20 20:00,-0.422161,2.11967,0.0116169,0.0491342,6.7032,0.252125
2022-12-20 21:00,0.211245,1.49954,0.011606,0.0491126,6.7032,0.28071
2022-12-20 22:00,0.480239,1.24131,0.0116309,0.048961,6.7032,0.342566
2022-12-20 23:00,0.466606,1.20193,0.0116561,0.0487446,6.7032,0.403748
2022-12-21 00:00,-0.184824,1.70966,0.0116892,0.0489286,6.7032,0.387773
2022-12-21 01:00,0.145676,1.55944,0.0117283,0.0497078,6.7032,0.394413
2022-12-21 02:00,0.756894,1.19451,0.0117635,0.0505087,6.7032,0.451447
2022-12-21 03:00,0.416723,0.991847,0.0118058,0.0512879,6.7032,0.531133
2022-12-21 04:00,-0.17417,1.22947,0.0118543,0.0520671,6.7032,0.569604
2022-12-21 05:00,-0.00171384,1.2639,0.0118966,0.0528896,6.7032,0.59941
2022-12-21 06:00,-0.342337,1.13858,0.0119424,0.0535823,6.7032,0.64377
2022-12-21 07:00,-0.549597,1.27344,0.0119582,0.0542965,6.7032,0.664825
2022-12-21 08:00,-0.0989596,1.49777,0.0120273,0.0550541,6.7032,0.652388
2022-12-21 09:00,-0.350142,1.96654,0.0120893,0.0557468,6.7032,0.575608
2022-12-21 10:00,-0.762267,1.71828,0.0121287,0.0563745,6.7032,0.541241
2022-12-21 11:00,-1.47004,2.02595,0.0121944,0.0570671,6.7032,0.467263
2022-12-21 12:00,-0.349358,1.73182,0.0122361,0.057803,6.7032,0.441836
2022-12-21 13:00,-1.4955,2.30225,0.0122339,0.0584307,6.7032,0.339141
2022-12-21 14:00,-0.0489518,1.5861,0.0122589,0.0590368,6.7032,0.346914
2022-12-21 15:00,-0.0398882,1.41674,0.0122683,0.0596212,6.7032,0.377605
2022-12-21 16:00,-0.0138857,1.31116,0.0122885,0.0602489,6.7032,0.42
2022-12-21 17:00,-0.595968,1.84322,0.0123125,0.0608333,6.7032,0.383713
2022-12-21 18:00,-0.341956,1.88264,0.0123143,0.0613961,6.7032,0.345539
2022-12-21 19:00,-0.127804,2.07396,0.0123677,0.0619372,6.7032,0.284414
2022-12-21 20:00,0.0570942,1.96799,0.0123969,0.0624784,6.7032,0.244229
2022-12-21 21:00,0.708675,1.63309,0.01242,0.0630628,6.7032,0.25492
2022-12-21 22:00,0.572851,1.38405,0.0124093,0.0636905,6.7032,0.299384
2022-12-21 23:00,0.620443,1.3683,0.0124343,0.0643615,6.7032,0.341606
2022-12-22 00:00,0.655787,1.48139,0.0124446,0.065119,6.7032,0.363783
2022-12-22 01:00,0.168919,1.42457,0.0124846,0.065855,6.7032,0.391692
2022-12-22 02:00,0.148575,1.35564,0.0125115,0.0665693,6.7032,0.426453
2022-12-22 03:00,0.811027,1.55623,0.0125306,0.0673918,6.7032,0.429674
2022-12-22 04:00,0.656766,1.18059,0.0125586,0.068171,6.7032,0.48513
2022-12-22 05:00,0.128349,1.07992,0.012602,0.0689069,6.7032,0.549125
2022-12-22 06:00,-0.273988,1.05704,0.0126574,0.0698377,6.7032,0.609921
2022-12-22 07:00,-0.339167,1.45694,0.0127177,0.0708333,6.7032,0.608688
2022-12-22 08:00,-0.0387534,1.57371,0.012773,0.0717857,6.7032,0.591239
2022-12-22 09:00,-0.509508,1.78391,0.0127987,0.0727597,6.7032,0.546127
2022-12-22 10:00,-0.773149,1.48139,0.0128506,0.0737554,6.7032,0.547851
2022-12-22 11:00,-1.20014,1.70209,0.0128838,0.074816,6.7032,0.518525
2022-12-22 12:00,0.114292,1.50831,0.0130152,0.0759199,6.7032,0.519243
2022-12-22 13:00,-1.22928,2.12094,0.0130445,0.0770238,6.7032,0.434176
2022-12-22 14:00,0.195306,1.6092,0.0131041,0.0780844,6.7032,0.429214
2022-12-22 15:00,0.525833,1.41668,0.0131652,0.0791883,6.7032,0.451684
2022-12-22 16:00,0.500235,1.34351,0.0132343,0.0803355,6.7032,0.482143
2022-12-22 17:00,0.472764,1.54774,0.0133611,0.0814177,6.7032,0.480984
2022-12-22 18:00,0.00555959,1.72368,0.0134386,0.0825,6.7032,0.455324
2022-12-22 19:00,-0.101516,2.33306,0.0135869,0.0836039,6.7032,0.346969
2022-12-22 20:00,0.46986,1.91376,0.0136699,0.0846861,6.7032,0.308117
2022-12-22 21:00,0.273317,1.31917,0.0137108,0.0857468,6.7032,0.356339
2022-12-22 22:00,0.550176,1.49739,0.0137885,0.0867641,6.7032,0.374804
2022-12-22 23:00,0.949344,1.4023,0.0138615,0.0877597,6.7032,0.404727
2022-12-23 00:00,0.223395,1.74605,0.01399,0.0888203,6.7032,0.383562
2022-12-23 01:00,0.451106,1.5497,0.0140922,0.0899242,6.7032,0.391986
2022-12-23 02:00,0.789018,1.50955,0.0141614,0.0910498,6.7032,0.405185
2022-12-23 03:00,0.579696,1.10339,0.0142244,0.092197,6.7032,0.47389
2022-12-23 04:00,0.364951,1.08009,0.0142982,0.0933442,6.7032,0.538985
2022-12-23 05:00,0.419145,1.00769,0.0143929,0.0944697,6.7032,0.607701
2022-12-23 06:00,-0.205351,1.02789,0.0144979,0.0955519,6.7032,0.666719
2022-12-23 07:00,-0.317234,1.16817,0.0145808,0.0965693,6.7032,0.700208
2022-12-23 08:00,-0.0525293,1.80477,0.0147009,0.0975649,6.7032,0.641279
2022-12-23 09:00,-0.398582,1.89843,0.0148234,0.0985606,6.7032,0.575141
2022-12-23 10:00,-0.639609,1.44181,0.0149375,0.0996212,6.7032,0.579501
2022-12-23 11:00,-0.72423,1.36831,0.015064,0.10066,6.7032,0.593709
2022-12-23 12:00,-0.880867,1.57139,0.0152077,0.101742,6.7032,0.578083
2022-12-23 13:00,-0.514629,1.69598,0.0153093,0.102803,6.7032,0.546589
2022-12-23 14:00,-0.290267,1.58854,0.0154409,0.103885,6.7032,0.533275
2022-12-23 15:00,0.237343,1.45132,0.0155606,0.104946,6.7032,0.540492
2022-12-23 16:00,0.204006,1.33211,0.0156855,0.105963,6.7032,0.563666
2022-12-23 17:00,0.0574921,1.55326,0.0158124,0.107024,6.7032,0.553582
2022-12-23 18:00,-0.0019336,1.45843,0.0159655,0.108084,6.7032,0.557774
2022-12-23 19:00,0.329782,1.9125,0.0161904,0.109123,6.7032,0.498016
2022-12-23 20:00,-0.160669,2.00899,0.0163186,0.110119,6.7032,0.430735
2022-12-23 21:00,0.57221,1.44746,0.0164926,0.111115,6.7032,0.448746
2022-12-23 22:00,0.495888,1.27188,0.0166632,0.112132,6.7032,0.489522
2022-12-23 23:00,0.319844,1.3805,0.0168228,0.113214,6.7032,0.511023
2022-12-24 00:00,-0.0371304,1.7422,0.0170076,0.114167,6.7032,0.479768
2022-12-24 01:00,-0.0970208,1.53324,0.0171932,0.115097,6.7032,0.480874
2022-12-24 02:00,0.936042,1.43956,0.0173614,0.116115,6.7032,0.494977
2022-12-24 03:00,0.227543,1.18136,0.017533,0.11711,6.7032,0.543795
2022-12-24 04:00,-0.197654,1.37144,0.0177166,0.118149,6.7032,0.561136
2022-12-24 05:00,-0.406354,1.49537,0.0178794,0.119167,6.7032,0.559404
2022-12-24 06:00,-0.220544,1.22742,0.0180814,0.120206,6.7032,0.595334
2022-12-24 07:00,-0.377294,1.43156,0.0183139,0.121245,6.42641,0.599109
2022-12-24 08:00,-0.43233,1.41008,0.0186162,0.122327,5.64837,0.605512
2022-12-24 09:00,-0.585232,1.7261,0.0188982,0.123387,5.58538,0.567061
2022-12-24 10:00,-0.0908793,1.53613,0.0192104,0.124318,5.38993,0.559033
2022-12-24 11:00,-0.365327,1.34272,0.019515,0.125271,4.7421,0.578869
2022-12-24 12:00,-0.465833,1.40671,0.019768,0.126136,4.1089,0.587769
2022-12-24 13:00,-0.448858,1.46946,0.0200135,0.126916,2.78601,0.586999
2022-12-24 14:00,0.00295956,1.38064,0.020254,0.127695,2.78601,0.598732
2022-12-24 15:00,-0.0129004,1.48219,0.0204846,0.128387,2.78601,0.595084
2022-12-24 16:00,0.567735,1.40376,0.0207445,0.128994,2.78601,0.602775
2022-12-24 17:00,0.266801,1.42625,0.0210304,0.129556,2.78601,0.606549
2022-12-24 18:00,0.443742,1.49632,0.0213203,0.130032,2.78601,0.600142
2022-12-24 19:00,0.63251,1.42328,0.0215631,0.130444,2.78601,0.604596
2022-12-24 20:00,0.935024,1.57672,0.0217537,0.13092,2.78601,0.587135
2022-12-24 21:00,0.500372,1.58101,0.0218839,0.131374,2.78601,0.570821
2022-12-24 22:00,0.97626,1.38772,0.0220276,0.131872,2.82885,0.583181
2022-12-24 23:00,0.618105,1.26964,0.022151,0.132348,3.23369,0.610827
2022-12-25 00:00,0.167427,1.34036,0.0222358,0.132825,3.23369,0.625814
2022-12-25 01:00,0.103431,1.29172,0.0223708,0.133323,3.23369,0.646107
2022-12-25 02:00,0.453601,1.072,0.0225366,0.133777,3.23369,0.695113
2022-12-25 03:00,-0.176829,1.46293,0.0226591,0.134188,3.23369,0.684522
2022-12-25 04:00,0.435815,1.3666,0.0228066,0.1346,3.23369,0.688468
2022-12-25 05:00,0.0612129,1.15236,0.0229861,0.135076,3.23369,0.721994
2022-12-25 06:00,-0.397158,1.02028,0.0231756,0.135574,3.23369,0.770648
2022-12-25 07:00,-0.625486,1.21176,0.0233768,0.136071,3.23369,0.787644
2022-12-25 08:00,-0.586102,1.26961,0.0235692,0.136504,3.23369,0.794848
2022-12-25 09:00,-0.340145,1.62822,0.0237683,0.136981,3.23369,0.751158
2022-12-25 10:00,-0.730329,1.51012,0.0239495,0.137543,3.23369,0.728359
2022-12-25 11:00,-0.808576,1.46756,0.024145,0.138149,3.23369,0.713796
2022-12-25 12:00,-0.20959,1.22603,0.0243566,0.138712,3.23369,0.734481
2022-12-25 13:00,-0.749935,1.47912,0.0245554,0.139318,3.23369,0.717688
2022-12-25 14:00,-0.01101,1.28286,0.0247845,0.139816,3.23369,0.730033
2022-12-25 15:00,0.262247,1.28109,0.0250149,0.140335,3.23369,0.741391
2022-12-25 16:00,0.285508,1.25068,0.0252025,0.140898,3.23369,0.755868
2022-12-25 17:00,0.204384,1.31271,0.0254082,0.141542,3.23369,0.76022
2022-12-25 18:00,0.224474,1.22417,0.0256177,0.1423,3.23369,0.776523
2022-12-25 19:00,0.0518951,1.32219,0.0258005,0.143014,3.23369,0.777482
2022-12-25 20:00,0.639174,1.41963,0.0260106,0.143734,3.23369,0.764712
2022-12-25 21:00,0.206024,1.4211,0.0262474,0.144491,3.23369,0.753014
2022-12-25 22:00,-0.548769,1.91234,0.0263727,0.145227,3.23369,0.673754
2022-12-25 23:00,0.948141,1.64126,0.0265188,0.145963,3.23369,0.640349
2022-12-26 00:00,0.135391,1.17947,0.026663,0.146656,3.23369,0.674893
2022-12-26 01:00,0.0943959,1.21225,0.026837,0.14737,3.23369,0.701397
2022-12-26 02:00,0.131675,0.977703,0.0269942,0.148041,3.23369,0.758066
2022-12-26 03:00,-0.0519021,0.985156,0.0271223,0.148604,3.23369,0.808026
2022-12-26 04:00,0.0368323,1.08999,0.0272513,0.149145,3.23369,0.838322
2022-12-26 05:00,-0.535654,1.17901,0.0273827,0.149729,3.23369,0.853134
2022-12-26 06:00,-0.43379,1.28465,0.0275203,0.150314,3.23369,0.851685
2022-12-26 07:00,-0.778732,1.55649,0.0276482,0.151028,3.23369,0.812346
2022-12-26 08:00,-0.14277,1.76224,0.0278103,0.151786,3.23369,0.748155
2022-12-26 09:00,-0.462352,2.61424,0.028032,0.152413,3.23369,0.571177
2022-12-26 10:00,-1.45729,2.47003,0.0282052,0.152976,3.23369,0.432074
2022-12-26 11:00,-1.21981,2.02136,0.0283689,0.153561,3.23369,0.369656
2022-12-26 12:00,-0.791514,1.83246,0.0285253,0.154123,3.23369,0.339909
2022-12-26 13:00,-0.793198,1.48974,0.0287382,0.154621,3.23369,0.361086
2022-12-26 14:00,-0.719178,1.86606,0.0288834,0.155227,3.23369,0.327495
2022-12-26 15:00,0.0252027,1.66093,0.0290994,0.155877,3.23369,0.325963
2022-12-26 16:00,0.403305,1.46285,0.0293084,0.156504,3.23369,0.352298
2022-12-26 17:00,0.0636151,1.48752,0.0294838,0.15711,3.23369,0.372547
2022-12-26 18:00,-0.247111,1.45509,0.0296992,0.157673,3.23369,0.395309
2022-12-26 19:00,0.00788514,1.99852,0.0299082,0.158214,3.23369,0.339763
2022-12-26 20:00,-0.37514,1.80154,0.0300466,0.158734,3.23369,0.317332
2022-12-26 21:00,0.0475883,1.26323,0.0302056,0.159167,3.23369,0.37246
2022-12-26 22:00,0.101643,1.25443,0.0303276,0.159621,3.23369,0.423306
2022-12-26 23:00,-0.114782,1.24813,0.0304835,0.160076,3.23369,0.469949
2022-12-27 00:00,-0.379107,1.44595,0.0306347,0.160595,3.23369,0.48425
2022-12-27 01:00,-0.143928,1.15933,0.0308163,0.161071,3.23369,0.537223
2022-12-27 02:00,0.223033,1.01279,0.0310146,0.161569,3.23369,0.605401
2022-12-27 03:00,-0.0130171,0.960035,0.0312058,0.162154,3.23369,0.674142
2022-12-27 04:00,-0.676386,1.35531,0.0313575,0.162738,3.23369,0.680705
2022-12-27 05:00,-0.361235,1.26392,0.0315225,0.163236,3.23369,0.699399
2022-12-27 06:00,-0.674771,1.53635,0.0317023,0.163669,3.23369,0.678107
2022-12-27 07:00,-0.513685,1.4275,0.0318563,0.164037,3.23369,0.674173
2022-12-27 08:00,0.0737359,1.75132,0.0320521,0.164383,3.23369,0.625327
2022-12-27 09:00,-0.576641,2.30251,0.0321936,0.164686,3.23369,0.504246
2022-12-27 10:00,-0.551744,1.93784,0.0323332,0.165184,3.23369,0.446296
2022-12-27 11:00,-1.24199,2.09079,0.032462,0.165703,3.23369,0.372742
2022-12-27 12:00,-0.174681,1.79817,0.0325831,0.16631,3.23369,0.347484
2022-12-27 13:00,-0.652337,1.71215,0.0327367,0.167002,3.23369,0.336786
2022-12-27 14:00,0.182071,1.62981,0.0329252,0.167738,3.23369,0.338679
2022-12-27 15:00,0.17227,1.27177,0.0330955,0.168431,3.23369,0.390476
2022-12-27 16:00,0.203236,1.2431,0.0332839,0.169145,3.23369,0.441106
2022-12-27 17:00,-0.178265,1.61281,0.0334431,0.169816,3.23369,0.434946
2022-12-27 18:00,0.17756,1.46081,0.0335772,0.170465,3.23369,0.450668
2022-12-27 19:00,-0.180314,1.83668,0.0337335,0.171115,3.23369,0.412229
2022-12-27 20:00,-0.202378,1.56947,0.0338962,0.171721,3.23369,0.41502
2022-12-27 21:00,0.196343,1.41447,0.0340156,0.172262,3.23369,0.439218
2022-12-27 22:00,-0.0131719,1.29234,0.034121,0.172781,3.23369,0.478084
2022-12-27 23:00,0.135308,1.11821,0.0342782,0.173193,3.23369,0.537426
2022-12-28 00:00,-0.0928099,1.45551,0.0344212,0.173582,3.23369,0.543642
2022-12-28 01:00,-0.280413,1.53801,0.034556,0.173994,3.23369,0.537693
2022-12-28 02:00,0.54681,1.21604,0.0346861,0.174361,3.23369,0.577386
2022-12-28 03:00,0.05606,1.12373,0.0348083,0.174643,3.23369,0.626026
2022-12-28 04:00,0.245969,1.0761,0.0349348,0.174881,3.23369,0.676466
2022-12-28 05:00,-0.676972,1.38451,0.0350374,0.175097,3.23369,0.678711
2022-12-28 06:00,-0.438783,1.36034,0.0351627,0.175249,3.23369,0.684113
2022-12-28 07:00,-0.666022,1.60249,0.0352781,0.175422,3.23369,0.655096
2022-12-28 08:00,0.0190229,1.76059,0.0353699,0.175574,3.23369,0.60686
2022-12-28 09:00,0.105405,2.463,0.0354163,0.17579,3.23369,0.465173
2022-12-28 10:00,-0.542964,1.91209,0.0354493,0.175985,3.23369,0.414733
2022-12-28 11:00,-1.02017,1.98557,0.0354708,0.176158,3.23369,0.359057
2022-12-28 12:00,-0.559327,1.68548,0.035501,0.176331,3.23369,0.350934
2022-12-28 13:00,-0.398012,1.57541,0.0355541,0.176483,3.23369,0.359023
2022-12-28 14:00,0.244979,1.56939,0.0355883,0.176526,3.23369,0.367146
2022-12-28 15:00,0.465022,1.47325,0.0356325,0.176656,3.23369,0.387907
2022-12-28 16:00,0.344663,1.37424,0.0356521,0.176656,3.23369,0.420445
2022-12-28 17:00,0.415037,1.32748,0.0356901,0.176699,3.23369,0.456272
2022-12-28 18:00,0.105489,1.4022,0.0357739,0.176721,3.23369,0.478062
2022-12-28 19:00,0.152095,2.08066,0.0358117,0.176721,3.23369,0.402748
2022-12-28 20:00,0.0534318,1.94492,0.035874,0.176764,3.23369,0.353957
2022-12-28 21:00,-0.169944,1.43938,0.0358951,0.176742,3.23369,0.380776
2022-12-28 22:00,0.259394,1.31694,0.0359623,0.176677,3.23369,0.422044
2022-12-28 23:00,0.000919571,1.31129,0.0359706,0.176591,3.23369,0.459976
2022-12-29 00:00,0.0169749,1.37318,0.036042,0.176483,3.23369,0.485456
2022-12-29 01:00,-0.241465,1.50916,0.0360695,0.17631,3.23369,0.489362
2022-12-29 02:00,0.237854,1.21639,0.0361413,0.176158,3.23369,0.533841
2022-12-29 03:00,-0.183941,1.08388,0.0361978,0.175963,3.23369,0.59241
2022-12-29 04:00,0.0591149,1.0849,0.0362774,0.17579,3.23369,0.644981
2022-12-29 05:00,-0.202628,1.0608,0.036285,0.17553,3.23369,0.695667
2022-12-29 06:00,-1.32636,1.66508,0.0362656,0.175206,3.23369,0.656737
2022-12-29 07:00,-0.491553,1.48362,0.0362654,0.174859,3.23369,0.647088
2022-12-29 08:00,0.124262,1.79711,0.0362664,0.174578,3.23369,0.594545
2022-12-29 09:00,-0.0530397,2.462,0.0362507,0.174188,3.23369,0.454228
2022-12-29 10:00,-0.4543,1.91423,0.0362102,0.173799,3.23369,0.404583
2022-12-29 11:00,-0.344244,1.70437,0.0361353,0.173366,3.23369,0.389264
2022-12-29 12:00,-0.729636,1.49177,0.0360304,0.172846,3.23369,0.405222
2022-12-29 13:00,-1.2747,1.99518,0.03594,0.172435,3.23369,0.349152
2022-12-29 14:00,-0.075052,1.70595,0.0358207,0.172132,3.23369,0.339156
2022-12-29 15:00,0.363299,1.48158,0.0357257,0.171764,3.23369,0.361551
2022-12-29 16:00,0.253613,1.2586,0.0356152,0.171396,3.23369,0.412904
2022-12-29 17:00,-0.0565471,1.44143,0.0354786,0.17105,3.23369,0.433542
2022-12-29 18:00,0.0902624,1.44782,0.0353637,0.170682,3.23369,0.451222
2022-12-29 19:00,-0.156518,1.75127,0.0352574,0.170249,3.23369,0.424678
2022-12-29 20:00,-0.790162,2.01988,0.0351308,0.169794,3.23369,0.363206
2022-12-29 21:00,-0.409844,1.62495,0.0349763,0.169318,3.23369,0.363138
2022-12-29 22:00,-0.0930407,1.32032,0.0348025,0.168929,3.23369,0.405697
2022-12-29 23:00,0.0341157,1.14552,0.0346395,0.168496,3.23369,0.468457
2022-12-30 00:00,-0.92553,1.78929,0.034469,0.168041,3.23369,0.43487
2022-12-30 01:00,-0.235876,1.58021,0.0343161,0.167543,3.23369,0.433894
2022-12-30 02:00,0.084755,0.966186,0.034229,0.167067,3.23369,0.518926
2022-12-30 03:00,-0.286194,0.9459,0.0341115,0.166569,3.23369,0.598292
2022-12-30 04:00,-0.844991,1.24154,0.0339738,0.166028,3.23369,0.628359
2022-12-30 05:00,-0.418155,1.15036,0.0338469,0.16553,3.23369,0.668175
2022-12-30 06:00,-0.970533,1.3492,0.0336696,0.165119,3.23369,0.67619
2022-12-30 07:00,-0.962781,1.37155,0.0335546,0.164729,3.23369,0.680276
2022-12-30 08:00,-0.109557,1.82102,0.0333993,0.164383,3.23369,0.621067
2022-12-30 09:00,-0.216259,2.93367,0.0332523,0.16395,3.23369,0.412107
2022-12-30 10:00,-0.65021,2.08001,0.0330791,0.163496,3.23369,0.34348
2022-12-30 11:00,-0.54995,1.74947,0.0329332,0.163063,3.23369,0.327962
2022-12-30 12:00,-0.76355,1.63297,0.0327854,0.162587,3.23369,0.330294
2022-12-30 13:00,-0.906297,1.71445,0.0326688,0.162197,3.23369,0.320995
2022-12-30 14:00,-0.233553,1.42379,0.0325083,0.161851,3.23369,0.353292
2022-12-30 15:00,0.309102,1.32572,0.0324109,0.161591,3.23369,0.39608
2022-12-30 16:00,0.050279,1.43748,0.0322897,0.16131,3.23369,0.418954
2022-12-30 17:00,-0.0573375,1.46836,0.0321311,0.16105,3.23369,0.435218
2022-12-30 18:00,0.182866,1.54051,0.0319521,0.160812,3.23369,0.439762
2022-12-30 19:00,0.236111,2.15006,0.0316857,0.160465,3.23369,0.358569
2022-12-30 20:00,-0.257102,1.78779,0.0315048,0.160054,3.23369,0.33618
2022-12-30 21:00,-0.794203,1.87867,0.0312969,0.159513,3.23369,0.303315
2022-12-30 22:00,-0.440054,1.34606,0.0311014,0.158994,3.23369,0.348256
2022-12-30 23:00,-0.334429,1.47406,0.0309001,0.158409,3.23369,0.370793
2022-12-31 00:00,-1.06436,1.92812,0.0307057,0.15776,3.23369,0.327549
2022-12-31 01:00,-0.666073,1.66148,0.0305508,0.157024,3.23369,0.325935
2022-12-31 02:00,-0.203212,1.12853,0.0303904,0.156266,3.23369,0.399048
2022-12-31 03:00,-0.763563,1.28468,0.0301907,0.155574,3.23369,0.443004
2022-12-31 04:00,-0.605731,1.25945,0.0300339,0.154838,3.23369,0.486092
2022-12-31 05:00,-0.835558,1.21877,0.029897,0.154102,3.23369,0.530564
2022-12-31 06:00,-1.04281,1.32618,0.0297546,0.153301,3.23369,0.555561
2022-12-31 07:00,-1.38053,1.62789,0.029569,0.152457,3.23369,0.535845
2022-12-31 08:00,-1.37709,1.72534,0.0292989,0.151677,3.23369,0.504466
2022-12-31 09:00,-0.336138,2.01122,0.0290623,0.150963,3.23369,0.436228
2022-12-31 10:00,-0.538127,1.72755,0.0288094,0.150141,3.23369,0.414501
2022-12-31 11:00,-5.16764,5.75271,0.028443,0.149123,8.27046,0.168221
2022-12-31 12:00,3.23863,5.29138,0.028164,0.148063,8.27046,0.628124
2022-12-31 13:00,-0.748957,3.34466,0.027885,0.147002,8.27046,0.769667
2022-12-31 14:00,-0.541178,1.83965,0.0276134,0.145855,8.27046,0.686488
2022-12-31 15:00,0.60251,1.54175,0.0273764,0.144643,8.27046,0.569947
2022-12-31 16:00,0.332342,1.60464,0.0270923,0.143409,8.27046,0.473859
2022-12-31 17:00,0.0584912,1.58862,0.0268122,0.142154,8.27046,0.385138
2022-12-31 18:00,-0.0127956,1.55468,0.0265227,0.14092,8.27046,0.300542
2022-12-31 19:00,-0.0673477,1.84382,0.0262955,0.139643,8.27046,0.264858
2022-12-31 20:00,0.609132,1.42728,0.026097,0.138366,8.27046,0.174465
2022-12-31 21:00,-0.199304,1.73004,0.0258413,0.13711,8.27046,0.13547
2022-12-31 22:00,0.276305,1.56242,0.0255401,0.135833,8.27046,0.0769232
2022-12-31 23:00,0.275444,1.26951,0.0252759,0.134535,8.27046,0.0167505
2023-01-01 00:00,0.916049,2.08104,0.0249376,0.133128,8.27046,0.0124855
2023-01-01 01:00,-1.7684,2.40748,0.024679,0.131677,8.27046,0.0844704
2023-01-01 02:00,-0.349231,1.30544,0.0244151,0.130271,8.27046,0.00493226
2023-01-01 03:00,-0.630638,1.23264,0.02417,0.128842,8.27046,0.0955802
2023-01-01 04:00,-1.10924,1.55526,0.0239209,0.127413,8.27046,0.132024
2023-01-01 05:00,-0.737957,1.42503,0.0236723,0.126006,8.27046,0.183044
2023-01-01 06:00,-1.44924,1.75048,0.0234135,0.125081,8.27046,0.183427
2023-01-01 07:00,-1.094,1.74129,0.0231411,0.124172,8.27046,0.18506
2023-01-01 08:00,-0.900207,1.61452,0.022871,0.123263,8.27046,0.204265
2023-01-01 09:00,-0.990957,1.84968,0.0226633,0.122332,8.27046,0.188648
2023-01-01 10:00,-0.662629,1.70841,0.0224099,0.121402,8.27046,0.194357
2023-01-01 11:00,0.210774,2.17003,0.0220256,0.120795,8.27046,0.134911
2023-01-01 12:00,-1.27952,2.21288,0.0217839,0.120189,8.27046,0.0754132
2023-01-01 13:00,-0.913039,1.92251,0.0216699,0.119562,8.27046,0.0624911
2023-01-01 14:00,-0.19583,1.63978,0.0215391,0.118956,8.27046,0.090419
2023-01-01 15:00,0.209536,1.34888,0.021436,0.118263,8.27046,0.156254
2023-01-01 16:00,-0.072356,1.17105,0.0212932,0.117549,8.27046,0.240386
2023-01-01 17:00,-0.363397,1.4709,0.0211519,0.116834,8.27046,0.274152
2023-01-01 18:00,-0.273519,1.31185,0.0210679,0.116163,8.27046,0.326795
2023-01-01 19:00,-0.390832,1.52145,0.0209528,0.115514,8.27046,0.344848
2023-01-01 20:00,-0.083294,1.36097,0.0208086,0.114865,8.27046,0.383549
2023-01-01 21:00,-0.0498194,1.54007,0.0206458,0.114215,8.27046,0.393322
2023-01-01 22:00,-0.0486641,1.43689,0.0205181,0.113566,8.27046,0.416554
2023-01-01 23:00,-0.177646,1.33905,0.0204001,0.112895,8.27046,0.451151
2023-01-02 00:00,-0.677929,1.60526,0.0202816,0.112289,8.27046,0.445043
2023-01-02 01:00,-0.434435,1.43423,0.020115,0.111661,8.27046,0.463474
2023-01-02 02:00,0.216777,1.12867,0.0200049,0.111034,8.27046,0.522814
2023-01-02 03:00,-0.151502,1.1496,0.0198963,0.110384,8.27046,0.573292
2023-01-02 04:00,-0.318614,1.04798,0.0197535,0.109756,8.27046,0.63294
2023-01-02 05:00,-0.705683,1.24508,0.0196308,0.109107,8.27046,0.659046
2023-01-02 06:00,-0.647201,1.15976,0.0194923,0.108501,8.27046,0.694479
2023-01-02 07:00,-1.03951,1.38098,0.019387,0.107938,8.27046,0.695417
2023-01-02 08:00,-0.756469,1.27053,0.0193232,0.107505,8.27046,0.711716
2023-01-02 09:00,-0.555129,1.8898,0.0192872,0.107137,8.27046,0.63974
2023-01-02 10:00,-0.393648,1.55746,0.0193372,0.106899,8.27046,0.62146
2023-01-02 11:00,-0.0245498,1.66249,0.0193589,0.106748,8.27046,0.590313
2023-01-02 12:00,-1.18372,2.01374,0.0194227,0.106596,8.27046,0.513137
2023-01-02 13:00,-0.763304,1.8903,0.0195089,0.106466,8.27046,0.46095
2023-01-02 14:00,-0.386709,1.46328,0.0196088,0.106445,8.27046,0.473726
2023-01-02 15:00,-0.109118,1.4212,0.0197115,0.106466,8.27046,0.491112
2023-01-02 16:00,-0.185972,1.4183,0.0198242,0.106553,8.27046,0.507165
2023-01-02 17:00,-0.211087,1.4225,0.0199548,0.106596,8.27046,0.521025
2023-01-02 18:00,-0.486229,1.42428,0.0200718,0.106683,8.27046,0.53325
2023-01-02 19:00,-1.21924,2.13036,0.0201323,0.106834,8.27046,0.445464
2023-01-02 20:00,-0.418387,1.85892,0.0201825,0.107051,8.27046,0.404434
2023-01-02 21:00,-0.375046,1.4474,0.0202277,0.107311,8.27046,0.425083
2023-01-02 22:00,-0.68902,1.61942,0.0202726,0.107614,8.27046,0.4196
2023-01-02 23:00,-0.347056,1.40731,0.0203027,0.107895,8.27046,0.444342
2023-01-03 00:00,-0.856207,1.53679,0.0203122,0.107982,8.27046,0.448494
2023-01-03 01:00,-1.18008,1.79438,0.0202932,0.108047,8.27046,0.416192
2023-01-03 02:00,-0.152032,1.21751,0.020296,0.108133,8.27046,0.46783
2023-01-03 03:00,-0.351591,1.23461,0.0202784,0.108155,8.27046,0.511912
2023-01-03 04:00,-0.637899,1.07047,0.0203014,0.108198,8.27046,0.574551
2023-01-03 05:00,-0.97123,1.29982,0.0203042,0.108176,8.27046,0.598838
2023-01-03 06:00,-1.38315,1.8115,0.0202849,0.108176,8.27046,0.549105
2023-01-03 07:00,-0.803535,1.65617,0.0202691,0.10809,8.27046,0.526079
2023-01-03 08:00,1.41405,3.21588,0.0201256,0.107982,8.27046,0.287132
2023-01-03 09:00,0.530968,3.76329,0.0198898,0.107808,8.27046,0.00450872
2023-01-03 10:00,-0.453997,3.08988,0.0196486,0.107376,8.27046,0.172767
2023-01-03 11:00,-0.916503,2.27965,0.0194246,0.106899,8.27046,0.21084
2023-01-03 12:00,-0.812786,2.09983,0.0192119,0.106315,8.27046,0.219946
2023-01-03 13:00,-1.42216,2.32454,0.0189931,0.105731,8.27046,0.259582
2023-01-03 14:00,-0.20375,2.11117,0.0187006,0.105103,8.27046,0.265399
2023-01-03 15:00,0.130678,1.96004,0.0183969,0.104475,8.27046,0.24949
2023-01-03 16:00,-0.10518,1.74214,0.0180995,0.103782,8.27046,0.204686
2023-01-03 17:00,-0.344099,1.62408,0.01783,0.103047,8.27046,0.147845
2023-01-03 18:00,-0.586523,1.66608,0.0176122,0.102246,8.27046,0.102563
2023-01-03 19:00,-0.652185,2.9775,0.0174021,0.101466,8.27046,0.245293
2023-01-03 20:00,-1.13071,2.39259,0.0172712,0.100666,8.27046,0.291914
2023-01-03 21:00,-1.04105,2.18485,0.017168,0.0998431,8.27046,0.304808
2023-01-03 22:00,-0.844606,1.85972,0.0170659,0.0990206,8.27046,0.270923
2023-01-03 23:00,-0.800615,1.603,0.0169315,0.0981331,8.27046,0.204508
2023-01-04 00:00,-0.761628,1.70739,0.01682,0.097224,8.27046,0.15934
2023-01-04 01:00,-0.861211,2.03901,0.0166668,0.0963582,8.27046,0.165086
2023-01-04 02:00,-0.451036,1.39528,0.0165319,0.0955357,8.27046,0.0801922
2023-01-04 03:00,-0.65054,1.34037,0.0163913,0.0947348,8.27046,0.00389518
2023-01-04 04:00,-0.914879,1.50093,0.0162716,0.093934,8.27046,0.0571086
2023-01-04 05:00,-0.870549,1.62034,0.0161509,0.0931331,8.27046,0.0882951
2023-01-04 06:00,-1.09524,1.75896,0.0160085,0.0923755,8.27046,0.0969679
2023-01-04 07:00,-1.36275,1.97519,0.0158674,0.0915747,8.27046,0.0745207
2023-01-04 08:00,1.69456,2.84383,0.0157311,0.0907522,8.27046,0.0672157
2023-01-04 09:00,0.885678,3.15967,0.0156325,0.0898647,8.27046,0.238968
2023-01-04 10:00,0.0853844,2.34958,0.0155413,0.0890422,8.27046,0.280203
2023-01-04 11:00,0.0432948,1.72583,0.015419,0.088263,8.27046,0.230046
2023-01-04 12:00,-0.263983,1.4899,0.015295,0.0874838,8.27046,0.151895
2023-01-04 13:00,-1.26679,2.15139,0.015209,0.0866829,8.27046,0.174108
2023-01-04 14:00,0.21885,1.85876,0.0151009,0.085882,8.27046,0.153159
2023-01-04 15:00,0.71478,1.73393,0.014977,0.0850812,8.27046,0.116839
2023-01-04 16:00,0.582249,1.48806,0.014867,0.0842803,8.27046,0.0497517
2023-01-04 17:00,0.433023,1.48622,0.0147451,0.0834578,8.27046,0.0108847
2023-01-04 18:00,0.438691,1.41816,0.0146173,0.0825703,8.27046,0.0749797
2023-01-04 19:00,0.118795,2.12849,0.014487,0.0816829,8.27046,0.0332827
2023-01-04 20:00,-0.901881,2.25976,0.0143888,0.0808387,8.27046,0.0226119
2023-01-04 21:00,-1.13329,2.30753,0.0142926,0.0800162,8.27046,0.0796001
2023-01-04 22:00,-0.384696,1.94895,0.0142017,0.0791937,8.27046,0.0807205
2023-01-04 23:00,-0.43377,1.56778,0.0141486,0.0783496,8.27046,0.0283981
2023-01-05 00:00,-0.8286,1.90961,0.0140657,0.0776353,8.27046,0.029134
2023-01-05 01:00,-0.586973,1.51818,0.0139853,0.0768561,8.27046,0.0249694
2023-01-05 02:00,-0.349304,1.38881,0.013899,0.0760552,8.27046,0.0917627
2023-01-05 03:00,-0.0747237,1.21237,0.0138225,0.0753193,8.27046,0.176563
2023-01-05 04:00,-0.607105,1.35361,0.0137324,0.0746483,8.27046,0.233123
2023-01-05 05:00,-0.98442,1.74634,0.013669,0.073934,8.27046,0.229078
2023-01-05 06:00,-0.523952,1.5138,0.013596,0.0732846,8.27046,0.257974
2023-01-05 07:00,-0.733066,1.54312,0.0135133,0.0726569,8.27046,0.279877
2023-01-05 08:00,1.30039,2.46484,0.0134536,0.0719643,8.27046,0.170631
2023-01-05 09:00,0.868405,2.86868,0.0133896,0.0713366,8.27046,0.0158065
2023-01-05 10:00,0.0869308,2.03686,0.0133075,0.0706872,8.27046,0.00715306
2023-01-05 11:00,-0.22688,1.47837,0.0132563,0.0700595,8.27046,0.0503218
2023-01-05 12:00,-0.307788,1.60161,0.0132233,0.0694318,8.27046,0.0848072
2023-01-05 13:00,-0.484438,1.75349,0.0131913,0.0687825,8.27046,0.0945941
2023-01-05 14:00,0.213449,1.6642,0.0131278,0.0680682,8.27046,0.115895
2023-01-05 15:00,0.925741,1.52245,0.0130419,0.0673323,8.27046,0.154898
2023-01-05 16:00,0.376151,1.40345,0.0129814,0.066618,8.27046,0.206651
2023-01-05 17:00,0.472793,1.37957,0.0129424,0.0659903,8.27046,0.256569
2023-01-05 18:00,0.115888,1.63342,0.012914,0.0654275,8.27046,0.265979
2023-01-05 19:00,0.0781714,1.95663,0.012829,0.0648647,8.27046,0.229227
2023-01-05 20:00,-0.754313,2.24081,0.0127638,0.0643452,8.27046,0.15639
2023-01-05 21:00,-0.139198,1.86088,0.0126967,0.0638041,8.27046,0.143993
2023-01-05 22:00,-0.256068,1.97905,0.0126553,0.0631981,8.27046,0.116303
2023-01-05 23:00,-0.150643,1.49438,0.0126288,0.0626136,8.27046,0.159193
2023-01-06 00:00,-0.475408,1.73475,0.0125838,0.0620942,8.27046,0.164163
2023-01-06 01:00,-1.2131,2.20982,0.0125397,0.0615747,8.27046,0.102169
2023-01-06 02:00,0.0547833,1.5524,0.0125246,0.0609686,8.27046,0.138354
2023-01-06 03:00,-0.356165,1.52949,0.0125232,0.0603626,8.27046,0.174126
2023-01-06 04:00,-0.204005,1.30683,0.0125264,0.0597998,8.27046,0.237473
2023-01-06 05:00,-0.554907,1.19609,0.0125046,0.0592587,8.27046,0.30998
2023-01-06 06:00,-1.63711,1.96334,0.0125145,0.0587175,8.27046,0.267888
2023-01-06 07:00,-0.566402,1.71991,0.0124906,0.0582197,8.27046,0.264065
2023-01-06 08:00,1.3537,2.39683,0.0124782,0.0576569,8.27046,0.165915
2023-01-06 09:00,0.77711,3.1425,0.0124731,0.0571158,8.27046,0.0267488
2023-01-06 10:00,-0.266449,2.1229,0.0124216,0.056553,8.27046,0.0574916
2023-01-06 11:00,-0.606648,1.74645,0.0123759,0.0559686,8.27046,0.0324906
2023-01-06 12:00,-0.226279,1.34561,0.0123717,0.0554275,8.27046,0.0460925
2023-01-06 13:00,-0.508567,1.69085,0.0123414,0.0548864,8.27046,0.0685154
2023-01-06 14:00,0.136117,1.43771,0.0123258,0.0543669,8.27046,0.124113
2023-01-06 15:00,0.480911,1.75687,0.0122619,0.0538474,8.27046,0.129496
2023-01-06 16:00,0.538159,1.4191,0.0121976,0.0533929,8.27046,0.181599
2023-01-06 17:00,0.437256,1.27906,0.0121761,0.0529167,8.27046,0.248085
2023-01-06 18:00,0.363152,1.6218,0.0121462,0.0525271,8.27046,0.259969
2023-01-06 19:00,-0.339431,2.52376,0.0121535,0.0521374,8.27046,0.14447
2023-01-06 20:00,-0.0580427,2.2835,0.0121212,0.0517045,8.27046,0.0741352
2023-01-06 21:00,-0.801925,1.902,0.012129,0.0512716,8.27046,0.0642104
2023-01-06 22:00,-0.310729,1.53558,0.0121078,0.0508604,8.27046,0.106545
2023-01-06 23:00,-0.841392,1.76891,0.012132,0.0504924,8.27046,0.112001
2023-01-07 00:00,-0.844539,2.07231,0.0120837,0.0501461,8.03665,0.0744612
2023-01-07 01:00,-0.597781,1.89596,0.012027,0.0498431,8.03665,0.0653487
2023-01-07 02:00,-0.430125,1.35906,0.0119666,0.0495184,8.03665,0.132267
2023-01-07 03:00,-0.318441,1.22307,0.0119223,0.0491504,7.81895,0.21152
2023-01-07 04:00,-0.778005,1.20803,0.0118794,0.0487175,7.78659,0.284951
2023-01-07 05:00,-0.799184,1.20137,0.0118207,0.0482846,7.48434,0.351972
2023-01-07 06:00,-0.967136,1.45709,0.0117805,0.0479383,6.93872,0.376512
2023-01-07 07:00,-1.29839,1.76819,0.0117379,0.0475487,5.99649,0.355071
2023-01-07 08:00,-0.800606,1.94989,0.0117334,0.0472024,5.38957,0.310352
2023-01-07 09:00,-0.115022,1.98557,0.0117105,0.0469426,5.38957,0.265114
2023-01-07 10:00,-0.29495,1.72769,0.0116865,0.0466396,5.38957,0.26048
2023-01-07 11:00,-0.0917627,1.9583,0.0116933,0.0465963,4.88283,0.224044
2023-01-07 12:00,-0.335383,1.58451,0.011683,0.0466396,4.88283,0.243549
2023-01-07 13:00,-0.893439,1.73322,0.0117007,0.0466829,4.88283,0.240298
2023-01-07 14:00,-0.212232,1.52835,0.0116865,0.0467911,4.88283,0.266035
2023-01-07 15:00,0.0542026,1.4683,0.0116199,0.046921,4.88283,0.2976
2023-01-07 16:00,0.331644,1.38211,0.0115964,0.0470076,4.88283,0.338068
2023-01-07 17:00,-0.0353031,1.50805,0.0115797,0.0471158,4.88283,0.356869
2023-01-07 18:00,-0.576043,2.00953,0.0115456,0.047224,4.88283,0.303627
2023-01-07 19:00,0.473988,2.14371,0.0114693,0.0474188,4.88283,0.236935
2023-01-07 20:00,0.0562295,1.42464,0.0114625,0.0475703,4.88283,0.277519
2023-01-07 21:00,0.128498,1.36602,0.0114926,0.0477435,4.88283,0.322247
2023-01-07 22:00,-0.158366,1.56123,0.0115263,0.0480032,4.88283,0.335189
2023-01-07 23:00,0.0215719,1.47095,0.0115304,0.048263,4.88283,0.359468
2023-01-08 00:00,-0.711084,1.66431,0.0116319,0.0484578,4.88283,0.354265
2023-01-08 01:00,-0.567996,1.4123,0.0116468,0.0486959,4.61397,0.384843
2023-01-08 02:00,-0.0357935,1.19664,0.0116493,0.0489773,4.61397,0.442535
2023-01-08 03:00,-0.116712,1.1251,0.0116627,0.0492587,4.61397,0.504469
2023-01-08 04:00,-0.366478,1.04971,0.0116873,0.0494751,4.61397,0.570756
2023-01-08 05:00,-0.789975,1.47468,0.0116955,0.0496699,4.61397,0.570957
2023-01-08 06:00,-0.252492,1.34446,0.0117064,0.049908,4.61397,0.589357
2023-01-08 07:00,-0.935833,1.42643,0.0116987,0.0502327,4.61397,0.594449
2023-01-08 08:00,-0.596335,1.42835,0.0117318,0.0505141,4.61397,0.598762
2023-01-08 09:00,-0.412818,1.53637,0.011727,0.0507305,4.61397,0.587531
2023-01-08 10:00,-0.401981,1.56566,0.0117088,0.0509686,4.61397,0.573326
2023-01-08 11:00,-0.407251,1.49289,0.0117698,0.0508171,4.61397,0.570722
2023-01-08 12:00,-0.747843,1.56867,0.0117993,0.0505141,4.61397,0.557776
2023-01-08 13:00,-1.01201,1.83528,0.0117841,0.0501461,4.61397,0.508822
2023-01-08 14:00,-0.512916,1.48807,0.0117341,0.0498214,4.61397,0.513342
2023-01-08 15:00,-0.363824,1.45745,0.0117126,0.0494968,4.61397,0.521695
2023-01-08 16:00,-0.343639,1.45881,0.0117297,0.049237,4.61397,0.529022
2023-01-08 17:00,-0.369217,1.59878,0.0117589,0.0490206,4.61397,0.516033
2023-01-08 18:00,-0.444067,1.78986,0.0117382,0.048869,4.61397,0.477608
2023-01-08 19:00,-0.267488,1.69666,0.0117243,0.0487392,4.61397,0.456065
2023-01-08 20:00,-0.796368,2.07089,0.0117407,0.0485227,4.61397,0.384318
2023-01-08 21:00,0.153363,1.67485,0.0117568,0.0483063,4.61397,0.375157
2023-01-08 22:00,-0.455969,1.55923,0.0117392,0.0480249,4.61397,0.383087
2023-01-08 23:00,-0.338866,1.70338,0.0117212,0.0477435,4.61397,0.370058
2023-01-09 00:00,-0.208322,1.43284,0.0117286,0.0474621,4.61397,0.396183
2023-01-09 01:00,-1.18811,1.91272,0.0117189,0.0471807,4.61397,0.352554
2023-01-09 02:00,0.191633,1.41037,0.0116998,0.0471158,4.61397,0.383573
2023-01-09 03:00,-0.4207,1.35012,0.0116872,0.0470942,4.61397,0.419919
2023-01-09 04:00,-0.375494,1.47621,0.0116809,0.0471374,4.61397,0.43499
2023-01-09 05:00,-0.499391,1.36107,0.011676,0.0471374,4.61397,0.464663
2023-01-09 06:00,-0.929114,1.56242,0.0116823,0.0470942,4.61397,0.463197
2023-01-09 07:00,0.0841321,1.67773,0.0116733,0.046921,4.61397,0.445744
2023-01-09 08:00,2.07325,3.51521,0.011608,0.0466613,4.61397,0.172952
2023-01-09 09:00,1.12506,4.58671,0.011494,0.0463366,4.61397,0.222477
2023-01-09 10:00,-0.494416,3.27436,0.0113773,0.0461201,4.61397,0.394751
2023-01-09 11:00,-0.338515,2.45008,0.0112659,0.0459686,4.61397,0.434469
2023-01-09 12:00,-1.06131,2.52912,0.0111542,0.0459903,4.61397,0.481274
2023-01-09 13:00,-0.630889,2.57606,0.011045,0.0459903,4.61397,0.529967
2023-01-09 14:00,0.1395,2.07291,0.0109667,0.0459686,4.61397,0.503393
2023-01-09 15:00,0.444934,2.04872,0.0108669,0.0457738,4.61397,0.476092
2023-01-09 16:00,0.159745,2.01794,0.0107661,0.0457089,4.61397,0.447215
2023-01-09 17:00,-0.145224,2.12074,0.0106597,0.0457305,4.61397,0.435609
2023-01-09 18:00,-0.0755633,1.90188,0.0105545,0.0456656,4.61397,0.394542
2023-01-09 19:00,-0.371375,2.26129,0.0104704,0.0453842,4.61397,0.407868
2023-01-09 20:00,-0.910565,2.46634,0.0104187,0.0453409,4.61397,0.44855
2023-01-09 21:00,-1.02046,2.04191,0.0103909,0.0453193,4.61397,0.425781
2023-01-09 22:00,-0.357256,1.77958,0.0103735,0.0452976,4.61397,0.368586
2023-01-09 23:00,-0.831745,2.08718,0.0103395,0.045276,4.61397,0.360147
2023-01-10 00:00,-0.119761,1.71837,0.0103124,0.0451677,4.61397,0.300951
2023-01-10 01:00,-0.627904,1.73275,0.0103075,0.0450379,4.61397,0.249687
2023-01-10 02:00,-0.223791,1.24131,0.0102875,0.0449513,4.61397,0.134791
2023-01-10 03:00,-0.259381,1.33825,0.0102548,0.0449513,4.61397,0.0449471
2023-01-10 04:00,-0.488469,1.23469,0.0102113,0.0448864,4.61397,0.050402
2023-01-10 05:00,-0.359099,1.2292,0.0101921,0.0446699,4.61397,0.136984
2023-01-10 06:00,-1.05769,1.4995,0.010183,0.0444318,4.61397,0.17709
2023-01-10 07:00,-0.423496,1.59229,0.0101968,0.0441504,4.61397,0.200202
2023-01-10 08:00,0.879584,2.95385,0.0101933,0.0440206,4.61397,0.030504
2023-01-10 09:00,1.09228,3.13138,0.010197,0.0437392,4.61397,0.147062
2023-01-10 10:00,0.0707237,2.31424,0.0102194,0.0435227,4.61397,0.192543
2023-01-10 11:00,-0.826606,2.01731,0.0102317,0.0433063,4.61397,0.191933
2023-01-10 12:00,0.0506824,2.13094,0.0102274,0.0431981,4.61397,0.207282
2023-01-10 13:00,-0.990444,2.00416,0.0102495,0.0431764,4.61397,0.203358
2023-01-10 14:00,0.0236605,1.61141,0.0102769,0.0431331,4.61397,0.144875
2023-01-10 15:00,0.203542,1.52273,0.010323,0.0430682,4.61397,0.0798344
2023-01-10 16:00,-0.13335,1.53711,0.0103239,0.0430032,4.61397,0.0233091
2023-01-10 17:00,-0.300848,1.67078,0.0103611,0.0429383,4.61397,0.00886148
2023-01-10 18:00,0.415359,1.65908,0.0103434,0.0428517,4.60417,0.0394515
2023-01-10 19:00,0.336528,2.01806,0.0103228,0.0427652,4.51727,0.0167569
2023-01-10 20:00,-0.924835,2.01395,0.0102594,0.0427002,3.86841,0.00309325
2023-01-10 21:00,-0.582876,1.65473,0.0102287,0.0426136,3.32485,0.0293009
2023-01-10 22:00,-0.820873,1.93742,0.0102026,0.0425271,3.11384,0.0189044
2023-01-10 23:00,-0.122548,1.72992,0.0101712,0.0424621,3.11384,0.038579
2023-01-11 00:00,-0.378267,1.49575,0.0101392,0.0423755,3.11384,0.0890494
2023-01-11 01:00,-0.76272,1.61646,0.0101113,0.0423106,3.11384,0.117584
2023-01-11 02:00,-0.0327317,1.21599,0.0100774,0.0422457,3.11384,0.199297
2023-01-11 03:00,-0.0983035,1.42117,0.0100507,0.0421807,3.11384,0.244129
2023-01-11 04:00,-0.0168776,1.1887,0.010029,0.0421374,3.11384,0.317005
2023-01-11 05:00,-0.465973,1.17902,0.0100016,0.0420942,3.11384,0.383947
2023-01-11 06:00,-0.457784,1.19945,0.00997865,0.0420942,3.11384,0.441337
2023-01-11 07:00,-0.565986,1.30919,0.00995852,0.0420942,3.11384,0.477634
2023-01-11 08:00,1.70704,2.77868,0.00990522,0.0421158,3.11384,0.304702
2023-01-11 09:00,0.267964,2.7847,0.00988087,0.0421591,3.11384,0.148221
2023-01-11 10:00,0.308924,2.06245,0.00985874,0.0422024,3.11384,0.108439
2023-01-11 11:00,-0.503448,1.83226,0.00983456,0.0422457,3.11384,0.104842
2023-01-11 12:00,-0.179409,1.64878,0.00981525,0.0422457,3.11384,0.127275
2023-01-11 13:00,-0.452384,1.54442,0.00979617,0.0422673,3.11384,0.162066
2023-01-11 14:00,-0.0987298,1.50364,0.00976953,0.042289,3.11384,0.199084
2023-01-11 15:00,0.277845,1.27374,0.00978887,0.0423106,3.11384,0.264566
2023-01-11 16:00,-0.180914,1.29013,0.00977158,0.0423323,3.11384,0.321207
2023-01-11 17:00,-0.0409438,1.28887,0.00979551,0.0423539,3.11384,0.372359
2023-01-11 18:00,-0.297968,1.63332,0.00981419,0.0423755,3.11384,0.370203
2023-01-11 19:00,-0.374105,2.09929,0.00984404,0.0423755,3.11384,0.303068
2023-01-11 20:00,-0.923579,2.17617,0.00984395,0.0423755,3.11384,0.231891
2023-01-11 21:00,-0.171494,1.8205,0.00984522,0.0423755,3.11384,0.217593
2023-01-11 22:00,-0.594558,2.16346,0.00983905,0.0423539,3.11384,0.156742
2023-01-11 23:00,0.141871,1.73144,0.00983619,0.0423323,3.11384,0.162421
2023-01-12 00:00,-0.487964,1.91988,0.00984386,0.0423106,3.11384,0.141166
2023-01-12 01:00,0.0319306,1.61977,0.00982172,0.042289,3.11384,0.164025
2023-01-12 02:00,-0.172647,1.56317,0.00980171,0.0422673,3.11384,0.192518
2023-01-12 03:00,0.212008,1.38005,0.00976906,0.042224,3.11384,0.243783
2023-01-12 04:00,0.0183877,1.05065,0.00976042,0.0421807,3.11384,0.336008
2023-01-12 05:00,-0.0208399,1.10992,0.00976367,0.0421374,3.11384,0.410718
2023-01-12 06:00,-0.39802,1.07967,0.00977195,0.0420942,3.11384,0.482189
2023-01-12 07:00,-0.171188,1.27277,0.00977705,0.0420509,3.11384,0.519496
2023-01-12 08:00,1.31965,2.70647,0.00972924,0.0420076,3.11384,0.35248
2023-01-12 09:00,0.63051,2.60808,0.00969407,0.0419643,3.11384,0.215932
2023-01-12 10:00,-0.272786,1.73195,0.00966287,0.041921,3.11384,0.215619
2023-01-12 11:00,-0.449439,1.53479,0.00963676,0.0418777,3.11384,0.242924
2023-01-12 12:00,-0.0382666,1.3834,0.00960321,0.0418128,3.11384,0.288678
2023-01-12 13:00,-0.432124,1.69831,0.00959826,0.0417478,3.11384,0.285799
2023-01-12 14:00,0.0558972,1.45591,0.00959659,0.0416613,3.11384,0.317121
2023-01-12 15:00,0.295427,1.38455,0.00962156,0.0415963,3.11384,0.355295
2023-01-12 16:00,0.204809,1.52604,0.00960089,0.0415314,3.11384,0.369856
2023-01-12 17:00,0.0352099,1.39995,0.00958981,0.0414881,3.11384,0.400602
2023-01-12 18:00,0.420658,1.47151,0.00957657,0.0414665,3.11384,0.418262
2023-01-12 19:00,-0.0522405,2.01802,0.00959874,0.0414448,3.11384,0.357692
2023-01-12 20:00,-0.513421,2.14528,0.00961316,0.0414448,3.11384,0.285374
2023-01-12 21:00,-0.0813389,1.64101,0.00960955,0.0414448,3.11384,0.290842
2023-01-12 22:00,-0.0318706,1.6668,0.0096103,0.0414448,3.11384,0.292154
2023-01-12 23:00,-0.19198,1.59241,0.00960212,0.0414232,3.11384,0.303743
2023-01-13 00:00,-0.100142,1.66503,0.0095847,0.0414015,3.11384,0.304013
2023-01-13 01:00,-0.0637891,1.4796,0.00958193,0.0413799,3.11384,0.3302
2023-01-13 02:00,0.159584,1.5785,0.0095482,0.0413582,3.11384,0.339931
2023-01-13 03:00,0.345679,1.47867,0.0095138,0.0413366,3.11384,0.362656
2023-01-13 04:00,0.204533,1.06803,0.00949468,0.0413366,3.11384,0.440562
2023-01-13 05:00,-0.171672,1.06259,0.00948887,0.0413149,3.11384,0.511438
2023-01-13 06:00,-0.718347,1.60089,0.00947588,0.0413149,3.11384,0.499913
2023-01-13 07:00,0.303686,1.53847,0.00946895,0.0413149,3.11384,0.498273
2023-01-13 08:00,1.68815,2.69125,0.00945416,0.0413149,3.11384,0.33551
2023-01-13 09:00,0.462505,3.31098,0.00942338,0.0413149,3.11384,0.102315
2023-01-13 10:00,-0.159775,2.11366,0.00943436,0.0413582,3.11384,0.0599582
2023-01-13 11:00,0.124617,1.5884,0.00940283,0.0414015,3.11384,0.095328
2023-01-13 12:00,-0.403976,1.84305,0.00935554,0.0414665,3.11384,0.0915324
2023-01-13 13:00,-0.146861,1.68125,0.00934234,0.0415097,3.11384,0.110754
2023-01-13 14:00,0.240821,1.45431,0.00932103,0.041553,3.11384,0.159805
2023-01-13 15:00,0.282744,1.39369,0.00930698,0.0415963,3.11384,0.212432
2023-01-13 16:00,0.54425,1.44576,0.00927143,0.041618,3.11384,0.252511
2023-01-13 17:00,0.2699,1.44292,0.00923412,0.0416396,3.11384,0.288979
2023-01-13 18:00,0.50456,1.58942,0.00921961,0.041618,3.11384,0.301304
2023-01-13 19:00,0.371776,2.29301,0.00918618,0.0415963,3.11384,0.213956
2023-01-13 20:00,0.0100294,1.85832,0.00918466,0.041553,3.11384,0.19616
2023-01-13 21:00,0.186614,1.92438,0.00913998,0.0415314,3.11384,0.170902
2023-01-13 22:00,0.243641,1.71199,0.0091092,0.0415097,3.11384,0.177885
2023-01-13 23:00,0.074572,1.67223,0.00907566,0.0415097,3.11384,0.189734
2023-01-14 00:00,0.181525,1.49916,0.00911502,0.0415097,3.11384,0.224611
2023-01-14 01:00,-0.405519,1.88649,0.00913885,0.0415097,3.11384,0.20181
2023-01-14 02:00,0.557111,1.48594,0.00918998,0.0415314,3.11384,0.23733
2023-01-14 03:00,0.487547,1.26983,0.00925239,0.041553,3.11384,0.299535
2023-01-14 04:00,0.061839,1.22696,0.0093216,0.0415747,3.11384,0.361517
2023-01-14 05:00,0.138222,1.17396,0.00937134,0.0415963,3.11384,0.424715
2023-01-14 06:00,-0.167987,1.27576,0.00938131,0.0416396,3.11384,0.467351
2023-01-14 07:00,-0.0315235,1.24674,0.00942341,0.041618,3.11384,0.509784
2023-01-14 08:00,-0.00974693,1.53167,0.00943491,0.0415747,3.11384,0.508108
2023-01-14 09:00,0.358641,1.85449,0.00941638,0.0415314,3.11384,0.461433
2023-01-14 10:00,0.0902628,1.53479,0.00940203,0.0414665,3.11384,0.464155
2023-01-14 11:00,0.114675,1.5343,0.00940244,0.0414232,3.11384,0.466675
2023-01-14 12:00,0.1783,1.46163,0.00939066,0.0414015,3.11384,0.479109
2023-01-14 13:00,-0.405231,1.45827,0.00938763,0.0413799,3.11384,0.49077
2023-01-14 14:00,-0.116624,1.67954,0.00939126,0.0413799,3.11384,0.470307
2023-01-14 15:00,-0.0773358,1.84199,0.00939014,0.0413799,3.11384,0.429162
2023-01-14 16:00,0.845895,1.77093,0.0093918,0.0412933,3.11384,0.402073
2023-01-14 17:00,2.75024,4.03229,0.00934384,0.0412716,3.58102,0.0613026
2023-01-14 18:00,-1.45537,2.73024,0.00935646,0.0413582,3.58102,0.0632194
2023-01-14 19:00,-0.184075,1.78688,0.00939803,0.0414232,3.58102,0.0433014
2023-01-14 20:00,0.233549,1.5527,0.00939438,0.0414665,3.58102,0.0073884
2023-01-14 21:00,0.115623,1.52723,0.00937874,0.0414881,3.58102,0.0565731
2023-01-14 22:00,-0.0408956,1.50659,0.00935745,0.0415314,3.58102,0.103727
2023-01-14 23:00,0.0797263,1.50555,0.00936463,0.0415747,3.58102,0.146311
2023-01-15 00:00,-0.314255,1.44624,0.0093772,0.041618,3.58102,0.192935
2023-01-15 01:00,0.0352954,1.23246,0.00940665,0.0416396,3.58102,0.264807
2023-01-15 02:00,0.248408,1.14631,0.0094172,0.041618,3.58102,0.341545
2023-01-15 03:00,-0.0951827,1.05199,0.00941812,0.041618,3.58102,0.423806
2023-01-15 04:00,-0.11258,1.09012,0.00941993,0.0415963,3.58102,0.492506
2023-01-15 05:00,-0.16791,1.05138,0.00943918,0.0415963,3.58102,0.559757
2023-01-15 06:00,-0.283228,1.09401,0.00943532,0.041618,3.58102,0.614318
2023-01-15 07:00,-0.489804,1.10792,0.00943605,0.041618,3.58102,0.661476
2023-01-15 08:00,-0.405209,1.465,0.00941028,0.041618,3.58102,0.653959
2023-01-15 09:00,-0.0365926,1.76779,0.00941072,0.0415747,3.58102,0.60483
2023-01-15 10:00,-0.476172,1.92611,0.00942166,0.0415097,3.58102,0.538463
2023-01-15 11:00,-0.0172907,1.52324,0.00947101,0.0414232,3.58102,0.535099
2023-01-15 12:00,-0.436981,1.49425,0.00949296,0.0413149,3.58102,0.536128
2023-01-15 13:00,-0.994109,1.72699,0.00949864,0.0412067,3.58102,0.504491
2023-01-15 14:00,-0.466716,1.53821,0.00949038,0.0411851,3.58102,0.50243
2023-01-15 15:00,-0.3618,1.53267,0.00948132,0.0411201,3.58102,0.50135
2023-01-15 16:00,-0.724061,1.5196,0.00947456,0.0411201,3.58102,0.502205
2023-01-15 17:00,-1.27596,1.8332,0.00939839,0.0410768,3.58102,0.4591
2023-01-15 18:00,-0.312311,1.57911,0.00939473,0.0409253,3.58102,0.455855
2023-01-15 19:00,-0.788113,1.66867,0.00937998,0.0407522,3.58102,0.440404
2023-01-15 20:00,-0.328503,1.47547,0.00937626,0.0406223,3.58102,0.453529
2023-01-15 21:00,-1.07117,1.88676,0.00937246,0.0405141,3.58102,0.407798
2023-01-15 22:00,-0.163473,1.76355,0.00941156,0.0403626,3.58102,0.383878
2023-01-15 23:00,-0.544037,1.63306,0.00944357,0.040276,3.58102,0.380608
2023-01-16 00:00,-0.621001,1.60671,0.00945743,0.0402327,3.58102,0.381351
2023-01-16 01:00,-0.529751,1.48162,0.00950301,0.0401677,3.58102,0.399522
2023-01-16 02:00,-0.697478,1.69284,0.00949981,0.0401028,3.58102,0.386322
2023-01-16 03:00,-0.0244326,1.55783,0.0095124,0.0400162,3.58102,0.393333
2023-01-16 04:00,-0.487122,1.4048,0.00952205,0.0399513,3.58102,0.421054
2023-01-16 05:00,-0.523903,1.37479,0.00952672,0.0398864,3.58102,0.450201
2023-01-16 06:00,-1.03141,1.69307,0.00953648,0.0397998,3.58102,0.431902
2023-01-16 07:00,-0.614309,1.72937,0.00954383,0.0397565,3.58102,0.410353
2023-01-16 08:00,0.512262,3.28975,0.0095263,0.0396916,3.58102,0.172645
2023-01-16 09:00,0.11374,3.43441,0.00954668,0.0396916,3.58102,0.0615331
2023-01-16 10:00,-0.469148,2.37164,0.0095767,0.0397132,3.58102,0.123599
2023-01-16 11:00,-0.946776,2.00152,0.00962628,0.0398647,3.58102,0.127674
2023-01-16 12:00,-1.07271,1.99067,0.00971791,0.0399729,3.58102,0.129824
2023-01-16 13:00,-1.29569,2.21822,0.00979867,0.0400162,3.58102,0.163595
2023-01-16 14:00,-0.466449,1.83713,0.00982525,0.0400379,3.58102,0.14067
2023-01-16 15:00,-0.34351,1.71789,0.0098742,0.0400379,3.58102,0.103355
2023-01-16 16:00,-0.667904,1.84363,0.00991587,0.0400812,3.58102,0.0873639
2023-01-16 17:00,-0.429886,1.67606,0.00995888,0.0399946,3.58102,0.0495273
2023-01-16 18:00,-0.288988,1.74587,0.0100149,0.039908,3.58102,0.025241
2023-01-16 19:00,-0.879563,2.2072,0.0100479,0.0398431,3.58102,0.0679296
2023-01-16 20:00,-0.914743,2.02059,0.0100844,0.0398214,3.58102,0.0802396
2023-01-16 21:00,-0.324012,1.70213,0.01011,0.0397998,3.58102,0.0467623
2023-01-16 22:00,-0.524478,1.54883,0.0101623,0.0397348,3.58102,0.00481567
2023-01-16 23:00,-0.454859,1.51782,0.010185,0.0397132,3.58102,0.055575
2023-01-17 00:00,-0.105856,1.35618,0.0102025,0.0396916,3.58102,0.123874
2023-01-17 01:00,-0.806157,1.70095,0.0102127,0.0396916,3.58102,0.137105
2023-01-17 02:00,-0.094455,1.54627,0.0102305,0.0396699,3.58102,0.170655
2023-01-17 03:00,-0.301583,1.54423,0.0102783,0.0396266,3.58102,0.201135
2023-01-17 04:00,-0.111667,1.27648,0.0103318,0.0395833,3.58102,0.266028
2023-01-17 05:00,-0.464894,1.37089,0.0103854,0.0395184,3.58102,0.311223
2023-01-17 06:00,-0.506722,1.45354,0.0104552,0.0394751,3.58102,0.340335
2023-01-17 07:00,-0.492303,1.39446,0.0104924,0.0394318,3.58102,0.374802
2023-01-17 08:00,0.733707,2.58388,0.0105288,0.0393669,3.58102,0.239408
2023-01-17 09:00,0.376369,2.63293,0.0105789,0.0393452,3.58102,0.11069
2023-01-17 10:00,-0.328188,1.92384,0.0106274,0.0393452,3.58102,0.0940548
2023-01-17 11:00,-0.595475,1.91568,0.0106363,0.0393885,3.58102,0.0802244
2023-01-17 12:00,-0.479768,1.73839,0.0106818,0.0393885,3.58102,0.0925815
2023-01-17 13:00,-0.765,1.54137,0.0107079,0.0393019,3.58102,0.131269
2023-01-17 14:00,-0.263098,1.36489,0.0107493,0.039237,3.58102,0.19078
2023-01-17 15:00,0.116015,1.42193,0.0107806,0.0391937,3.58102,0.236358
2023-01-17 16:00,-0.0306355,1.43346,0.0107901,0.0391504,3.58102,0.275765
2023-01-17 17:00,-0.22988,1.36021,0.0107855,0.0391071,3.58102,0.321481
2023-01-17 18:00,-0.126069,1.5592,0.0107935,0.0390855,3.58102,0.334784
2023-01-17 19:00,-0.212201,1.69644,0.0108061,0.0390206,3.58102,0.327555
2023-01-17 20:00,-0.658594,1.74297,0.0108231,0.0389773,3.58102,0.314538
2023-01-17 21:00,-0.218868,1.61451,0.0108477,0.0389556,3.58102,0.320796
2023-01-17 22:00,0.0629344,1.50207,0.010894,0.0390206,3.58102,0.342161
2023-01-17 23:00,-0.0660855,1.58677,0.0109448,0.0390855,3.58102,0.349539
2023-01-18 00:00,-0.0394538,1.49433,0.0110039,0.0391504,3.58102,0.369112
2023-01-18 01:00,0.150679,1.4028,0.0110655,0.0391937,3.58102,0.399534
2023-01-18 02:00,-0.075869,1.55521,0.011111,0.0392587,3.58102,0.405589
2023-01-18 03:00,0.47429,1.52329,0.0111602,0.0393236,3.58102,0.415505
2023-01-18 04:00,-0.0240002,1.0982,0.0112032,0.0393452,3.58102,0.483904
2023-01-18 05:00,-0.0779817,1.28311,0.0112556,0.0393236,3.58102,0.519593
2023-01-18 06:00,-0.359186,1.4993,0.0113016,0.0393019,3.58102,0.521466
2023-01-18 07:00,-0.0715362,1.47096,0.0113562,0.0392587,3.58102,0.527117
2023-01-18 08:00,0.705021,1.83809,0.0114392,0.0392154,3.58102,0.480836
2023-01-18 09:00,-0.0860524,1.89119,0.011435,0.0391721,3.58102,0.431754
2023-01-18 10:00,-0.561182,1.83613,0.0114115,0.0391071,3.58102,0.395284
2023-01-18 11:00,-0.468003,1.87008,0.0114014,0.0390422,3.58102,0.35771
2023-01-18 12:00,-0.117448,1.47046,0.0113802,0.0390206,3.58102,0.379805
2023-01-18 13:00,-0.286442,1.49932,0.0113664,0.0389989,3.58102,0.395653
2023-01-18 14:00,-0.374297,1.49467,0.0113886,0.0388907,3.58102,0.410567
2023-01-18 15:00,0.556449,1.32066,0.0114003,0.0387608,3.58102,0.448335
2023-01-18 16:00,0.615282,1.39611,0.0114237,0.0386526,3.58102,0.471771
2023-01-18 17:00,0.431758,1.40323,0.0114138,0.0385444,3.58102,0.491866
2023-01-18 18:00,0.373519,1.36864,0.0114016,0.0384578,3.58102,0.514792
2023-01-18 19:00,0.0664489,1.77847,0.0114519,0.0382846,3.58102,0.478084
2023-01-18 20:00,0.269052,1.63695,0.0115199,0.0381331,3.58102,0.464848
2023-01-18 21:00,0.335164,1.46995,0.011571,0.0379816,3.58102,0.476301
2023-01-18 22:00,0.18856,1.46678,0.0116358,0.0377652,3.58102,0.487053
2023-01-18 23:00,0.22982,1.28674,0.0116915,0.0376136,3.58102,0.521919
2023-01-19 00:00,-0.249543,1.77809,0.0117398,0.0376732,3.58102,0.484554
2023-01-19 01:00,0.515935,1.627,0.0118332,0.0379545,3.58102,0.472063
2023-01-19 02:00,0.914458,1.47851,0.0119323,0.0383658,3.58102,0.481597
2023-01-19 03:00,-0.0293494,1.48238,0.0120415,0.0387771,3.58102,0.489635
2023-01-19 04:00,0.489532,1.24818,0.0121359,0.0392316,3.58102,0.529638
2023-01-19 05:00,0.0712775,1.1741,0.0122008,0.039513,3.58102,0.576006
2023-01-19 06:00,-0.191551,1.32721,0.012268,0.0399242,3.58102,0.596315
2023-01-19 07:00,-0.119153,1.48493,0.0123622,0.0402706,3.58102,0.592525
2023-01-19 08:00,0.52156,1.70866,0.012458,0.0407684,3.58102,0.557813
2023-01-19 09:00,0.162784,1.85461,0.0125143,0.0412446,3.58102,0.506151
2023-01-19 10:00,-0.0942363,1.53555,0.0125801,0.0419589,3.58102,0.504297
2023-01-19 11:00,-0.0246685,1.33834,0.0126755,0.0426948,3.58102,0.530219
2023-01-19 12:00,-0.0232145,1.42664,0.0127594,0.0432792,3.58102,0.541194
2023-01-19 13:00,-0.801839,1.90214,0.0128089,0.0436688,3.58102,0.484545
2023-01-19 14:00,0.659601,1.62222,0.0128607,0.044145,3.58102,0.472723
2023-01-19 15:00,0.735775,1.40169,0.0129022,0.044513,3.58102,0.492939
2023-01-19 16:00,-1.56279,4.36464,0.0128453,0.0432792,3.58102,0.0965814
2023-01-19 17:00,0.438926,3.36763,0.0128318,0.042803,3.58102,0.120646
2023-01-19 18:00,-1.24787,3.52515,0.0127199,0.0412662,3.58102,0.33819
2023-01-19 19:00,-0.374187,3.81877,0.0125979,0.0399675,3.58102,0.575062
2023-01-19 20:00,-0.65906,3.65969,0.0124931,0.0383874,3.58102,0.765988
2023-01-19 21:00,0.148515,4.36411,0.0124242,0.0374838,3.58102,1.03638
2023-01-19 22:00,-1.85067,3.68632,0.0123227,0.0367045,3.58102,1.1849
2023-01-19 23:00,-1.35001,3.76741,0.0122386,0.0368561,3.58102,1.32991
2023-01-20 00:00,4.58396,5.49401,0.0123825,0.0370725,5.06209,1.702
2023-01-20 01:00,0.8343,2.0224,0.0125128,0.0376786,5.72081,1.55116
2023-01-20 02:00,1.02556,1.47667,0.0126744,0.0382197,6.60414,1.33904
2023-01-20 03:00,0.88096,1.34167,0.0128294,0.0387825,7.31767,1.12925
2023-01-20 04:00,0.629395,1.2657,0.0129793,0.039237,7.73577,0.929813
2023-01-20 05:00,0.440734,1.21148,0.0131476,0.0398214,7.93231,0.74273
2023-01-20 06:00,0.567315,1.39169,0.0133227,0.0403626,8.27751,0.599569
2023-01-20 07:00,0.238996,1.30584,0.0134895,0.0407522,8.27751,0.458714
2023-01-20 08:00,0.234219,1.53082,0.0136029,0.040947,8.27751,0.363421
2023-01-20 09:00,0.111954,1.5658,0.0137252,0.0408387,8.27751,0.28255
2023-01-20 10:00,-2.0306,4.89805,0.0137292,0.0405357,8.27751,0.67599
2023-01-20 11:00,-1.28351,3.4181,0.0137242,0.0397781,8.27751,0.823022
2023-01-20 12:00,0.10448,4.87019,0.0137581,0.0394968,8.27751,1.15852
2023-01-20 13:00,0.304584,2.71616,0.0138593,0.0399297,8.27751,1.15909
2023-01-20 14:00,-0.0567373,1.61741,0.0139558,0.0399513,8.27751,1.00587
2023-01-20 15:00,0.345244,1.53081,0.0140581,0.0399729,8.27751,0.85586
2023-01-20 16:00,0.718723,1.99746,0.0141119,0.0409686,8.27751,0.78614
2023-01-20 17:00,0.227012,1.58377,0.0141936,0.0414665,8.27751,0.665513
2023-01-20 18:00,0.350651,1.73689,0.0142767,0.0425271,8.27751,0.578371
2023-01-20 19:00,0.268628,1.86604,0.0143429,0.0436742,8.27751,0.518014
2023-01-20 20:00,0.968527,1.73161,0.0144375,0.044605,8.27751,0.444883
2023-01-20 21:00,0.886287,1.76235,0.0145571,0.0453193,8.27751,0.383367
2023-01-20 22:00,1.23042,1.8297,0.014719,0.0465097,8.27751,0.337425
2023-01-20 23:00,1.13533,1.9815,0.0149083,0.0480032,8.27751,0.317316
2023-01-21 00:00,0.439693,1.32107,0.0151105,0.0482197,8.27751,0.206816
2023-01-21 01:00,0.915846,1.49209,0.015342,0.0486093,8.27751,0.131294
2023-01-21 02:00,1.06861,1.44369,0.0155825,0.0490422,9.11253,0.0565527
2023-01-21 03:00,0.880342,1.50778,0.0158212,0.0494968,9.82532,0.0017477
2023-01-21 04:00,0.952501,1.33203,0.0160815,0.0499297,10.6229,0.0788081
2023-01-21 05:00,0.482186,1.41452,0.0163186,0.0502327,10.8681,0.136621
2023-01-21 06:00,0.719555,1.39596,0.0166024,0.0504708,11.3921,0.191249
2023-01-21 07:00,0.343723,1.18964,0.0168675,0.0506006,11.4747,0.269281
2023-01-21 08:00,0.0378427,1.1922,0.0171976,0.0513366,11.4747,0.339151
2023-01-21 09:00,0.0423616,1.2006,0.0175296,0.0518994,11.4747,0.400859
2023-01-21 10:00,0.206119,2.02249,0.0178234,0.0530898,11.4747,0.341405
2023-01-21 11:00,-0.138919,1.98334,0.018053,0.0541721,11.4747,0.293373
2023-01-21 12:00,0.120356,1.55572,0.0183466,0.0550379,11.4747,0.309974
2023-01-21 13:00,-0.287557,1.31914,0.0185983,0.0554058,11.4747,0.358015
2023-01-21 14:00,-0.0824988,1.17888,0.0188244,0.0554924,11.4747,0.420876
2023-01-21 15:00,0.143406,1.16587,0.0190624,0.0557738,11.4747,0.47927
2023-01-21 16:00,0.355932,1.34219,0.0192418,0.0559903,11.4747,0.507157
2023-01-21 17:00,0.153202,1.01302,0.0193225,0.0550595,11.4747,0.578309
2023-01-21 18:00,0.543352,1.25625,0.019509,0.0556656,11.4747,0.608315
2023-01-21 19:00,0.920003,1.43969,0.0197225,0.0566396,11.4747,0.609656
2023-01-21 20:00,1.52387,1.79012,0.0200093,0.0576353,11.4747,0.561832
2023-01-21 21:00,1.17885,1.49864,0.0202976,0.0586742,12.5189,0.559573
2023-01-21 22:00,1.55783,1.85412,0.0206201,0.0596699,14.0273,0.507803
2023-01-21 23:00,1.48067,2.29111,0.0209281,0.0606439,15.4451,0.40007
2023-01-22 00:00,1.46171,1.66166,0.0213135,0.0617045,16.8406,0.391179
2023-01-22 01:00,-0.0127964,2.3769,0.0215875,0.0627652,16.8406,0.283106
2023-01-22 02:00,0.62953,1.38427,0.0218932,0.0638636,16.9228,0.324722
2023-01-22 03:00,0.854534,1.37649,0.0222219,0.0650758,17.6053,0.363264
2023-01-22 04:00,0.750951,1.38251,0.022551,0.0663095,18.1661,0.397109
2023-01-22 05:00,0.635784,1.30953,0.0228909,0.0675216,18.5917,0.437781
2023-01-22 06:00,0.417873,1.2317,0.0232347,0.0687338,18.7614,0.485274
2023-01-22 07:00,0.259897,1.22179,0.0235808,0.0699026,18.7614,0.529406
2023-01-22 08:00,0.0581297,1.21404,0.0239205,0.0710714,18.7614,0.570208
2023-01-22 09:00,-0.148276,1.25513,0.0242191,0.0720238,18.7614,0.601181
2023-01-22 10:00,-0.0387387,1.32386,0.0245146,0.0727381,18.7614,0.61944
2023-01-22 11:00,-0.0571663,1.44033,0.0247328,0.0733874,18.7614,0.619578
2023-01-22 12:00,0.0255134,1.25356,0.024922,0.0741504,18.7614,0.645835
2023-01-22 13:00,0.00771795,1.18519,0.0251526,0.075211,18.7614,0.67903
2023-01-22 14:00,0.189113,1.28965,0.0253956,0.07625,18.7614,0.694291
2023-01-22 15:00,0.42965,1.2474,0.0256132,0.0772024,18.7614,0.713937
2023-01-22 16:00,0.410933,1.16239,0.0258358,0.0781764,18.7614,0.743512
2023-01-22 17:00,0.394353,1.18344,0.0261503,0.0790422,18.7614,0.767186
2023-01-22 18:00,0.108635,1.02696,0.0263491,0.0798647,18.7614,0.810385
2023-01-22 19:00,0.0177748,1.13714,0.0265416,0.0806872,18.7614,0.833848
2023-01-22 20:00,0.380421,1.15339,0.0267248,0.0815747,18.7614,0.852692
2023-01-22 21:00,0.355071,1.1695,0.026964,0.0825703,18.7614,0.867398
2023-01-22 22:00,0.148542,1.14317,0.0271505,0.0835444,18.7614,0.884316
2023-01-22 23:00,0.4124,1.21012,0.0273676,0.0845833,18.7614,0.890176
2023-01-23 00:00,0.318501,1.21867,0.0274906,0.0856656,18.7614,0.894254
2023-01-23 01:00,0.571648,1.04027,0.0277309,0.0866613,18.7614,0.922884
2023-01-23 02:00,0.505322,0.960714,0.028017,0.0876353,18.7614,0.959782
2023-01-23 03:00,0.290755,0.927503,0.0282643,0.088631,18.7614,0.997637
2023-01-23 04:00,0.22423,0.902739,0.0285357,0.0895833,18.7614,1.03517
2023-01-23 05:00,0.0543899,0.96413,0.0287996,0.0904708,18.7614,1.06036
2023-01-23 06:00,-0.137109,0.985865,0.0290987,0.0913582,18.7614,1.07999
2023-01-23 07:00,-0.318981,1.03885,0.0293839,0.0922024,18.7614,1.09025
2023-01-23 08:00,-0.475687,1.06768,0.0296408,0.0930249,18.7614,1.09544
2023-01-23 09:00,-0.429969,1.15601,0.0299178,0.0939773,18.7614,1.08776
2023-01-23 10:00,-0.250515,1.15828,0.0302582,0.0949729,18.7614,1.08053
2023-01-23 11:00,-0.232341,1.28689,0.0306318,0.0961634,18.7614,1.05603
2023-01-23 12:00,0.0444085,1.17307,0.0309698,0.0973972,18.7614,1.0499
2023-01-23 13:00,-0.0614445,1.12347,0.03138,0.098631,18.7614,1.05132
2023-01-23 14:00,-0.0765357,1.09555,0.0318536,0.0998431,18.7614,1.05651
2023-01-23 15:00,0.307415,1.10888,0.0322808,0.10112,18.7614,1.05932
2023-01-23 16:00,0.357584,1.12176,0.0327497,0.102311,18.7614,1.06004
2023-01-23 17:00,0.36142,1.06357,0.0332388,0.103588,18.7614,1.06883
2023-01-23 18:00,0.0754341,0.942358,0.0337025,0.104886,18.7614,1.0937
2023-01-23 19:00,0.322934,0.960057,0.0342071,0.10625,18.7614,1.11361
2023-01-23 20:00,0.539161,1.08416,0.0347696,0.107614,18.7614,1.11416
2023-01-23 21:00,0.47249,1.08486,0.035334,0.108934,18.7614,1.11457
2023-01-23 22:00,0.506893,1.06788,0.0359463,0.110438,18.7614,1.1173
2023-01-23 23:00,0.596708,1.12873,0.0366115,0.112083,18.7614,1.11125
2023-01-24 00:00,0.640524,1.06408,0.0372694,0.113642,18.7614,1.11485
2023-01-24 01:00,0.788007,1.08855,0.0380523,0.115222,18.7614,1.11466
2023-01-24 02:00,0.909581,1.17959,0.0388323,0.116824,18.7614,1.10176
2023-01-24 03:00,0.501174,0.964394,0.0396083,0.11849,18.7614,1.12026
2023-01-24 04:00,0.437767,0.929449,0.0404058,0.120308,18.7614,1.14179
2023-01-24 05:00,0.184455,0.975537,0.0411933,0.122083,18.7614,1.15472
2023-01-24 06:00,-0.186406,1.04509,0.0420262,0.123923,18.7614,1.15663
2023-01-24 07:00,-0.465376,1.06864,0.0428301,0.125806,18.7614,1.15506
2023-01-24 08:00,-0.687398,1.20364,0.0435213,0.127624,18.7614,1.13475
2023-01-24 09:00,-0.936992,1.3399,0.0441267,0.129464,18.7614,1.09741
2023-01-24 10:00,-0.90629,1.37821,0.0447369,0.131261,18.7614,1.05844
2023-01-24 11:00,-0.777514,1.49316,0.0453295,0.133036,18.7614,1.00729
2023-01-24 12:00,-0.615925,1.22904,0.0459245,0.134832,18.7614,0.998201
2023-01-24 13:00,-0.733669,1.28146,0.0465734,0.136672,18.7614,0.982691
2023-01-24 14:00,-0.625179,1.15462,0.0472631,0.138512,18.7614,0.986478
2023-01-24 15:00,-0.428229,1.02443,0.0478877,0.140352,18.7614,1.0081
2023-01-24 16:00,-0.351813,1.02648,0.0485239,0.142148,18.7614,1.02728
2023-01-24 17:00,-0.296618,0.993476,0.0491557,0.144031,18.7614,1.04915
2023-01-24 18:00,-0.324239,1.01117,0.0498033,0.145915,18.7614,1.06636
2023-01-24 19:00,-0.101017,0.910454,0.0504408,0.147754,18.7614,1.09595
2023-01-24 20:00,0.112679,0.89671,0.0512008,0.149616,18.7614,1.12449
2023-01-24 21:00,0.053856,0.961714,0.0519627,0.151564,18.7614,1.14109
2023-01-24 22:00,0.0637166,0.972704,0.052732,0.153425,18.7614,1.15449
2023-01-24 23:00,0.290863,0.973203,0.0535246,0.155308,18.7614,1.16648
2023-01-25 00:00,0.353846,0.952674,0.054319,0.157127,18.7614,1.18014
2023-01-25 01:00,0.210158,1.03841,0.0551745,0.158772,18.7614,1.18044
2023-01-25 02:00,0.419679,1.03855,0.0560688,0.160308,18.7614,1.1807
2023-01-25 03:00,0.169188,0.88472,0.0569452,0.161953,18.7614,1.20244
2023-01-25 04:00,0.0660433,0.966878,0.0578284,0.163577,18.7614,1.21052
2023-01-25 05:00,0.0580748,0.980148,0.0587268,0.1652,18.7614,1.21594
2023-01-25 06:00,-0.282533,1.09402,0.0596424,0.166759,18.7614,1.20488
2023-01-25 07:00,-0.534052,1.22988,0.0604793,0.168209,18.7614,1.17592
2023-01-25 08:00,-0.696362,1.27553,0.0611974,0.169637,18.7614,1.14347
2023-01-25 09:00,-0.73151,1.39868,0.0618697,0.171066,18.7614,1.09703
2023-01-25 10:00,-0.742332,1.3221,0.0625747,0.172473,18.7614,1.06595
2023-01-25 11:00,-0.776795,1.30254,0.0632912,0.173966,18.7614,1.04072
2023-01-25 12:00,-0.748413,1.36666,0.0639678,0.175417,18.7614,1.00903
2023-01-25 13:00,-0.676728,1.28711,0.0646735,0.17691,18.7614,0.991651
2023-01-25 14:00,-0.525409,1.22985,0.0654776,0.178317,18.7614,0.984017
2023-01-25 15:00,-0.220691,0.943889,0.0662053,0.179724,18.7614,1.01716
2023-01-25 16:00,-0.219168,1.01531,0.0669253,0.181218,18.7614,1.03699
2023-01-25 17:00,-0.22486,0.943563,0.0676457,0.182733,18.7614,1.06488
2023-01-25 18:00,-0.136872,1.01497,0.0683367,0.184269,18.7614,1.07998
2023-01-25 19:00,0.0661856,1.0842,0.0690663,0.185741,18.7614,1.08389
2023-01-25 20:00,0.39225,1.04182,0.0698809,0.187343,18.7614,1.09334
2023-01-25 21:00,0.13576,0.985494,0.0707056,0.18901,18.7614,1.10973
2023-01-25 22:00,0.346289,1.03655,0.0715568,0.190655,18.7614,1.11733
2023-01-25 23:00,0.263374,1.011,0.0724174,0.192213,18.7614,1.12775
2023-01-26 00:00,0.507286,1.06603,0.0732942,0.19375,18.7614,1.12943
2023-01-26 01:00,0.176842,1.00951,0.0741683,0.195222,18.7614,1.13884
2023-01-26 02:00,0.176313,0.856254,0.0750363,0.196737,18.7614,1.16876
2023-01-26 03:00,0.225094,0.801417,0.0759168,0.198122,18.7614,1.20336
2023-01-26 04:00,0.0918372,0.785861,0.076766,0.199421,18.7614,1.23667
2023-01-26 05:00,-0.0508859,0.802218,0.0776561,0.200655,18.7614,1.26437
2023-01-26 06:00,-0.309363,0.927083,0.078493,0.201889,18.7614,1.27182
2023-01-26 07:00,-0.564323,1.09639,0.0792491,0.203101,18.7614,1.25484
2023-01-26 08:00,-0.54595,1.16924,0.0799052,0.204269,18.7614,1.22937
2023-01-26 09:00,-0.401301,1.11379,0.0805585,0.205417,18.7614,1.2142
2023-01-26 10:00,-0.639317,1.18606,0.0812297,0.206564,18.7614,1.19044
2023-01-26 11:00,-0.411114,1.18338,0.0819015,0.207689,18.7614,1.16943
2023-01-26 12:00,-0.224961,1.02574,0.0825293,0.208912,18.7614,1.17257
2023-01-26 13:00,-0.233284,1.1315,0.0832553,0.210254,18.7614,1.16061
2023-01-26 14:00,-0.225785,1.0873,0.0840402,0.211661,18.7614,1.15602
2023-01-26 15:00,0.195607,1.23197,0.0847032,0.213047,18.7614,1.13165
2023-01-26 16:00,0.473478,1.39652,0.0857739,0.214648,18.7614,1.0867
2023-01-26 17:00,0.360565,1.26721,0.0867861,0.216315,18.7614,1.06433
2023-01-26 18:00,0.551392,1.21131,0.0879215,0.218047,18.7614,1.05202
2023-01-26 19:00,0.709436,1.40612,0.0891331,0.219843,18.7614,1.01369
2023-01-26 20:00,1.01209,1.55898,0.0904328,0.221856,18.7614,0.957803
2023-01-26 21:00,0.747654,1.30584,0.0918038,0.223977,18.7614,0.942922
2023-01-26 22:00,0.873139,1.40431,0.0933729,0.226185,18.7614,0.915752
2023-01-26 23:00,1.02,1.47285,0.0949744,0.228501,18.7614,0.881709
2023-01-27 00:00,0.289944,1.15069,0.0961102,0.230752,15.8431,0.896145
2023-01-27 01:00,0.213709,1.17319,0.0972862,0.232873,15.8431,0.905988
2023-01-27 02:00,0.302701,0.979656,0.0984075,0.235038,15.8431,0.941925
2023-01-27 03:00,0.190877,0.890439,0.0995853,0.237181,15.8431,0.986751
2023-01-27 04:00,-0.018271,0.906663,0.100704,0.239259,15.8431,1.02482
2023-01-27 05:00,-0.167722,0.890377,0.101805,0.241445,15.8431,1.06137
2023-01-27 06:00,-0.390608,0.907495,0.102876,0.243653,15.8431,1.09186
2023-01-27 07:00,-0.596777,1.06058,0.103877,0.245774,15.8431,1.09789
2023-01-27 08:00,-0.546369,1.08353,0.104855,0.247895,15.8431,1.10011
2023-01-27 09:00,-0.563096,1.27414,0.105762,0.249951,15.8431,1.07543
2023-01-27 10:00,-0.563848,1.38497,0.107013,0.252116,15.8431,1.03771
2023-01-27 11:00,-0.607522,1.59515,0.108397,0.25454,15.8431,0.974364
2023-01-27 12:00,-0.517913,1.04332,0.109634,0.256986,15.8431,0.994557
2023-01-27 13:00,-0.913197,1.34251,0.110811,0.259345,15.8431,0.970869
2023-01-27 14:00,-0.592767,1.11671,0.111989,0.261813,15.8431,0.981142
2023-01-27 15:00,-0.524483,1.10923,0.11315,0.264259,15.7586,0.991435
2023-01-27 16:00,-0.496173,1.10148,0.114678,0.266683,15.2901,1.00178
2023-01-27 17:00,-0.329507,1.1736,0.116051,0.269085,15.2901,1.00101
2023-01-27 18:00,-0.653849,1.21968,0.117632,0.271402,15.2049,0.993859
2023-01-27 19:00,-0.417345,1.07663,0.119291,0.273782,15.2049,1.00744
2023-01-27 20:00,-0.438275,1.19844,0.121016,0.275925,14.3885,1.00262
2023-01-27 21:00,-0.28578,1.14316,0.122676,0.278155,13.6688,1.00602
2023-01-27 22:00,-0.407539,1.17759,0.124343,0.280168,12.5448,1.00426
2023-01-27 23:00,-0.233082,1.24241,0.125932,0.281986,11.5326,0.99361
2023-01-28 00:00,-0.295054,1.17,0.12686,0.283804,11.3373,0.994154
2023-01-28 01:00,-0.544649,1.19374,0.127855,0.285579,10.5828,0.991321
2023-01-28 02:00,-0.12369,0.976168,0.128785,0.287311,9.85081,1.01921
2023-01-28 03:00,-0.412603,0.989699,0.129682,0.288999,9.85081,1.04242
2023-01-28 04:00,-0.578227,1.04101,0.13047,0.290709,9.85081,1.05613
2023-01-28 05:00,-0.74829,1.15607,0.13132,0.292332,9.85081,1.05237
2023-01-28 06:00,-1.14446,1.40552,0.132153,0.293869,9.85081,1.01409
2023-01-28 07:00,-1.12345,1.49996,0.132815,0.295298,9.85081,0.966418
2023-01-28 08:00,0.136778,1.76423,0.13336,0.29664,9.85081,0.886541
2023-01-28 09:00,-0.235335,2.57873,0.133773,0.297765,9.85081,0.700693
2023-01-28 10:00,-1.04899,1.93476,0.134429,0.298436,9.85081,0.623529
2023-01-28 11:00,-0.963493,1.77209,0.134847,0.298328,9.85081,0.576841
2023-01-28 12:00,-0.650348,1.48676,0.134849,0.298111,9.85081,0.574743
2023-01-28 13:00,-0.946245,1.52154,0.13483,0.298106,9.85081,0.567989
2023-01-28 14:00,-0.301359,1.38119,0.134766,0.298084,9.85081,0.581546
2023-01-28 15:00,-0.103859,1.48535,0.134495,0.297998,9.85081,0.579176
2023-01-28 16:00,-0.178903,1.21146,0.134214,0.297933,9.85081,0.615362
2023-01-28 17:00,-0.048026,1.159,0.133945,0.297716,9.85081,0.65527
2023-01-28 18:00,0.0411073,1.23275,0.133701,0.2975,9.53376,0.680867
2023-01-28 19:00,-0.547163,1.59495,0.133464,0.297262,8.77439,0.65323
2023-01-28 20:00,-0.709222,1.53662,0.13325,0.297067,7.30587,0.636517
2023-01-28 21:00,-0.777693,1.7135,0.133023,0.296829,6.24253,0.596727
2023-01-28 22:00,-0.741492,1.42927,0.132821,0.296569,4.73414,0.600685
2023-01-28 23:00,-0.61351,1.33738,0.132675,0.29631,4.20109,0.617102
2023-01-29 00:00,-0.979818,1.4811,0.132418,0.296028,4.20109,0.61177
2023-01-29 01:00,-0.958245,1.35442,0.132292,0.29605,4.20109,0.624696
2023-01-29 02:00,-0.619189,1.09231,0.132256,0.296071,4.20109,0.673
2023-01-29 03:00,-0.905518,1.19548,0.132258,0.296093,4.20109,0.70204
2023-01-29 04:00,-1.1269,1.25198,0.132247,0.296136,4.20109,0.72027
2023-01-29 05:00,-1.31229,1.45062,0.132178,0.296223,4.20109,0.708885
2023-01-29 06:00,-1.54258,1.62665,0.132034,0.296461,4.61099,0.674011
2023-01-29 07:00,-1.54139,1.68265,0.131894,0.296677,5.74213,0.634789
2023-01-29 08:00,0.236933,1.82823,0.131724,0.296786,5.74213,0.57912
2023-01-29 09:00,-0.227225,2.54542,0.131457,0.296807,5.74213,0.428675
2023-01-29 10:00,-0.751322,2.2522,0.131138,0.296742,5.74213,0.3343
2023-01-29 11:00,-0.906795,1.81361,0.130717,0.296634,5.74213,0.310725
2023-01-29 12:00,-0.646857,1.42772,0.130316,0.296461,5.74213,0.3435
2023-01-29 13:00,-1.10309,1.70205,0.129978,0.29631,5.74213,0.334614
2023-01-29 14:00,-0.424013,1.36621,0.129663,0.296028,5.74213,0.373605
2023-01-29 15:00,-0.128968,1.15664,0.129407,0.295768,5.74213,0.438018
2023-01-29 16:00,0.0217763,1.10192,0.129134,0.295465,5.74213,0.503646
2023-01-29 17:00,0.0688988,1.13032,0.128785,0.295119,5.74213,0.558738
2023-01-29 18:00,-0.109802,1.10277,0.128428,0.294708,5.74213,0.612174
2023-01-29 19:00,-0.215248,1.66635,0.128007,0.294253,5.74213,0.581416
2023-01-29 20:00,-0.85725,1.86446,0.127569,0.293799,5.74213,0.526016
2023-01-29 21:00,-0.684498,1.43112,0.127033,0.293279,5.74213,0.536786
2023-01-29 22:00,-0.661147,1.42305,0.126399,0.292716,5.74213,0.547608
2023-01-29 23:00,-0.518191,1.39446,0.125773,0.291872,5.74213,0.561347
2023-01-30 00:00,-0.9979,1.3364,0.124976,0.29066,5.74213,0.581835
2023-01-30 01:00,-1.10863,1.40979,0.123797,0.289513,5.74213,0.590006
2023-01-30 02:00,-0.93309,1.23886,0.122617,0.288387,5.74213,0.621277
2023-01-30 03:00,-0.963071,1.24841,0.121498,0.287305,5.74213,0.648084
2023-01-30 04:00,-1.16043,1.33764,0.120384,0.286223,5.74213,0.659726
2023-01-30 05:00,-1.31645,1.48451,0.11924,0.285249,6.52472,0.649654
2023-01-30 06:00,-1.54601,1.61905,0.118105,0.284275,7.66127,0.621765
2023-01-30 07:00,-1.28096,1.43632,0.11698,0.283323,8.48657,0.622231
2023-01-30 08:00,0.594821,2.19168,0.115881,0.282284,8.48657,0.516968
2023-01-30 09:00,-0.135244,2.72583,0.114812,0.281331,8.48657,0.347496
2023-01-30 10:00,-0.916477,2.15196,0.113772,0.280379,8.48657,0.275263
2023-01-30 11:00,-1.03027,1.78185,0.112771,0.279491,8.48657,0.262037
2023-01-30 12:00,-0.482871,1.21558,0.111856,0.278582,8.48657,0.329361
2023-01-30 13:00,-0.58655,1.29551,0.111007,0.27763,8.48657,0.378769
2023-01-30 14:00,-0.220323,1.38153,0.11001,0.276742,8.48657,0.411202
2023-01-30 15:00,0.321612,1.32231,0.109059,0.275812,8.48657,0.448677
2023-01-30 16:00,0.312605,1.21516,0.108011,0.274859,8.48657,0.497396
2023-01-30 17:00,0.215339,1.18905,0.10698,0.27382,8.48657,0.544895
2023-01-30 18:00,0.097907,1.14231,0.105985,0.272738,8.48657,0.594184
2023-01-30 19:00,0.0462183,1.81343,0.105017,0.271613,8.48657,0.544646
2023-01-30 20:00,-0.804106,1.83368,0.104104,0.270465,8.48657,0.497229
2023-01-30 21:00,-0.989939,1.58341,0.10326,0.269232,8.48657,0.48957
2023-01-30 22:00,-0.50197,1.36027,0.102442,0.267933,8.48657,0.513897
2023-01-30 23:00,-0.716126,1.30987,0.10163,0.266721,8.48657,0.542842
2023-01-31 00:00,-1.00214,1.43148,0.100786,0.26553,8.48657,0.551879
2023-01-31 01:00,-0.935597,1.33512,0.0999556,0.26434,8.48657,0.573493
2023-01-31 02:00,-0.710609,1.09666,0.0990889,0.263214,8.48657,0.626309
2023-01-31 03:00,-0.694837,1.15893,0.0982506,0.262175,8.48657,0.665131
2023-01-31 04:00,-0.996984,1.22017,0.0974224,0.261158,8.48657,0.691503
2023-01-31 05:00,-1.17275,1.3265,0.0966004,0.260097,8.48657,0.700361
2023-01-31 06:00,-1.47155,1.584,0.0957995,0.259037,8.48657,0.672307
2023-01-31 07:00,-1.30487,1.57154,0.0949259,0.257998,8.48657,0.648801
2023-01-31 08:00,0.148508,1.88319,0.0942072,0.256916,8.48657,0.584042
2023-01-31 09:00,0.197692,2.67331,0.093331,0.255747,8.48657,0.415211
2023-01-31 10:00,-0.749571,1.9854,0.092503,0.254578,8.48657,0.359511
2023-01-31 11:00,-0.852868,1.71748,0.0916714,0.253452,8.48657,0.346866
2023-01-31 12:00,-0.30851,1.20214,0.0908048,0.252348,8.48657,0.407587
2023-01-31 13:00,-0.634338,1.3629,0.0899005,0.25118,8.48657,0.439744
2023-01-31 14:00,-0.326973,1.20549,0.0888979,0.250011,8.48657,0.490709
2023-01-31 15:00,0.240954,1.11519,0.0880504,0.248799,8.48657,0.549212
2023-01-31 16:00,0.171179,1.05636,0.0872423,0.247565,8.48657,0.610094
2023-01-31 17:00,0.0553182,1.03773,0.0864475,0.246396,8.48657,0.667496
2023-01-31 18:00,0.129923,1.17389,0.0857192,0.245184,8.48657,0.700107
2023-01-31 19:00,-0.427199,1.72988,0.0849682,0.243929,8.48657,0.651667
2023-01-31 20:00,-0.765814,1.71056,0.0842508,0.242716,8.48657,0.610774
2023-01-31 21:00,-0.719527,1.47797,0.0835344,0.241439,8.48657,0.606512
2023-01-31 22:00,-0.545174,1.48553,0.0829126,0.240249,8.48657,0.601619
2023-01-31 23:00,-0.405683,1.33322,0.0823398,0.239102,8.48657,0.618525
2023-02-01 00:00,5.10894,5.69024,0.0804647,0.237413,8.48657,0.0241415
2023-02-01 01:00,0.673696,2.81811,0.0787321,0.235617,8.48657,0.108959
2023-02-01 02:00,0.801217,1.94175,0.077011,0.233582,8.48657,0.106136
2023-02-01 03:00,0.858873,1.81282,0.0753319,0.231504,8.48657,0.0855559
2023-02-01 04:00,0.610261,1.89106,0.0736223,0.22947,8.48657,0.0779806
2023-02-01 05:00,0.558236,1.82601,0.0719554,0.22737,8.48657,0.0620614
2023-02-01 06:00,0.190448,1.761,0.0703475,0.225335,8.48657,0.0386389
2023-02-01 07:00,0.414763,1.78949,0.0687961,0.223171,8.48657,0.0215445
2023-02-01 08:00,2.164,2.73356,0.0672932,0.221028,10.4753,0.138246
2023-02-01 09:00,2.01778,3.5111,0.0658351,0.218712,12.5238,0.352065
2023-02-01 10:00,1.24293,2.56005,0.0644376,0.21631,13.6624,0.411438
2023-02-01 11:00,0.827321,1.9818,0.0630646,0.213907,14.3129,0.38397
2023-02-01 12:00,0.931124,1.77668,0.0617756,0.211418,15.0853,0.33055
2023-02-01 13:00,0.549854,1.99403,0.0605085,0.208994,15.41,0.312882
2023-02-01 14:00,1.26205,2.08729,0.0591945,0.206591,16.5711,0.310029
2023-02-01 15:00,1.56722,2.16404,0.057938,0.204275,18.0905,0.3182
2023-02-01 16:00,1.56361,2.03293,0.056729,0.202024,19.6057,0.30721
2023-02-01 17:00,1.52037,2.10278,0.055572,0.199751,21.0701,0.307091
2023-02-01 18:00,1.21479,1.90614,0.0544647,0.197543,22.1756,0.279472
2023-02-01 19:00,1.05408,2.32373,0.0534064,0.195314,23.0925,0.31304
2023-02-01 20:00,0.466412,2.58641,0.0523962,0.193214,23.3192,0.380004
2023-02-01 21:00,0.153063,2.20239,0.0514703,0.191331,23.3192,0.386542
2023-02-01 22:00,0.465713,2.02033,0.0506667,0.189665,23.4038,0.366955
2023-02-01 23:00,0.515351,1.83878,0.0500768,0.188582,23.6879,0.323924
2023-02-02 00:00,-0.844769,1.50095,0.0497669,0.187565,23.6879,0.237931
2023-02-02 01:00,-0.116014,1.53155,0.0494532,0.186591,23.6879,0.164819
2023-02-02 02:00,0.24325,1.28819,0.0491472,0.185595,23.6879,0.0649681
2023-02-02 03:00,0.119379,1.23791,0.0488796,0.1846,23.6879,0.0319314
2023-02-02 04:00,-0.0418348,1.16913,0.0485953,0.183539,23.6879,0.128765
2023-02-02 05:00,-0.192313,1.13615,0.0483161,0.182457,23.6879,0.220529
2023-02-02 06:00,-0.48274,1.25737,0.0480559,0.181374,23.6879,0.286157
2023-02-02 07:00,-0.187646,1.20702,0.0478437,0.1804,23.6879,0.352267
2023-02-02 08:00,1.68991,2.33811,0.0477143,0.179448,23.6879,0.253513
2023-02-02 09:00,1.39414,3.05453,0.0476033,0.178474,23.6879,0.0643985
2023-02-02 10:00,0.514151,2.13686,0.0474947,0.177565,23.6879,0.0225879
2023-02-02 11:00,0.290232,1.46082,0.0473732,0.176656,23.6879,0.0795448
2023-02-02 12:00,0.399973,1.3824,0.047262,0.175747,23.6879,0.141778
2023-02-02 13:00,0.223128,1.58308,0.0471462,0.174794,23.6879,0.16971
2023-02-02 14:00,0.613278,1.59517,0.0470198,0.173907,23.6879,0.193157
2023-02-02 15:00,1.19972,1.7735,0.0469071,0.173041,24.214,0.189309
2023-02-02 16:00,1.07928,1.57422,0.0468034,0.172045,25.1605,0.213727
2023-02-02 17:00,0.83117,1.57434,0.0466643,0.171093,25.8155,0.235687
2023-02-02 18:00,0.941499,1.58592,0.0465529,0.170076,26.6001,0.253831
2023-02-02 19:00,0.479993,1.99737,0.0464492,0.169015,26.8428,0.212593
2023-02-02 20:00,-0.167855,2.15033,0.0464347,0.167955,26.8428,0.154079
2023-02-02 21:00,-0.227577,1.99017,0.0463738,0.166851,26.8428,0.123823
2023-02-02 22:00,-0.0603817,1.9536,0.0463185,0.165747,26.8428,0.101711
2023-02-02 23:00,0.191081,1.79072,0.0462674,0.164665,26.8428,0.104598
2023-02-03 00:00,-0.430007,1.49974,0.0462975,0.163626,26.8428,0.147909
2023-02-03 01:00,-0.860798,1.61119,0.0462768,0.162608,26.8428,0.171295
2023-02-03 02:00,-0.304058,1.18681,0.0462684,0.161591,26.8428,0.251717
2023-02-03 03:00,-0.338789,1.19217,0.0462769,0.160595,26.8428,0.323348
2023-02-03 04:00,-0.439657,1.12374,0.0462891,0.159665,26.8428,0.39739
2023-02-03 05:00,-0.579302,1.10225,0.0463175,0.15869,26.8428,0.467034
2023-02-03 06:00,-0.88661,1.24255,0.0463814,0.157673,26.8428,0.510084
2023-02-03 07:00,-0.708791,1.1244,0.0464685,0.156613,26.8428,0.565361
2023-02-03 08:00,0.957587,1.73707,0.0465775,0.155639,26.8428,0.529391
2023-02-03 09:00,1.13686,3.25089,0.0467334,0.154708,26.8428,0.285215
2023-02-03 10:00,0.0589539,2.08996,0.0469371,0.153777,26.8428,0.227884
2023-02-03 11:00,-0.175082,1.46458,0.047141,0.152911,26.8428,0.263784
2023-02-03 12:00,0.0782014,1.32483,0.0473143,0.152024,26.8428,0.315648
2023-02-03 13:00,-0.382989,1.37373,0.0475267,0.151115,26.8428,0.355483
2023-02-03 14:00,0.221218,1.35661,0.0477698,0.150184,26.8428,0.393731
2023-02-03 15:00,0.482505,1.37398,0.0480523,0.149253,26.8428,0.425723
2023-02-03 16:00,0.540007,1.3907,0.0483169,0.148323,26.8428,0.452177
2023-02-03 17:00,0.564286,1.39931,0.0485559,0.147327,26.8428,0.474781
2023-02-03 18:00,0.430052,1.41023,0.0488067,0.146353,26.8428,0.493596
2023-02-03 19:00,0.397082,1.5937,0.0490065,0.145422,26.8428,0.484861
2023-02-03 20:00,0.0235516,1.76832,0.0492071,0.144426,26.8428,0.452567
2023-02-03 21:00,-0.131841,1.62549,0.0494146,0.143474,26.8428,0.443486
2023-02-03 22:00,-0.0055123,1.56506,0.0496443,0.142624,26.8428,0.443769
2023-02-03 23:00,0.177345,1.50087,0.0498888,0.141802,26.8428,0.453005
2023-02-04 00:00,-0.383335,1.58002,0.0501153,0.140979,26.8428,0.450242
2023-02-04 01:00,-0.612199,1.61504,0.0503427,0.140114,26.8428,0.442856
2023-02-04 02:00,-0.1014,1.34288,0.0505335,0.139183,26.8428,0.474287
2023-02-04 03:00,-0.222666,1.07514,0.0507589,0.138274,26.8428,0.540035
2023-02-04 04:00,-0.240958,1.12879,0.0509874,0.137408,26.8428,0.591702
2023-02-04 05:00,-0.496881,1.07086,0.0512125,0.136607,26.8428,0.646307
2023-02-04 06:00,-0.588779,1.14058,0.0514721,0.135893,26.8428,0.685697
2023-02-04 07:00,-0.838801,1.37995,0.0517393,0.135114,26.8428,0.687658
2023-02-04 08:00,-0.493611,1.29795,0.0519192,0.134313,26.8428,0.700895
2023-02-04 09:00,0.237248,1.67849,0.0521822,0.133728,26.8428,0.659566
2023-02-04 10:00,0.0755955,1.50599,0.0525201,0.133252,26.8428,0.646505
2023-02-04 11:00,-0.117792,1.33958,0.052912,0.132754,26.8428,0.658033
2023-02-04 12:00,-0.255174,1.3179,0.0532668,0.132343,26.8428,0.671442
2023-02-04 13:00,-5.29382,6.11203,0.0528931,0.131282,26.8428,0.0127531
2023-02-04 14:00,-2.1093,3.34504,0.0524708,0.130027,26.8428,0.192932
2023-02-04 15:00,0.483874,3.63569,0.0521952,0.128404,26.8428,0.418713
2023-02-04 16:00,-1.21429,3.26518,0.0518429,0.126715,26.8428,0.570079
2023-02-04 17:00,-2.37971,4.00786,0.0513672,0.124984,26.8428,0.810217
2023-02-04 18:00,-0.262481,3.18882,0.0509433,0.123187,26.8428,0.911747
2023-02-04 19:00,-0.628659,3.26756,0.0505923,0.121369,26.8428,1.01414
2023-02-04 20:00,-0.633967,1.91493,0.0502854,0.119529,26.8428,0.917048
2023-02-04 21:00,-0.474232,1.44476,0.0500618,0.117733,26.8428,0.76388
2023-02-04 22:00,-0.565196,1.59748,0.0498248,0.115958,26.8428,0.647397
2023-02-04 23:00,-0.398428,1.43127,0.0495654,0.114226,26.8428,0.519306
2023-02-05 00:00,-0.652999,1.38395,0.0493737,0.112516,26.8428,0.397405
2023-02-05 01:00,-0.964879,1.57736,0.0491478,0.110785,26.8428,0.314754
2023-02-05 02:00,-0.758486,1.22757,0.0489298,0.109096,26.8428,0.191429
2023-02-05 03:00,-0.464463,1.20644,0.0487238,0.107451,26.8428,0.0774798
2023-02-05 04:00,-0.765149,1.19093,0.048485,0.105806,26.8428,0.0272447
2023-02-05 05:00,-0.749684,1.17709,0.0482659,0.104096,26.8428,0.123433
2023-02-05 06:00,-0.968997,1.24199,0.0480583,0.102365,26.8428,0.200923
2023-02-05 07:00,-1.25812,1.5181,0.0478242,0.100611,26.8428,0.232032
2023-02-05 08:00,-1.13962,1.62009,0.0475926,0.0989232,26.8428,0.245761
2023-02-05 09:00,-0.80719,1.7507,0.0473679,0.0972998,26.8428,0.239843
2023-02-05 10:00,-0.888835,1.80308,0.0471938,0.0958712,26.8428,0.227187
2023-02-05 11:00,-0.916476,1.72203,0.047043,0.0945725,26.8428,0.227138
2023-02-05 12:00,-0.848929,1.6689,0.0469536,0.0942803,26.8428,0.234527
2023-02-05 13:00,-0.318586,1.94939,0.0466558,0.0943669,26.8428,0.201933
2023-02-05 14:00,-0.476017,1.59584,0.0463996,0.0944751,26.8428,0.222065
2023-02-05 15:00,-0.702556,1.8693,0.0462175,0.094605,26.8428,0.201922
2023-02-05 16:00,-0.289967,1.56583,0.0460733,0.0947132,26.8428,0.226254
2023-02-05 17:00,-0.162586,1.63391,0.045949,0.0948647,26.8428,0.238627
2023-02-05 18:00,-0.623072,1.65665,0.0459586,0.0951245,26.8428,0.24658
2023-02-05 19:00,-0.170961,1.46352,0.0460314,0.0953193,26.8428,0.28076
2023-02-05 20:00,0.189063,1.52948,0.0461254,0.0955357,26.8428,0.302292
2023-02-05 21:00,0.288407,1.24071,0.0462739,0.0957305,26.8428,0.362075
2023-02-05 22:00,0.227976,1.25543,0.0463993,0.0959253,26.8428,0.413818
2023-02-05 23:00,0.288548,1.28646,0.0465364,0.0961418,26.8428,0.456047
2023-02-06 00:00,0.219431,1.22644,0.0467062,0.0963582,26.8428,0.50245
2023-02-06 01:00,-0.164313,1.33625,0.0468455,0.096618,26.8428,0.528849
2023-02-06 02:00,0.343875,1.00576,0.0469818,0.0968777,26.8428,0.598848
2023-02-06 03:00,0.184245,1.04092,0.0471419,0.0971374,26.8428,0.656928
2023-02-06 04:00,0.0462289,0.935057,0.0473019,0.0973755,26.8428,0.724011
2023-02-06 05:00,-0.0215321,0.981283,0.0474755,0.0976136,26.8428,0.777919
2023-02-06 06:00,-0.412255,1.14313,0.0476815,0.0978517,26.8428,0.803791
2023-02-06 07:00,0.357063,1.46089,0.0478631,0.0980682,26.8428,0.782618
2023-02-06 08:00,2.31437,3.4869,0.047995,0.0982846,26.8428,0.480099
2023-02-06 09:00,0.873166,3.61297,0.0480454,0.0985011,26.8428,0.190193
2023-02-06 10:00,-0.360242,2.29423,0.0481411,0.0987175,26.8428,0.113785
2023-02-06 11:00,-0.332093,1.88708,0.0482126,0.098934,26.8428,0.101983
2023-02-06 12:00,-0.455632,1.65802,0.0482796,0.0990855,26.8428,0.12341
2023-02-06 13:00,-0.180523,1.78394,0.0483169,0.0992587,26.8428,0.125076
2023-02-06 14:00,0.555863,1.82524,0.0483814,0.0994102,26.8428,0.120797
2023-02-06 15:00,0.750142,1.57019,0.048435,0.0995833,26.8428,0.15263
2023-02-06 16:00,0.64342,1.49966,0.0485086,0.0997781,26.8428,0.191148
2023-02-06 17:00,0.748625,1.46986,0.0485316,0.0999513,26.8428,0.229984
2023-02-06 18:00,0.288743,1.45772,0.0485327,0.100146,26.8428,0.266634
2023-02-06 19:00,-0.215693,2.04628,0.0485658,0.100341,26.8428,0.217273
2023-02-06 20:00,-0.524381,1.98673,0.0485766,0.100557,26.8428,0.18118
2023-02-06 21:00,0.0449302,1.72506,0.0486018,0.100774,26.8428,0.185307
2023-02-06 22:00,0.293055,1.59501,0.0486356,0.10099,26.8428,0.207217
2023-02-06 23:00,0.296852,1.4083,0.0486973,0.101207,26.8428,0.253058
2023-02-07 00:00,0.245287,1.46299,0.048763,0.10138,26.8428,0.286664
2023-02-07 01:00,0.134826,1.41226,0.0487824,0.101553,26.8428,0.324007
2023-02-07 02:00,0.397091,1.30311,0.0488314,0.101726,26.8428,0.372888
2023-02-07 03:00,0.429139,1.22651,0.0488659,0.101899,26.8428,0.427598
2023-02-07 04:00,0.216241,1.04867,0.0488873,0.102051,26.8428,0.501718
2023-02-07 05:00,-0.027058,1.01194,0.0488994,0.102202,26.8428,0.573566
2023-02-07 06:00,-0.260733,1.10002,0.0489077,0.102332,26.8428,0.625905
2023-02-07 07:00,0.156315,1.15844,0.0489373,0.10244,26.8428,0.664837
2023-02-07 08:00,2.18995,2.87366,0.0489669,0.102549,26.8428,0.459896
2023-02-07 09:00,1.66488,3.06644,0.0490514,0.102635,26.8428,0.248475
2023-02-07 10:00,0.694898,2.03711,0.0491451,0.102722,26.8428,0.202213
2023-02-07 11:00,0.350435,1.45992,0.0492323,0.102808,26.8428,0.241333
2023-02-07 12:00,0.171819,1.37489,0.0492829,0.102873,26.8428,0.288438
2023-02-07 13:00,-0.295612,1.57119,0.0493682,0.10296,26.8428,0.303367
2023-02-07 14:00,0.409583,1.38188,0.0494779,0.103068,26.8428,0.343291
2023-02-07 15:00,1.05633,1.56062,0.049584,0.103155,26.8428,0.354214
2023-02-07 16:00,0.977792,1.55464,0.0496824,0.103241,26.8428,0.364881
2023-02-07 17:00,1.02444,1.5717,0.0497677,0.103328,26.8428,0.372095
2023-02-07 18:00,0.868371,1.44271,0.0498314,0.103415,26.8428,0.396634
2023-02-07 19:00,0.484634,1.87184,0.0499033,0.103501,26.8428,0.358679
2023-02-07 20:00,0.108079,1.97389,0.0499953,0.103588,26.8428,0.310242
2023-02-07 21:00,0.238761,1.61707,0.0501008,0.103685,26.8428,0.316573
2023-02-07 22:00,0.1865,1.66072,0.0501879,0.103815,26.8428,0.316162
2023-02-07 23:00,0.391157,1.42988,0.0502324,0.103945,26.8428,0.348091
2023-02-08 00:00,-0.399511,1.39414,0.0502309,0.104053,21.1642,0.381827
2023-02-08 01:00,-0.684736,1.4027,0.0502468,0.10414,20.6941,0.410992
2023-02-08 02:00,-0.149548,1.01824,0.0503068,0.104205,20.0742,0.491031
2023-02-08 03:00,-0.246619,1.00484,0.0503692,0.10414,19.3866,0.564939
2023-02-08 04:00,-0.413268,0.960604,0.0504361,0.10415,18.991,0.637647
2023-02-08 05:00,-0.57647,1.01027,0.0505242,0.104021,18.7538,0.696136
2023-02-08 06:00,-1.05527,1.28384,0.0506354,0.103826,18.7538,0.710499
2023-02-08 07:00,-0.769967,1.30925,0.0507644,0.103653,18.5878,0.719872
2023-02-08 08:00,1.1586,2.4603,0.0509111,0.103923,16.3675,0.567261
2023-02-08 09:00,0.236291,2.29637,0.0510538,0.105005,14.319,0.452847
2023-02-08 10:00,-0.528191,1.77164,0.0512162,0.106044,13.1804,0.42329
2023-02-08 11:00,-0.787272,1.25226,0.0513777,0.107105,12.6637,0.469357
2023-02-08 12:00,-0.740263,1.298,0.0515292,0.108209,12.6637,0.504417
2023-02-08 13:00,-1.11813,1.5005,0.0517087,0.109291,12.6637,0.507639
2023-02-08 14:00,-0.232126,1.3084,0.0518999,0.110308,12.6637,0.537416
2023-02-08 15:00,-0.165912,1.11417,0.0521335,0.111304,12.6637,0.59139
2023-02-08 16:00,-0.259483,0.98312,0.0523722,0.112365,12.6637,0.658303
2023-02-08 17:00,-0.245596,1.0504,0.0526013,0.113425,12.6637,0.709111
2023-02-08 18:00,-0.263625,1.31574,0.052827,0.114443,12.6637,0.717714
2023-02-08 19:00,-0.651965,1.70655,0.0530586,0.115352,12.6637,0.670777
2023-02-08 20:00,-1.00813,1.7914,0.0533053,0.116261,12.6637,0.616663
2023-02-08 21:00,-0.610586,1.53701,0.0535398,0.116975,12.6637,0.603552
2023-02-08 22:00,-0.279658,1.3168,0.0537237,0.117408,12.6637,0.622563
2023-02-08 23:00,-0.359671,1.20339,0.0537826,0.117321,12.6637,0.655539
2023-02-09 00:00,-0.370286,1.24813,0.0533029,0.117235,12.6637,0.678958
2023-02-09 01:00,-0.808901,1.45168,0.0528416,0.11717,12.6637,0.671557
2023-02-09 02:00,-0.163847,0.903463,0.0523635,0.117148,12.6637,0.741598
2023-02-09 03:00,-0.275188,0.965899,0.0518816,0.117083,12.6637,0.795899
2023-02-09 04:00,-0.466584,0.930492,0.0514249,0.117018,12.6637,0.849724
2023-02-09 05:00,-0.533962,0.873899,0.0509506,0.116975,12.6637,0.906084
2023-02-09 06:00,-0.92477,1.11491,0.0504881,0.116953,12.6637,0.923089
2023-02-09 07:00,-0.617254,2.36889,0.0498143,0.11665,12.6637,0.762945
2023-02-09 08:00,0.855841,3.60268,0.0490303,0.116196,12.6637,0.446194
2023-02-09 09:00,1.18439,3.81626,0.0482501,0.115395,12.6637,0.131236
2023-02-09 10:00,-0.463892,1.71216,0.0474858,0.114573,12.6637,0.142162
2023-02-09 11:00,-0.78852,1.37953,0.0467025,0.11375,12.6637,0.198535
2023-02-09 12:00,-0.520604,1.24423,0.0459445,0.112884,12.6637,0.2682
2023-02-09 13:00,-0.746444,1.50777,0.045174,0.112083,12.6637,0.294026
2023-02-09 14:00,-0.228735,1.28372,0.0444137,0.111326,12.6637,0.348618
2023-02-09 15:00,0.261967,1.20711,0.0437214,0.11059,12.6637,0.408469
2023-02-09 16:00,0.0872997,1.16705,0.0430218,0.109789,12.6637,0.467939
2023-02-09 17:00,-0.138226,1.27117,0.0423571,0.109031,12.6637,0.506894
2023-02-09 18:00,-0.0434807,1.45583,0.0416738,0.108252,12.6637,0.516118
2023-02-09 19:00,-0.154068,1.92461,0.040934,0.107451,12.6637,0.458832
2023-02-09 20:00,-0.380448,2.04673,0.0402173,0.106607,12.6637,0.390188
2023-02-09 21:00,-0.637815,1.79931,0.0395115,0.10585,12.6637,0.363025
2023-02-09 22:00,-0.402174,1.62509,0.0388483,0.105114,12.6637,0.362954
2023-02-09 23:00,-0.406527,1.45135,0.0382103,0.104378,12.6637,0.387199
2023-02-10 00:00,-0.373349,1.3555,0.0376153,0.103685,12.6637,0.42243
2023-02-10 01:00,-1.05003,1.64823,0.0370116,0.102906,12.6637,0.413182
2023-02-10 02:00,-0.270991,1.2781,0.0364182,0.102192,12.6637,0.456644
2023-02-10 03:00,-0.268574,1.08085,0.0358162,0.101521,12.6637,0.523358
2023-02-10 04:00,-0.578409,1.05666,0.0352461,0.100806,12.6637,0.586785
2023-02-10 05:00,-0.718053,1.05597,0.0346912,0.100157,12.6637,0.643964
2023-02-10 06:00,-0.998708,1.2025,0.0341361,0.099724,12.6637,0.674925
2023-02-10 07:00,-0.598846,1.33291,0.0336001,0.0993128,12.6637,0.684545
2023-02-10 08:00,0.995811,2.51329,0.0331072,0.0993128,12.6637,0.528053
2023-02-10 09:00,0.119045,2.66046,0.0327924,0.0993128,12.6637,0.366618
2023-02-10 10:00,-0.493383,1.83668,0.0324729,0.0992478,12.6637,0.336584
2023-02-10 11:00,-0.849416,1.375,0.0321221,0.0991396,12.6637,0.374148
2023-02-10 12:00,-0.830932,1.37079,0.0318164,0.0990314,12.6637,0.408544
2023-02-10 13:00,-1.12676,1.60099,0.0314842,0.0988582,12.6637,0.407294
2023-02-10 14:00,-0.443314,1.39759,0.0311534,0.0986418,12.6637,0.434627
2023-02-10 15:00,-0.257075,1.10078,0.0308325,0.098447,12.6637,0.500753
2023-02-10 16:00,-0.184988,1.15781,0.0305293,0.0983387,12.6637,0.552288
2023-02-10 17:00,-0.141233,1.19881,0.0302612,0.0982089,12.6637,0.592933
2023-02-10 18:00,-0.164676,1.37532,0.0299626,0.0981006,12.6637,0.604817
2023-02-10 19:00,-0.347521,1.72516,0.029731,0.0980574,12.6637,0.566567
2023-02-10 20:00,-0.513263,1.88852,0.0295308,0.0979708,12.6637,0.509284
2023-02-10 21:00,-0.74673,1.64487,0.0293301,0.0979058,12.6637,0.491821
2023-02-10 22:00,-0.431451,1.53615,0.0291154,0.0978193,12.6637,0.491315
2023-02-10 23:00,-0.544229,1.40742,0.0288735,0.0977543,12.6637,0.50887
2023-02-11 00:00,-0.648865,1.37755,0.0286633,0.097711,12.6637,0.52885
2023-02-11 01:00,-1.05461,1.59615,0.0284288,0.0977327,12.6637,0.516246
2023-02-11 02:00,-0.524719,1.19718,0.0281933,0.0977327,12.6637,0.560723
2023-02-11 03:00,-0.619467,1.17443,0.0279572,0.0976894,12.6637,0.603936
2023-02-11 04:00,-0.760682,1.20159,0.0277364,0.0976461,12.6637,0.639027
2023-02-11 05:00,-0.816274,1.18991,0.0274979,0.0976894,12.6637,0.672244
2023-02-11 06:00,-1.24985,1.38293,0.0272656,0.0976894,12.6637,0.675132
2023-02-11 07:00,-1.48073,1.65007,0.0270394,0.0976894,12.6637,0.640356
2023-02-11 08:00,-1.2682,1.82529,0.0268527,0.0976677,12.6637,0.584543
2023-02-11 09:00,-0.302856,1.77629,0.0266791,0.097711,12.6637,0.541166
2023-02-11 10:00,-0.536773,1.7909,0.0265022,0.0977327,12.6637,0.500083
2023-02-11 11:00,-0.7605,1.6611,0.0263139,0.0977976,12.6637,0.481269
2023-02-11 12:00,-0.904215,1.5946,0.0261489,0.0978842,12.6637,0.473639
2023-02-11 13:00,-0.943847,1.61864,0.0261456,0.0986851,7.41845,0.46341
2023-02-11 14:00,-0.154949,1.36993,0.0261815,0.099724,7.41845,0.489002
2023-02-11 15:00,0.173364,1.25466,0.0262436,0.101023,7.41845,0.528161
2023-02-11 16:00,0.183396,1.28841,0.0263683,0.102451,7.41845,0.558682
2023-02-11 17:00,0.104342,1.26094,0.0265689,0.103945,7.41845,0.589994
2023-02-11 18:00,-0.108994,1.36729,0.0267819,0.105503,7.41845,0.603296
2023-02-11 19:00,0.0989755,1.44639,0.0269609,0.107062,7.41845,0.604201
2023-02-11 20:00,0.311143,1.31525,0.0271496,0.108642,7.41845,0.623363
2023-02-11 21:00,0.337343,1.28246,0.0273407,0.110157,7.41845,0.645196
2023-02-11 22:00,0.184069,1.30074,0.0275862,0.11165,7.41845,0.662289
2023-02-11 23:00,0.19957,1.20216,0.0278201,0.113144,7.41845,0.691465
2023-02-12 00:00,0.0174188,1.20231,0.0280585,0.114659,7.41845,0.717703
2023-02-12 01:00,-0.48033,1.4236,0.0283243,0.116196,7.41845,0.710355
2023-02-12 02:00,0.197774,0.94739,0.0285864,0.117689,7.41845,0.77037
2023-02-12 03:00,0.0203461,1.04063,0.0288814,0.119161,7.41845,0.811339
2023-02-12 04:00,0.0328168,0.895065,0.0292015,0.120676,7.41845,0.868576
2023-02-12 05:00,-0.211894,0.853178,0.0295299,0.122192,7.41845,0.92595
2023-02-12 06:00,-0.482699,0.934977,0.0298614,0.123793,7.41845,0.966142
2023-02-12 07:00,-0.507047,1.04197,0.0301926,0.125482,7.41845,0.987346
2023-02-12 08:00,-0.529021,1.25114,0.0305709,0.127148,7.41845,0.977163
2023-02-12 09:00,0.0322679,1.52921,0.0309705,0.128728,7.41845,0.929094
2023-02-12 10:00,-0.176605,1.38341,0.0313927,0.130265,7.41845,0.90623
2023-02-12 11:00,-0.265178,1.2843,0.0318316,0.131759,7.41845,0.89952
2023-02-12 12:00,-0.350608,1.34129,0.0321908,0.132841,7.41845,0.885506
2023-02-12 13:00,-0.556854,1.32849,0.0325138,0.133902,7.41845,0.874686
2023-02-12 14:00,-0.0686142,1.31909,0.0327698,0.134832,7.41845,0.866263
2023-02-12 15:00,0.407515,1.14072,0.0330961,0.135482,7.41845,0.883638
2023-02-12 16:00,0.203817,1.06222,0.0333328,0.135979,7.41845,0.910259
2023-02-12 17:00,0.0946754,1.25572,0.0335609,0.136304,7.41845,0.907144
2023-02-12 18:00,-0.210653,1.35657,0.0336062,0.136304,7.41845,0.890231
2023-02-12 19:00,-0.190822,1.44456,0.0335265,0.136218,7.41845,0.862698
2023-02-12 20:00,0.0679526,1.363,0.03348,0.136088,7.41845,0.84933
2023-02-12 21:00,0.235577,1.21845,0.0334323,0.135936,7.41845,0.857523
2023-02-12 22:00,-0.0664648,1.38948,0.0333766,0.13585,7.41845,0.840967
2023-02-12 23:00,0.101669,1.17928,0.0333434,0.135806,7.41845,0.855477
2023-02-13 00:00,-0.120005,1.14035,0.0333382,0.135763,7.41845,0.873983
2023-02-13 01:00,-0.30342,1.18723,0.0333424,0.135655,7.41845,0.884079
2023-02-13 02:00,0.160785,1.00064,0.033367,0.135482,7.41845,0.919271
2023-02-13 03:00,0.131209,0.811989,0.0333597,0.135503,7.41845,0.977339
2023-02-13 04:00,-0.120896,0.885076,0.0333411,0.135547,7.41845,1.01937
2023-02-13 05:00,-0.293812,0.796664,0.0333185,0.135547,7.41845,1.06958
2023-02-13 06:00,-0.519287,1.04601,0.0332732,0.13546,7.41845,1.07987
2023-02-13 07:00,0.063111,1.37879,0.0332804,0.135352,7.41845,1.04258
2023-02-13 08:00,2.2613,3.55611,0.0332504,0.135287,7.41845,0.704377
2023-02-13 09:00,0.834545,3.56543,0.0332286,0.135244,7.41845,0.398694
2023-02-13 10:00,-0.53241,2.27668,0.0332004,0.135287,7.41845,0.303891
2023-02-13 11:00,-0.790512,1.68062,0.0332111,0.135373,7.41845,0.301964
2023-02-13 12:00,-0.21343,1.48079,0.0332095,0.135482,7.41845,0.32819
2023-02-13 13:00,-0.465668,1.52847,0.0331941,0.135611,7.41845,0.345121
2023-02-13 14:00,0.17201,1.55482,0.033208,0.135741,7.41845,0.356674
2023-02-13 15:00,0.409898,1.47508,0.0332299,0.135936,7.41845,0.378226
2023-02-13 16:00,0.430661,1.17491,0.0332423,0.136109,7.41845,0.439622
2023-02-13 17:00,0.308471,1.26724,0.0332613,0.136218,7.41845,0.481958
2023-02-13 18:00,0.0292055,1.31255,0.0332563,0.136347,7.41845,0.513723
2023-02-13 19:00,-0.290422,1.78421,0.0332611,0.136391,7.41845,0.47632
2023-02-13 20:00,-0.667806,2.04021,0.0332528,0.136434,7.41845,0.406839
2023-02-13 21:00,-0.42588,1.62678,0.0332555,0.136434,7.41845,0.40215
2023-02-13 22:00,-0.110516,1.41748,0.0332307,0.136456,7.41845,0.427215
2023-02-13 23:00,-0.0683361,1.30506,0.0332121,0.136456,7.41845,0.465502
2023-02-14 00:00,-0.51499,1.37379,0.0331873,0.136456,7.41845,0.490344
2023-02-14 01:00,-0.667827,1.36336,0.0331893,0.136391,7.41845,0.514161
2023-02-14 02:00,-0.104012,1.01727,0.033183,0.136304,7.41845,0.584017
2023-02-14 03:00,-0.316913,1.12367,0.0331798,0.136196,7.41845,0.632002
2023-02-14 04:00,-0.737183,1.08854,0.0331768,0.136109,7.41845,0.680103
2023-02-14 05:00,-1.91181,4.02626,0.0329195,0.135741,7.41845,0.312373
2023-02-14 06:00,-1.10298,3.1163,0.0326068,0.135157,7.41845,0.10873
2023-02-14 07:00,-0.635752,3.46854,0.0322904,0.134378,7.41845,0.123832
2023-02-14 08:00,0.794035,4.06419,0.0319689,0.13336,5.16774,0.416475
2023-02-14 09:00,-0.0357252,2.99889,0.0316173,0.132235,4.43555,0.530807
2023-02-14 10:00,-0.747104,2.29678,0.0312428,0.131044,4.43555,0.535472
2023-02-14 11:00,-1.09283,1.81883,0.0308889,0.129832,4.43555,0.4728
2023-02-14 12:00,-1.17897,1.75828,0.0305343,0.12849,4.43555,0.407922
2023-02-14 13:00,-0.78091,2.61708,0.0301252,0.12704,4.43555,0.469689
2023-02-14 14:00,-0.528276,1.80176,0.0297497,0.125482,4.43555,0.411206
2023-02-14 15:00,-0.225875,1.48192,0.0293503,0.124053,4.43555,0.313822
2023-02-14 16:00,-0.208263,1.41292,0.0289932,0.122581,4.43555,0.216523
2023-02-14 17:00,-0.146184,1.22383,0.0286372,0.121174,4.43555,0.102497
2023-02-14 18:00,-0.133297,1.43359,0.0282559,0.119746,4.43555,0.0292219
2023-02-14 19:00,-0.34669,1.88427,0.0278856,0.118295,4.43555,0.0263305
2023-02-14 20:00,-0.86863,2.03167,0.0275246,0.116845,4.43555,0.0443506
2023-02-14 21:00,-0.737918,1.69589,0.0271672,0.11546,4.43555,0.0135896
2023-02-14 22:00,-0.631576,1.51191,0.0268262,0.11414,4.43555,0.0398373
2023-02-14 23:00,-0.301638,1.38713,0.0264962,0.112927,4.43555,0.105379
2023-02-15 00:00,-0.566931,1.4029,0.0261441,0.111824,4.43555,0.16216
2023-02-15 01:00,-0.82136,1.50314,0.0258173,0.110741,4.43555,0.199239
2023-02-15 02:00,-0.385938,1.07291,0.0254828,0.109681,4.43555,0.292804
2023-02-15 03:00,-0.298806,1.05358,0.0251681,0.108663,4.43555,0.379717
2023-02-15 04:00,-0.363397,1.02673,0.024897,0.107798,4.43555,0.461695
2023-02-15 05:00,-0.367219,1.40261,0.0245708,0.107062,4.43555,0.482886
2023-02-15 06:00,-1.12208,1.50777,0.0242494,0.106456,4.43555,0.487244
2023-02-15 07:00,-0.621485,1.56571,0.0240106,0.105893,4.43555,0.483059
2023-02-15 08:00,1.29445,2.71957,0.0238317,0.105417,4.43555,0.317855
2023-02-15 09:00,0.555737,2.64741,0.0236424,0.104984,4.43555,0.179268
2023-02-15 10:00,-0.612782,1.80562,0.0234803,0.104702,4.43555,0.172315
2023-02-15 11:00,-0.882153,1.35917,0.0233407,0.104529,4.43555,0.22852
2023-02-15 12:00,-0.755438,1.36297,0.0232551,0.104616,4.43555,0.278574
2023-02-15 13:00,-1.12588,1.51867,0.02329,0.104594,4.43555,0.301839
2023-02-15 14:00,-0.466114,1.29093,0.0233211,0.104573,4.43555,0.35464
2023-02-15 15:00,0.183012,1.07299,0.0233518,0.104637,4.43555,0.432653
2023-02-15 16:00,0.108759,1.00348,0.0233849,0.104659,4.43555,0.512591
2023-02-15 17:00,0.0667379,1.00546,0.023407,0.104702,4.43555,0.584258
2023-02-15 18:00,-0.0236031,1.30167,0.0234254,0.104767,4.43555,0.607315
2023-02-15 19:00,-0.28505,1.77385,0.0234376,0.104811,4.43555,0.562003
2023-02-15 20:00,-0.423626,1.83796,0.023384,0.104854,4.43555,0.512251
2023-02-15 21:00,-0.502827,1.45658,0.0233543,0.104919,4.43555,0.520835
2023-02-15 22:00,-0.445692,1.46033,0.0233469,0.104984,4.43555,0.528036
2023-02-15 23:00,-0.351737,1.27292,0.0233433,0.105005,4.43555,0.560737
2023-02-16 00:00,-0.331265,1.28249,0.0233077,0.105027,4.43555,0.588829
2023-02-16 01:00,-0.758362,1.43605,0.023271,0.105049,4.43555,0.592627
2023-02-16 02:00,-0.0544582,1.06049,0.0232387,0.105005,4.43555,0.648591
2023-02-16 03:00,-0.0751236,0.953834,0.0231988,0.104962,4.43555,0.713881
2023-02-16 04:00,-0.379631,0.837238,0.0231656,0.10494,4.43555,0.788955
2023-02-16 05:00,-0.464849,1.03895,0.0231511,0.104897,4.43555,0.8283
2023-02-16 06:00,-0.743092,1.12991,0.0231362,0.104854,4.43555,0.850983
2023-02-16 07:00,-0.536517,1.34663,0.023288,0.105157,4.43555,0.841077
2023-02-16 08:00,1.41397,2.44727,0.0234994,0.10559,4.43555,0.678169
2023-02-16 09:00,0.550194,2.6188,0.0237341,0.106282,4.43555,0.507552
2023-02-16 10:00,-0.501484,1.74406,0.0239556,0.107018,4.43555,0.476383
2023-02-16 11:00,-0.577141,1.31165,0.0241998,0.107754,4.43555,0.50883
2023-02-16 12:00,-0.356006,1.13699,0.0244297,0.108512,4.43555,0.56247
2023-02-16 13:00,-0.902651,1.48397,0.0246861,0.109334,4.43555,0.5622
2023-02-16 14:00,-0.019444,1.17841,0.0249709,0.110114,4.43555,0.604708
2023-02-16 15:00,0.25937,1.01843,0.0252226,0.110958,4.43555,0.665348
2023-02-16 16:00,0.140381,0.850191,0.0254958,0.111802,4.43555,0.743463
2023-02-16 17:00,0.0839322,1.0093,0.0257518,0.112624,4.43555,0.791506
2023-02-16 18:00,-0.0140919,1.15431,0.0260474,0.113534,4.43555,0.814456
2023-02-16 19:00,-0.171346,1.45422,0.0263355,0.114421,4.43555,0.793149
2023-02-16 20:00,-0.639709,1.73415,0.0265431,0.115352,4.43555,0.734807
2023-02-16 21:00,-0.315995,1.41482,0.026792,0.116239,4.43555,0.726978
2023-02-16 22:00,-0.0271636,1.39777,0.0270277,0.117127,4.43555,0.722317
2023-02-16 23:00,0.059486,1.20546,0.0272702,0.117992,4.43555,0.745028
2023-02-17 00:00,-0.331869,1.36751,0.0274719,0.118815,4.43555,0.742796
2023-02-17 01:00,-0.416933,1.31094,0.0276676,0.119681,4.43555,0.748702
2023-02-17 02:00,0.091343,0.860735,0.0278607,0.120547,4.43555,0.817006
2023-02-17 03:00,0.0868848,0.822505,0.0280724,0.121347,4.43555,0.883829
2023-02-17 04:00,-0.198353,0.835054,0.0282881,0.122192,4.43555,0.942214
2023-02-17 05:00,-0.336838,0.788694,0.0284721,0.122884,4.43555,1.00125
2023-02-17 06:00,-0.605153,0.907769,0.028639,0.12336,4.43555,1.03772
2023-02-17 07:00,-0.146833,1.09384,0.0287823,0.123772,4.43555,1.0445
2023-02-17 08:00,1.45161,2.43542,0.0289326,0.123815,4.43555,0.862911
2023-02-17 09:00,0.208859,2.28729,0.0288944,0.123837,4.43555,0.720203
2023-02-17 10:00,-0.499182,1.67276,0.0288921,0.123902,4.43555,0.677746
2023-02-17 11:00,-0.600369,1.25829,0.0289121,0.124075,4.43555,0.697523
2023-02-17 12:00,-0.351758,1.09274,0.0288971,0.124205,4.43555,0.738485
2023-02-17 13:00,-0.726465,1.41906,0.0288877,0.124356,4.43555,0.729695
2023-02-17 14:00,0.127351,1.2322,0.0288864,0.124464,4.43555,0.747928
2023-02-17 15:00,0.508884,1.1599,0.0288841,0.124551,4.43555,0.774453
2023-02-17 16:00,0.465529,1.07748,0.0288984,0.124573,4.43555,0.809857
2023-02-17 17:00,0.628963,1.18849,0.0288958,0.124702,4.43555,0.826189
2023-02-17 18:00,0.238691,1.36527,0.0288811,0.124876,4.43555,0.816154
2023-02-17 19:00,-0.10633,2.04695,0.0288635,0.125005,4.43555,0.711747
2023-02-17 20:00,-0.271737,1.90757,0.028815,0.125157,4.43555,0.637283
2023-02-17 21:00,-0.317967,1.45105,0.02878,0.125308,4.43555,0.634138
2023-02-17 22:00,-0.242191,1.48224,0.028748,0.125438,4.43555,0.626942
2023-02-17 23:00,-0.123229,1.39427,0.0287294,0.125547,4.43555,0.632774
2023-02-18 00:00,-0.546138,1.35586,0.0286759,0.125547,4.35254,0.643397
2023-02-18 01:00,-0.832684,1.39192,0.0286414,0.125547,3.85584,0.647913
2023-02-18 02:00,-0.148445,1.06076,0.028603,0.125482,3.85584,0.69831
2023-02-18 03:00,-0.234664,1.00741,0.0285529,0.125352,3.80735,0.751131
2023-02-18 04:00,-0.393301,0.969633,0.0284912,0.125135,3.59303,0.803957
2023-02-18 05:00,-0.52838,0.929213,0.0284388,0.124962,3.31343,0.857155
2023-02-18 06:00,-0.791112,1.00502,0.0283953,0.124854,2.99352,0.894427
2023-02-18 07:00,-0.974727,1.2173,0.0283495,0.124789,2.99352,0.898271
2023-02-18 08:00,-0.831182,1.45504,0.028309,0.124681,2.99352,0.868467
2023-02-18 09:00,0.53368,1.6987,0.0283066,0.124508,2.99352,0.807553
2023-02-18 10:00,0.16305,1.52999,0.0282991,0.124356,2.99352,0.776335
2023-02-18 11:00,-0.27362,1.39276,0.0283122,0.124183,2.99352,0.76744
2023-02-18 12:00,-0.323152,1.33448,0.02833,0.123988,2.99352,0.767588
2023-02-18 13:00,-0.364007,1.50568,0.0283551,0.123755,2.99352,0.743768
2023-02-18 14:00,0.0288725,1.33409,0.0283767,0.123669,2.99352,0.746338
2023-02-18 15:00,0.483499,1.24727,0.0283737,0.123626,2.99352,0.760798
2023-02-18 16:00,0.515297,1.2967,0.0283666,0.12369,2.99352,0.766896
2023-02-18 17:00,0.394235,1.40552,0.0283567,0.12369,2.99352,0.757159
2023-02-18 18:00,0.405788,1.47686,0.0283425,0.123734,2.99352,0.738415
2023-02-18 19:00,0.527506,1.4524,0.0283935,0.123712,2.99352,0.724966
2023-02-18 20:00,0.724414,1.62528,0.0283896,0.123712,2.99352,0.688676
2023-02-18 21:00,0.172159,1.34323,0.0283945,0.123734,2.99352,0.695476
2023-02-18 22:00,0.432423,1.40128,0.0283818,0.123755,2.99352,0.693474
2023-02-18 23:00,0.162457,1.36224,0.0283981,0.123755,2.99352,0.697135
2023-02-19 00:00,-0.170276,1.30911,0.0284154,0.123777,2.99352,0.707863
2023-02-19 01:00,-0.405908,1.31521,0.0284092,0.123755,2.99352,0.716664
2023-02-19 02:00,-0.0747752,1.02669,0.0284262,0.123734,2.99352,0.764954
2023-02-19 03:00,0.234689,1.04454,0.0284376,0.123712,2.99352,0.805916
2023-02-19 04:00,-0.0935695,1.03952,0.0284566,0.123647,2.99352,0.843486
2023-02-19 05:00,-0.257524,0.952983,0.0284877,0.123517,2.99352,0.889405
2023-02-19 06:00,-0.545544,0.967607,0.0285175,0.12349,2.99352,0.928686
2023-02-19 07:00,-0.708631,1.13006,0.0285339,0.123425,2.99352,0.94131
2023-02-19 08:00,-0.613443,1.24163,0.0285227,0.123404,2.99352,0.937062
2023-02-19 09:00,-0.293506,1.42552,0.0285501,0.12349,2.99352,0.90751
2023-02-19 10:00,-0.131109,1.56264,0.028568,0.12349,2.99352,0.861729
2023-02-19 11:00,-0.623539,1.46535,0.0285541,0.12349,2.99352,0.834138
2023-02-19 12:00,-0.303567,1.40268,0.0285381,0.12336,2.99352,0.818074
2023-02-19 13:00,-0.467908,1.21415,0.0285284,0.123274,2.99352,0.829994
2023-02-19 14:00,-0.121739,1.32247,0.0285684,0.123295,2.99352,0.825566
2023-02-19 15:00,0.323401,1.16489,0.0285841,0.123404,2.99352,0.843629
2023-02-19 16:00,0.165856,1.17482,0.028624,0.123534,2.99352,0.858497
2023-02-19 17:00,-0.0787138,1.21771,0.0286479,0.123642,2.99352,0.865876
2023-02-19 18:00,-0.125545,1.18139,0.0287021,0.123663,2.99352,0.877599
2023-02-19 19:00,-0.0222507,1.38162,0.0287245,0.123685,2.99352,0.860136
2023-02-19 20:00,0.0284294,1.4171,0.0287706,0.12375,2.99352,0.839455
2023-02-19 21:00,0.0953065,1.28982,0.0288155,0.123728,2.99352,0.838649
2023-02-19 22:00,0.261246,1.33775,0.0288256,0.123685,2.99352,0.831218
2023-02-19 23:00,0.234222,1.25559,0.0288473,0.123663,2.99352,0.836026
2023-02-20 00:00,-0.340345,1.24091,0.0288086,0.123663,2.99352,0.842407
2023-02-20 01:00,-0.482362,1.21796,0.0287819,0.123707,2.99352,0.851362
2023-02-20 02:00,0.148001,1.00084,0.0287333,0.12375,2.99352,0.889798
2023-02-20 03:00,-0.132102,1.13246,0.0286941,0.123837,2.99352,0.905975
2023-02-20 04:00,-0.357999,1.17971,0.0286738,0.123864,2.99352,0.913924
2023-02-20 05:00,-0.448496,1.08023,0.0286402,0.12395,2.99352,0.934996
2023-02-20 06:00,-1.00408,1.33506,0.0286306,0.124037,2.99352,0.918307
2023-02-20 07:00,-0.264493,1.56531,0.0286216,0.124145,2.99352,0.871072
2023-02-20 08:00,1.96524,3.46026,0.028592,0.124318,2.43676,0.563435
2023-02-20 09:00,0.421867,3.49264,0.0286203,0.124426,2.43676,0.282031
2023-02-20 10:00,-0.996036,2.49803,0.0286497,0.124491,2.43676,0.167925
2023-02-20 11:00,-1.07549,1.82324,0.0286526,0.124513,2.43676,0.159641
2023-02-20 12:00,-0.996774,1.71644,0.0286704,0.124448,2.43676,0.167127
2023-02-20 13:00,-1.23533,2.03927,0.0286667,0.12434,2.43676,0.128698
2023-02-20 14:00,-0.392953,1.71939,0.0286178,0.12421,2.43676,0.138866
2023-02-20 15:00,0.0609758,1.40872,0.0285766,0.12408,2.43676,0.191484
2023-02-20 16:00,0.074939,1.29663,0.0285259,0.123929,2.43676,0.254523
2023-02-20 17:00,0.132132,1.29803,0.0285054,0.12382,2.43676,0.311062
2023-02-20 18:00,0.0426916,1.28913,0.0284996,0.123712,2.43676,0.363193
2023-02-20 19:00,-0.701184,1.86815,0.0285089,0.123626,2.43676,0.329099
2023-02-20 20:00,-1.00253,2.24558,0.0285326,0.12369,2.43676,0.245607
2023-02-20 21:00,-0.612774,1.73694,0.0285237,0.123734,2.43676,0.241629
2023-02-20 22:00,-0.388884,1.59878,0.0285209,0.12382,2.43676,0.257379
2023-02-20 23:00,-0.248434,1.38468,0.0285086,0.123972,2.43676,0.30151
2023-02-21 00:00,-0.499569,1.34216,0.0285324,0.124102,2.43676,0.347176
2023-02-21 01:00,-0.797707,1.5111,0.0285234,0.12421,2.43676,0.364638
2023-02-21 02:00,2.49352,4.9032,0.0281845,0.124015,2.60721,0.0942407
2023-02-21 03:00,-2.75996,4.14621,0.0278969,0.123582,2.60721,0.40132
2023-02-21 04:00,-0.218717,3.01763,0.0275909,0.122998,2.60721,0.519789
2023-02-21 05:00,-0.457992,2.9057,0.0274767,0.122652,2.60721,0.610751
2023-02-21 06:00,-0.793656,2.69393,0.0274455,0.122219,2.60721,0.662987
2023-02-21 07:00,-0.994716,2.79322,0.02738,0.121851,2.74107,0.723891
2023-02-21 08:00,0.456113,3.43502,0.0273149,0.121569,2.74107,0.8685
2023-02-21 09:00,0.479449,3.02525,0.0272843,0.121418,2.74107,0.941317
2023-02-21 10:00,-0.662956,2.09951,0.0272492,0.121331,2.74107,0.877331
2023-02-21 11:00,-0.817062,1.67485,0.0272115,0.121223,2.74107,0.760328
2023-02-21 12:00,-0.579312,1.39252,0.0272172,0.121136,2.74107,0.615523
2023-02-21 13:00,-1.28049,1.78887,0.0272662,0.121115,2.74107,0.540654
2023-02-21 14:00,-0.447232,1.4505,0.0272979,0.121115,2.74107,0.425928
2023-02-21 15:00,-0.0807885,1.26963,0.0273168,0.121071,2.74107,0.29737
2023-02-21 16:00,-0.158766,1.0811,0.027342,0.121071,2.74107,0.15529
2023-02-21 17:00,-0.173134,1.24,0.0273773,0.121136,2.74107,0.0496498
2023-02-21 18:00,-0.671467,1.438,0.0274168,0.121245,2.74107,0.017723
2023-02-21 19:00,-2.13497,2.9709,0.0274432,0.121331,2.74107,0.136112
2023-02-21 20:00,-0.9086,2.52902,0.0274601,0.121504,2.74107,0.21274
2023-02-21 21:00,-0.687529,2.01655,0.0275244,0.121721,2.74107,0.210004
2023-02-21 22:00,-0.780828,1.40341,0.0275919,0.121894,2.74107,0.121756
2023-02-21 23:00,-0.753637,1.49306,0.027656,0.122175,2.89821,0.0548762
2023-02-22 00:00,-0.737906,1.46457,0.0277459,0.122608,3.08578,0.0093025
2023-02-22 01:00,-0.946049,1.49149,0.0278196,0.123171,3.51778,0.0632969
2023-02-22 02:00,-0.941524,1.61561,0.0278544,0.123712,3.94447,0.094525
2023-02-22 03:00,0.183892,1.32983,0.0279215,0.124383,3.94447,0.162615
2023-02-22 04:00,-0.915066,1.28567,0.0280245,0.124968,3.94447,0.230075
2023-02-22 05:00,-0.79345,1.25245,0.0282,0.125509,3.94447,0.295436
2023-02-22 06:00,-1.09338,1.45541,0.0283989,0.12592,4.30299,0.325864
2023-02-22 07:00,-0.595772,1.40804,0.0285779,0.126353,4.32364,0.359877
2023-02-22 08:00,1.17209,2.38155,0.0287995,0.126721,4.32364,0.254284
2023-02-22 09:00,-0.0861324,2.47469,0.0290345,0.127067,4.32364,0.146218
2023-02-22 10:00,-0.634308,1.7383,0.0292135,0.12724,4.32364,0.151989
2023-02-22 11:00,-0.885068,1.39981,0.0294118,0.127327,4.32364,0.204541
2023-02-22 12:00,-0.731034,1.20872,0.0295789,0.127132,4.32364,0.278575
2023-02-22 13:00,-0.798162,1.30521,0.0295853,0.127089,4.32364,0.331704
2023-02-22 14:00,-0.274907,1.19135,0.0296115,0.127024,4.32364,0.395452
2023-02-22 15:00,0.164318,1.13683,0.0296236,0.127024,4.32364,0.460452
2023-02-22 16:00,0.116277,1.02265,0.0296476,0.127045,4.32364,0.534928
2023-02-22 17:00,-0.0918942,1.17123,0.0296825,0.127067,4.32364,0.581167
2023-02-22 18:00,-0.148148,1.32308,0.0296903,0.127045,4.32364,0.601538
2023-02-22 19:00,-0.0872894,2.16107,0.0296463,0.127089,4.32364,0.502626
2023-02-22 20:00,-0.760654,1.94815,0.0297129,0.127132,4.32364,0.443396
2023-02-22 21:00,-0.577842,1.573,0.0297761,0.127132,4.32364,0.442577
2023-02-22 22:00,-0.579972,1.593,0.0298111,0.127197,4.32364,0.439041
2023-02-22 23:00,-0.379442,1.3108,0.0298316,0.127219,4.32364,0.475343
2023-02-23 00:00,-0.454693,1.38856,0.029855,0.127197,4.32364,0.497134
2023-02-23 01:00,-0.716481,1.34349,0.0298775,0.12724,4.32364,0.523052
2023-02-23 02:00,-0.508093,1.12715,0.0299268,0.127392,4.32364,0.576647
2023-02-23 03:00,-0.150087,0.87232,0.0299837,0.127522,4.32364,0.660536
2023-02-23 04:00,-0.250229,0.956429,0.0300276,0.12763,4.32364,0.724268
2023-02-23 05:00,-0.582322,0.976475,0.0300586,0.127781,4.32364,0.778822
2023-02-23 06:00,-0.919607,1.13899,0.030072,0.127955,4.32364,0.805183
2023-02-23 07:00,-0.279279,1.33755,0.0300728,0.128171,4.32364,0.801127
2023-02-23 08:00,0.887979,2.09224,0.0301187,0.128366,4.32364,0.691886
2023-02-23 09:00,0.648405,2.64622,0.030147,0.128561,4.32364,0.516061
2023-02-23 10:00,-0.625662,1.78261,0.0301789,0.128755,4.32364,0.478647
2023-02-23 11:00,-0.780814,1.30771,0.030242,0.128929,4.32364,0.51142
2023-02-23 12:00,-0.35125,1.19748,0.030341,0.129102,4.32364,0.556338
2023-02-23 13:00,-0.667759,1.24755,0.0303683,0.129297,4.32364,0.589758
2023-02-23 14:00,-0.143779,1.09765,0.030399,0.129448,4.32364,0.640809
2023-02-23 15:00,0.324231,1.08328,0.0304526,0.129578,4.32364,0.688765
2023-02-23 16:00,0.157049,0.986703,0.0305298,0.129686,4.32364,0.745439
2023-02-23 17:00,0.320136,1.15558,0.0305987,0.129773,4.32364,0.772817
2023-02-23 18:00,0.0373777,1.39147,0.0306498,0.129881,4.32364,0.764454
2023-02-23 19:00,0.145336,1.71906,0.0306826,0.129968,4.32364,0.711094
2023-02-23 20:00,-0.434074,1.82265,0.0307359,0.130011,4.32364,0.648576
2023-02-23 21:00,-0.295672,1.5383,0.0307726,0.130011,4.32364,0.632094
2023-02-23 22:00,0.0493745,1.47454,0.0307945,0.130011,4.32364,0.626181
2023-02-23 23:00,-0.0925085,1.21828,0.0308426,0.130011,4.32364,0.656712
2023-02-24 00:00,-0.330716,1.20273,0.0308754,0.130119,4.32364,0.686366
2023-02-24 01:00,-0.585423,1.29235,0.0309423,0.130292,4.32364,0.700515
2023-02-24 02:00,-0.0532156,0.97458,0.0309865,0.130444,4.32364,0.75771
2023-02-24 03:00,0.0186075,0.923786,0.0310575,0.130595,4.32364,0.816292
2023-02-24 04:00,-0.397122,0.89107,0.0311041,0.130682,4.32364,0.873593
2023-02-24 05:00,-0.509787,0.879991,0.0311637,0.130747,4.32364,0.926714
2023-02-24 06:00,-0.693104,1.06379,0.0312203,0.13079,4.32364,0.948807
2023-02-24 07:00,-0.423144,1.18663,0.0312646,0.130725,4.32364,0.951504
2023-02-24 08:00,1.38379,2.41817,0.0312719,0.130639,4.32364,0.781623
2023-02-24 09:00,0.228692,2.46036,0.0312733,0.130595,4.32364,0.622828
2023-02-24 10:00,-0.251248,1.66346,0.0312482,0.130552,4.32364,0.59141
2023-02-24 11:00,-0.583294,1.17123,0.031229,0.130487,4.32364,0.632001
2023-02-24 12:00,-0.20788,1.05023,0.0312204,0.130487,4.32364,0.685463
2023-02-24 13:00,-0.535426,1.35596,0.0312203,0.130444,4.32364,0.690803
2023-02-24 14:00,-0.054619,1.19447,0.0312042,0.130487,4.32364,0.718204
2023-02-24 15:00,0.467157,1.02308,0.0312005,0.130552,4.32364,0.766844
2023-02-24 16:00,0.261239,0.974767,0.031185,0.130682,4.32364,0.81738
2023-02-24 17:00,0.185839,1.10891,0.0312183,0.130833,4.32364,0.844093
2023-02-24 18:00,0.154556,1.39118,0.0312688,0.13105,4.32364,0.828643
2023-02-24 19:00,0.224343,1.75385,0.0312969,0.131223,4.32364,0.763996
2023-02-24 20:00,0.0202019,1.69822,0.0313208,0.131374,4.32364,0.713596
2023-02-24 21:00,0.0816747,1.47507,0.0313033,0.131483,4.32364,0.699458
2023-02-24 22:00,-0.0324699,1.55221,0.0313339,0.131526,4.32364,0.675941
2023-02-24 23:00,-0.0741735,1.3071,0.0313375,0.131548,4.32364,0.689069
2023-02-25 00:00,-0.489089,1.22936,0.0313818,0.131569,4.32364,0.711762
2023-02-25 01:00,-0.753475,1.39424,0.0314166,0.131548,4.32364,0.709117
2023-02-25 02:00,-0.156997,0.865557,0.0314639,0.131591,4.32364,0.780705
2023-02-25 03:00,-0.337093,0.949862,0.0315035,0.131591,4.32364,0.833339
2023-02-25 04:00,-0.565792,0.969797,0.0315544,0.131591,4.32364,0.877921
2023-02-25 05:00,-0.758748,0.964528,0.0316021,0.131569,4.32364,0.918781
2023-02-25 06:00,-0.97099,1.25528,0.0316396,0.131569,4.32364,0.914876
2023-02-25 07:00,-1.36576,1.51515,0.0316844,0.131548,4.32364,0.875002
2023-02-25 08:00,-1.35812,1.67135,0.0316998,0.131526,4.32364,0.817262
2023-02-25 09:00,0.0294926,1.89463,0.0317095,0.131548,4.32364,0.734057
2023-02-25 10:00,-0.547542,1.71639,0.031767,0.131591,4.32364,0.68411
2023-02-25 11:00,-1.05982,1.79295,0.0318023,0.131742,4.32364,0.628445
2023-02-25 12:00,-0.725595,1.54149,0.031828,0.131872,4.32364,0.61353
2023-02-25 13:00,-1.45069,1.8498,0.0318401,0.131959,4.32364,0.556969
2023-02-25 14:00,-0.564651,1.40292,0.0318235,0.132132,4.32364,0.568588
2023-02-25 15:00,-0.395725,1.24915,0.0318448,0.132327,4.32364,0.60056
2023-02-25 16:00,-0.183254,1.03501,0.0319086,0.132522,4.32364,0.659295
2023-02-25 17:00,-0.489985,1.20711,0.0319631,0.132695,4.32364,0.688078
2023-02-25 18:00,-0.331754,1.15575,0.0320438,0.13289,4.32364,0.721169
2023-02-25 19:00,-0.43319,1.58824,0.0320791,0.133128,4.32364,0.69044
2023-02-25 20:00,-0.164892,1.51584,0.0321801,0.133323,4.32364,0.672913
2023-02-25 21:00,-0.467837,1.48865,0.0322305,0.133539,4.32364,0.660943
2023-02-25 22:00,-0.514335,1.41246,0.0322612,0.133799,4.32364,0.66083
2023-02-25 23:00,-0.39471,1.19206,0.032307,0.134037,4.32364,0.691565
2023-02-26 00:00,-0.48651,1.15965,0.0323918,0.134297,4.32364,0.723762
2023-02-26 01:00,-0.968268,1.51159,0.0324678,0.134621,4.32364,0.703497
2023-02-26 02:00,-0.403587,1.08782,0.0325189,0.134924,4.32364,0.74455
2023-02-26 03:00,-0.287703,1.08366,0.0325698,0.135249,4.32364,0.78208
2023-02-26 04:00,-0.586215,1.08144,0.0326162,0.135379,4.32364,0.816167
2023-02-26 05:00,-0.675071,1.05486,0.0326503,0.135487,4.32364,0.850565
2023-02-26 06:00,-0.961067,1.265,0.0326801,0.135465,4.32364,0.852121
2023-02-26 07:00,-1.12753,1.34581,0.0327257,0.1354,4.32364,0.842216
2023-02-26 08:00,-1.29248,1.6104,0.0327998,0.135227,4.32364,0.796282
2023-02-26 09:00,-0.338393,1.73612,0.0328651,0.135141,4.32364,0.737351
2023-02-26 10:00,-0.766773,1.57241,0.0329191,0.135054,4.32364,0.707218
2023-02-26 11:00,-0.816599,1.51182,0.0329588,0.134924,4.32364,0.688577
2023-02-26 12:00,-0.81482,1.44607,0.0330282,0.134729,4.32364,0.680998
2023-02-26 13:00,-0.87893,1.58643,0.0330798,0.134578,4.32364,0.65454
2023-02-26 14:00,-0.551985,1.3587,0.0331132,0.134361,4.32364,0.662589
2023-02-26 15:00,-0.255507,1.17122,0.0331351,0.134232,4.32364,0.696064
2023-02-26 16:00,-0.10357,1.10333,0.0331873,0.134167,4.32364,0.73569
2023-02-26 17:00,-0.28301,1.2747,0.033248,0.134015,4.32364,0.747377
2023-02-26 18:00,-0.498316,1.43751,0.0332845,0.133907,4.32364,0.735116
2023-02-26 19:00,-0.475559,1.69955,0.0333103,0.133755,4.32364,0.687418
2023-02-26 20:00,-0.122967,1.43219,0.0333079,0.133582,4.32364,0.681897
2023-02-26 21:00,-0.530254,1.38488,0.0332889,0.133366,4.32364,0.683548
2023-02-26 22:00,-0.321926,1.24932,0.0333105,0.133149,4.32364,0.703999
2023-02-26 23:00,-0.152477,1.0915,0.0333205,0.132911,4.32364,0.744487
2023-02-27 00:00,-0.466403,1.16299,0.0333456,0.132695,4.32364,0.770924
2023-02-27 01:00,-0.683278,1.21645,0.0333699,0.132522,4.32364,0.787237
2023-02-27 02:00,-0.267444,0.97277,0.0334182,0.132392,4.32364,0.836013
2023-02-27 03:00,-0.342458,1.06324,0.0334532,0.132305,4.32364,0.867254
2023-02-27 04:00,-0.429601,1.08609,0.0334979,0.132224,4.32364,0.892173
2023-02-27 05:00,-0.73516,1.11645,0.0335451,0.132181,4.32364,0.910353
2023-02-27 06:00,-1.13161,1.34586,0.0335813,0.132094,4.32364,0.894618
2023-02-27 07:00,-0.361286,1.64174,0.0336242,0.132094,4.32364,0.839059
2023-02-27 08:00,1.588,3.26857,0.0337019,0.132137,4.32364,0.561442
2023-02-27 09:00,0.0808409,3.57503,0.0337675,0.132267,4.32364,0.26871
2023-02-27 10:00,-0.788392,2.54755,0.0337997,0.132332,4.32364,0.149007
2023-02-27 11:00,-1.30111,2.07382,0.0338992,0.132484,4.32364,0.107556
2023-02-27 12:00,-0.93233,1.73992,0.0339628,0.132679,4.32364,0.116966
2023-02-27 13:00,-1.42269,2.18785,0.0340643,0.132852,4.32364,0.0627638
2023-02-27 14:00,-0.234615,1.83056,0.0342082,0.133003,4.32364,0.0639715
2023-02-27 15:00,-0.122186,1.51225,0.0343088,0.133198,4.32364,0.109594
2023-02-27 16:00,0.00899697,1.42532,0.0344182,0.133328,4.32364,0.162817
2023-02-27 17:00,-0.102871,1.40089,0.0345233,0.133479,4.32364,0.214135
2023-02-27 18:00,-0.20983,1.42112,0.0346053,0.133631,4.32364,0.257492
2023-02-27 19:00,-0.824822,2.26051,0.0346713,0.133804,4.32364,0.179072
2023-02-27 20:00,-1.02962,1.91352,0.0347271,0.133912,4.32364,0.157042
2023-02-27 21:00,-0.926919,1.69432,0.0347742,0.134064,4.32364,0.167884
2023-02-27 22:00,-0.851637,1.58562,0.0349024,0.13415,4.32364,0.19285
2023-02-27 23:00,-0.700936,1.36723,0.0350242,0.134259,4.32364,0.245875
2023-02-28 00:00,-0.607127,1.38302,0.0350763,0.134324,4.32364,0.291389
2023-02-28 01:00,-1.00611,1.61347,0.0351815,0.134302,4.32364,0.300108
2023-02-28 02:00,-0.655142,1.15186,0.0356948,0.134562,4.32364,0.37254
2023-02-28 03:00,-0.361335,1.08067,0.0360933,0.13506,4.32364,0.447689
2023-02-28 04:00,-0.751997,1.13446,0.0364988,0.135579,4.32364,0.507797
2023-02-28 05:00,-0.90523,1.105,0.0369838,0.136315,4.32364,0.566016
2023-02-28 06:00,-1.23001,1.42923,0.0374267,0.137029,4.32364,0.57305
2023-02-28 07:00,-0.838459,1.37467,0.0378856,0.137873,4.32364,0.587014
2023-02-28 08:00,1.07999,2.38001,0.0383335,0.138718,4.32364,0.458923
2023-02-28 09:00,0.866648,3.10198,0.0387241,0.139648,4.32364,0.242628
2023-02-28 10:00,-0.225072,1.88203,0.0391492,0.140687,4.32364,0.218649
2023-02-28 11:00,-0.540904,1.45919,0.039549,0.141726,4.32364,0.256228
2023-02-28 12:00,-0.505855,1.27991,0.0399485,0.142787,4.32364,0.315132
2023-02-28 13:00,-0.760255,1.49585,0.0402984,0.143826,4.32364,0.337932
2023-02-28 14:00,-0.24967,1.26886,0.0406979,0.144778,4.32364,0.390213
2023-02-28 15:00,0.485007,1.13745,0.04111,0.145774,4.32364,0.455649
2023-02-28 16:00,0.262058,1.07364,0.0415496,0.146748,4.32364,0.52347
2023-02-28 17:00,0.454337,1.13898,0.0419616,0.147679,4.32364,0.575369
2023-02-28 18:00,0.0762684,1.20543,0.0423598,0.148566,4.21409,0.61278
2023-02-28 19:00,0.0129397,1.79861,0.0428263,0.149643,4.07743,0.563457
2023-02-28 20:00,-0.517498,1.7386,0.0432558,0.150682,4.07743,0.527461
2023-02-28 21:00,-0.451636,1.45807,0.0436329,0.151656,4.07743,0.534316
2023-02-28 22:00,-0.393559,1.46306,0.044062,0.152608,4.07743,0.539786
2023-02-28 23:00,-0.381733,1.20652,0.0444999,0.153517,4.07743,0.580603
