zone_id,hour_of_day,is_weekend,n_obs,mean_occupancy,mean_utilisation,mean_volume_kwh,mean_point_hours,max_utilisation
102,0,0,129,14.7287,0.490956,54.4286,8.73579,1
102,1,0,129,14.4574,0.481912,53.9357,8.65956,0.766667
102,2,0,129,14.4264,0.480879,54.103,8.6854,0.766667
102,3,0,129,14.4186,0.48062,53.7842,8.62597,0.766667
102,4,0,129,14.4186,0.48062,53.6961,8.6124,0.766667
102,5,0,129,14.4496,0.481654,53.5287,8.58979,0.766667
102,6,0,129,14.4574,0.481912,54.0804,8.68152,0.766667
102,7,0,129,14.2868,0.476227,52.4186,8.31589,0.7
102,8,0,129,13.8682,0.462274,52.3282,8.40956,0.733333
102,9,0,129,14.5736,0.485788,55.0549,8.7978,0.733333
102,10,0,129,14.6279,0.487597,53.8159,8.60788,1
102,11,0,129,13.938,0.464599,53.7707,8.59044,0.733333
102,12,0,129,13.7984,0.459948,54.4738,8.71124,0.733333
102,13,0,129,13.9535,0.465116,54.1776,8.68346,1
102,14,0,129,13.8605,0.462016,53.0449,8.53359,0.8
102,15,0,129,13.6124,0.453747,51.8353,8.36886,0.8
102,16,0,129,13.6202,0.454005,51.4939,8.32364,0.8
102,17,0,129,13.5426,0.451421,50.75,8.22416,0.8
102,18,0,129,13.7519,0.458398,50.6641,8.25258,0.733333
102,19,0,129,14.1008,0.470026,51.7946,8.42765,0.7
102,20,0,129,14.2326,0.474419,51.876,8.4199,0.7
102,21,0,129,14.2171,0.473902,52.7351,8.5491,0.733333
102,22,0,129,14.4651,0.482171,53.8227,8.69832,0.733333
102,23,0,129,14.5736,0.485788,54.1324,8.73643,0.766667
102,0,1,52,15.0769,0.502564,58.597,9.39744,0.766667
102,1,1,52,15.0769,0.502564,58.238,9.34295,0.766667
102,2,1,52,14.8654,0.495513,58.1987,9.33494,0.766667
102,3,1,52,15,0.5,58.4231,9.35737,0.766667
102,4,1,52,15.0385,0.501282,58.6082,9.38301,0.766667
102,5,1,52,15.0962,0.503205,58.5072,9.36218,0.766667
102,6,1,52,14.9808,0.499359,57.9183,9.2516,0.766667
102,7,1,52,14.8269,0.494231,57.5649,9.17628,0.766667
102,8,1,52,14.6731,0.489103,54.6146,8.72756,0.766667
102,9,1,52,14.3654,0.478846,54.0929,8.64583,0.833333
102,10,1,52,14.4615,0.482051,53.6723,8.60577,0.766667
102,11,1,52,13.8462,0.461538,51.8381,8.32372,0.766667
102,12,1,52,13.2885,0.442949,51.2212,8.24199,0.7
102,13,1,52,13.0192,0.433974,51.109,8.23878,0.7
102,14,1,52,13.3269,0.444231,50.7893,8.20513,0.7
102,15,1,52,13.0577,0.435256,49.7236,8.0641,0.7
102,16,1,52,13.1923,0.439744,48.7869,7.93109,0.7
102,17,1,52,13.2308,0.441026,48.9776,7.93109,0.733333
102,18,1,52,13.7308,0.457692,50.004,8.09776,0.733333
102,19,1,52,13.8654,0.462179,52.0681,8.42788,0.7
102,20,1,52,14.25,0.475,53.4423,8.6234,0.7
102,21,1,52,14.4423,0.48141,54.7436,8.8125,0.733333
102,22,1,52,14.9231,0.497436,55.512,8.90545,1
102,23,1,52,14.8654,0.495513,56.9704,9.09776,0.766667
104,0,0,129,1.25969,0.0662995,8.7613,1.26292,0.210526
104,1,0,129,1.39535,0.0734394,9.04393,1.30362,0.210526
104,2,0,129,1.4031,0.0738474,9.11628,1.31525,0.210526
104,3,0,129,1.4186,0.0746634,8.98514,1.29587,0.210526
104,4,0,129,1.36434,0.0718074,8.71609,1.25775,0.210526
104,5,0,129,1.4031,0.0738474,8.54199,1.23643,0.210526
104,6,0,129,1.34109,0.0705834,8.49451,1.22997,0.157895
104,7,0,129,1.28682,0.0677275,8.40859,1.2177,0.157895
104,8,0,129,1.39535,0.0734394,8.75,1.26034,0.210526
104,9,0,129,1.34109,0.0705834,7.99257,1.15439,0.210526
104,10,0,129,1.17442,0.0618115,7.12435,1.03101,0.210526
104,11,0,129,1.10853,0.0583435,6.44606,0.933463,0.210526
104,12,0,129,1.00775,0.0530396,6.05039,0.875969,0.210526
104,13,0,129,0.984496,0.0518156,6.03908,0.871447,0.210526
104,14,0,129,0.968992,0.0509996,5.92151,0.855297,0.210526
104,15,0,129,0.953488,0.0501836,5.71576,0.823643,0.210526
104,16,0,129,0.976744,0.0514076,6.12274,0.878553,0.263158
104,17,0,129,1.05426,0.0554876,6.49128,0.931525,0.210526
104,18,0,129,1.07752,0.0567115,6.83721,0.98062,0.210526
104,19,0,129,1.09302,0.0575275,6.47093,0.928295,0.157895
104,20,0,129,1.05426,0.0554876,7.20801,1.03811,0.157895
104,21,0,129,1.26357,0.0665035,8.15536,1.17442,0.157895
104,22,0,129,1.31783,0.0693594,8.47416,1.21964,0.157895
104,23,0,129,1.37984,0.0726234,8.29328,1.1938,0.210526
104,0,1,52,1.19231,0.062753,7.85817,1.13462,0.210526
104,1,1,52,1.32692,0.0698381,8.25641,1.19071,0.210526
104,2,1,52,1.34615,0.0708502,8.39103,1.20833,0.210526
104,3,1,52,1.34615,0.0708502,8.4359,1.21474,0.210526
104,4,1,52,1.36538,0.0718623,8.41346,1.21154,0.210526
104,5,1,52,1.26923,0.0668016,8.16106,1.17628,0.210526
104,6,1,52,1.25,0.0657895,7.94792,1.15545,0.210526
104,7,1,52,1.23077,0.0647773,7.52163,1.09455,0.210526
104,8,1,52,1.21154,0.0637652,7.42628,1.08173,0.157895
104,9,1,52,1.19231,0.062753,6.7476,0.983974,0.157895
104,10,1,52,1.03846,0.0546559,6.54567,0.955128,0.105263
104,11,1,52,1.11538,0.0587045,7.10657,1.03526,0.157895
104,12,1,52,1.09615,0.0576923,7,1.00962,0.157895
104,13,1,52,1.09615,0.0576923,6.57372,0.948718,0.210526
104,14,1,52,0.980769,0.0516194,5.86699,0.855769,0.210526
104,15,1,52,0.923077,0.048583,5.7492,0.849359,0.157895
104,16,1,52,0.980769,0.0516194,5.8726,0.871795,0.157895
104,17,1,52,1.07692,0.0566802,6.55689,0.971154,0.157895
104,18,1,52,1.07692,0.0566802,6.15304,0.899038,0.157895
104,19,1,52,0.980769,0.0516194,6.51763,0.940705,0.157895
104,20,1,52,1.13462,0.0597166,7.47115,1.07853,0.210526
104,21,1,52,1.23077,0.0647773,7.76282,1.12019,0.210526
104,22,1,52,1.22115,0.0642713,7.45994,1.07532,0.210526
104,23,1,52,1.26923,0.0668016,7.53846,1.08654,0.210526
105,0,0,129,18.5775,0.199758,70.7913,10.6266,0.301075
105,1,0,129,19.1085,0.205468,72.0236,10.8075,0.301075
105,2,0,129,19.2171,0.206635,72.876,10.9322,0.301075
105,3,0,129,19.4341,0.208969,73.1541,10.9683,0.311828
105,4,0,129,19.3953,0.208552,71.499,10.7358,0.311828
105,5,0,129,18.8372,0.202551,67.2326,10.1247,0.301075
105,6,0,129,18.1008,0.194632,64.7726,9.73514,0.290323
105,7,0,129,17.5426,0.18863,58.2859,8.71576,0.27957
105,8,0,129,16.3101,0.175377,52.1089,7.79587,0.258065
105,9,0,129,16.2713,0.17496,52.7758,7.86628,0.333333
105,10,0,129,16.3953,0.176294,54.1053,8.04716,0.354839
105,11,0,129,16.4496,0.176878,55.0753,8.16731,0.247312
105,12,0,129,16.5116,0.177544,55.2742,8.19509,0.268817
105,13,0,129,16.5388,0.177836,53.7707,7.97739,0.268817
105,14,0,129,15.9922,0.17196,52.0207,7.76486,0.27957
105,15,0,129,15.969,0.17171,52.1088,7.77907,0.268817
105,16,0,129,16.0271,0.172335,51.6386,7.73127,0.258065
105,17,0,129,15.7674,0.169542,51.5165,7.72028,0.247312
105,18,0,129,16.1628,0.173793,53.1331,8.02326,0.236559
105,19,0,129,16.4806,0.177211,57.3475,8.6854,0.258065
105,20,0,129,17.3411,0.186463,60.8905,9.24096,0.258065
105,21,0,129,17.6512,0.189797,64.5963,9.78553,0.290323
105,22,0,129,18.3566,0.197383,68.2093,10.3036,0.290323
105,23,0,129,18.8217,0.202384,69.6586,10.4929,0.301075
105,0,1,52,19.7308,0.212159,75.5473,11.5385,0.311828
105,1,1,52,20.1154,0.216294,77.0505,11.734,0.311828
105,2,1,52,20.3654,0.218983,78.262,11.9119,0.311828
105,3,1,52,20.4808,0.220223,79.2941,12.0545,0.311828
105,4,1,52,20.25,0.217742,77.2244,11.7548,0.311828
105,5,1,52,19.7692,0.212572,73.0457,11.1619,0.311828
105,6,1,52,19.0577,0.204921,70.0505,10.7163,0.301075
105,7,1,52,19.0577,0.204921,67.7171,10.3446,0.301075
105,8,1,52,18.3077,0.196857,65.109,9.95833,0.301075
105,9,1,52,18.3462,0.19727,63.4543,9.67949,0.301075
105,10,1,52,18.1154,0.194789,63.8357,9.66667,0.301075
105,11,1,52,18.25,0.196237,63.6282,9.58013,0.311828
105,12,1,52,18.1154,0.194789,64.492,9.66186,0.311828
105,13,1,52,18.3269,0.197064,63.1851,9.48558,0.311828
105,14,1,52,17.5769,0.188999,60.2628,9.06571,0.301075
105,15,1,52,17.6346,0.18962,60.9022,9.16346,0.301075
105,16,1,52,17.7115,0.190447,59.0513,8.88622,0.290323
105,17,1,52,17.1538,0.18445,58.4062,8.84936,0.268817
105,18,1,52,17.3269,0.186311,59.0569,8.98878,0.268817
105,19,1,52,17.8077,0.191481,62.8373,9.57212,0.290323
105,20,1,52,18.2885,0.19665,66.1915,10.0929,0.290323
105,21,1,52,18.7885,0.202026,69.2596,10.5849,0.301075
105,22,1,52,19.1538,0.205955,72.0697,11.0208,0.301075
105,23,1,52,19.9615,0.21464,73.27,11.1635,0.311828
106,0,0,129,49.0969,0.511426,84.095,12.0136,0.75
106,1,0,129,49.6124,0.516796,86.5549,12.365,0.760417
106,2,0,129,49.1163,0.511628,87.8256,12.5465,0.770833
106,3,0,129,49.8682,0.519461,86.4373,12.3482,0.75
106,4,0,129,49.1705,0.512193,84.4748,12.0678,0.760417
106,5,0,129,49.8992,0.519784,84.2532,12.0362,0.770833
106,6,0,129,50.2946,0.523902,83.073,11.8676,0.75
106,7,0,129,47.8217,0.498143,78.8857,11.2694,0.770833
106,8,0,129,48.9535,0.509932,76.991,10.9987,0.75
106,9,0,129,49.3023,0.513566,86.989,12.427,0.75
106,10,0,129,49.5116,0.515746,86.6906,12.3844,0.75
106,11,0,129,51.7054,0.538598,87.9341,12.562,0.78125
106,12,0,129,50.7984,0.529151,90.5433,12.9348,0.78125
106,13,0,129,50.4419,0.525436,89.2681,12.7526,0.78125
106,14,0,129,50.6202,0.527293,86.9348,12.4193,0.770833
106,15,0,129,48.7403,0.507712,82.7519,11.8217,0.770833
106,16,0,129,49.1512,0.511991,82.8876,11.8411,0.729167
106,17,0,129,48.4419,0.504603,81.3773,11.6253,0.739583
106,18,0,129,47.8372,0.498304,72.4012,10.343,0.75
106,19,0,129,46.8295,0.487807,68.5891,9.79845,0.697917
106,20,0,129,47.0853,0.490472,69.896,9.98514,0.729167
106,21,0,129,47.2946,0.492652,72.6363,10.3766,0.729167
106,22,0,129,47.3101,0.492813,76.0052,10.8579,0.75
106,23,0,129,49.1318,0.511789,80.7125,11.5304,0.770833
106,0,1,52,48.6923,0.507212,94.1971,13.4567,0.697917
106,1,1,52,50.4038,0.52504,97.1811,13.883,0.75
106,2,1,52,49.6154,0.516827,98.3702,14.0529,0.604167
106,3,1,52,50.4712,0.525741,96.0817,13.726,0.739583
106,4,1,52,49.7692,0.518429,95.3301,13.6186,0.739583
106,5,1,52,50.7885,0.529046,94.9936,13.5705,0.729167
106,6,1,52,51.4038,0.535457,94.5673,13.5096,0.739583
106,7,1,52,50.5769,0.526843,93.367,13.3381,0.770833
106,8,1,52,49.9808,0.520633,89.9679,12.8526,0.729167
106,9,1,52,49.4615,0.515224,90.0689,12.867,0.739583
106,10,1,52,48.6923,0.507212,86.1875,12.3125,0.760417
106,11,1,52,48.9615,0.510016,87.0401,12.4343,0.729167
106,12,1,52,49.2692,0.513221,85.0881,12.1554,0.739583
106,13,1,52,50.3077,0.524038,82.4519,11.7788,0.760417
106,14,1,52,49.25,0.513021,79.7933,11.399,0.729167
106,15,1,52,48.7692,0.508013,77.9647,11.1378,0.739583
106,16,1,52,48.6538,0.506811,78.3574,11.1939,0.729167
106,17,1,52,47.6346,0.496194,77.5497,11.0785,0.729167
106,18,1,52,48.6731,0.507011,77.6843,11.0978,0.729167
106,19,1,52,48.4423,0.504607,78.9744,11.2821,0.729167
106,20,1,52,47.5192,0.494992,81.1282,11.5897,0.708333
106,21,1,52,48.2115,0.502204,83.5176,11.9311,0.75
106,22,1,52,48.2019,0.502103,87.0064,12.4295,0.739583
106,23,1,52,50.5577,0.526643,87.9936,12.5705,0.739583
107,0,0,129,18.031,0.204898,81.6282,11.4748,0.295455
107,1,0,129,18.7597,0.213178,82.9147,11.761,0.295455
107,2,0,129,18.9612,0.215469,83.9703,11.9205,0.295455
107,3,0,129,18.7984,0.213619,82.3424,11.7907,0.295455
107,4,0,129,18.845,0.214147,82.1292,11.7681,0.295455
107,5,0,129,18.8062,0.213707,82.0636,11.7565,0.295455
107,6,0,129,18.7364,0.212914,81.8672,11.7248,0.306818
107,7,0,129,18.4496,0.209655,75.2516,10.7726,0.295455
107,8,0,129,16.5814,0.188425,66.8618,9.46059,0.284091
107,9,0,129,16.5659,0.188249,68.0417,9.56137,0.272727
107,10,0,129,16.5426,0.187984,66.0652,9.2584,0.272727
107,11,0,129,16.155,0.18358,62.0875,8.63049,0.261364
107,12,0,129,15.4729,0.175828,58.9635,8.22545,0.261364
107,13,0,129,15.2791,0.173626,56.719,7.94315,0.25
107,14,0,129,14.7829,0.167988,53.5494,7.5562,0.238636
107,15,0,129,14.2403,0.161822,51.9096,7.27196,0.238636
107,16,0,129,14.2054,0.161425,53.2584,7.47997,0.238636
107,17,0,129,14.5775,0.165654,54.9163,7.77196,0.25
107,18,0,129,15.1163,0.171776,58.501,8.31202,0.25
107,19,0,129,15.5194,0.176357,63.0484,8.95736,0.272727
107,20,0,129,16.4729,0.187192,69.9202,9.89535,0.295455
107,21,0,129,17.3256,0.196882,74.0953,10.5381,0.306818
107,22,0,129,17.6434,0.200493,76.9574,10.9509,0.306818
107,23,0,129,18.1473,0.206219,78.469,11.2242,0.295455
107,0,1,52,19.5385,0.222028,90.1378,12.8269,0.284091
107,1,1,52,20.0577,0.227928,91.4335,13.008,0.306818
107,2,1,52,19.8846,0.225962,90.7444,12.9824,0.295455
107,3,1,52,20.3462,0.231206,91.6587,13.1154,0.295455
107,4,1,52,20.1154,0.228584,91.653,13.1138,0.295455
107,5,1,52,20.0962,0.228365,91.109,13.0369,0.295455
107,6,1,52,20.0192,0.227491,90.4359,12.9423,0.295455
107,7,1,52,19.8462,0.225524,87.222,12.4792,0.284091
107,8,1,52,19.1538,0.217657,83.7724,11.9375,0.284091
107,9,1,52,18.75,0.213068,81.0721,11.2788,0.284091
107,10,1,52,17.75,0.201705,76.2917,10.2708,0.284091
107,11,1,52,17.1923,0.195367,72.3341,9.54968,0.284091
107,12,1,52,16.3462,0.185752,67.5561,9.08494,0.295455
107,13,1,52,16.3077,0.185315,67.6771,9.14583,0.295455
107,14,1,52,15.9231,0.180944,63.1482,8.86378,0.295455
107,15,1,52,15.8654,0.180288,62.3317,8.87981,0.284091
107,16,1,52,16.0962,0.182911,63.5312,8.98878,0.284091
107,17,1,52,15.9423,0.181163,65.8638,9.16346,0.284091
107,18,1,52,16.3654,0.18597,67.6635,9.53526,0.284091
107,19,1,52,16.8269,0.191215,71.992,10.1058,0.284091
107,20,1,52,17.6731,0.20083,77.8381,10.6651,0.284091
107,21,1,52,18.0385,0.204983,84.1402,11.3542,0.284091
107,22,1,52,18.6635,0.212085,87.5337,11.7628,0.284091
107,23,1,52,19,0.215909,85.2444,11.8141,0.284091
108,0,0,129,13.3023,0.403101,70.5155,10.9354,1
108,1,0,129,13.2713,0.402161,71.2322,11.0368,0.606061
108,2,0,129,13.3178,0.403571,71.7952,11.1189,0.606061
108,3,0,129,13.3488,0.40451,71.1961,11.0317,0.606061
108,4,0,129,13.4109,0.406389,71.1802,11.0362,0.606061
108,5,0,129,13.3178,0.403571,70.5494,10.938,0.606061
108,6,0,129,13.1395,0.398168,68.0691,10.5756,0.575758
108,7,0,129,12.2946,0.372563,59.0614,9.06331,0.575758
108,8,0,129,9.72868,0.294809,43.7658,6.61111,0.575758
108,9,0,129,8.62791,0.261452,40.553,6.08075,0.575758
108,10,0,129,8.45736,0.256284,39.3637,5.91925,1
108,11,0,129,8.18605,0.248062,38.9567,5.86886,0.575758
108,12,0,129,8.09302,0.245243,40.1844,6.06848,0.575758
108,13,0,129,8.70543,0.263801,40.9713,6.20349,1
108,14,0,129,8.42636,0.255344,40.3721,6.11886,0.575758
108,15,0,129,8.3876,0.25417,39.2574,5.96447,0.575758
108,16,0,129,8.45736,0.256284,39.8136,6.073,0.727273
108,17,0,129,8.62791,0.261452,41.6315,6.34625,0.727273
108,18,0,129,8.92248,0.270378,47.1392,7.18669,0.575758
108,19,0,129,10.6357,0.322293,59.0139,9.00711,0.575758
108,20,0,129,12.0853,0.36622,65.6544,10.1182,0.606061
108,21,0,129,12.8915,0.390651,69.3624,10.759,0.575758
108,22,0,129,13.2481,0.401456,71.3453,11.0801,0.636364
108,23,0,129,13.5891,0.411792,72.6883,11.2875,0.606061
108,0,1,52,13.8846,0.420746,75.222,11.6314,0.636364
108,1,1,52,14.1154,0.427739,76.2316,11.766,0.636364
108,2,1,52,14.1538,0.428904,76.0409,11.7244,0.636364
108,3,1,52,14.1154,0.427739,76.2764,11.7612,0.636364
108,4,1,52,14.2885,0.432984,76.2091,11.7612,0.636364
108,5,1,52,14.3462,0.434732,76.5625,11.8125,0.636364
108,6,1,52,13.9615,0.423077,73.4607,11.3526,0.636364
108,7,1,52,13.3269,0.403846,68.7941,10.6346,0.636364
108,8,1,52,12.3654,0.374709,63.0393,9.57853,0.575758
108,9,1,52,11.6154,0.351981,59.1803,8.83814,0.515152
108,10,1,52,10.9423,0.331585,55.3269,8.22276,0.545455
108,11,1,52,10.5,0.318182,53.9022,7.97276,0.545455
108,12,1,52,10.3269,0.312937,53.8854,7.95673,0.515152
108,13,1,52,10.4423,0.316434,53.3638,7.88141,0.484848
108,14,1,52,10.0192,0.303613,51.7372,7.66346,0.424242
108,15,1,52,10.1538,0.307692,50.8341,7.57051,0.424242
108,16,1,52,9.98077,0.302448,51.4231,7.69712,0.454545
108,17,1,52,10.0385,0.304196,52.6627,7.92949,0.454545
108,18,1,52,10.4423,0.316434,55.1362,8.34615,0.515152
108,19,1,52,11.25,0.340909,59.0345,8.99519,0.484848
108,20,1,52,11.5962,0.351399,61.4351,9.38942,0.515152
108,21,1,52,11.7885,0.357226,62.2877,9.54167,0.515152
108,22,1,52,12.5385,0.379953,63.8301,9.80288,1
108,23,1,52,12.3846,0.375291,64.6883,9.96474,0.606061
109,0,0,129,8.95736,0.229676,41.1182,5.87403,0.384615
109,1,0,129,9.05426,0.232161,41.584,5.94057,0.384615
109,2,0,129,9.09302,0.233154,41.7875,5.96964,0.384615
109,3,0,129,9.17054,0.235142,41.4167,5.91667,0.384615
109,4,0,129,9.17054,0.235142,41.6609,5.95155,0.384615
109,5,0,129,9.18605,0.23554,42.0136,6.00194,0.384615
109,6,0,129,9.2093,0.236136,42.1809,6.02584,0.384615
109,7,0,129,8.89147,0.227986,38.7442,5.53488,0.384615
109,8,0,129,8.33333,0.213675,35.3934,5.0562,0.384615
109,9,0,129,8.17829,0.2097,33.0601,4.72287,0.384615
109,10,0,129,7.58527,0.194494,29.4877,4.21253,0.358974
109,11,0,129,7.27132,0.186444,28.9451,4.13501,0.384615
109,12,0,129,7.51938,0.192805,30.8217,4.4031,0.384615
109,13,0,129,7.58527,0.194494,31.0161,4.43088,0.384615
109,14,0,129,7.46512,0.191413,30.885,4.41214,0.384615
109,15,0,129,7.39535,0.189624,30.0801,4.29716,0.384615
109,16,0,129,7.44186,0.190817,30.0439,4.29199,0.461538
109,17,0,129,7.75194,0.198768,32.2326,4.60465,0.461538
109,18,0,129,7.89147,0.202345,35.8863,5.12661,0.358974
109,19,0,129,8.54264,0.219042,39.1466,5.59238,0.384615
109,20,0,129,8.93023,0.22898,40.8062,5.82946,0.384615
109,21,0,129,8.89922,0.228185,40.8514,5.83592,0.384615
109,22,0,129,8.93023,0.22898,41.8282,5.97545,0.384615
109,23,0,129,9.23256,0.236732,42.9134,6.13049,0.384615
109,0,1,52,9.42308,0.241617,43.1218,6.16026,0.358974
109,1,1,52,9.48077,0.243097,43.0881,6.15545,0.358974
109,2,1,52,9.44231,0.24211,42.9199,6.13141,0.358974
109,3,1,52,9.5,0.24359,43.2003,6.17147,0.358974
109,4,1,52,9.46154,0.242604,43.4247,6.20353,0.358974
109,5,1,52,9.40385,0.241124,43.2452,6.17788,0.358974
109,6,1,52,9.38462,0.240631,42.9535,6.13622,0.358974
109,7,1,52,9.36538,0.240138,41.7869,5.96955,0.358974
109,8,1,52,9.13462,0.234221,40.4856,5.78365,0.358974
109,9,1,52,8.88462,0.227811,38.3878,5.48397,0.358974
109,10,1,52,8.48077,0.217456,35.774,5.11058,0.333333
109,11,1,52,8.19231,0.210059,34.2035,4.88622,0.333333
109,12,1,52,8.15385,0.209073,34.9103,4.98718,0.333333
109,13,1,52,8.40385,0.215483,35.2692,5.03846,0.358974
109,14,1,52,8.15385,0.209073,35.5385,5.07692,0.358974
109,15,1,52,8.28846,0.212525,35.3702,5.05288,0.358974
109,16,1,52,8.11538,0.208087,34.9663,4.99519,0.358974
109,17,1,52,8.19231,0.210059,35.875,5.125,0.358974
109,18,1,52,8.40385,0.215483,36.6042,5.22917,0.358974
109,19,1,52,8.5,0.217949,36.1667,5.16667,0.384615
109,20,1,52,8.59615,0.220414,36.8397,5.26282,0.410256
109,21,1,52,8.55769,0.219428,37.0304,5.29006,0.384615
109,22,1,52,8.59615,0.220414,37.1651,5.30929,0.358974
109,23,1,52,8.67308,0.222387,37.0192,5.28846,0.333333
110,0,0,129,10.0116,0.145096,34.0413,4.51421,0.231884
110,1,0,129,10.7907,0.156387,36.1712,4.7823,0.289855
110,2,0,129,10.7752,0.156162,36.4063,4.8301,0.26087
110,3,0,129,10.7829,0.156275,35.7959,4.76744,0.26087
110,4,0,129,10.8605,0.157398,35.7687,4.75129,0.26087
110,5,0,129,10.7054,0.155151,35.4839,4.70672,0.26087
110,6,0,129,10.5504,0.152904,34.3307,4.56589,0.26087
110,7,0,129,10.3566,0.150095,31.5362,4.17636,0.26087
110,8,0,129,10.1395,0.14695,32.9583,4.40633,0.275362
110,9,0,129,10.5426,0.152792,33.978,4.4832,0.463768
110,10,0,129,10.655,0.154421,35.7823,4.67636,0.304348
110,11,0,129,10.6202,0.153915,35.0158,4.6376,0.304348
110,12,0,129,10.7713,0.156106,34.7038,4.62726,0.304348
110,13,0,129,10.9729,0.159027,35.5291,4.71253,0.26087
110,14,0,129,10.5271,0.152567,33.8288,4.52842,0.26087
110,15,0,129,10.5271,0.152567,33.2387,4.4354,0.26087
110,16,0,129,10.4457,0.151387,31.7939,4.27584,0.26087
110,17,0,129,10.1938,0.147736,30.053,4.01292,0.26087
110,18,0,129,10.0853,0.146163,28.7913,3.80103,0.318841
110,19,0,129,9.79845,0.142007,29.2413,3.86305,0.275362
110,20,0,129,9.89147,0.143355,29.1463,3.79845,0.246377
110,21,0,129,9.7907,0.141894,29.499,3.79845,0.246377
110,22,0,129,9.81395,0.142231,29.5013,3.84755,0.289855
110,23,0,129,9.92248,0.143804,29.906,3.90052,0.26087
110,0,1,52,10.4615,0.151616,35.3646,4.70673,0.26087
110,1,1,52,11.0192,0.159699,37.0024,4.99359,0.289855
110,2,1,52,11.2885,0.163601,37.4679,5.07532,0.275362
110,3,1,52,11.3077,0.16388,38.141,5.13301,0.275362
110,4,1,52,11.2115,0.162486,37.6867,5.07692,0.275362
110,5,1,52,11.0769,0.160535,37.5016,5.03846,0.275362
110,6,1,52,11.1731,0.161929,37.2043,4.98558,0.275362
110,7,1,52,11.1154,0.161093,35.6899,4.77724,0.275362
110,8,1,52,10.6731,0.154682,33.9175,4.5609,0.275362
110,9,1,52,10.4615,0.151616,31.2476,4.20032,0.275362
110,10,1,52,10.3269,0.149666,30.8494,4.16186,0.26087
110,11,1,52,10.2692,0.148829,32.1955,4.30769,0.26087
110,12,1,52,10.5962,0.153567,33.3061,4.4391,0.246377
110,13,1,52,10.6346,0.154125,33.5753,4.42147,0.246377
110,14,1,52,10.5962,0.153567,33.8109,4.39423,0.246377
110,15,1,52,10.6154,0.153846,32.5713,4.24519,0.26087
110,16,1,52,10.2308,0.148272,32.7732,4.21314,0.26087
110,17,1,52,10.4038,0.15078,32.4591,4.15064,0.289855
110,18,1,52,10.5192,0.152453,33.0312,4.20673,0.289855
110,19,1,52,10.5,0.152174,32.3638,4.20513,0.246377
110,20,1,52,10.5192,0.152453,34.6747,4.47276,0.275362
110,21,1,52,10.5192,0.152453,35.1627,4.52724,0.26087
110,22,1,52,10.5,0.152174,33.7155,4.45192,0.26087
110,23,1,52,10.6538,0.154404,33.2332,4.41346,0.26087
111,0,0,129,18.5736,0.218513,57.5262,11.582,0.294118
111,1,0,129,18.6279,0.219152,57.6166,11.6098,0.294118
111,2,0,129,18.7287,0.220337,58.1457,11.7048,0.305882
111,3,0,129,18.7907,0.221067,58.0281,11.6848,0.294118
111,4,0,129,18.7907,0.221067,57.8585,11.646,0.294118
111,5,0,129,18.6589,0.219517,57.3272,11.509,0.294118
111,6,0,129,18.4651,0.217237,55.7852,11.0988,0.294118
111,7,0,129,17.3333,0.203922,49.4635,9.60917,0.282353
111,8,0,129,15.8915,0.186959,47.5439,8.81137,0.270588
111,9,0,129,16.2171,0.190789,50.2096,8.91537,0.305882
111,10,0,129,15.6628,0.184268,48.428,8.5814,0.305882
111,11,0,129,16.0698,0.189056,50.897,8.94509,0.341176
111,12,0,129,16.6705,0.196124,54.0352,9.51163,0.305882
111,13,0,129,16.8953,0.198769,54.3698,9.60271,0.294118
111,14,0,129,16.6589,0.195987,53.9606,9.57106,0.282353
111,15,0,129,16.4651,0.193707,52.2897,9.30426,0.282353
111,16,0,129,16.4767,0.193844,52.9318,9.48643,0.270588
111,17,0,129,16.6938,0.196398,53.3501,9.67119,0.294118
111,18,0,129,16.8372,0.198085,51.7584,9.80685,0.282353
111,19,0,129,17.2403,0.202827,52.5746,10.2468,0.294118
111,20,0,129,17.5194,0.20611,53.124,10.5103,0.294118
111,21,0,129,17.9612,0.211309,55.7716,11.0782,0.294118
111,22,0,129,18.4651,0.217237,57.6415,11.4987,0.294118
111,23,0,129,18.6124,0.218969,57.6957,11.5323,0.305882
111,0,1,52,19.25,0.226471,61.9006,12.1314,0.305882
111,1,1,52,19.2308,0.226244,62.3494,12.2115,0.317647
111,2,1,52,19.2885,0.226923,62.0016,12.1939,0.317647
111,3,1,52,19.3462,0.227602,61.9062,12.1571,0.317647
111,4,1,52,19.25,0.226471,61.7548,12.1122,0.317647
111,5,1,52,19.1731,0.225566,61.4575,12.0481,0.317647
111,6,1,52,19.25,0.226471,60.4199,11.8349,0.317647
111,7,1,52,18.6346,0.219231,57.2901,11.1394,0.294118
111,8,1,52,17.8846,0.210407,54.5585,10.5801,0.294118
111,9,1,52,17.6346,0.207466,54.1154,10.2548,0.294118
111,10,1,52,17.2692,0.203167,53.7284,10.0401,0.294118
111,11,1,52,17.4423,0.205204,54.895,10.1026,0.317647
111,12,1,52,17.7692,0.20905,58.5184,10.8205,0.329412
111,13,1,52,18.5385,0.2181,59.9992,11.0721,0.341176
111,14,1,52,18.4231,0.216742,59.3093,10.8846,0.352941
111,15,1,52,18,0.211765,57.9463,10.5657,0.341176
111,16,1,52,17.8846,0.210407,58.9615,10.7612,0.341176
111,17,1,52,18,0.211765,59.9319,11.0833,0.317647
111,18,1,52,18.1346,0.213348,57.4191,10.7917,0.282353
111,19,1,52,18,0.211765,56.4375,10.8125,0.294118
111,20,1,52,17.9615,0.211312,56.8862,11.008,0.294118
111,21,1,52,18.6346,0.219231,58.9335,11.4936,0.305882
111,22,1,52,18.8558,0.221833,59.2364,11.7147,0.305882
111,23,1,52,18.9423,0.222851,59.2532,11.7981,0.294118
115,0,0,129,1.86822,0.0812268,5.48966,0.784238,0.217391
115,1,0,129,1.88372,0.0819009,5.43088,0.77584,0.217391
115,2,0,129,1.85271,0.0805527,5.47158,0.781654,0.217391
115,3,0,129,1.89147,0.082238,5.46705,0.781008,0.217391
115,4,0,129,1.84496,0.0802157,5.41279,0.773256,0.217391
115,5,0,129,1.86047,0.0808898,5.36305,0.76615,0.217391
115,6,0,129,1.84496,0.0802157,5.31783,0.75969,0.217391
115,7,0,129,1.7907,0.0778564,5.22287,0.746124,0.217391
115,8,0,129,1.78295,0.0775194,4.64858,0.664083,0.217391
115,9,0,129,1.78295,0.0775194,5.4354,0.776486,0.26087
115,10,0,129,2.13178,0.0926862,7.4115,1.05879,0.26087
115,11,0,129,2.21705,0.0963937,7.40698,1.05814,0.26087
115,12,0,129,2,0.0869565,6.17248,0.881783,0.26087
115,13,0,129,1.99225,0.0866195,6.06395,0.866279,0.26087
115,14,0,129,1.97674,0.0859454,5.83786,0.833979,0.26087
115,15,0,129,1.89147,0.082238,5.74742,0.821059,0.26087
115,16,0,129,1.97674,0.0859454,5.57106,0.795866,0.478261
115,17,0,129,1.86047,0.0808898,5.74289,0.820413,0.304348
115,18,0,129,2.09302,0.091001,10.604,1.51486,0.391304
115,19,0,129,2.89922,0.126053,13.4076,1.91537,0.304348
115,20,0,129,3.06977,0.133468,13.6202,1.94574,0.347826
115,21,0,129,2.89147,0.125716,9.64083,1.37726,0.304348
115,22,0,129,2.06202,0.0896528,6.4438,0.920543,0.26087
115,23,0,129,1.97674,0.0859454,6.10465,0.872093,0.26087
115,0,1,52,2.03846,0.0886288,5.94551,0.849359,0.173913
115,1,1,52,1.98077,0.0861204,5.6875,0.8125,0.173913
115,2,1,52,1.88462,0.0819398,5.64263,0.80609,0.173913
115,3,1,52,1.88462,0.0819398,5.53045,0.790064,0.173913
115,4,1,52,1.88462,0.0819398,5.5641,0.794872,0.173913
115,5,1,52,1.98077,0.0861204,5.63141,0.804487,0.173913
115,6,1,52,1.96154,0.0852843,5.53045,0.790064,0.173913
115,7,1,52,1.86538,0.0811037,5.31731,0.759615,0.173913
115,8,1,52,1.92308,0.083612,5.08173,0.725962,0.173913
115,9,1,52,1.96154,0.0852843,4.89103,0.698718,0.217391
115,10,1,52,1.90385,0.0827759,6.01282,0.858974,0.217391
115,11,1,52,2.05769,0.0894649,6.57372,0.939103,0.173913
115,12,1,52,2.09615,0.0911371,5.69872,0.814103,0.26087
115,13,1,52,1.92308,0.083612,5.41827,0.774038,0.26087
115,14,1,52,1.90385,0.0827759,5.18269,0.740385,0.217391
115,15,1,52,1.96154,0.0852843,5.77724,0.825321,0.304348
115,16,1,52,2,0.0869565,5.66506,0.809295,0.304348
115,17,1,52,1.84615,0.0802676,5.44071,0.777244,0.217391
115,18,1,52,1.92308,0.083612,6.29327,0.899038,0.173913
115,19,1,52,2.17308,0.0944816,7.47115,1.06731,0.26087
115,20,1,52,2.36538,0.102843,7.88622,1.1266,0.26087
115,21,1,52,2.25,0.0978261,6.78686,0.969551,0.26087
115,22,1,52,2.06731,0.0898829,5.84455,0.834936,0.217391
115,23,1,52,1.94231,0.0844482,5.3734,0.767628,0.217391
123,0,0,129,5.77132,0.206118,18.427,2.63243,0.607143
123,1,0,129,5.65891,0.202104,18.3366,2.61951,0.357143
123,2,0,129,5.65116,0.201827,18.5039,2.64341,0.357143
123,3,0,129,5.63566,0.201274,18.1014,2.58592,0.357143
123,4,0,129,5.65116,0.201827,17.9974,2.57106,0.357143
123,5,0,129,5.64341,0.20155,18.2597,2.60853,0.357143
123,6,0,129,5.58915,0.199612,17.4322,2.49031,0.357143
123,7,0,129,5.41085,0.193245,15.4199,2.20284,0.357143
123,8,0,129,4.89922,0.174972,13.1047,1.87209,0.357143
123,9,0,129,5.31783,0.189922,15.9716,2.28165,0.357143
123,10,0,129,5.2907,0.188953,15.0536,2.15052,0.357143
123,11,0,129,5.20155,0.18577,15.5736,2.22481,0.428571
123,12,0,129,5.5814,0.199336,18.2235,2.60336,0.357143
123,13,0,129,5.84884,0.208887,18.6169,2.65956,0.392857
123,14,0,129,5.76744,0.20598,18.2371,2.6053,0.428571
123,15,0,129,5.62016,0.20072,17.197,2.45672,0.392857
123,16,0,129,5.43411,0.194075,16.4102,2.34432,0.357143
123,17,0,129,5.34884,0.19103,15.8676,2.2668,0.357143
123,18,0,129,5.12403,0.183001,14.2578,2.03682,0.357143
123,19,0,129,5.39535,0.192691,18.3185,2.61693,0.357143
123,20,0,129,6.03101,0.215393,21.3618,3.05168,0.428571
123,21,0,129,6.16279,0.2201,20.9141,2.98773,0.428571
123,22,0,129,5.99225,0.214009,20.1951,2.88501,0.392857
123,23,0,129,5.96124,0.212901,19.2817,2.75452,0.392857
123,0,1,52,6.01923,0.214973,19.9567,2.85096,0.357143
123,1,1,52,5.88462,0.210165,19.5753,2.79647,0.357143
123,2,1,52,6.03846,0.215659,19.9567,2.85096,0.357143
123,3,1,52,6.01923,0.214973,19.8333,2.83333,0.357143
123,4,1,52,5.92308,0.211538,20.0353,2.86218,0.357143
123,5,1,52,6.05769,0.216346,18.9247,2.70353,0.357143
123,6,1,52,5.71154,0.203984,16.8606,2.40865,0.357143
123,7,1,52,5.53846,0.197802,16.1763,2.3109,0.357143
123,8,1,52,5.38462,0.192308,15.7051,2.24359,0.357143
123,9,1,52,5.44231,0.194368,15.7276,2.24679,0.357143
123,10,1,52,5.36538,0.191621,13.9439,1.99199,0.392857
123,11,1,52,5.13462,0.183379,14.6058,2.08654,0.392857
123,12,1,52,5.30769,0.18956,16.0529,2.29327,0.428571
123,13,1,52,5.59615,0.199863,17.141,2.44872,0.428571
123,14,1,52,5.63462,0.201236,16.1314,2.30449,0.428571
123,15,1,52,5.40385,0.192995,15.2003,2.17147,0.428571
123,16,1,52,5.36538,0.191621,15.2452,2.17788,0.428571
123,17,1,52,5.40385,0.192995,14.774,2.11058,0.357143
123,18,1,52,5.48077,0.195742,16.4119,2.34455,0.392857
123,19,1,52,5.78846,0.206731,18.6779,2.66827,0.392857
123,20,1,52,6,0.214286,20.1923,2.88462,0.428571
123,21,1,52,6.25,0.223214,20.5625,2.9375,0.357143
123,22,1,52,6.03846,0.215659,19.867,2.83814,0.357143
123,23,1,52,5.98077,0.213599,19.9455,2.84936,0.357143
124,0,0,129,10.9845,0.196152,66.5633,9.67183,0.339286
124,1,0,129,11.5271,0.205842,67.8046,9.85207,0.339286
124,2,0,129,11.5271,0.205842,67.99,9.87532,0.339286
124,3,0,129,11.5891,0.206949,67.5853,9.81977,0.339286
124,4,0,129,11.6434,0.207918,67.6531,9.83075,0.339286
124,5,0,129,11.5349,0.20598,67.5604,9.80168,0.339286
124,6,0,129,11.4496,0.204457,66.6153,9.66602,0.339286
124,7,0,129,10.8295,0.193383,55.9819,8.12855,0.321429
124,8,0,129,8.89922,0.158915,45.8482,6.677,0.303571
124,9,0,129,7.53488,0.134551,34.7784,5.06266,0.267857
124,10,0,129,6.03876,0.107835,28.199,4.11757,0.232143
124,11,0,129,5.55039,0.0991141,26.9916,3.94509,0.232143
124,12,0,129,5.63566,0.100637,27.0006,3.96705,0.25
124,13,0,129,5.68605,0.101537,26.4037,3.8876,0.232143
124,14,0,129,5.46512,0.0975914,25.323,3.73837,0.214286
124,15,0,129,5.3876,0.0962071,24.5656,3.63953,0.232143
124,16,0,129,5.5814,0.0996678,24.0682,3.56654,0.464286
124,17,0,129,5.34884,0.095515,25.1512,3.74096,0.464286
124,18,0,129,5.83721,0.104236,30.7132,4.56848,0.25
124,19,0,129,6.86047,0.122508,38.6108,5.71705,0.25
124,20,0,129,8.16279,0.145764,48.7513,7.15245,0.303571
124,21,0,129,9.49612,0.169574,55.9231,8.17894,0.303571
124,22,0,129,10.062,0.179679,60.0946,8.76873,0.303571
124,23,0,129,10.8295,0.193383,63.1221,9.18798,0.339286
124,0,1,52,10.8462,0.193681,65.8998,9.67628,0.339286
124,1,1,52,11.7885,0.210508,67.8518,9.95994,0.357143
124,2,1,52,11.7115,0.209135,67.7115,9.92147,0.357143
124,3,1,52,11.8077,0.210852,67.8013,9.92468,0.357143
124,4,1,52,11.7308,0.209478,67.4928,9.88301,0.357143
124,5,1,52,11.7308,0.209478,68.5978,10.0401,0.357143
124,6,1,52,11.7692,0.210165,68.2051,9.98237,0.357143
124,7,1,52,11.8077,0.210852,65.0585,9.52724,0.357143
124,8,1,52,10.7692,0.192308,58.9391,8.65385,0.339286
124,9,1,52,9.84615,0.175824,49.6787,7.34295,0.303571
124,10,1,52,8.17308,0.145948,42.6899,6.30769,0.267857
124,11,1,52,7.67308,0.137019,39.375,5.82853,0.285714
124,12,1,52,7.13462,0.127404,37.3109,5.51282,0.321429
124,13,1,52,7.48077,0.133585,37.2212,5.50321,0.303571
124,14,1,52,7.01923,0.125343,35.9647,5.3109,0.285714
124,15,1,52,7.11538,0.12706,34.8373,5.15224,0.267857
124,16,1,52,7.01923,0.125343,34.9776,5.20673,0.267857
124,17,1,52,7.17308,0.128091,36.8678,5.50801,0.25
124,18,1,52,7.40385,0.132212,39.7284,5.93269,0.25
124,19,1,52,8.13462,0.145261,44.7091,6.65545,0.25
124,20,1,52,8.90385,0.158997,49.4543,7.33494,0.285714
124,21,1,52,9.48077,0.169299,55.2091,8.13301,0.303571
124,22,1,52,10.1346,0.180975,58.6867,8.62821,0.339286
124,23,1,52,10.4615,0.186813,60.8686,8.9359,0.339286
202,0,0,129,7.50388,0.131647,40.6932,5.81331,0.280702
202,1,0,129,7.55814,0.132599,41.1227,5.87468,0.245614
202,2,0,129,7.68217,0.134775,41.2629,5.8947,0.245614
202,3,0,129,7.68217,0.134775,40.9961,5.85659,0.245614
202,4,0,129,7.53488,0.132191,40.3585,5.7655,0.245614
202,5,0,129,7.49612,0.131511,39.9018,5.70026,0.245614
202,6,0,129,7.5814,0.133007,39.6079,5.65827,0.245614
202,7,0,129,7.39535,0.129743,38.1292,5.44703,0.22807
202,8,0,129,7.12403,0.124983,36.1441,5.16344,0.210526
202,9,0,129,6.85271,0.120223,35.3979,5.05685,0.22807
202,10,0,129,6.9845,0.122535,37.0213,5.28876,0.22807
202,11,0,129,7.27132,0.127567,37.6227,5.37468,0.22807
202,12,0,129,7.24806,0.127159,38.1563,5.4509,0.22807
202,13,0,129,7.26744,0.127499,37.8714,5.41021,0.263158
202,14,0,129,7.10853,0.124711,36.8269,5.26098,0.263158
202,15,0,129,7.08527,0.124303,36.0807,5.15439,0.263158
202,16,0,129,7.07752,0.124167,36.3295,5.18992,0.333333
202,17,0,129,7.08527,0.124303,36.6098,5.22997,0.263158
202,18,0,129,7.28682,0.127839,40.259,5.75129,0.245614
202,19,0,129,7.77519,0.136407,42.4884,6.06977,0.280702
202,20,0,129,7.75194,0.135999,41.7242,5.96059,0.280702
202,21,0,129,7.6124,0.133551,40.8559,5.83656,0.280702
202,22,0,129,7.65891,0.134367,40.4128,5.77326,0.263158
202,23,0,129,7.57364,0.132871,40.4716,5.78165,0.245614
202,0,1,52,7.19231,0.126181,37.0304,5.29006,0.22807
202,1,1,52,7.42308,0.130229,38.1074,5.44391,0.22807
202,2,1,52,7.46154,0.130904,38.6907,5.52724,0.22807
202,3,1,52,7.51923,0.131916,38.3766,5.48237,0.22807
202,4,1,52,7.48077,0.131242,37.8494,5.40705,0.22807
202,5,1,52,7.42308,0.130229,36.7276,5.24679,0.245614
202,6,1,52,7.25,0.127193,36.0433,5.14904,0.22807
202,7,1,52,7.09615,0.124494,35.6843,5.09776,0.22807
202,8,1,52,7.19231,0.126181,35.516,5.07372,0.210526
202,9,1,52,7.03846,0.123482,33.5529,4.79327,0.192982
202,10,1,52,6.48077,0.113698,30.9952,4.42788,0.192982
202,11,1,52,6.36538,0.111673,30.726,4.38942,0.192982
202,12,1,52,6.63462,0.116397,31.6234,4.51763,0.210526
202,13,1,52,6.63462,0.116397,31.399,4.48558,0.192982
202,14,1,52,6.46154,0.11336,30.5801,4.36859,0.192982
202,15,1,52,6.53846,0.11471,30.4231,4.34615,0.192982
202,16,1,52,6.40385,0.112348,31.1747,4.45353,0.210526
202,17,1,52,6.30769,0.110661,31.5561,4.50801,0.210526
202,18,1,52,6.84615,0.120108,33.9231,4.84615,0.210526
202,19,1,52,6.78846,0.119096,33.9679,4.85256,0.210526
202,20,1,52,7.01923,0.123144,34.5962,4.94231,0.210526
202,21,1,52,6.90385,0.12112,34.0577,4.86538,0.210526
202,22,1,52,6.89423,0.120951,33.3622,4.76603,0.210526
202,23,1,52,6.67308,0.117072,33.7772,4.82532,0.210526
204,0,0,129,8.18217,0.143547,35.5291,5.07558,0.298246
204,1,0,129,8.25581,0.144839,35.3482,5.04974,0.298246
204,2,0,129,8.10078,0.142119,35.3301,5.04716,0.298246
204,3,0,129,8.20155,0.143887,35.2894,5.04134,0.298246
204,4,0,129,8.16279,0.143207,35.3256,5.04651,0.298246
204,5,0,129,8.21705,0.144159,34.9864,4.99806,0.298246
204,6,0,129,8.25581,0.144839,35.3844,5.05491,0.298246
204,7,0,129,8.4186,0.147695,38.6266,5.51809,0.298246
204,8,0,129,9.18605,0.161159,46.3004,6.61434,0.280702
204,9,0,129,10.4574,0.183463,50.7771,7.25388,0.298246
204,10,0,129,10.624,0.186387,50.1667,7.16667,0.263158
204,11,0,129,10.7364,0.188358,52.0795,7.43992,0.315789
204,12,0,129,10.9922,0.192846,52.6944,7.52778,0.368421
204,13,0,129,10.6008,0.185979,54.3947,7.77067,0.307018
204,14,0,129,10.9922,0.192846,54.77,7.82429,0.298246
204,15,0,129,10.9612,0.192302,53.1783,7.5969,0.280702
204,16,0,129,10.6357,0.186591,50.9218,7.27455,0.298246
204,17,0,129,10.3372,0.181355,48.1725,6.88178,0.280702
204,18,0,129,9.68217,0.169863,44.3107,6.3301,0.298246
204,19,0,129,9.4031,0.164967,43.5872,6.22674,0.298246
204,20,0,129,9.33333,0.163743,40.666,5.80943,0.298246
204,21,0,129,8.66667,0.152047,37.0891,5.29845,0.280702
204,22,0,129,8.56589,0.150279,36.4425,5.20607,0.280702
204,23,0,129,8.39535,0.147287,35.6014,5.08592,0.280702
204,0,1,52,7.88462,0.138327,35.7853,5.11218,0.280702
204,1,1,52,8,0.140351,35.8413,5.12019,0.280702
204,2,1,52,8.03846,0.141026,35.9647,5.13782,0.280702
204,3,1,52,8.03846,0.141026,35.9647,5.13782,0.280702
204,4,1,52,7.92308,0.139001,35.7292,5.10417,0.280702
204,5,1,52,7.88462,0.138327,35.9311,5.13301,0.280702
204,6,1,52,7.92308,0.139001,35.8301,5.11859,0.280702
204,7,1,52,8.03846,0.141026,35.2804,5.04006,0.280702
204,8,1,52,7.88462,0.138327,35.2019,5.02885,0.298246
204,9,1,52,7.78846,0.13664,36.0657,5.15224,0.280702
204,10,1,52,8.23077,0.144399,35.4824,5.06891,0.298246
204,11,1,52,8.25,0.144737,36.5817,5.22596,0.280702
204,12,1,52,8.30769,0.145749,37.7933,5.39904,0.280702
204,13,1,52,8.75,0.153509,41.6635,5.95192,0.280702
204,14,1,52,8.92308,0.156545,41.4952,5.92788,0.280702
204,15,1,52,8.94231,0.156883,40.5641,5.79487,0.298246
204,16,1,52,8.78846,0.154184,39.1058,5.58654,0.280702
204,17,1,52,8.38462,0.147099,37.524,5.36058,0.280702
204,18,1,52,8.23077,0.144399,36.2003,5.17147,0.263158
204,19,1,52,8.19231,0.143725,36.1554,5.16506,0.298246
204,20,1,52,8.03846,0.141026,35.2131,5.03045,0.280702
204,21,1,52,7.90385,0.138664,35.0561,5.00801,0.280702
204,22,1,52,7.81731,0.137146,35.6058,5.08654,0.280702
204,23,1,52,8.03846,0.141026,36.2228,5.17468,0.298246
205,0,0,129,4.97674,0.110594,22.334,3.19057,0.222222
205,1,0,129,4.99225,0.110939,22.1983,3.17119,0.222222
205,2,0,129,5.03101,0.1118,22.2933,3.18475,0.222222
205,3,0,129,5.03101,0.1118,21.9632,3.1376,0.222222
205,4,0,129,4.93023,0.109561,21.8004,3.11434,0.222222
205,5,0,129,5.02326,0.111628,22.022,3.14599,0.222222
205,6,0,129,4.96899,0.110422,22.0084,3.14406,0.222222
205,7,0,129,4.92248,0.109388,21.2487,3.03553,0.222222
205,8,0,129,4.56589,0.101464,17.6673,2.5239,0.2
205,9,0,129,4.2093,0.0935401,16.7629,2.3947,0.177778
205,10,0,129,4.25969,0.0946598,16.4147,2.34496,0.177778
205,11,0,129,4.04651,0.0899225,15.5239,2.2177,0.177778
205,12,0,129,4.03101,0.089578,16.1389,2.30556,0.177778
205,13,0,129,4.33333,0.0962963,17.6764,2.52519,0.2
205,14,0,129,4.35659,0.0968131,18.3501,2.62145,0.2
205,15,0,129,4.55039,0.10112,19.1053,2.72933,0.2
205,16,0,129,4.52713,0.100603,19.363,2.76615,0.177778
205,17,0,129,4.82171,0.107149,21.095,3.01357,0.2
205,18,0,129,4.92248,0.109388,22.0355,3.14793,0.222222
205,19,0,129,4.96124,0.11025,22.438,3.20543,0.244444
205,20,0,129,5.15504,0.114556,22.9761,3.2823,0.222222
205,21,0,129,5.06977,0.112662,22.6686,3.23837,0.222222
205,22,0,129,5,0.111111,22.4787,3.21124,0.244444
205,23,0,129,5,0.111111,21.8592,3.12274,0.244444
205,0,1,52,4.82692,0.107265,20.5625,2.9375,0.177778
205,1,1,52,4.73077,0.105128,20.1699,2.88141,0.177778
205,2,1,52,4.88462,0.108547,20.3045,2.90064,0.177778
205,3,1,52,4.65385,0.103419,20.3157,2.90224,0.177778
205,4,1,52,4.73077,0.105128,20.3157,2.90224,0.177778
205,5,1,52,4.75,0.105556,20.2147,2.88782,0.177778
205,6,1,52,4.73077,0.105128,20.1699,2.88141,0.177778
205,7,1,52,4.61538,0.102564,19.4968,2.78526,0.177778
205,8,1,52,4.51923,0.100427,18.5994,2.65705,0.177778
205,9,1,52,4.51923,0.100427,18.476,2.63942,0.177778
205,10,1,52,4.51923,0.100427,18.3077,2.61538,0.177778
205,11,1,52,4.36538,0.0970086,17.9487,2.5641,0.177778
205,12,1,52,4.44231,0.098718,17.758,2.53686,0.155556
205,13,1,52,4.36538,0.0970086,17.9599,2.56571,0.177778
205,14,1,52,4.57692,0.101709,18.5657,2.65224,0.155556
205,15,1,52,4.65385,0.103419,19.4968,2.78526,0.177778
205,16,1,52,4.61538,0.102564,20.4167,2.91667,0.177778
205,17,1,52,4.94231,0.109829,21.4487,3.0641,0.177778
205,18,1,52,5.01923,0.111538,21.9984,3.14263,0.2
205,19,1,52,5.03846,0.111966,22.1106,3.15865,0.177778
205,20,1,52,4.98077,0.110684,21.516,3.07372,0.2
205,21,1,52,4.98077,0.110684,21.5385,3.07692,0.2
205,22,1,52,5.08654,0.113034,21.5833,3.08333,0.2
205,23,1,52,5.05769,0.112393,21.0673,3.00962,0.2
206,0,0,129,15.4341,0.121528,55.5207,9.36693,0.275591
206,1,0,129,15.845,0.124763,54.8356,9.25711,0.314961
206,2,0,129,15.5194,0.1222,54.6796,9.2345,0.228346
206,3,0,129,15.4264,0.121467,54.6683,9.22674,0.228346
206,4,0,129,15.3953,0.121223,54.5891,9.20801,0.228346
206,5,0,129,15.3566,0.120918,55.012,9.27196,0.228346
206,6,0,129,15.6589,0.123299,55.7264,9.38889,0.228346
206,7,0,129,15.9845,0.125862,60.375,10.0788,0.228346
206,8,0,129,18.3178,0.144235,101.911,16.6292,0.23622
206,9,0,129,30.062,0.236709,163.412,26.5355,0.440945
206,10,0,129,36.6395,0.2885,192.997,31.2913,0.440945
206,11,0,129,38.907,0.306354,200.149,32.5291,0.551181
206,12,0,129,38.6124,0.304035,194.906,31.8243,0.519685
206,13,0,129,37.6124,0.296161,189.253,30.9477,0.519685
206,14,0,129,36.6822,0.288836,186.567,30.4742,0.488189
206,15,0,129,36.3566,0.286272,177.998,29.0478,0.409449
206,16,0,129,35.1628,0.276872,168.938,27.5691,0.519685
206,17,0,129,33.4186,0.263139,152.725,24.6796,0.440945
206,18,0,129,28.3798,0.223463,115.197,18.7158,0.346457
206,19,0,129,22.0078,0.173289,84.9677,14.0065,0.275591
206,20,0,129,18.8527,0.148447,68.4761,11.4005,0.244094
206,21,0,129,16.2403,0.127876,57.0378,9.62338,0.244094
206,22,0,129,15.4884,0.121956,54.5959,9.23837,0.212598
206,23,0,129,15.4109,0.121345,54.2817,9.14083,0.220472
206,0,1,52,15.4038,0.12129,54.3454,8.8125,0.251969
206,1,1,52,15.4808,0.121896,55.0745,8.90705,0.212598
206,2,1,52,15.3077,0.120533,54.5585,8.86378,0.212598
206,3,1,52,15.3654,0.120987,54.9455,8.91026,0.212598
206,4,1,52,15.3077,0.120533,55.1138,8.91186,0.212598
206,5,1,52,15.4808,0.121896,55.6971,9.02724,0.220472
206,6,1,52,15.7115,0.123713,55.3718,8.97596,0.220472
206,7,1,52,15.3269,0.120684,55.7196,9.04006,0.220472
206,8,1,52,16.0769,0.12659,62.1194,10.1186,0.220472
206,9,1,52,17.6346,0.138855,74.2123,12.0561,0.354331
206,10,1,52,19.5385,0.153846,80.3542,13.0465,0.433071
206,11,1,52,20.3269,0.160055,83.2091,13.5481,0.464567
206,12,1,52,19.9038,0.156723,83.4223,13.6763,0.440945
206,13,1,52,20.2692,0.1596,84.387,13.8077,0.440945
206,14,1,52,20.5962,0.162174,84.2188,13.7644,0.448819
206,15,1,52,19.7115,0.155209,82.3285,13.4856,0.417323
206,16,1,52,19.4615,0.15324,79.1426,13.0625,0.425197
206,17,1,52,18.4808,0.145518,72.7372,11.9696,0.417323
206,18,1,52,18.0385,0.142035,64.7668,10.6971,0.330709
206,19,1,52,15.9808,0.125833,58.726,9.75,0.23622
206,20,1,52,15.9423,0.12553,56.7853,9.44231,0.204724
206,21,1,52,15.4808,0.121896,54.637,8.9984,0.204724
206,22,1,52,15.4327,0.121517,56.101,9.20673,0.212598
206,23,1,52,15.7308,0.123864,57.0769,9.375,0.23622
208,0,0,129,3.97674,0.305903,22.6822,3.24031,1
208,1,0,129,3.69767,0.284436,22.2571,3.17959,0.615385
208,2,0,129,3.70543,0.285033,22.5329,3.21899,0.615385
208,3,0,129,3.64341,0.280262,22.3837,3.19767,0.538462
208,4,0,129,3.69767,0.284436,22.3882,3.19832,0.538462
208,5,0,129,3.68217,0.283244,22.2616,3.18023,0.538462
208,6,0,129,3.68992,0.28384,22.1802,3.1686,0.538462
208,7,0,129,3.33333,0.25641,18.834,2.69057,0.538462
208,8,0,129,3.08527,0.237329,20.4574,2.92248,0.538462
208,9,0,129,4.37209,0.336315,29.5103,4.21576,0.692308
208,10,0,129,5.02326,0.386404,30.6544,4.3792,1
208,11,0,129,4.89147,0.376267,29.3159,4.18798,0.692308
208,12,0,129,4.55814,0.350626,28.1311,4.01873,0.692308
208,13,0,129,4.46512,0.34347,26.8605,3.83721,1
208,14,0,129,4.14729,0.319022,25.0562,3.57946,0.692308
208,15,0,129,3.94574,0.303518,24.0388,3.43411,0.692308
208,16,0,129,3.9845,0.3065,24.2875,3.46964,0.769231
208,17,0,129,4,0.307692,23.1796,3.31137,0.769231
208,18,0,129,3.34109,0.257007,19.3269,2.76098,0.692308
208,19,0,129,3.17829,0.244484,20.1047,2.87209,0.692308
208,20,0,129,3.51938,0.270722,21.9858,3.14083,0.692308
208,21,0,129,3.69767,0.284437,23.1615,3.30879,0.692308
208,22,0,129,3.92248,0.301729,24.1609,3.45155,0.692308
208,23,0,129,3.96124,0.304711,24.2151,3.4593,0.692308
208,0,1,52,4.26923,0.328402,26.4744,3.78205,0.615385
208,1,1,52,4.25,0.326923,26.2051,3.74359,0.615385
208,2,1,52,4.34615,0.33432,26.0256,3.71795,0.615385
208,3,1,52,4.23077,0.325444,26.2724,3.75321,0.615385
208,4,1,52,4.34615,0.33432,26.3958,3.77083,0.615385
208,5,1,52,4.19231,0.322485,26.3061,3.75801,0.615385
208,6,1,52,4.23077,0.325444,26.2276,3.74679,0.615385
208,7,1,52,4.15385,0.319527,25.5994,3.65705,0.615385
208,8,1,52,4.13462,0.318047,25.2516,3.60737,0.615385
208,9,1,52,4.21154,0.323965,26.9343,3.84776,0.538462
208,10,1,52,4.26923,0.328402,26.0705,3.72436,0.538462
208,11,1,52,4.13462,0.318047,25.1731,3.59615,0.538462
208,12,1,52,4.17308,0.321006,26.4519,3.77885,0.615385
208,13,1,52,4.34615,0.33432,26.7997,3.82853,0.615385
208,14,1,52,4.15385,0.319527,25.0048,3.57212,0.615385
208,15,1,52,4.05769,0.31213,23.9054,3.41506,0.538462
208,16,1,52,3.92308,0.301775,23.9503,3.42147,0.538462
208,17,1,52,4,0.307692,22.8397,3.26282,0.692308
208,18,1,52,3.48077,0.267751,20.7981,2.97115,0.615385
208,19,1,52,3.61538,0.278107,22.2115,3.17308,0.615385
208,20,1,52,3.69231,0.284024,22.234,3.17628,0.538462
208,21,1,52,3.75,0.288462,23.1314,3.30449,0.538462
208,22,1,52,4,0.307692,22.9631,3.28045,1
208,23,1,52,3.84615,0.295858,23.4567,3.35096,0.538462
212,0,0,129,1.78295,0.066035,10.1202,1.44574,0.185185
212,1,0,129,1.78295,0.066035,10.1473,1.44961,0.185185
212,2,0,129,1.7907,0.0663221,10.1518,1.45026,0.185185
212,3,0,129,1.78295,0.066035,10.1021,1.44315,0.185185
212,4,0,129,1.77519,0.0657479,9.83979,1.40568,0.185185
212,5,0,129,1.74419,0.0645995,9.78553,1.39793,0.185185
212,6,0,129,1.76744,0.0654608,10.1202,1.44574,0.185185
212,7,0,129,1.72868,0.0640253,9.13889,1.30556,0.185185
212,8,0,129,1.49612,0.055412,10.1382,1.44832,0.222222
212,9,0,129,2.06202,0.0763709,12.6027,1.80039,0.222222
212,10,0,129,2.18605,0.0809647,13.3805,1.9115,0.222222
212,11,0,129,2.24031,0.0829744,13.6654,1.9522,0.222222
212,12,0,129,2.49612,0.092449,14.0136,2.00194,0.333333
212,13,0,129,2.32558,0.0861326,13.2132,1.8876,0.222222
212,14,0,129,2.20155,0.0815389,12.7519,1.82171,0.185185
212,15,0,129,2.12403,0.0786678,12.2545,1.75065,0.222222
212,16,0,129,2.08527,0.0772323,12.1324,1.7332,0.185185
212,17,0,129,1.96512,0.0727821,10.708,1.52972,0.222222
212,18,0,129,1.75194,0.0648866,9.36047,1.33721,0.185185
212,19,0,129,1.70543,0.0631639,9.77649,1.39664,0.185185
212,20,0,129,1.75194,0.0648866,9.83979,1.40568,0.222222
212,21,0,129,1.76744,0.0654608,10.093,1.44186,0.185185
212,22,0,129,1.83721,0.0680448,10.3508,1.47868,0.185185
212,23,0,129,1.77519,0.0657479,10.1744,1.45349,0.185185
212,0,1,52,1.51923,0.0562678,8.81731,1.25962,0.148148
212,1,1,52,1.59615,0.0591168,9.09776,1.29968,0.185185
212,2,1,52,1.53846,0.0569801,8.95192,1.27885,0.185185
212,3,1,52,1.57692,0.0584046,9.03045,1.29006,0.148148
212,4,1,52,1.57692,0.0584046,8.86218,1.26603,0.148148
212,5,1,52,1.59615,0.0591168,8.97436,1.28205,0.148148
212,6,1,52,1.55769,0.0576923,9.27724,1.32532,0.148148
212,7,1,52,1.69231,0.0626781,9.73718,1.39103,0.148148
212,8,1,52,1.76923,0.0655271,11.1506,1.59295,0.148148
212,9,1,52,1.88462,0.0698006,11.0609,1.58013,0.148148
212,10,1,52,1.98077,0.0733618,11.8237,1.6891,0.185185
212,11,1,52,2.07692,0.0769231,11.6554,1.66506,0.185185
212,12,1,52,2,0.0740741,10.8926,1.55609,0.185185
212,13,1,52,1.82692,0.0676638,10.9038,1.55769,0.185185
212,14,1,52,1.90385,0.0705128,10.8029,1.54327,0.185185
212,15,1,52,1.90385,0.0705128,10.8029,1.54327,0.185185
212,16,1,52,1.90385,0.0705128,10.5,1.5,0.185185
212,17,1,52,1.65385,0.0612536,9.42308,1.34615,0.148148
212,18,1,52,1.78846,0.0662393,9.73718,1.39103,0.185185
212,19,1,52,1.65385,0.0612536,9.00801,1.28686,0.185185
212,20,1,52,1.57692,0.0584046,9.03045,1.29006,0.185185
212,21,1,52,1.57692,0.0584046,8.40224,1.20032,0.148148
212,22,1,52,1.47115,0.0544872,8.02083,1.14583,0.185185
212,23,1,52,1.53846,0.0569801,8.34615,1.19231,0.185185
213,0,0,129,12.4729,0.168552,60.072,8.64729,0.297297
213,1,0,129,12.5736,0.169914,59.708,8.59561,0.297297
213,2,0,129,12.5736,0.169914,59.9364,8.62209,0.297297
213,3,0,129,12.5659,0.169809,59.2219,8.52003,0.297297
213,4,0,129,12.4109,0.167714,58.5526,8.42054,0.297297
213,5,0,129,12.3411,0.166771,58.8127,8.46189,0.297297
213,6,0,129,12.2016,0.164886,57.7523,8.31072,0.297297
213,7,0,129,12.1783,0.164572,56.728,8.16408,0.297297
213,8,0,129,11.907,0.160905,60.3343,8.67377,0.283784
213,9,0,129,12.8605,0.17379,63.3776,9.10594,0.27027
213,10,0,129,13.1008,0.177038,62.948,9.04393,0.297297
213,11,0,129,13.031,0.176095,63.0497,9.0491,0.297297
213,12,0,129,13.0581,0.176461,63.3821,9.09755,0.283784
213,13,0,129,13.1085,0.177142,63.1017,9.05943,0.297297
213,14,0,129,12.907,0.174419,62.9661,9.0407,0.310811
213,15,0,129,12.8682,0.173895,61.8085,8.87984,0.324324
213,16,0,129,12.6357,0.170752,60.5581,8.69315,0.310811
213,17,0,129,12.5233,0.169233,58.4939,8.40633,0.310811
213,18,0,129,12.2946,0.166143,57.7048,8.29974,0.27027
213,19,0,129,12.2636,0.165724,58.5526,8.43152,0.297297
213,20,0,129,12.5659,0.169809,59.4729,8.56718,0.310811
213,21,0,129,12.5349,0.16939,58.8217,8.46576,0.310811
213,22,0,129,12.3953,0.167505,59.0365,8.48966,0.324324
213,23,0,129,12.3643,0.167086,58.8104,8.45478,0.337838
213,0,1,52,13.1346,0.177495,65.008,9.34776,0.337838
213,1,1,52,13.4615,0.181913,67.2236,9.66186,0.351351
213,2,1,52,13.5,0.182432,66.629,9.57853,0.337838
213,3,1,52,13.6538,0.184511,66.9431,9.6234,0.337838
213,4,1,52,13.3654,0.180613,65.0304,9.34776,0.364865
213,5,1,52,13.25,0.179054,64.1947,9.22917,0.324324
213,6,1,52,13.0577,0.176455,62.8822,9.04167,0.310811
213,7,1,52,12.9231,0.174636,61.7268,8.8766,0.310811
213,8,1,52,12.6923,0.171518,60.5601,8.71154,0.310811
213,9,1,52,12.75,0.172297,59.9992,8.62981,0.297297
213,10,1,52,12.25,0.165541,58.7316,8.45032,0.310811
213,11,1,52,12.5192,0.169179,60.1058,8.64583,0.297297
213,12,1,52,13.0769,0.176715,63.8189,9.17628,0.27027
213,13,1,52,13.3846,0.180873,66.8982,9.61859,0.297297
213,14,1,52,13.7885,0.186331,68.2893,9.83013,0.310811
213,15,1,52,13.9615,0.188669,67.8686,9.77724,0.351351
213,16,1,52,13.6154,0.183992,65.8269,9.4984,0.324324
213,17,1,52,13.0962,0.176975,61.4239,8.87179,0.283784
213,18,1,52,12.3269,0.16658,61.0649,8.81571,0.324324
213,19,1,52,13.2308,0.178794,63.3253,9.14744,0.337838
213,20,1,52,13.25,0.179054,64.3237,9.29487,0.337838
213,21,1,52,13.6154,0.183992,66.6178,9.62019,0.351351
213,22,1,52,13.7115,0.185291,68.351,9.86378,0.351351
213,23,1,52,14.0385,0.189709,67.734,9.76603,0.337838
214,0,0,129,1.31783,0.146425,3.83915,0.620801,1
214,1,0,129,1.1938,0.132644,3.96576,0.640181,0.333333
214,2,0,129,1.24806,0.138674,3.92733,0.635659,0.333333
214,3,0,129,1.1938,0.132644,3.86628,0.627261,0.333333
214,4,0,129,1.1938,0.132644,3.84593,0.622739,0.333333
214,5,0,129,1.17054,0.13006,3.76001,0.613049,0.333333
214,6,0,129,1.17829,0.130922,3.82558,0.628553,0.333333
214,7,0,129,1.17829,0.130922,3.44348,0.559432,0.333333
214,8,0,129,1.04651,0.116279,2.73353,0.454134,0.333333
214,9,0,129,1,0.111111,2.56621,0.417313,0.333333
214,10,0,129,1.05426,0.11714,2.47578,0.401163,1
214,11,0,129,0.937984,0.104221,2.36273,0.383721,0.333333
214,12,0,129,0.953488,0.105943,2.26098,0.361111,0.333333
214,13,0,129,0.984496,0.109388,2.23159,0.363695,1
214,14,0,129,0.937984,0.104221,2.02358,0.333979,0.333333
214,15,0,129,0.899225,0.0999139,1.98966,0.324935,0.333333
214,16,0,129,0.96124,0.106804,2.10271,0.344961,0.333333
214,17,0,129,0.937984,0.104221,2.20672,0.355297,0.333333
214,18,0,129,0.968992,0.107666,2.51421,0.408269,0.333333
214,19,0,129,1.03876,0.115418,3.04328,0.500646,0.444444
214,20,0,129,1.10853,0.12317,3.53391,0.576873,0.444444
214,21,0,129,1.16279,0.129199,3.57461,0.581395,0.333333
214,22,0,129,1.14729,0.127476,3.58592,0.579457,0.333333
214,23,0,129,1.15504,0.128338,3.69671,0.594315,0.333333
214,0,1,52,1.34615,0.149573,4.95272,0.804487,0.333333
214,1,1,52,1.42308,0.15812,5.05369,0.817308,0.333333
214,2,1,52,1.38462,0.153846,5.00321,0.814103,0.333333
214,3,1,52,1.44231,0.160256,5.04808,0.828526,0.333333
214,4,1,52,1.44231,0.160256,4.98638,0.81891,0.333333
214,5,1,52,1.38462,0.153846,5.04247,0.828526,0.333333
214,6,1,52,1.44231,0.160256,5.27244,0.876603,0.333333
214,7,1,52,1.48077,0.16453,5.16026,0.855769,0.333333
214,8,1,52,1.38462,0.153846,4.90785,0.815705,0.333333
214,9,1,52,1.36538,0.151709,4.40865,0.735577,0.333333
214,10,1,52,1.26923,0.141026,4.00481,0.690705,0.333333
214,11,1,52,1.21154,0.134615,3.62901,0.636218,0.333333
214,12,1,52,1.19231,0.132479,3.37099,0.597756,0.333333
214,13,1,52,1.25,0.138889,3.76923,0.673077,0.333333
214,14,1,52,1.25,0.138889,3.98798,0.729167,0.333333
214,15,1,52,1.34615,0.149573,3.9992,0.737179,0.333333
214,16,1,52,1.34615,0.149573,3.95433,0.729167,0.333333
214,17,1,52,1.25,0.138889,3.67949,0.685897,0.333333
214,18,1,52,1.23077,0.136752,4.13942,0.748397,0.333333
214,19,1,52,1.36538,0.151709,4.44792,0.80609,0.444444
214,20,1,52,1.40385,0.155983,4.63862,0.820513,0.444444
214,21,1,52,1.46154,0.162393,4.70032,0.836538,0.333333
214,22,1,52,1.53846,0.17094,4.6891,0.8125,1
214,23,1,52,1.48077,0.16453,5.13221,0.858974,0.333333
215,0,0,129,3.71318,0.0714073,13.9367,1.99096,0.326923
215,1,0,129,3.92248,0.0754323,15.0898,2.15568,0.230769
215,2,0,129,3.94574,0.0758795,15.2707,2.18152,0.230769
215,3,0,129,3.90698,0.0751342,15.1621,2.16602,0.230769
215,4,0,129,3.91473,0.0752832,15.126,2.16085,0.230769
215,5,0,129,3.96899,0.0763268,15.2074,2.17248,0.230769
215,6,0,129,4.08527,0.0785629,15.2119,2.17313,0.230769
215,7,0,129,3.94574,0.0758795,16.365,2.33786,0.230769
215,8,0,129,5.3876,0.103608,41.064,5.86628,0.25
215,9,0,129,10.3953,0.199911,68.1189,9.73127,0.384615
215,10,0,129,12.7287,0.244782,74.2597,10.6085,0.442308
215,11,0,129,12.2868,0.236285,69.4302,9.9186,0.423077
215,12,0,129,11.1899,0.215191,64.3521,9.19315,0.423077
215,13,0,129,10.6395,0.204606,61.6434,8.8062,0.384615
215,14,0,129,10.6124,0.204085,62.4755,8.92506,0.384615
215,15,0,129,10.5969,0.203787,60.5898,8.65568,0.365385
215,16,0,129,10.1783,0.195736,57.542,8.22028,0.365385
215,17,0,129,9.7093,0.186717,48.6021,6.94315,0.346154
215,18,0,129,7.43411,0.142964,32.5943,4.65633,0.326923
215,19,0,129,5.3876,0.103608,21.1899,3.02713,0.230769
215,20,0,129,4.2093,0.0809481,16.1344,2.30491,0.211538
215,21,0,129,3.85271,0.0740906,14.2532,2.03618,0.192308
215,22,0,129,3.72093,0.0715564,13.385,1.91214,0.211538
215,23,0,129,3.53488,0.0679785,12.5439,1.79199,0.192308
215,0,1,52,2.78846,0.0536243,10.3654,1.48077,0.173077
215,1,1,52,3.21154,0.0617604,11.9471,1.70673,0.173077
215,2,1,52,3.46154,0.066568,13.0353,1.86218,0.173077
215,3,1,52,3.57692,0.068787,13.024,1.86058,0.173077
215,4,1,52,3.51923,0.0676775,12.8894,1.84135,0.173077
215,5,1,52,3.38462,0.0650888,12.609,1.80128,0.173077
215,6,1,52,3.46154,0.066568,12.766,1.82372,0.173077
215,7,1,52,3.46154,0.066568,12.9904,1.85577,0.173077
215,8,1,52,3.51923,0.0676775,14.8862,2.1266,0.192308
215,9,1,52,4.07692,0.0784024,18.2628,2.60897,0.288462
215,10,1,52,4.46154,0.0857988,19.2837,2.75481,0.288462
215,11,1,52,4.57692,0.0880178,19.8333,2.83333,0.307692
215,12,1,52,4.46154,0.0857988,19.3958,2.77083,0.288462
215,13,1,52,4.40385,0.0846894,19.25,2.75,0.269231
215,14,1,52,4.5,0.0865385,19.4519,2.77885,0.25
215,15,1,52,4.55769,0.0876479,18.5208,2.64583,0.25
215,16,1,52,4.38462,0.0843195,18.5769,2.65385,0.269231
215,17,1,52,4.42308,0.0850592,17.1074,2.44391,0.269231
215,18,1,52,4.01923,0.0772929,13.2821,1.89744,0.269231
215,19,1,52,3.38462,0.0650888,11.0272,1.57532,0.211538
215,20,1,52,3.30769,0.0636095,10.8365,1.54808,0.192308
215,21,1,52,3.30769,0.0636095,10.2869,1.46955,0.173077
215,22,1,52,3.14423,0.060466,9.23237,1.31891,0.153846
215,23,1,52,3.01923,0.0580621,8.75,1.25,0.153846
216,0,0,129,6.84109,0.285045,42.1311,6.01873,0.541667
216,1,0,129,7.24806,0.302003,42.832,6.11886,0.541667
216,2,0,129,7.23256,0.301357,43.7997,6.25711,0.541667
216,3,0,129,7.43411,0.309755,44.1525,6.30749,0.541667
216,4,0,129,7.51938,0.313307,44.6273,6.37532,0.541667
216,5,0,129,7.44961,0.310401,45.0026,6.42894,0.541667
216,6,0,129,7.50388,0.312661,45.5226,6.50323,0.541667
216,7,0,129,7.42636,0.309432,43.5465,6.22093,0.541667
216,8,0,129,7.05426,0.293928,41.8508,5.97868,0.541667
216,9,0,129,7,0.291667,42.9722,6.13889,0.5
216,10,0,129,7.21318,0.300549,40.8107,5.8301,0.541667
216,11,0,129,6.70543,0.279393,39.219,5.60271,0.5
216,12,0,129,6.6124,0.275517,38.7758,5.53941,0.5
216,13,0,129,6.50775,0.271156,37.6318,5.37597,0.5
216,14,0,129,6.36434,0.265181,36.4063,5.2009,0.5
216,15,0,129,6.15504,0.25646,34.7739,4.9677,0.5
216,16,0,129,6.09302,0.253876,33.1324,4.7332,0.833333
216,17,0,129,5.74419,0.239341,31.491,4.49871,0.833333
216,18,0,129,5.4031,0.225129,29.2481,4.17829,0.5
216,19,0,129,5.1938,0.216408,31.0342,4.43346,0.5
216,20,0,129,5.75969,0.239987,35.0995,5.01421,0.5
216,21,0,129,6.22481,0.259367,37.1841,5.31202,0.5
216,22,0,129,6.47287,0.269703,38.4322,5.49031,0.5
216,23,0,129,6.72093,0.280039,39.9606,5.70866,0.5
216,0,1,52,7.07692,0.294872,41.8766,5.98237,0.5
216,1,1,52,7.07692,0.294872,42.1122,6.01603,0.5
216,2,1,52,7.28846,0.303686,43.0321,6.14744,0.5
216,3,1,52,7.25,0.302083,43.6715,6.23878,0.5
216,4,1,52,7.38462,0.307692,44.0978,6.29968,0.5
216,5,1,52,7.42308,0.309295,44.5801,6.36859,0.5
216,6,1,52,7.38462,0.307692,44.9391,6.41987,0.5
216,7,1,52,7.48077,0.311699,45.0625,6.4375,0.5
216,8,1,52,7.51923,0.313301,43.9856,6.28365,0.5
216,9,1,52,7.07692,0.294872,40.6314,5.80449,0.5
216,10,1,52,6.80769,0.283654,38.2308,5.46154,0.5
216,11,1,52,6.26923,0.261218,36.4135,5.20192,0.5
216,12,1,52,6.21154,0.258814,35.8638,5.1234,0.5
216,13,1,52,6.21154,0.258814,34.6635,4.95192,0.5
216,14,1,52,5.98077,0.249199,33.2724,4.75321,0.541667
216,15,1,52,5.67308,0.236378,32.2179,4.60256,0.541667
216,16,1,52,5.53846,0.230769,32.0721,4.58173,0.541667
216,17,1,52,5.76923,0.240385,33.3734,4.76763,0.541667
216,18,1,52,6.05769,0.252404,34.2035,4.88622,0.541667
216,19,1,52,6.13462,0.255609,36.0321,5.14744,0.541667
216,20,1,52,6.51923,0.271635,37.6026,5.37179,0.541667
216,21,1,52,6.67308,0.278045,38.1971,5.45673,0.541667
216,22,1,52,6.56731,0.273638,38.2644,5.46635,0.541667
216,23,1,52,6.78846,0.282853,39.7003,5.67147,0.541667
217,0,0,129,22.4419,0.173968,128.347,18.5006,0.883721
217,1,0,129,21.5349,0.166937,127.556,18.3882,0.27907
217,2,0,129,21.4186,0.166036,127.18,18.3391,0.271318
217,3,0,129,21.3256,0.165315,125.546,18.1085,0.271318
217,4,0,129,21.155,0.163993,125.046,18.0317,0.27907
217,5,0,129,21.1318,0.163812,124.879,18.0168,0.27907
217,6,0,129,21.2713,0.164894,126.307,18.2209,0.27907
217,7,0,129,21.3566,0.165555,143.785,20.7028,0.27907
217,8,0,129,29.4496,0.228292,246.368,35.2668,0.341085
217,9,0,129,51.062,0.39583,351.309,50.2442,0.565891
217,10,0,129,54.8953,0.425545,353.443,50.5407,0.589147
217,11,0,129,53.5891,0.41542,344.327,49.2377,0.635659
217,12,0,129,51.5891,0.399916,332.645,47.5646,0.565891
217,13,0,129,49.6202,0.384652,318.495,45.5368,0.565891
217,14,0,129,47.186,0.365783,304.276,43.5097,0.534884
217,15,0,129,45.876,0.355628,294.766,42.1531,0.511628
217,16,0,129,45.3023,0.351181,288.759,41.2991,0.643411
217,17,0,129,44.2481,0.343008,274.072,39.1925,0.465116
217,18,0,129,38.7364,0.300282,219.783,31.438,0.457364
217,19,0,129,30.8217,0.238928,183.327,26.2468,0.403101
217,20,0,129,27.814,0.215612,161.538,23.1667,0.333333
217,21,0,129,24.8837,0.192897,147.176,21.1589,0.294574
217,22,0,129,23.7519,0.184124,139.677,20.1137,0.302326
217,23,0,129,22.8217,0.176912,134.137,19.3301,0.302326
217,0,1,52,22.7885,0.176655,134.346,19.3942,0.294574
217,1,1,52,22.2308,0.172332,132.018,19.0593,0.302326
217,2,1,52,22.0192,0.170692,129.887,18.7596,0.310078
217,3,1,52,21.9231,0.169946,129.287,18.6715,0.302326
217,4,1,52,21.75,0.168605,128.367,18.5433,0.302326
217,5,1,52,21.8269,0.169201,127.542,18.4247,0.302326
217,6,1,52,21.7308,0.168456,126.841,18.3221,0.302326
217,7,1,52,21.4231,0.16607,128.216,18.5224,0.294574
217,8,1,52,23.1154,0.179189,149.317,21.5208,0.294574
217,9,1,52,27.3654,0.212135,175.095,25.1891,0.472868
217,10,1,52,29.0577,0.225253,182.303,26.1939,0.457364
217,11,1,52,29.75,0.23062,185.421,26.617,0.457364
217,12,1,52,29.8269,0.231216,181.119,26.0032,0.44186
217,13,1,52,29.25,0.226744,178.107,25.5545,0.426357
217,14,1,52,29.0769,0.225403,177.586,25.4776,0.44186
217,15,1,52,28.4423,0.220483,174.731,25.0673,0.403101
217,16,1,52,28.5769,0.221527,171.814,24.6474,0.395349
217,17,1,52,26.5192,0.205575,164.119,23.5529,0.387597
217,18,1,52,26.3462,0.204234,150.696,21.6426,0.325581
217,19,1,52,23.9423,0.185599,139.613,20.1074,0.317829
217,20,1,52,22.8462,0.177102,133.006,19.1875,0.302326
217,21,1,52,22.1923,0.172033,129.719,18.7308,0.286822
217,22,1,52,23.5962,0.182916,127.829,18.4663,0.891473
217,23,1,52,21.4615,0.166369,124.704,18.0144,0.286822
223,0,0,129,49.8643,0.266654,186.462,41.2907,0.411765
223,1,0,129,50.3721,0.269369,187.685,41.6738,0.352941
223,2,0,129,50.3876,0.269452,189.356,42.1686,0.347594
223,3,0,129,50.5116,0.270116,189.854,42.3579,0.342246
223,4,0,129,50.3411,0.269204,190.594,42.5368,0.342246
223,5,0,129,50.5116,0.270116,190.695,42.5814,0.342246
223,6,0,129,50.3101,0.269038,190.534,42.3198,0.342246
223,7,0,129,49,0.262032,230.197,39.3753,0.342246
223,8,0,129,43.9535,0.235045,245.342,34.688,0.331551
223,9,0,129,44.4729,0.237823,283.48,38.2267,0.304813
223,10,0,129,49.2209,0.263214,271.449,40.2571,0.427807
223,11,0,129,49.2558,0.2634,260.632,39.8469,0.433155
223,12,0,129,48.1744,0.257617,245.903,38.4716,0.449198
223,13,0,129,46.314,0.247668,232.309,36.4432,0.44385
223,14,0,129,44.4264,0.237574,219.163,35.4496,0.42246
223,15,0,129,43.2481,0.231273,205.173,33.7138,0.42246
223,16,0,129,41.8798,0.223956,204.006,33.0187,0.427807
223,17,0,129,41.686,0.22292,214.151,33.2371,0.294118
223,18,0,129,41.9922,0.224557,226.142,33.6835,0.299465
223,19,0,129,42.3411,0.226423,250.498,35.2668,0.31016
223,20,0,129,44.2713,0.236745,260.102,37.2745,0.320856
223,21,0,129,46.7597,0.250052,248.11,39.396,0.342246
223,22,0,129,48.8682,0.261327,218.724,40.9425,0.336898
223,23,0,129,49.1705,0.262944,190.732,41.354,0.326203
223,0,1,52,49.8654,0.26666,188.373,42.1442,0.331551
223,1,1,52,51.4808,0.275298,189.89,42.641,0.342246
223,2,1,52,51.7692,0.276841,190.361,42.7163,0.336898
223,3,1,52,51.7115,0.276532,189.416,42.7083,0.336898
223,4,1,52,51.1346,0.273447,190.442,42.9535,0.342246
223,5,1,52,51.8654,0.277355,190.913,43.0016,0.342246
223,6,1,52,51.9038,0.277561,192.967,42.8862,0.342246
223,7,1,52,51.1923,0.273756,240.902,42.2548,0.336898
223,8,1,52,50.5962,0.270568,232.665,40.1074,0.342246
223,9,1,52,47.7115,0.255142,208.159,37.2179,0.320856
223,10,1,52,45.7115,0.244447,216.592,34.7708,0.326203
223,11,1,52,43.2981,0.231541,205.453,33.0449,0.336898
223,12,1,52,40.9808,0.219148,210.94,31.8766,0.315508
223,13,1,52,40.8077,0.218223,226.358,31.391,0.31016
223,14,1,52,39.4038,0.210716,194.195,29.7468,0.304813
223,15,1,52,38.4808,0.20578,198.321,29.4647,0.315508
223,16,1,52,38.1346,0.203928,196.753,29.1811,0.299465
223,17,1,52,38.3654,0.205162,200.898,29.1747,0.417112
223,18,1,52,39.2692,0.209996,186.848,29.6202,0.390374
223,19,1,52,40.5577,0.216886,204.425,31.617,0.390374
223,20,1,52,42.2308,0.225833,232.311,34.0385,0.299465
223,21,1,52,44.5769,0.238379,236.548,36.9183,0.31016
223,22,1,52,46.3942,0.248097,205.429,38.9231,0.315508
223,23,1,52,48.1538,0.257507,180.022,39.734,0.320856
224,0,0,129,28.0659,0.211022,134.167,21.4457,0.308271
224,1,0,129,28.3488,0.213149,135.128,21.593,0.308271
224,2,0,129,28.4496,0.213907,135.668,21.6783,0.308271
224,3,0,129,28.4806,0.21414,134.155,21.427,0.308271
224,4,0,129,28.4806,0.21414,133.771,21.4012,0.308271
224,5,0,129,28.2481,0.212391,132.993,21.2655,0.308271
224,6,0,129,28.2326,0.212275,133.421,21.3417,0.308271
224,7,0,129,27.7597,0.208719,124.447,19.9225,0.308271
224,8,0,129,24.4496,0.183832,100.686,15.9264,0.270677
224,9,0,129,21.2713,0.159935,88.6576,14.0549,0.263158
224,10,0,129,20.8605,0.156846,87.2603,13.8488,0.263158
224,11,0,129,20.9922,0.157836,88.8272,14.0504,0.263158
224,12,0,129,21.3411,0.160459,91.1153,14.3999,0.263158
224,13,0,129,21.5271,0.161858,89.198,14.135,0.263158
224,14,0,129,20.9225,0.157312,88.0811,13.9671,0.263158
224,15,0,129,20.7829,0.156263,86.8194,13.772,0.263158
224,16,0,129,20.8992,0.157137,87.4367,13.8566,0.323308
224,17,0,129,21.0155,0.158011,90.2787,14.3165,0.323308
224,18,0,129,21.6667,0.162907,98.5336,15.6673,0.263158
224,19,0,129,23.8837,0.179577,110.101,17.553,0.270677
224,20,0,129,25.4186,0.191117,119.672,19.2138,0.285714
224,21,0,129,26.7829,0.201376,125.378,20.1673,0.293233
224,22,0,129,27.6977,0.208253,131.212,21.1202,0.308271
224,23,0,129,28.3798,0.213382,132.948,21.3146,0.300752
224,0,1,52,27.7115,0.208357,130.296,20.8734,0.270677
224,1,1,52,28.0192,0.210671,131.429,21.0513,0.270677
224,2,1,52,28.0769,0.211105,130.089,20.8606,0.270677
224,3,1,52,27.9808,0.210382,130.375,20.9038,0.270677
224,4,1,52,27.9423,0.210093,129.909,20.8221,0.270677
224,5,1,52,27.7885,0.208936,130.375,20.9071,0.270677
224,6,1,52,27.8269,0.209225,129.814,20.8413,0.270677
224,7,1,52,27.7115,0.208357,127.122,20.4135,0.270677
224,8,1,52,26.3654,0.198236,118.669,19.1074,0.255639
224,9,1,52,25.4231,0.191151,112.034,18.024,0.255639
224,10,1,52,24.0385,0.18074,102.543,16.5641,0.255639
224,11,1,52,23.0385,0.173222,97.9383,15.7901,0.255639
224,12,1,52,22.6154,0.17004,97.972,15.7308,0.255639
224,13,1,52,22.8846,0.172065,100.109,16.0288,0.255639
224,14,1,52,22.7692,0.171197,97.1643,15.6266,0.255639
224,15,1,52,22.6731,0.170474,96.2163,15.4439,0.255639
224,16,1,52,22.3846,0.168305,96.3285,15.4343,0.24812
224,17,1,52,22.0577,0.165847,97.2484,15.5561,0.255639
224,18,1,52,22.8462,0.171776,103.985,16.6186,0.24812
224,19,1,52,24.5577,0.184644,111.31,17.8061,0.263158
224,20,1,52,25.4231,0.191151,115.679,18.5176,0.255639
224,21,1,52,26.0385,0.195778,120.391,19.2981,0.255639
224,22,1,52,26.875,0.202068,125.018,20.0929,0.285714
224,23,1,52,27.5962,0.20749,125.871,20.1859,0.300752
225,0,0,129,1.86822,0.0934109,11.0924,1.58463,0.25
225,1,0,129,1.8062,0.0903101,10.9025,1.55749,0.25
225,2,0,129,1.7907,0.0895349,10.7578,1.53682,0.25
225,3,0,129,1.72868,0.0864341,10.5136,1.50194,0.25
225,4,0,129,1.75194,0.0875969,10.6311,1.51873,0.25
225,5,0,129,1.73643,0.0868217,10.4186,1.48837,0.25
225,6,0,129,1.75194,0.0875969,10.5452,1.50646,0.25
225,7,0,129,1.71318,0.0856589,11.124,1.58915,0.25
225,8,0,129,2.16279,0.10814,15.2028,2.17183,0.35
225,9,0,129,2.67442,0.133721,17.0071,2.42959,0.4
225,10,0,129,2.67829,0.133915,16.3559,2.33656,0.35
225,11,0,129,2.55039,0.127519,16.1751,2.31072,0.35
225,12,0,129,2.62016,0.131008,16.469,2.35271,0.35
225,13,0,129,2.54651,0.127326,16.1886,2.31266,0.35
225,14,0,129,2.51938,0.125969,15.6279,2.23256,0.35
225,15,0,129,2.45736,0.122868,15.2164,2.17377,0.35
225,16,0,129,2.49612,0.124806,14.9496,2.13566,0.55
225,17,0,129,2.43411,0.121705,14.2894,2.04134,0.55
225,18,0,129,2.24806,0.112403,13.3488,1.90698,0.3
225,19,0,129,2.05426,0.102713,12.1505,1.73579,0.3
225,20,0,129,1.9845,0.0992248,12.2183,1.74548,0.3
225,21,0,129,2.02326,0.101163,12.4987,1.78553,0.3
225,22,0,129,2.04651,0.102326,12.5349,1.7907,0.3
225,23,0,129,2.03101,0.10155,12.1731,1.73902,0.3
225,0,1,52,2.05769,0.102885,12.351,1.76442,0.3
225,1,1,52,2.05769,0.102885,12.1154,1.73077,0.3
225,2,1,52,2.01923,0.100962,11.7788,1.68269,0.3
225,3,1,52,2,0.1,12.0481,1.72115,0.3
225,4,1,52,2.01923,0.100962,11.992,1.71314,0.3
225,5,1,52,2.03846,0.101923,12.0032,1.71474,0.3
225,6,1,52,1.96154,0.0980769,11.8013,1.6859,0.3
225,7,1,52,1.98077,0.0990385,11.8349,1.69071,0.3
225,8,1,52,1.98077,0.0990385,11.5208,1.64583,0.25
225,9,1,52,1.92308,0.0961538,11.8574,1.69391,0.25
225,10,1,52,2.03846,0.101923,11.7228,1.67468,0.25
225,11,1,52,2.05769,0.102885,11.9022,1.70032,0.25
225,12,1,52,2,0.1,11.4535,1.63622,0.25
225,13,1,52,1.88462,0.0942308,11.375,1.625,0.25
225,14,1,52,1.92308,0.0961538,11.7003,1.67147,0.25
225,15,1,52,2,0.1,11.633,1.66186,0.25
225,16,1,52,1.90385,0.0951923,11.4199,1.63141,0.25
225,17,1,52,2.01923,0.100962,11.9359,1.70513,0.25
225,18,1,52,2.01923,0.100962,12.2612,1.7516,0.3
225,19,1,52,2.05769,0.102885,11.5657,1.65224,0.25
225,20,1,52,1.88462,0.0942308,11.2404,1.60577,0.25
225,21,1,52,1.96154,0.0980769,11.4199,1.63141,0.25
225,22,1,52,1.93269,0.0966346,11.1058,1.58654,0.25
225,23,1,52,1.90385,0.0951923,10.5897,1.51282,0.25
226,0,0,129,12.3837,0.171996,77.7445,9.16731,0.375
226,1,0,129,12.1783,0.169143,68.3831,9.05685,0.347222
226,2,0,129,12.0775,0.167743,63.2222,9.02455,0.347222
226,3,0,129,11.9767,0.166344,59.2303,9.01034,0.361111
226,4,0,129,12.062,0.167528,57.9425,8.99354,0.375
226,5,0,129,11.907,0.165375,56.9997,9.01357,0.361111
226,6,0,129,12,0.166667,56.2665,8.99612,0.361111
226,7,0,129,11.907,0.165375,76.9231,9.00452,0.361111
226,8,0,129,12.6667,0.175926,145.481,13.0588,0.361111
226,9,0,129,20.2791,0.281654,243.308,18.4884,0.472222
226,10,0,129,23.0504,0.320144,261.411,19.7274,0.541667
226,11,0,129,23.3178,0.323859,262.754,19.4251,0.625
226,12,0,129,22.9147,0.31826,352.269,19.4341,0.638889
226,13,0,129,22.7597,0.316107,379.589,18.9296,0.555556
226,14,0,129,21.2403,0.295004,310.454,17.5446,0.486111
226,15,0,129,20.3798,0.283053,296.446,17.0685,0.486111
226,16,0,129,20.0891,0.279016,279.667,16.4335,0.611111
226,17,0,129,19.2946,0.26798,260.293,15.1344,0.611111
226,18,0,129,16.2093,0.225129,217.245,12.2513,0.388889
226,19,0,129,14.124,0.196167,215.508,10.6886,0.361111
226,20,0,129,13.2713,0.184324,215.813,10.0084,0.347222
226,21,0,129,12.4264,0.172588,174.914,9.63889,0.347222
226,22,0,129,12.6977,0.176357,158.767,9.8062,0.347222
226,23,0,129,12.4574,0.173019,112.38,9.39147,0.333333
226,0,1,52,11.3846,0.15812,80.9319,8.87981,0.277778
226,1,1,52,11.1731,0.155182,63.7075,8.66186,0.263889
226,2,1,52,11.2115,0.155716,62.0513,8.59615,0.277778
226,3,1,52,11.0769,0.153846,57.3438,8.47596,0.277778
226,4,1,52,10.9615,0.152244,54.7628,8.40865,0.277778
226,5,1,52,11.1154,0.15438,53.7989,8.54167,0.277778
226,6,1,52,11.3077,0.157051,52.9511,8.51923,0.277778
226,7,1,52,10.9808,0.152511,66.3005,8.41667,0.277778
226,8,1,52,11.1346,0.154647,94.8518,8.83494,0.277778
226,9,1,52,12.3269,0.171207,136.558,9.7484,0.388889
226,10,1,52,13.2308,0.183761,167.102,10.2051,0.388889
226,11,1,52,13.5,0.1875,179.71,10.2115,0.416667
226,12,1,52,13.1154,0.182158,160.669,9.98237,0.416667
226,13,1,52,13.3654,0.18563,202.639,10.5032,0.486111
226,14,1,52,14.0192,0.194712,217.878,10.6635,0.402778
226,15,1,52,13.2885,0.184562,227.729,10.3397,0.402778
226,16,1,52,13.4231,0.186432,234.874,10.4151,0.361111
226,17,1,52,12.6923,0.176282,230.213,9.89263,0.319444
226,18,1,52,11.5769,0.160791,176.606,8.86378,0.319444
226,19,1,52,11.3846,0.15812,166.723,8.6875,0.305556
226,20,1,52,11.3462,0.157585,164.757,8.80449,0.305556
226,21,1,52,11.5,0.159722,136.605,8.77564,0.277778
226,22,1,52,11.4615,0.159188,146.255,9.03045,0.291667
226,23,1,52,11.5192,0.159989,94.0713,8.74519,0.263889
227,0,0,129,26.6357,0.364872,154.502,22.0717,0.863014
227,1,0,129,26.7907,0.366996,155.32,22.1886,0.506849
227,2,0,129,26.8217,0.367421,155.592,22.2274,0.506849
227,3,0,129,27.0465,0.3705,156.175,22.3107,0.506849
227,4,0,129,26.8605,0.367952,155.922,22.2745,0.506849
227,5,0,129,26.7364,0.366253,155.637,22.2339,0.506849
227,6,0,129,26.7829,0.36689,155.176,22.168,0.506849
227,7,0,129,26.3798,0.361368,162.669,23.2384,0.506849
227,8,0,129,30.4574,0.417224,193.495,27.6421,0.60274
227,9,0,129,34.3411,0.470426,206.391,29.4845,0.630137
227,10,0,129,34.2597,0.469311,203.859,29.1227,0.630137
227,11,0,129,34.3566,0.470638,201.372,28.7674,0.643836
227,12,0,129,33.7132,0.461824,194.933,27.8475,0.671233
227,13,0,129,31.907,0.437082,184.849,26.407,0.60274
227,14,0,129,30.3488,0.415737,175.443,25.0633,0.561644
227,15,0,129,29.3411,0.401933,169.501,24.2145,0.534247
227,16,0,129,29.4574,0.403526,166.77,23.8243,0.726027
227,17,0,129,28.3643,0.388553,160.557,22.9367,0.671233
227,18,0,129,27.0775,0.370925,141.863,20.2661,0.520548
227,19,0,129,22.9612,0.314538,129.102,18.4432,0.479452
227,20,0,129,23.6047,0.323351,137.309,19.6156,0.493151
227,21,0,129,24.2093,0.331634,140.163,20.0233,0.479452
227,22,0,129,24.4961,0.335563,142.559,20.3656,0.493151
227,23,0,129,25.2791,0.346289,147.14,21.02,0.479452
227,0,1,52,26.0192,0.356428,155.929,22.2756,0.506849
227,1,1,52,26.4038,0.361697,156.939,22.4199,0.493151
227,2,1,52,26.5962,0.364331,159.272,22.7532,0.479452
227,3,1,52,27.2115,0.372761,159.609,22.8013,0.493151
227,4,1,52,27.0385,0.37039,158.296,22.6138,0.479452
227,5,1,52,26.75,0.366438,158.296,22.6138,0.493151
227,6,1,52,26.8462,0.367756,158.521,22.6458,0.479452
227,7,1,52,26.7692,0.366702,154.337,22.0481,0.479452
227,8,1,52,26.4808,0.36275,151.308,21.6154,0.493151
227,9,1,52,26.7115,0.365911,151.779,21.6827,0.534247
227,10,1,52,26.2308,0.359326,152.048,21.7212,0.520548
227,11,1,52,26.25,0.359589,152.833,21.8333,0.506849
227,12,1,52,25.3462,0.347208,149.49,21.3558,0.506849
227,13,1,52,25.5577,0.350105,146.731,20.9615,0.520548
227,14,1,52,25.0962,0.343783,141.907,20.2724,0.506849
227,15,1,52,24.4808,0.335353,139.877,19.9824,0.506849
227,16,1,52,24.4231,0.334563,139.495,19.9279,0.520548
227,17,1,52,24.2885,0.332719,141.402,20.2003,0.547945
227,18,1,52,24.9615,0.341939,141.335,20.1907,0.520548
227,19,1,52,24.3846,0.334036,141.481,20.2115,0.493151
227,20,1,52,24.4615,0.33509,144.476,20.6394,0.465753
227,21,1,52,25.3462,0.347208,148.694,21.242,0.452055
227,22,1,52,25.7115,0.352213,153.304,21.9006,0.465753
227,23,1,52,26.7885,0.366965,159.867,22.8381,0.520548
235,0,0,129,17.7713,0.413286,91.1402,13.02,0.953488
235,1,0,129,18.0078,0.418785,93.3966,13.3424,0.627907
235,2,0,129,18.4341,0.4287,95.3185,13.6169,0.627907
235,3,0,129,18.4574,0.429241,95.02,13.5743,0.627907
235,4,0,129,18.4496,0.429061,95.1964,13.5995,0.627907
235,5,0,129,18.4574,0.429241,95.4406,13.6344,0.627907
235,6,0,129,18.3721,0.427258,95.8068,13.6867,0.674419
235,7,0,129,18.1473,0.42203,89.4851,12.7836,0.651163
235,8,0,129,16.093,0.374256,76.2539,10.8934,0.604651
235,9,0,129,14.8372,0.345051,65.0846,9.2978,0.534884
235,10,0,129,13.1744,0.306382,56.4251,8.06072,0.511628
235,11,0,129,12.4264,0.288985,52.0026,7.42894,0.488372
235,12,0,129,12.1318,0.282134,51.2836,7.32623,0.488372
235,13,0,129,12.1744,0.283126,50.343,7.19186,0.511628
235,14,0,129,11.6822,0.271678,46.8521,6.69315,0.488372
235,15,0,129,11.2636,0.261943,44.1027,6.30039,0.44186
235,16,0,129,11.0543,0.257076,41.8689,5.98127,0.488372
235,17,0,129,10.8837,0.25311,43.0988,6.15698,0.488372
235,18,0,129,11.1628,0.2596,47.9419,6.84884,0.44186
235,19,0,129,12.4031,0.288444,57.1124,8.15891,0.44186
235,20,0,129,13.7597,0.319993,65.2519,9.32171,0.511628
235,21,0,129,14.7132,0.342167,73.0614,10.4373,0.511628
235,22,0,129,15.9845,0.371732,81.0291,11.5756,0.55814
235,23,0,129,16.9612,0.394447,87.9477,12.564,0.604651
235,0,1,52,17.6346,0.410107,91.0224,13.0032,0.55814
235,1,1,52,18.0769,0.420394,92.4583,13.2083,0.55814
235,2,1,52,18.1346,0.421735,92.6827,13.2404,0.55814
235,3,1,52,18.3654,0.427102,95.1506,13.5929,0.55814
235,4,1,52,18.4231,0.428444,95.4647,13.6378,0.581395
235,5,1,52,18.3654,0.427102,95.6891,13.6699,0.581395
235,6,1,52,18.5,0.430233,95.3526,13.6218,0.581395
235,7,1,52,18.4423,0.428891,94.1747,13.4535,0.581395
235,8,1,52,17.9423,0.417263,90.9103,12.9872,0.581395
235,9,1,52,17.3269,0.402952,84.516,12.0737,0.534884
235,10,1,52,16.2885,0.378801,76.6859,10.9551,0.511628
235,11,1,52,15.5192,0.360912,71.8061,10.258,0.511628
235,12,1,52,14.8462,0.345259,68.1042,9.72917,0.488372
235,13,1,52,14.3846,0.334526,65.3894,9.34135,0.44186
235,14,1,52,13.8269,0.321556,63.4375,9.0625,0.44186
235,15,1,52,13.8846,0.322898,60.6667,8.66667,0.44186
235,16,1,52,13.3462,0.310376,58.625,8.375,0.488372
235,17,1,52,13.0769,0.304114,58.4679,8.35256,0.534884
235,18,1,52,13.1346,0.305456,59.242,8.46314,0.534884
235,19,1,52,13.6346,0.317084,62.2147,8.88782,0.511628
235,20,1,52,14.1923,0.330054,66.9599,9.56571,0.55814
235,21,1,52,15.0577,0.350179,74.4535,10.6362,0.604651
235,22,1,52,16.0577,0.373435,82.0144,11.7163,0.627907
235,23,1,52,17.2885,0.402057,87.8141,12.5449,0.604651
307,0,0,129,47.9031,0.28345,256.072,41.9063,0.402367
307,1,0,129,48.2248,0.285354,259.692,42.4671,0.384615
307,2,0,129,48.7364,0.288381,261.957,42.8043,0.384615
307,3,0,129,48.8527,0.289069,260.856,42.657,0.39645
307,4,0,129,48.7442,0.288427,259.868,42.4916,0.384615
307,5,0,129,48.7907,0.288702,259.321,42.3779,0.402367
307,6,0,129,48.5969,0.287556,260.404,42.5149,0.384615
307,7,0,129,47.5969,0.281638,238.147,39.011,0.378698
307,8,0,129,40.8605,0.241778,203.981,33.1279,0.331361
307,9,0,129,39.6977,0.234897,220.733,34.6512,0.497041
307,10,0,129,42.6667,0.252465,234.349,36.0368,0.378698
307,11,0,129,42.0775,0.248979,228.49,34.9522,0.39645
307,12,0,129,41.4109,0.245035,223.582,34.197,0.402367
307,13,0,129,40.5969,0.240218,220.568,33.7274,0.384615
307,14,0,129,39.7752,0.235356,217.235,33.2171,0.372781
307,15,0,129,38.9535,0.230494,213.541,32.6473,0.366864
307,16,0,129,39.1589,0.23171,212.72,32.5846,0.60355
307,17,0,129,38.8411,0.229829,213.719,32.8824,0.35503
307,18,0,129,39.4031,0.233154,212.29,33.1479,0.35503
307,19,0,129,39.2868,0.232466,211.786,33.9806,0.360947
307,20,0,129,41.4574,0.24531,222.515,36.3301,0.366864
307,21,0,129,43.4729,0.257236,232.612,38.1938,0.360947
307,22,0,129,45.3101,0.268107,243.79,40.0956,0.366864
307,23,0,129,47.3333,0.280079,254.08,41.6363,0.384615
307,0,1,52,48.8462,0.28903,261.462,43.1074,0.390533
307,1,1,52,49.3077,0.291761,263.661,43.4022,0.384615
307,2,1,52,49.4423,0.292558,264.228,43.4551,0.384615
307,3,1,52,49.7885,0.294606,266.208,43.7901,0.384615
307,4,1,52,49.3846,0.292217,266.791,43.899,0.378698
307,5,1,52,50.1538,0.296768,268.468,44.1458,0.378698
307,6,1,52,50.1731,0.296882,265.529,43.7051,0.378698
307,7,1,52,49.1346,0.290737,257.368,42.3766,0.378698
307,8,1,52,47,0.278107,243.856,40.1955,0.372781
307,9,1,52,45.1346,0.267069,232.413,37.976,0.378698
307,10,1,52,43.2692,0.256031,222.171,35.9647,0.372781
307,11,1,52,41.3077,0.244424,213.018,34.2837,0.372781
307,12,1,52,39.9808,0.236573,206.276,33.2292,0.360947
307,13,1,52,38.6346,0.228607,200.42,32.2837,0.35503
307,14,1,52,38.3462,0.2269,197.655,31.8526,0.325444
307,15,1,52,37.5192,0.222007,191.771,31.0737,0.343195
307,16,1,52,37.0962,0.219504,196.23,31.8205,0.343195
307,17,1,52,37.9808,0.224738,202.349,32.8093,0.35503
307,18,1,52,38.9231,0.230314,203.477,33.1699,0.35503
307,19,1,52,39.7885,0.235435,206.904,34.0337,0.349112
307,20,1,52,41.5,0.245562,216.114,35.6587,0.378698
307,21,1,52,42.8846,0.253755,227.091,37.5897,0.390533
307,22,1,52,44.75,0.264793,241.135,39.8574,0.360947
307,23,1,52,47,0.278107,250.267,41.2356,0.384615
309,0,0,129,29.6395,0.217938,57.7975,10.1466,0.389706
309,1,0,129,30.3643,0.223267,58.2881,10.2506,0.411765
309,2,0,129,29.062,0.213691,58.4599,10.301,0.411765
309,3,0,129,29.0543,0.213634,58.1457,10.259,0.345588
309,4,0,129,29.5504,0.217282,57.7093,10.199,0.411765
309,5,0,129,30.2481,0.222412,57.4629,10.1557,0.360294
309,6,0,129,30.2171,0.222184,57.863,10.2003,0.397059
309,7,0,129,29.7752,0.218935,53.2122,9.16925,0.397059
309,8,0,129,27.186,0.199897,58.3672,9.51938,0.360294
309,9,0,129,31.0465,0.228283,82.2817,12.6059,0.389706
309,10,0,129,31.1473,0.229024,73.0388,11.1919,0.426471
309,11,0,129,29.186,0.214603,61.2206,9.4845,0.345588
309,12,0,129,28.2481,0.207706,51.5368,8.12984,0.367647
309,13,0,129,27.3798,0.201322,46.7548,7.4593,0.367647
309,14,0,129,25.938,0.19072,43.6211,6.99096,0.330882
309,15,0,129,25.6822,0.188839,40.7158,6.52519,0.360294
309,16,0,129,25.4729,0.187301,41.3601,6.64212,0.345588
309,17,0,129,24.8295,0.18257,40.8288,6.61951,0.345588
309,18,0,129,25.3256,0.186218,41.8598,6.8385,0.323529
309,19,0,129,27.031,0.198757,47.2251,7.81912,0.375
309,20,0,129,27.6977,0.203659,52.0885,8.94703,0.367647
309,21,0,129,28.0388,0.206167,54.2862,9.51034,0.367647
309,22,0,129,28.8915,0.212437,56.9858,10.0136,0.367647
309,23,0,129,29.814,0.21922,58.2384,10.2125,0.411765
309,0,1,52,29.5385,0.217195,59.9431,10.4776,0.345588
309,1,1,52,28.7692,0.211538,60.0497,10.484,0.352941
309,2,1,52,28.5577,0.209983,58.726,10.2965,0.360294
309,3,1,52,28.9615,0.212952,58.7035,10.3077,0.367647
309,4,1,52,28.2115,0.207438,58.0136,10.1971,0.330882
309,5,1,52,30.2308,0.222285,58.8662,10.3253,0.352941
309,6,1,52,28.8846,0.212387,58.5184,10.2452,0.352941
309,7,1,52,29.1923,0.214649,56.1458,9.80609,0.360294
309,8,1,52,28.0769,0.206448,54.0705,9.29327,0.338235
309,9,1,52,28.4808,0.209417,55.1867,9.19872,0.330882
309,10,1,52,26.3269,0.19358,50.1835,8.33814,0.360294
309,11,1,52,26.8269,0.197257,45.0345,7.5609,0.404412
309,12,1,52,25.75,0.189338,42.3982,7.22436,0.338235
309,13,1,52,25.9615,0.190894,43.5929,7.42468,0.352941
309,14,1,52,28.8846,0.212387,41.7644,7.14904,0.352941
309,15,1,52,25.9423,0.190752,41.8542,7.15224,0.345588
309,16,1,52,26.5769,0.195419,41.484,7.08173,0.367647
309,17,1,52,26.0769,0.191742,41.7532,7.22436,0.330882
309,18,1,52,26.7308,0.19655,42.8862,7.47917,0.323529
309,19,1,52,26.9423,0.198105,44.6306,7.87981,0.330882
309,20,1,52,27.6731,0.203479,45.7804,8.19231,0.345588
309,21,1,52,29.3462,0.215781,47.9904,8.55769,0.345588
309,22,1,52,27.9904,0.205812,49.3197,8.77244,0.345588
309,23,1,52,28.8462,0.212104,51.1146,9.01923,0.375
310,0,0,129,2.56589,0.256589,12.874,1.83915,1
310,1,0,129,2.50388,0.250388,13.5071,1.92959,0.7
310,2,0,129,2.70543,0.270543,14.5788,2.08269,0.7
310,3,0,129,2.78295,0.278295,14.7461,2.10659,0.7
310,4,0,129,2.76744,0.276744,14.7733,2.11047,0.8
310,5,0,129,2.72868,0.272868,14.9134,2.13049,0.8
310,6,0,129,2.87597,0.287597,15.3023,2.18605,0.8
310,7,0,129,2.81395,0.281395,14.2984,2.04264,0.8
310,8,0,129,2.49612,0.249612,12.4942,1.78488,0.7
310,9,0,129,2.35659,0.235659,11.0065,1.57235,0.6
310,10,0,129,2.24806,0.224806,9.64083,1.37726,1
310,11,0,129,2.10853,0.210853,10.0433,1.43475,0.7
310,12,0,129,2.46512,0.246512,12.3857,1.76938,0.7
310,13,0,129,2.48062,0.248062,10.8934,1.5562,1
310,14,0,129,1.97674,0.197674,8.05814,1.15116,0.7
310,15,0,129,1.62791,0.162791,6.29457,0.899225,0.8
310,16,0,129,1.57364,0.157364,5.37661,0.768088,1
310,17,0,129,1.41085,0.141085,5.21835,0.745478,1
310,18,0,129,1.48062,0.148062,6.15439,0.879199,0.8
310,19,0,129,1.45736,0.145736,6.24935,0.892765,0.5
310,20,0,129,1.55039,0.155039,7.33915,1.04845,0.5
310,21,0,129,1.86047,0.186047,9.26098,1.323,0.6
310,22,0,129,2.00775,0.200775,10.0207,1.43152,0.6
310,23,0,129,2.23256,0.223256,11.332,1.61886,0.7
310,0,1,52,2.21154,0.221154,12.5978,1.79968,0.5
310,1,1,52,2.23077,0.223077,13.0353,1.86218,0.5
310,2,1,52,2.46154,0.246154,13.7756,1.96795,0.5
310,3,1,52,2.53846,0.253846,14.4712,2.06731,0.5
310,4,1,52,2.51923,0.251923,14.6282,2.08974,0.7
310,5,1,52,2.61538,0.261538,14.7067,2.10096,0.7
310,6,1,52,2.65385,0.265385,14.5946,2.08494,0.7
310,7,1,52,2.53846,0.253846,13.8654,1.98077,0.7
310,8,1,52,2.38462,0.238462,12.351,1.76442,0.7
310,9,1,52,2.11538,0.211538,11.0833,1.58333,0.7
310,10,1,52,2.05769,0.205769,9.60256,1.37179,0.6
310,11,1,52,1.67308,0.167308,8.88462,1.26923,0.6
310,12,1,52,2.09615,0.209615,9.77083,1.39583,0.7
310,13,1,52,1.71154,0.171154,7.42628,1.0609,0.5
310,14,1,52,1.48077,0.148077,6.21474,0.887821,0.4
310,15,1,52,1.32692,0.132692,5.14904,0.735577,0.6
310,16,1,52,1.23077,0.123077,5.59776,0.799679,0.6
310,17,1,52,1.26923,0.126923,5.26122,0.751603,0.6
310,18,1,52,1.26923,0.126923,6.20353,0.886218,0.6
310,19,1,52,1.53846,0.153846,7.15705,1.02244,0.6
310,20,1,52,1.65385,0.165385,9.23237,1.31891,0.6
310,21,1,52,2.07692,0.207692,11.4647,1.63782,0.7
310,22,1,52,2.40385,0.240385,12.25,1.75,1
310,23,1,52,2.25,0.225,12.3285,1.76122,0.7
311,0,0,129,16.845,0.263203,68.3065,10.2332,0.5625
311,1,0,129,17.2481,0.269501,68.189,10.2164,0.5625
311,2,0,129,16.9341,0.264595,67.9561,10.1796,0.5625
311,3,0,129,16.7636,0.261931,67.4225,10.1027,0.5625
311,4,0,129,16.9884,0.265443,67.3253,10.082,0.5625
311,5,0,129,16.5659,0.258842,67.0065,9.99742,0.546875
311,6,0,129,16.0504,0.250787,66.1518,9.89793,0.5625
311,7,0,129,15.7093,0.245458,56.3437,8.55943,0.5625
311,8,0,129,14.2713,0.222989,50.2096,7.86434,0.515625
311,9,0,129,13.7791,0.215298,49.8524,7.81008,0.515625
311,10,0,129,12.7558,0.19931,47.2048,7.43346,0.5
311,11,0,129,13.2791,0.207485,45.3282,7.11822,0.5
311,12,0,129,13.2209,0.206577,43.9173,6.87597,0.515625
311,13,0,129,12.9729,0.202701,41.7445,6.53101,0.5
311,14,0,129,12.2248,0.191013,40.1731,6.3553,0.453125
311,15,0,129,12.4264,0.194162,36.5036,5.81654,0.484375
311,16,0,129,10.9225,0.170664,35.97,5.71124,0.453125
311,17,0,129,12.0465,0.188227,39.2529,6.16408,0.515625
311,18,0,129,12.4574,0.194646,46.8091,7.19444,0.5
311,19,0,129,14.2791,0.22311,53.8114,8.15891,0.546875
311,20,0,129,15.2829,0.238796,58.7516,8.83979,0.53125
311,21,0,129,15.1047,0.23601,63.1877,9.47028,0.5625
311,22,0,129,15.3992,0.240613,66.2739,9.93798,0.546875
311,23,0,129,16.5969,0.259327,67.9787,10.2028,0.5625
311,0,1,52,16.6731,0.260517,72.7764,10.9391,0.5625
311,1,1,52,16.9327,0.264573,72.9503,10.976,0.5625
311,2,1,52,16.3942,0.25616,73.0737,11.0112,0.5625
311,3,1,52,18.0385,0.281851,73.0513,11.0304,0.5625
311,4,1,52,16.2885,0.254507,72.9784,11.0048,0.5625
311,5,1,52,17.6346,0.275541,72.7316,10.9167,0.5625
311,6,1,52,17.4423,0.272536,72.5577,10.9247,0.5625
311,7,1,52,17.3077,0.270433,71.2845,10.8269,0.5625
311,8,1,52,17.4615,0.272837,69.3718,10.5769,0.5625
311,9,1,52,17.0769,0.266827,63.7404,9.74199,0.53125
311,10,1,52,16.9808,0.265325,59.7412,9.16667,0.546875
311,11,1,52,16.5962,0.259315,57.6434,8.86538,0.546875
311,12,1,52,15.1346,0.236478,58.3558,8.89904,0.546875
311,13,1,52,15.1154,0.236178,58.6026,8.87179,0.546875
311,14,1,52,14.3462,0.224159,56.9479,8.64744,0.53125
311,15,1,52,15.75,0.246094,53.6723,8.19071,0.515625
311,16,1,52,14.4615,0.225962,50.8454,7.75962,0.546875
311,17,1,52,14.3654,0.224459,50.0825,7.65064,0.46875
311,18,1,52,14.0769,0.219952,52.601,8.03686,0.484375
311,19,1,52,14.7115,0.229868,55.972,8.47756,0.5
311,20,1,52,14.1346,0.220853,59.6683,8.97596,0.53125
311,21,1,52,15.6154,0.24399,62.9439,9.45513,0.5
311,22,1,52,16.7788,0.262169,66.2196,9.96154,0.546875
311,23,1,52,15.3269,0.239483,68.508,10.3077,0.515625
316,0,0,129,1.92248,0.48062,12.9147,1.84496,1
316,1,0,129,1.89922,0.474806,13.0052,1.85788,1
316,2,0,129,1.90698,0.476744,13.0459,1.8637,1
316,3,0,129,1.90698,0.476744,12.9464,1.84948,1
316,4,0,129,1.92248,0.48062,12.9464,1.84948,1
316,5,0,129,1.90698,0.476744,12.9554,1.85078,1
316,6,0,129,1.93023,0.482558,13.0052,1.85788,1
316,7,0,129,1.7907,0.447674,11.5084,1.64406,1
316,8,0,129,1.65116,0.412791,11.4948,1.64212,1
316,9,0,129,1.72093,0.430233,11.8475,1.69251,1
316,10,0,129,1.84496,0.46124,12.2048,1.74354,1
316,11,0,129,1.82171,0.455426,12.2545,1.75065,1
316,12,0,129,1.91473,0.478682,13.385,1.91214,1
316,13,0,129,2.09302,0.523256,13.7061,1.95801,1
316,14,0,129,2.02326,0.505814,13.8101,1.97287,1
316,15,0,129,2.06977,0.517442,13.8508,1.97868,1
316,16,0,129,2.17054,0.542636,14.0995,2.01421,1
316,17,0,129,2.12403,0.531008,13.5795,1.93992,1
316,18,0,129,2.03101,0.507752,13.7332,1.96189,1
316,19,0,129,2.12403,0.531008,14.3889,2.05556,1
316,20,0,129,2.13953,0.534884,14.5652,2.08075,1
316,21,0,129,2.14729,0.536822,14.1673,2.0239,1
316,22,0,129,2.06202,0.515504,13.8327,1.9761,1
316,23,0,129,2.0155,0.503876,13.5795,1.93992,1
316,0,1,52,1.96154,0.490385,12.9792,1.85417,1
316,1,1,52,1.98077,0.495192,13.2372,1.89103,1
316,2,1,52,1.98077,0.495192,13.1923,1.88462,1
316,3,1,52,2.01923,0.504808,13.0913,1.87019,1
316,4,1,52,1.94231,0.485577,13.0353,1.86218,1
316,5,1,52,2.01923,0.504808,13.1811,1.88301,1
316,6,1,52,2,0.5,12.9679,1.85256,1
316,7,1,52,1.96154,0.490385,12.3958,1.77083,1
316,8,1,52,1.86538,0.466346,11.9696,1.70994,1
316,9,1,52,1.82692,0.456731,11.6554,1.66506,1
316,10,1,52,1.73077,0.432692,11.9471,1.70673,1
316,11,1,52,1.86538,0.466346,12.1827,1.74038,1
316,12,1,52,1.78846,0.447115,12.0817,1.72596,1
316,13,1,52,1.86538,0.466346,12.2612,1.7516,1
316,14,1,52,1.82692,0.456731,11.8349,1.69071,1
316,15,1,52,1.65385,0.413462,10.7468,1.53526,1
316,16,1,52,1.63462,0.408654,10.8814,1.55449,1
316,17,1,52,1.63462,0.408654,11.5657,1.65224,0.75
316,18,1,52,1.80769,0.451923,11.8574,1.69391,1
316,19,1,52,1.78846,0.447115,11.7564,1.67949,1
316,20,1,52,1.86538,0.466346,11.9808,1.71154,1
316,21,1,52,1.76923,0.442308,11.633,1.66186,1
316,22,1,52,1.75,0.4375,11.5657,1.65224,1
316,23,1,52,1.73077,0.432692,11.3638,1.6234,1
320,0,0,129,3.6124,0.144496,9.23159,1.6615,0.28
320,1,0,129,3.57364,0.142946,9.23385,1.65568,0.24
320,2,0,129,3.62791,0.145116,9.16602,1.64922,0.24
320,3,0,129,3.51938,0.140775,9.02584,1.62532,0.24
320,4,0,129,3.58915,0.143566,9.12532,1.64212,0.24
320,5,0,129,3.55814,0.142326,9.34464,1.68346,0.24
320,6,0,129,3.53488,0.141395,9.22255,1.66925,0.24
320,7,0,129,3.36434,0.134574,7.19671,1.34173,0.24
320,8,0,129,3.03101,0.12124,8.52842,1.39018,0.24
320,9,0,129,4.6124,0.184496,22.1034,3.3947,0.36
320,10,0,129,5.64729,0.225891,25.0019,3.84367,0.4
320,11,0,129,5.92248,0.236899,25.7582,3.96964,0.44
320,12,0,129,5.86822,0.234729,24.8233,3.84755,0.48
320,13,0,129,5.56202,0.222481,22.5849,3.53359,0.44
320,14,0,129,5.36434,0.214574,22.0536,3.43475,0.44
320,15,0,129,5.2093,0.208372,20.8689,3.25646,0.4
320,16,0,129,5.0969,0.203876,19.8944,3.06783,0.4
320,17,0,129,4.95736,0.198295,19.0601,2.98837,0.4
320,18,0,129,4.65116,0.186047,12.6005,2.09755,0.4
320,19,0,129,3.5969,0.143876,9.70187,1.70801,0.32
320,20,0,129,3.64341,0.145736,9.56621,1.6854,0.28
320,21,0,129,3.62016,0.144806,9.37177,1.67442,0.28
320,22,0,129,3.65116,0.146047,9.53004,1.69832,0.28
320,23,0,129,3.62791,0.145116,9.29037,1.66408,0.28
320,0,1,52,3.51923,0.140769,9.41747,1.7516,0.2
320,1,1,52,3.55769,0.142308,9.39503,1.75,0.24
320,2,1,52,3.57692,0.143077,9.51282,1.76282,0.24
320,3,1,52,3.63462,0.145385,9.63622,1.77885,0.24
320,4,1,52,3.55769,0.142308,9.55208,1.75481,0.24
320,5,1,52,3.67308,0.146923,9.72035,1.78045,0.24
320,6,1,52,3.61538,0.144615,9.65304,1.76923,0.24
320,7,1,52,3.63462,0.145385,9.15385,1.69391,0.24
320,8,1,52,3.48077,0.139231,8.96875,1.63462,0.24
320,9,1,52,3.53846,0.141538,9.91106,1.74038,0.24
320,10,1,52,3.5,0.14,9.69792,1.67468,0.32
320,11,1,52,3.40385,0.136154,10.2981,1.73237,0.28
320,12,1,52,3.59615,0.143846,10.4327,1.75962,0.28
320,13,1,52,3.75,0.15,10.601,1.80449,0.28
320,14,1,52,3.55769,0.142308,10.5505,1.77404,0.28
320,15,1,52,3.75,0.15,11.145,1.84615,0.32
320,16,1,52,3.63462,0.145385,10.9599,1.81891,0.32
320,17,1,52,3.59615,0.143846,10.27,1.72917,0.32
320,18,1,52,3.51923,0.140769,9.51282,1.67468,0.24
320,19,1,52,3.46154,0.138462,8.80609,1.57692,0.24
320,20,1,52,3.32692,0.133077,8.57051,1.55609,0.24
320,21,1,52,3.42308,0.136923,8.31811,1.54647,0.24
320,22,1,52,3.44231,0.137692,8.54808,1.61699,0.24
320,23,1,52,3.42308,0.136923,8.6266,1.62981,0.24
321,0,0,129,8.47287,0.192565,9.68152,1.38307,1
321,1,0,129,6.75969,0.153629,9.7584,1.39406,0.545455
321,2,0,129,7.05426,0.160324,9.51873,1.35982,0.522727
321,3,0,129,6.41085,0.145701,9.60013,1.37145,0.409091
321,4,0,129,7.82946,0.177942,9.59561,1.3708,0.522727
321,5,0,129,6.96899,0.158386,9.3876,1.34109,0.545455
321,6,0,129,7.90698,0.179704,9.29716,1.32817,0.431818
321,7,0,129,7.15504,0.162615,14.303,2.04328,0.431818
321,8,0,129,9.36434,0.212826,39.323,5.61757,0.5
321,9,0,129,13.7752,0.313073,59.803,8.54328,0.590909
321,10,0,129,14.7287,0.334743,62.584,8.94057,1
321,11,0,129,14.5969,0.331748,61.5078,8.78682,0.568182
321,12,0,129,14.3411,0.325934,57.5058,8.21512,0.568182
321,13,0,129,13.9922,0.318006,54.9012,7.84302,1
321,14,0,129,13.5891,0.308844,54.3269,7.76098,0.568182
321,15,0,129,13.2868,0.301973,52.3689,7.48127,0.590909
321,16,0,129,12.9147,0.293517,50.6912,7.2416,0.590909
321,17,0,129,12.5349,0.284884,42.5607,6.0801,0.590909
321,18,0,129,10.6899,0.242953,30.3107,4.3301,0.568182
321,19,0,129,9.22481,0.209655,20.5071,2.92959,0.522727
321,20,0,129,8.6124,0.195736,14.8094,2.11563,0.477273
321,21,0,129,8.05426,0.183051,11.2913,1.61305,0.454545
321,22,0,129,7.66667,0.174242,10.5769,1.51098,0.477273
321,23,0,129,7.52713,0.171071,10.292,1.47028,0.431818
321,0,1,52,7.76923,0.176573,10.8029,1.54327,0.409091
321,1,1,52,7.69231,0.174825,10.7131,1.53045,0.431818
321,2,1,52,7.03846,0.159965,10.9151,1.55929,0.522727
321,3,1,52,7.36538,0.167395,10.6234,1.51763,0.522727
321,4,1,52,7.71154,0.175262,10.7356,1.53365,0.522727
321,5,1,52,7.98077,0.181381,10.6346,1.51923,0.431818
321,6,1,52,8.82692,0.200612,10.758,1.53686,0.522727
321,7,1,52,7.13462,0.16215,11.3077,1.61538,0.431818
321,8,1,52,7.30769,0.166084,18.3638,2.6234,0.409091
321,9,1,52,9.78846,0.222465,23.0753,3.29647,0.477273
321,10,1,52,9.71154,0.220717,24.2532,3.46474,0.636364
321,11,1,52,10.2115,0.23208,24.4551,3.49359,0.522727
321,12,1,52,8.73077,0.198427,23.109,3.30128,0.522727
321,13,1,52,8.63462,0.196241,23.4006,3.34295,0.431818
321,14,1,52,9.67308,0.219843,23.5689,3.36699,0.431818
321,15,1,52,9.92308,0.225524,22.4022,3.20032,0.431818
321,16,1,52,9.63462,0.218969,22.0657,3.15224,0.545455
321,17,1,52,9.28846,0.211101,18.9583,2.70833,0.454545
321,18,1,52,8.59615,0.195367,16.5128,2.35897,0.545455
321,19,1,52,7.38462,0.167832,13.1587,1.87981,0.409091
321,20,1,52,7.48077,0.170017,10.9375,1.5625,0.522727
321,21,1,52,8.63462,0.196241,9.89423,1.41346,0.522727
321,22,1,52,8.28846,0.188374,10.1859,1.45513,1
321,23,1,52,6.76923,0.153846,10.0737,1.4391,0.409091
322,0,0,129,5.02326,0.209302,31.5769,4.51098,1
322,1,0,129,5.55814,0.231589,33.5394,4.79134,0.458333
322,2,0,129,5.5969,0.233204,33.657,4.80814,0.458333
322,3,0,129,5.49612,0.229005,33.2726,4.75323,0.458333
322,4,0,129,5.44961,0.227067,32.4948,4.64212,0.458333
322,5,0,129,5.34109,0.222545,31.9612,4.56589,0.458333
322,6,0,129,5.41085,0.225452,32.219,4.60271,0.458333
322,7,0,129,5.10853,0.212855,30.6408,4.37726,0.458333
322,8,0,129,5.10853,0.212855,29.1983,4.17119,0.416667
322,9,0,129,4.73643,0.197351,26.761,3.823,0.416667
322,10,0,129,4.7907,0.199612,26.3857,3.76938,1
322,11,0,129,4.68992,0.195413,26.7429,3.82041,0.5
322,12,0,129,4.73643,0.197351,28.2894,4.04134,0.541667
322,13,0,129,5.08527,0.211886,28.3075,4.04393,1
322,14,0,129,4.6124,0.192183,26.553,3.79328,0.458333
322,15,0,129,4.39535,0.18314,24.708,3.52972,0.458333
322,16,0,129,4.10078,0.170866,23.5504,3.36434,0.416667
322,17,0,129,4.00775,0.16699,22.8314,3.26163,0.416667
322,18,0,129,4.06202,0.169251,24.4141,3.48773,0.458333
322,19,0,129,4.27132,0.177972,24.7306,3.53295,0.416667
322,20,0,129,4.4031,0.183463,25.0607,3.5801,0.458333
322,21,0,129,4.24806,0.177003,25.522,3.64599,0.5
322,22,0,129,4.52713,0.18863,26.7248,3.81783,0.5
322,23,0,129,4.65891,0.194121,27.991,3.99871,0.5
322,0,1,52,4.73077,0.197115,33.0256,4.71795,0.458333
322,1,1,52,5.71154,0.237981,34.4391,4.91987,0.458333
322,2,1,52,5.61538,0.233974,34.3269,4.90385,0.458333
322,3,1,52,5.82692,0.242788,33.9679,4.85256,0.458333
322,4,1,52,5.61538,0.233974,32.7676,4.68109,0.458333
322,5,1,52,5.38462,0.224359,32.0609,4.58013,0.416667
322,6,1,52,5.44231,0.226763,31.5112,4.5016,0.416667
322,7,1,52,5.42308,0.225962,30.6026,4.37179,0.416667
322,8,1,52,5.15385,0.214744,29.5032,4.21474,0.416667
322,9,1,52,5,0.208333,27.3494,3.90705,0.416667
322,10,1,52,4.53846,0.189103,26.1939,3.74199,0.416667
322,11,1,52,4.57692,0.190705,25.5208,3.64583,0.416667
322,12,1,52,4.69231,0.195513,26.0817,3.72596,0.416667
322,13,1,52,4.51923,0.188301,24.9936,3.57051,0.416667
322,14,1,52,4.34615,0.18109,23.8045,3.40064,0.416667
322,15,1,52,4.09615,0.170673,22.0994,3.15705,0.416667
322,16,1,52,3.75,0.15625,20.6747,2.95353,0.416667
322,17,1,52,3.80769,0.158654,20.1026,2.87179,0.458333
322,18,1,52,3.69231,0.153846,20.0801,2.86859,0.458333
322,19,1,52,3.71154,0.154647,20.3381,2.90545,0.416667
322,20,1,52,3.69231,0.153846,20.4728,2.92468,0.416667
322,21,1,52,3.73077,0.155449,20.8878,2.98397,0.416667
322,22,1,52,4.19231,0.174679,22.8958,3.27083,1
322,23,1,52,4.28846,0.178686,24.3542,3.47917,0.458333
323,0,0,129,3.48062,0.0848932,12.9193,1.84561,1
323,1,0,129,2.53488,0.0618264,12.6932,1.81331,0.487805
323,2,0,129,2.36434,0.0576669,12.3902,1.77003,0.121951
323,3,0,129,2.39535,0.0584231,12.1324,1.7332,0.317073
323,4,0,129,2.28682,0.0557761,12.0329,1.71899,0.121951
323,5,0,129,2.31783,0.0565324,12.2048,1.74354,0.121951
323,6,0,129,2.29457,0.0559652,12.3947,1.77067,0.121951
323,7,0,129,2.94574,0.0718472,28.199,4.02842,0.170732
323,8,0,129,7.4031,0.180563,72.8127,10.4018,0.341463
323,9,0,129,16.5271,0.403101,147.357,21.051,1
323,10,0,129,25.4651,0.6211,173.49,24.7842,1
323,11,0,129,25.6202,0.624882,171.889,24.5556,0.902439
323,12,0,129,25.3178,0.617508,166.39,23.77,1
323,13,0,129,23.6124,0.575912,160.272,22.896,1
323,14,0,129,23.3953,0.570618,161.226,23.0323,1
323,15,0,129,23.4651,0.57232,157.997,22.5711,0.853659
323,16,0,129,23.4651,0.57232,155.741,22.2487,1
323,17,0,129,22.9147,0.558896,146.837,20.9767,1
323,18,0,129,19.7597,0.481944,114.817,16.4025,0.804878
323,19,0,129,13.4884,0.328985,73.6899,10.5271,0.609756
323,20,0,129,9.12403,0.222537,48.8417,6.97739,0.414634
323,21,0,129,5.75194,0.140291,29.1576,4.16537,0.292683
323,22,0,129,3.56589,0.086973,18.7978,2.6854,0.195122
323,23,0,129,2.78295,0.0678767,15.1034,2.15762,0.195122
323,0,1,52,2.46154,0.0600375,12.1939,1.74199,0.121951
323,1,1,52,2.36538,0.0576923,12.2837,1.75481,0.121951
323,2,1,52,2.25,0.054878,11.891,1.69872,0.121951
323,3,1,52,2.23077,0.054409,11.5545,1.65064,0.121951
323,4,1,52,2.25,0.054878,11.3638,1.6234,0.121951
323,5,1,52,2.15385,0.0525328,11.2067,1.60096,0.097561
323,6,1,52,2.17308,0.0530019,11.3189,1.61699,0.097561
323,7,1,52,2.30769,0.0562852,12.9567,1.85096,0.097561
323,8,1,52,2.88462,0.0703565,18.5881,2.65545,0.195122
323,9,1,52,4.15385,0.101313,33.7099,4.81571,0.536585
323,10,1,52,5.90385,0.143996,38.9487,5.5641,0.829268
323,11,1,52,6.28846,0.153377,40.3958,5.77083,0.829268
323,12,1,52,6.48077,0.158068,42.1683,6.02404,0.804878
323,13,1,52,6.80769,0.166041,43.649,6.23558,0.780488
323,14,1,52,7.25,0.176829,43.7163,6.24519,0.707317
323,15,1,52,6.84615,0.166979,41.9551,5.99359,0.682927
323,16,1,52,6.15385,0.150094,38.8253,5.54647,0.658537
323,17,1,52,5.86538,0.143058,35.7292,5.10417,0.609756
323,18,1,52,5.51923,0.134615,30.5128,4.35897,0.609756
323,19,1,52,4.32692,0.105535,21.8413,3.12019,0.439024
323,20,1,52,3.25,0.0792683,16.1987,2.3141,0.243902
323,21,1,52,2.55769,0.0623827,13.024,1.86058,0.195122
323,22,1,52,3.09615,0.0755159,11.1955,1.59936,1
323,23,1,52,2.23077,0.054409,10.5449,1.50641,0.146341
324,0,0,129,6.0814,0.101357,25.4541,3.93282,0.266667
324,1,0,129,6.06202,0.101034,25.5016,3.9438,0.25
324,2,0,129,6.21705,0.103618,25.6192,3.96124,0.25
324,3,0,129,6,0.1,25.3433,3.9115,0.25
324,4,0,129,5.91473,0.0985788,25.3026,3.90375,0.25
324,5,0,129,5.99225,0.0998708,25.3547,3.92054,0.25
324,6,0,129,6.02326,0.100388,25.4383,3.9354,0.266667
324,7,0,129,6.00775,0.100129,24.6605,3.85982,0.25
324,8,0,129,6.17054,0.102842,33.9871,5.22739,0.25
324,9,0,129,9.13953,0.152326,52.3349,7.86305,0.416667
324,10,0,129,10.469,0.174483,53.4587,8.06008,0.383333
324,11,0,129,10,0.166667,51.9008,7.82752,0.383333
324,12,0,129,9.73256,0.162209,50.5895,7.61628,0.35
324,13,0,129,9.5155,0.158592,50.0875,7.52455,0.366667
324,14,0,129,9.46512,0.157752,49.009,7.31718,0.383333
324,15,0,129,9.35659,0.155943,48.6699,7.26098,0.366667
324,16,0,129,9.4845,0.158075,48.6156,7.25711,0.35
324,17,0,129,9.53876,0.158979,49.832,7.427,0.366667
324,18,0,129,9.3876,0.15646,41.0187,6.16731,0.333333
324,19,0,129,7.12403,0.118734,31.5181,4.81008,0.316667
324,20,0,129,6.77519,0.11292,28.8298,4.41085,0.283333
324,21,0,129,6.24031,0.104005,25.6667,3.927,0.266667
324,22,0,129,5.99225,0.0998708,24.7962,3.80749,0.283333
324,23,0,129,5.96124,0.099354,24.8098,3.79974,0.3
324,0,1,52,5.73077,0.0955128,24.6234,3.78686,0.266667
324,1,1,52,5.78846,0.0964744,24.9319,3.83974,0.25
324,2,1,52,5.69231,0.0948718,24.6346,3.79327,0.25
324,3,1,52,5.82692,0.0971154,24.2756,3.72756,0.25
324,4,1,52,5.80769,0.0967949,24.1298,3.71635,0.25
324,5,1,52,5.88462,0.0980769,24.0008,3.70673,0.25
324,6,1,52,5.73077,0.0955128,23.9335,3.70192,0.25
324,7,1,52,5.82692,0.0971154,24.0401,3.72917,0.25
324,8,1,52,5.94231,0.0990385,25.7115,3.94872,0.25
324,9,1,52,5.98077,0.0996795,27.0184,4.12981,0.266667
324,10,1,52,6.42308,0.107051,27.2091,4.17468,0.333333
324,11,1,52,6.55769,0.109295,27.4559,4.19391,0.233333
324,12,1,52,6.26923,0.104487,27.254,4.16186,0.233333
324,13,1,52,6.03846,0.100641,26.9175,4.05449,0.2
324,14,1,52,5.86538,0.0977564,25.3638,3.80288,0.2
324,15,1,52,5.48077,0.0913462,25.1506,3.79968,0.216667
324,16,1,52,5.61538,0.0935897,24.8478,3.75,0.216667
324,17,1,52,5.42308,0.0903846,24.1466,3.70353,0.216667
324,18,1,52,5.59615,0.0932692,23.8381,3.68429,0.25
324,19,1,52,5.38462,0.0897436,23.8718,3.75962,0.2
324,20,1,52,5.78846,0.0964744,24.7804,3.92949,0.2
324,21,1,52,5.82692,0.0971154,24.9655,3.92788,0.2
324,22,1,52,6.00962,0.10016,26.1154,4.10577,0.2
324,23,1,52,6.01923,0.100321,26.3285,4.13942,0.2
325,0,0,129,5.93798,0.121183,29.3249,4.18928,0.693878
325,1,0,129,5.70543,0.116437,29.4154,4.2022,0.265306
325,2,0,129,5.73643,0.11707,29.2933,4.18475,0.265306
325,3,0,129,5.78295,0.118019,29.1486,4.16408,0.265306
325,4,0,129,5.71318,0.116595,28.832,4.11886,0.265306
325,5,0,129,5.72868,0.116912,28.8456,4.1208,0.265306
325,6,0,129,5.75194,0.117386,28.927,4.13243,0.265306
325,7,0,129,5.5969,0.114222,29.7364,4.24806,0.265306
325,8,0,129,7.16279,0.146179,65.1253,9.30362,0.265306
325,9,0,129,14.8372,0.3028,97.7422,13.9632,0.510204
325,10,0,129,16.4264,0.335232,103.775,14.8249,0.530612
325,11,0,129,16.7907,0.342667,104.607,14.9438,0.530612
325,12,0,129,16.7829,0.342509,102.305,14.615,0.693878
325,13,0,129,16.0194,0.326926,98.7959,14.1137,0.581633
325,14,0,129,15.5426,0.317197,97.272,13.896,0.510204
325,15,0,129,15.2481,0.311185,94.7984,13.5426,0.489796
325,16,0,129,15.2713,0.31166,92.5375,13.2196,0.755102
325,17,0,129,14.876,0.303591,86.0711,12.2959,0.632653
325,18,0,129,12.4186,0.253441,69.073,9.86757,0.387755
325,19,0,129,10.124,0.206613,54.3495,7.76421,0.408163
325,20,0,129,8.05426,0.164373,40.6751,5.81072,0.346939
325,21,0,129,6.13953,0.125297,29.9761,4.2823,0.306122
325,22,0,129,5.51938,0.11264,27.9774,3.99677,0.265306
325,23,0,129,5.51938,0.11264,28.3301,4.04716,0.265306
325,0,1,52,5.59615,0.114207,31.0401,4.43429,0.204082
325,1,1,52,5.88462,0.120094,30.9167,4.41667,0.204082
325,2,1,52,5.90385,0.120487,30.6362,4.3766,0.204082
325,3,1,52,5.76923,0.117739,30.5128,4.35897,0.204082
325,4,1,52,5.69231,0.11617,30.4904,4.35577,0.204082
325,5,1,52,5.80769,0.118524,30.5801,4.36859,0.22449
325,6,1,52,5.75,0.117347,30.2324,4.31891,0.204082
325,7,1,52,5.73077,0.116954,29.3686,4.19551,0.204082
325,8,1,52,5.76923,0.117739,34.5962,4.94231,0.22449
325,9,1,52,6.98077,0.142465,42.516,6.07372,0.44898
325,10,1,52,8.03846,0.16405,45.8253,6.54647,0.489796
325,11,1,52,8.25,0.168367,45.8253,6.54647,0.44898
325,12,1,52,8.05769,0.164443,46.5881,6.65545,0.469388
325,13,1,52,7.94231,0.162088,44.5801,6.36859,0.469388
325,14,1,52,8.17308,0.166797,45.8365,6.54808,0.469388
325,15,1,52,8.05769,0.164443,45.4776,6.49679,0.44898
325,16,1,52,7.84615,0.160126,45.1186,6.44551,0.44898
325,17,1,52,7.65385,0.156201,42.0673,6.00962,0.44898
325,18,1,52,7.19231,0.146782,36.9295,5.27564,0.387755
325,19,1,52,6.48077,0.132261,32.4872,4.64103,0.265306
325,20,1,52,5.90385,0.120487,29.2901,4.18429,0.22449
325,21,1,52,5.40385,0.110283,27.7981,3.97115,0.204082
325,22,1,52,5.49038,0.112049,28.9535,4.13622,0.204082
325,23,1,52,5.84615,0.119309,30.3782,4.33974,0.204082
326,0,0,129,13.6977,0.129223,34.9616,5.36434,0.528302
326,1,0,129,14.1628,0.133611,34.1544,5.2345,0.528302
326,2,0,129,13.4264,0.126664,33.3834,5.12597,0.518868
326,3,0,129,13.7442,0.129662,32.7141,5.01809,0.518868
326,4,0,129,13.2946,0.125421,32.7594,5.02584,0.518868
326,5,0,129,14.5271,0.137048,32.5491,4.99031,0.518868
326,6,0,129,13.4806,0.127176,32.2235,4.94961,0.518868
326,7,0,129,13.5891,0.1282,37.2972,5.62855,0.518868
326,8,0,129,17.6744,0.16674,84.1673,12.3482,0.518868
326,9,0,129,24.3023,0.229267,123.576,18.3094,0.556604
326,10,0,129,30.7907,0.290478,156.247,23.4444,0.632075
326,11,0,129,32.8372,0.309785,160.76,24.2442,0.660377
326,12,0,129,34.031,0.321047,157.807,23.8973,0.811321
326,13,0,129,32.4961,0.306567,150.719,22.8966,0.90566
326,14,0,129,30.7287,0.289893,149.381,22.7952,0.622642
326,15,0,129,31.9225,0.301155,148.524,22.6789,0.650943
326,16,0,129,33.031,0.311613,146.22,22.3256,0.858491
326,17,0,129,32.4341,0.305982,141.368,21.5904,0.858491
326,18,0,129,29.4884,0.278192,115.136,17.6415,0.622642
326,19,0,129,24.2171,0.228463,92.1147,14.0866,0.613208
326,20,0,129,21.4651,0.202501,70.2487,10.7054,0.59434
326,21,0,129,16.5891,0.156501,47.4151,7.2345,0.575472
326,22,0,129,15.1628,0.143045,39.9176,6.10271,0.575472
326,23,0,129,14.4341,0.136171,36.3973,5.57494,0.54717
326,0,1,52,13.6538,0.12881,38.7412,5.88942,0.424528
326,1,1,52,13.6731,0.128991,38.5729,5.85256,0.424528
326,2,1,52,12.7115,0.11992,37.6026,5.69712,0.216981
326,3,1,52,13.4423,0.126814,37.2043,5.64263,0.40566
326,4,1,52,13.3269,0.125726,36.9239,5.60737,0.462264
326,5,1,52,13.3269,0.125726,36.1891,5.49199,0.424528
326,6,1,52,13.2115,0.124637,35.976,5.44872,0.45283
326,7,1,52,13.8077,0.130261,35.7067,5.38782,0.45283
326,8,1,52,12.7885,0.120646,39.6667,5.92308,0.226415
326,9,1,52,13.9038,0.131168,44.3333,6.58654,0.424528
326,10,1,52,13.9615,0.131713,44.9615,6.68269,0.301887
326,11,1,52,14.0577,0.13262,45.0737,6.69391,0.311321
326,12,1,52,14.3846,0.135704,42.9928,6.43269,0.40566
326,13,1,52,14.3269,0.13516,42.2244,6.35577,0.433962
326,14,1,52,14.8846,0.140421,41.5288,6.29167,0.433962
326,15,1,52,13.5962,0.128266,41.3381,6.26282,0.301887
326,16,1,52,13.4615,0.126996,40.2388,6.10417,0.292453
326,17,1,52,14.3077,0.134978,38.6963,5.89583,0.40566
326,18,1,52,13.1346,0.123911,37.3894,5.71474,0.254717
326,19,1,52,12.4423,0.11738,36.4976,5.59776,0.216981
326,20,1,52,12.6731,0.119557,37.0304,5.66987,0.207547
326,21,1,52,12.7308,0.120102,38.3822,5.84776,0.216981
326,22,1,52,13.0192,0.122823,38.5673,5.85897,0.216981
326,23,1,52,13.7115,0.129354,37.8718,5.74679,0.40566
328,0,0,129,27.5465,0.367287,161.981,24.7642,0.813333
328,1,0,129,30.2946,0.403928,170.256,25.9535,0.56
328,2,0,129,30.3333,0.404444,171.453,26.1298,0.586667
328,3,0,129,30.5194,0.406925,170.684,26.0213,0.586667
328,4,0,129,30.4574,0.406098,169.795,25.8953,0.573333
328,5,0,129,30.2558,0.403411,169.228,25.8094,0.56
328,6,0,129,30.3488,0.404651,169.092,25.7868,0.56
328,7,0,129,29.4496,0.392662,155.515,23.7371,0.56
328,8,0,129,24.7597,0.330129,116.337,17.719,0.48
328,9,0,129,20.2248,0.269664,96.9984,14.7397,0.48
328,10,0,129,18.5116,0.246822,86.0484,13.1266,0.946667
328,11,0,129,16.9225,0.225633,79.625,12.1776,0.373333
328,12,0,129,16.8062,0.224083,78.6528,12.093,0.386667
328,13,0,129,17.0155,0.226873,77.3256,11.9115,0.96
328,14,0,129,16.1008,0.214677,74.0924,11.3818,0.4
328,15,0,129,15.5039,0.206718,68.8966,10.5426,0.426667
328,16,0,129,14.4496,0.192661,66.2649,10.1169,0.48
328,17,0,129,15.0078,0.200103,72.2632,11.0006,0.48
328,18,0,129,15.9845,0.213127,83.22,12.6331,0.4
328,19,0,129,18.7442,0.249922,105.904,16.062,0.413333
328,20,0,129,21.9845,0.293127,122.694,18.6983,0.426667
328,21,0,129,23.9302,0.31907,133.161,20.3663,0.466667
328,22,0,129,25.7287,0.343049,142.521,21.8753,0.52
328,23,0,129,26.5426,0.353902,147.093,22.5743,0.52
328,0,1,52,27.7885,0.370513,165.33,25.2933,0.48
328,1,1,52,30.4615,0.406154,172.964,26.4375,0.546667
328,2,1,52,31.0577,0.414103,173.256,26.5016,0.546667
328,3,1,52,30.6923,0.409231,172.784,26.4391,0.546667
328,4,1,52,30.6731,0.408974,172.65,26.4439,0.546667
328,5,1,52,30.9615,0.412821,173.177,26.5272,0.546667
328,6,1,52,30.8077,0.410769,171.169,26.2244,0.546667
328,7,1,52,30.25,0.403333,167.041,25.5946,0.546667
328,8,1,52,29.0385,0.387179,154.258,23.6394,0.506667
328,9,1,52,26.7115,0.356154,138.446,21.2067,0.48
328,10,1,52,24.0769,0.321026,120.722,18.5337,0.48
328,11,1,52,21.9231,0.292308,107.799,16.6442,0.453333
328,12,1,52,20.5385,0.273846,104.394,16.1683,0.453333
328,13,1,52,20.4423,0.272564,103.351,16.0304,0.413333
328,14,1,52,19.9231,0.265641,99.1498,15.3686,0.386667
328,15,1,52,19.5385,0.260513,96.738,14.9183,0.386667
328,16,1,52,19.1538,0.255385,95.5713,14.6827,0.4
328,17,1,52,18.9423,0.252564,96.8726,14.8446,0.373333
328,18,1,52,19.6731,0.262308,102.246,15.6554,0.386667
328,19,1,52,20.75,0.276667,110.037,16.8365,0.386667
328,20,1,52,21.7885,0.290513,115.466,17.7131,0.373333
328,21,1,52,22.6923,0.302564,123.106,18.9936,0.426667
328,22,1,52,24.1058,0.32141,131.183,20.2901,0.453333
328,23,1,52,25.5,0.34,137.554,21.2596,0.48
329,0,0,129,69.469,0.2735,468.882,66.1686,0.377953
329,1,0,129,73.5969,0.289752,481.858,68.0194,0.393701
329,2,0,129,73.9535,0.291155,484.375,68.4089,0.397638
329,3,0,129,74.155,0.291949,481.182,67.9729,0.397638
329,4,0,129,74.1318,0.291857,481.209,67.9716,0.397638
329,5,0,129,74.0388,0.291491,479.717,67.792,0.397638
329,6,0,129,73.969,0.291217,481.417,68.0052,0.397638
329,7,0,129,72.9457,0.287188,447.423,63.2784,0.393701
329,8,0,129,62.6202,0.246536,370.681,52.5627,0.326772
329,9,0,129,55.0853,0.216871,339.742,48.3527,0.30315
329,10,0,129,53.6434,0.211195,328.55,46.8527,0.30315
329,11,0,129,52.2403,0.205671,319.64,45.6667,0.299213
329,12,0,129,51.4651,0.202619,315.708,45.1227,0.299213
329,13,0,129,51.0543,0.201001,311.389,44.4464,0.299213
329,14,0,129,49.7597,0.195904,304.385,43.4154,0.295276
329,15,0,129,48.155,0.189587,291.565,41.5956,0.299213
329,16,0,129,47.4496,0.186809,289.507,41.3547,0.389764
329,17,0,129,48.3721,0.190441,304.615,43.449,0.389764
329,18,0,129,51.4341,0.202496,331.555,47.2229,0.295276
329,19,0,129,56.1395,0.221022,371.326,52.6789,0.314961
329,20,0,129,60.7907,0.239333,398.168,56.2655,0.326772
329,21,0,129,63.1938,0.248794,417.786,58.8953,0.326772
329,22,0,129,66.6124,0.262254,439.042,61.7558,0.350394
329,23,0,129,68.8915,0.271226,452.818,63.739,0.362205
329,0,1,52,71.5962,0.281875,488.25,68.8045,0.374016
329,1,1,52,76.1731,0.299894,500.618,70.5946,0.405512
329,2,1,52,77.9423,0.306859,506.148,71.3846,0.413386
329,3,1,52,77.7692,0.306178,507.736,71.6282,0.42126
329,4,1,52,77.4615,0.304967,507.45,71.5865,0.42126
329,5,1,52,78.0192,0.307162,508.095,71.6763,0.42126
329,6,1,52,77.1538,0.303755,503.17,71.0032,0.417323
329,7,1,52,76.9423,0.302922,493.113,69.6651,0.409449
329,8,1,52,73.8269,0.290657,468.753,66.2997,0.389764
329,9,1,52,70.1346,0.276121,438.364,61.9808,0.366142
329,10,1,52,66.5962,0.26219,409.315,57.7933,0.330709
329,11,1,52,61.3846,0.241672,381.511,53.9776,0.326772
329,12,1,52,58.8462,0.231678,367.708,52.1106,0.326772
329,13,1,52,57.4423,0.226151,358.026,50.7901,0.326772
329,14,1,52,56.1346,0.221002,349.041,49.5064,0.326772
329,15,1,52,55.6538,0.21911,339.208,48.1603,0.326772
329,16,1,52,53.5769,0.210933,336.533,47.7901,0.326772
329,17,1,52,53.4231,0.210327,337.268,47.9631,0.326772
329,18,1,52,54.8846,0.216081,349.007,49.6378,0.326772
329,19,1,52,56.9423,0.224182,366.12,51.8798,0.326772
329,20,1,52,59.4808,0.234176,380.692,53.8157,0.326772
329,21,1,52,61.1731,0.240839,398.972,56.3526,0.326772
329,22,1,52,63.9615,0.251817,421.234,59.4647,0.334646
329,23,1,52,67.5769,0.266051,435.526,61.476,0.350394
330,0,0,129,8.63953,0.287985,58.4871,8.3553,0.566667
330,1,0,129,9.4031,0.313437,61.2093,8.74419,0.5
330,2,0,129,9.65116,0.321705,62.5207,8.93152,0.533333
330,3,0,129,9.5814,0.31938,62.1092,8.87274,0.533333
330,4,0,129,9.62016,0.320672,62.2267,8.88953,0.533333
330,5,0,129,9.67442,0.322481,62.3895,8.91279,0.566667
330,6,0,129,9.82946,0.327649,63.1492,9.02132,0.566667
330,7,0,129,9.55039,0.318346,61.0736,8.72481,0.533333
330,8,0,129,8.97674,0.299225,63.9315,9.13307,0.533333
330,9,0,129,10.6512,0.355039,69.186,9.88372,0.7
330,10,0,129,10.5116,0.350388,66.2106,9.45866,0.633333
330,11,0,129,10.2558,0.34186,65.7358,9.39083,0.633333
330,12,0,129,10.1473,0.338243,65.5142,9.35917,0.6
330,13,0,129,10.0504,0.335013,64.6957,9.24225,0.633333
330,14,0,129,9.90698,0.330233,63.5336,9.07623,0.633333
330,15,0,129,9.6124,0.320413,60.6395,8.66279,0.6
330,16,0,129,9.21705,0.307235,59.0749,8.43928,0.6
330,17,0,129,9.06977,0.302326,57.0853,8.15504,0.6
330,18,0,129,8.55814,0.285271,53.739,7.677,0.566667
330,19,0,129,8.26357,0.275452,52.9793,7.56848,0.633333
330,20,0,129,8.22481,0.27416,52.3734,7.48191,0.533333
330,21,0,129,8.03101,0.2677,51.2745,7.32494,0.566667
330,22,0,129,8.12403,0.270801,51.582,7.36886,0.533333
330,23,0,129,8.12403,0.270801,52.4729,7.49612,0.533333
330,0,1,52,8.26923,0.275641,56.4375,8.0625,0.566667
330,1,1,52,9.09615,0.303205,59.6571,8.52244,0.566667
330,2,1,52,9.03846,0.301282,59.8141,8.54487,0.6
330,3,1,52,9.36538,0.312179,60.8237,8.6891,0.6
330,4,1,52,9.34615,0.311538,60.5321,8.64744,0.6
330,5,1,52,9.36538,0.312179,60.5433,8.64904,0.6
330,6,1,52,9.48077,0.316026,60.3189,8.61699,0.566667
330,7,1,52,9.19231,0.30641,59.0737,8.4391,0.566667
330,8,1,52,9.07692,0.302564,59.4215,8.48878,0.566667
330,9,1,52,9.48077,0.316026,60.7564,8.67949,0.533333
330,10,1,52,9.25,0.308333,58.3894,8.34135,0.533333
330,11,1,52,9.11538,0.303846,57.4583,8.20833,0.466667
330,12,1,52,8.84615,0.294872,56.5497,8.07853,0.466667
330,13,1,52,9.05769,0.301923,57.2115,8.17308,0.466667
330,14,1,52,8.84615,0.294872,55.5401,7.93429,0.433333
330,15,1,52,8.28846,0.276282,52.399,7.48558,0.4
330,16,1,52,8.11538,0.270513,50.8734,7.26763,0.466667
330,17,1,52,7.84615,0.261538,50.851,7.26442,0.5
330,18,1,52,7.80769,0.260256,50.4022,7.20032,0.433333
330,19,1,52,7.78846,0.259615,50.4696,7.20994,0.433333
330,20,1,52,8.01923,0.267308,50.5817,7.22596,0.433333
330,21,1,52,8.05769,0.26859,52.4103,7.48718,0.466667
330,22,1,52,8.25,0.275,52.3205,7.47436,0.5
330,23,1,52,8.30769,0.276923,53.2404,7.60577,0.433333
331,0,0,129,20.2016,0.561154,118.914,16.9877,1
331,1,0,129,20.2713,0.563092,120.022,17.146,0.777778
331,2,0,129,20.2171,0.561585,120.203,17.1718,0.777778
331,3,0,129,20.3101,0.564169,118.923,16.989,0.777778
331,4,0,129,20.2558,0.562661,118.919,16.9884,0.75
331,5,0,129,20.2713,0.563092,118.837,16.9767,0.75
331,6,0,129,20.2481,0.562446,119.43,17.0614,0.75
331,7,0,129,19.9535,0.554264,113.479,16.2112,0.75
331,8,0,129,17.6279,0.489664,96.2952,13.7565,0.694444
331,9,0,129,15.8915,0.44143,83.5297,11.9328,0.666667
331,10,0,129,14.2171,0.394918,74.1331,10.5904,1
331,11,0,129,13.5426,0.376184,71.0265,10.1466,0.638889
331,12,0,129,13.2481,0.368002,70.2351,10.0336,0.638889
331,13,0,129,13.5349,0.375969,70.4884,10.0698,1
331,14,0,129,13.1008,0.36391,69.2494,9.89276,0.638889
331,15,0,129,12.8527,0.35702,66.5226,9.50323,0.638889
331,16,0,129,12.4806,0.346684,66.5271,9.50388,0.638889
331,17,0,129,12.9612,0.360034,71.3611,10.1944,0.638889
331,18,0,129,13.876,0.385444,79.6589,11.3798,0.638889
331,19,0,129,15.6589,0.43497,91.7461,13.1066,0.638889
331,20,0,129,16.9767,0.471576,101.428,14.4897,0.666667
331,21,0,129,18.1628,0.504522,108.541,15.5058,0.694444
331,22,0,129,19.186,0.532946,116.318,16.6169,0.75
331,23,0,129,20.1008,0.558355,118.647,16.9496,0.777778
331,0,1,52,20.25,0.5625,119.482,17.0689,0.722222
331,1,1,52,20.4423,0.567842,120.077,17.1538,0.75
331,2,1,52,20.6923,0.574786,120.324,17.1891,0.75
331,3,1,52,20.7308,0.575855,120.548,17.2212,0.75
331,4,1,52,20.5769,0.571581,120.144,17.1635,0.75
331,5,1,52,20.5,0.569444,120.077,17.1538,0.75
331,6,1,52,20.5,0.569444,119.168,17.024,0.75
331,7,1,52,20.4423,0.567842,116.667,16.6667,0.75
331,8,1,52,19.5962,0.544338,111.215,15.8878,0.75
331,9,1,52,18.5192,0.514423,102.33,14.6186,0.666667
331,10,1,52,17.1154,0.475427,93.2436,13.3205,0.611111
331,11,1,52,16.3654,0.454594,89.8446,12.8349,0.611111
331,12,1,52,15.9808,0.44391,88.5657,12.6522,0.611111
331,13,1,52,16.5385,0.459402,92.2788,13.1827,0.638889
331,14,1,52,16.5192,0.458868,90.4728,12.9247,0.666667
331,15,1,52,16.1538,0.448718,87.9038,12.5577,0.611111
331,16,1,52,15.8269,0.439637,86.3333,12.3333,0.638889
331,17,1,52,15.8269,0.439637,86.7596,12.3942,0.666667
331,18,1,52,16.0385,0.445513,91.8189,13.117,0.638889
331,19,1,52,17.1923,0.477564,99.5032,14.2147,0.611111
331,20,1,52,18.3462,0.509615,104.069,14.867,0.722222
331,21,1,52,18.5192,0.514423,106.784,15.2548,0.666667
331,22,1,52,19.5385,0.542735,109.947,15.7067,1
331,23,1,52,19.7115,0.547543,113.806,16.258,0.75
332,0,0,129,26.8023,0.182329,147.398,21.4328,0.421769
332,1,0,129,28.1473,0.191478,151.554,22.0258,0.265306
332,2,0,129,28.2481,0.192164,151.673,22.0472,0.272109
332,3,0,129,28.2946,0.19248,150.163,21.8256,0.265306
332,4,0,129,28.5736,0.194379,149.946,21.7933,0.414966
332,5,0,129,28.1938,0.191795,149.521,21.7339,0.265306
332,6,0,129,28.093,0.191109,149.808,21.7862,0.272109
332,7,0,129,28.2403,0.192111,143.416,21.0775,0.272109
332,8,0,129,26.969,0.183463,166.994,25.8178,0.278912
332,9,0,129,39.8915,0.271371,224.995,35.0633,0.414966
332,10,0,129,43.9031,0.298661,235.728,36.8882,0.414966
332,11,0,129,44.1395,0.300269,236.698,37.1751,0.421769
332,12,0,129,44.0698,0.299794,232.327,36.6072,0.496599
332,13,0,129,42.6938,0.290434,228.294,36.0594,0.452381
332,14,0,129,42.3411,0.288035,227.609,35.9102,0.408163
332,15,0,129,41.9922,0.285662,222.734,35.0627,0.408163
332,16,0,129,41.2326,0.280494,216.749,33.9593,0.394558
332,17,0,129,39.6628,0.269815,205.1,31.6835,0.37415
332,18,0,129,35.6744,0.242683,183.133,27.4134,0.353741
332,19,0,129,31.5271,0.21447,167.715,24.8611,0.312925
332,20,0,129,30.5039,0.207509,158.603,23.3456,0.312925
332,21,0,129,28.5814,0.194431,147.794,21.657,0.285714
332,22,0,129,27.3333,0.185941,142.492,20.8107,0.265306
332,23,0,129,26.9147,0.183093,140.219,20.458,0.244898
332,0,1,52,26.6923,0.18158,147.23,21.4311,0.238095
332,1,1,52,28.1731,0.191654,151.913,22.0929,0.258503
332,2,1,52,28.5,0.193878,151.818,22.0817,0.265306
332,3,1,52,28.6538,0.194924,151.672,22.0561,0.272109
332,4,1,52,28.2692,0.192308,150.175,21.8429,0.272109
332,5,1,52,28.2692,0.192308,150.629,21.9103,0.272109
332,6,1,52,28.3654,0.192962,149.53,21.7596,0.272109
332,7,1,52,28.0962,0.19113,145.171,21.1458,0.265306
332,8,1,52,26.9615,0.183412,139.647,20.5593,0.251701
332,9,1,52,27.6346,0.187991,142.496,21.4888,0.285714
332,10,1,52,28.1346,0.191392,140.774,21.3926,0.353741
332,11,1,52,27.8077,0.189168,136.859,20.9167,0.360544
332,12,1,52,26.4423,0.17988,130.796,19.851,0.333333
332,13,1,52,26.4231,0.179749,130.448,19.7628,0.312925
332,14,1,52,26.1346,0.177786,129.27,19.5096,0.306122
332,15,1,52,25.9808,0.17674,129.158,19.4519,0.29932
332,16,1,52,26.1731,0.178048,129.545,19.3718,0.278912
332,17,1,52,25.5,0.173469,126.426,18.7676,0.278912
332,18,1,52,24.9615,0.169806,125.159,18.4423,0.265306
332,19,1,52,25.0962,0.170722,128.53,18.867,0.258503
332,20,1,52,25.4038,0.172815,126.998,18.6122,0.272109
332,21,1,52,24.5,0.166667,124.901,18.2772,0.244898
332,22,1,52,24.7115,0.168106,126.858,18.5032,0.244898
332,23,1,52,25.1923,0.171376,129.074,18.8093,0.244898
333,0,0,129,8.70543,0.395701,38.6357,5.51938,1
333,1,0,129,8.58915,0.390416,38.3236,5.47481,0.681818
333,2,0,129,8.51163,0.386892,38.3598,5.47997,0.681818
333,3,0,129,8.48837,0.385835,37.9619,5.42313,0.681818
333,4,0,129,8.49612,0.386187,37.9664,5.42377,0.636364
333,5,0,129,8.42636,0.383016,37.8534,5.40762,0.636364
333,6,0,129,8.30233,0.377378,37.98,5.42571,0.590909
333,7,0,129,8.23256,0.374207,35.4522,5.0646,0.590909
333,8,0,129,7.13178,0.324172,27.0504,3.86434,0.545455
333,9,0,129,7.04651,0.320296,28.0271,4.00388,0.5
333,10,0,129,7.20155,0.327343,27.2765,3.89664,1
333,11,0,129,7.03101,0.319591,27.5252,3.93217,0.5
333,12,0,129,7.35659,0.33439,27.6202,3.94574,1
333,13,0,129,7.27907,0.330867,27.4935,3.92765,1
333,14,0,129,7.09302,0.32241,27.2358,3.89083,0.5
333,15,0,129,7.08527,0.322058,27.4709,3.92442,0.5
333,16,0,129,7.32558,0.332981,28.2984,4.04264,1
333,17,0,129,7.4031,0.336505,29.8721,4.26744,0.954545
333,18,0,129,7.78295,0.35377,34.0685,4.86693,0.545455
333,19,0,129,8.35659,0.379845,37.2745,5.32494,0.636364
333,20,0,129,8.64341,0.392882,37.9167,5.41667,0.681818
333,21,0,129,8.55814,0.389006,37.27,5.32429,0.681818
333,22,0,129,8.41085,0.382311,37.876,5.41085,0.681818
333,23,0,129,8.5969,0.390768,38.5497,5.50711,0.681818
333,0,1,52,8.51923,0.387238,38.8029,5.54327,0.590909
333,1,1,52,8.46154,0.384615,38.9487,5.5641,0.590909
333,2,1,52,8.55769,0.388986,39.1058,5.58654,0.590909
333,3,1,52,8.32692,0.378497,38.9936,5.57051,0.590909
333,4,1,52,8.32692,0.378497,38.859,5.55128,0.590909
333,5,1,52,8.46154,0.384615,39.0497,5.57853,0.590909
333,6,1,52,8.42308,0.382867,38.6907,5.52724,0.590909
333,7,1,52,8.32692,0.378497,36.9295,5.27564,0.590909
333,8,1,52,7.88462,0.358392,35.0224,5.00321,0.545455
333,9,1,52,8,0.363636,34.0801,4.86859,0.590909
333,10,1,52,7.73077,0.351399,33.5417,4.79167,0.590909
333,11,1,52,7.75,0.352273,33.8894,4.84135,0.5
333,12,1,52,8.03846,0.365385,34.742,4.96314,0.545455
333,13,1,52,8.05769,0.366259,34.7196,4.95994,0.590909
333,14,1,52,8.05769,0.366259,34.6747,4.95353,0.590909
333,15,1,52,7.88462,0.358392,34.2484,4.89263,0.545455
333,16,1,52,7.92308,0.36014,33.5978,4.79968,0.545455
333,17,1,52,7.86538,0.357517,33.8446,4.83494,0.545455
333,18,1,52,8.11538,0.368881,35.2804,5.04006,0.590909
333,19,1,52,8.13462,0.369755,36.133,5.16186,0.545455
333,20,1,52,8.42308,0.382867,37.5577,5.36538,0.590909
333,21,1,52,8.61538,0.391608,38.0513,5.4359,0.590909
333,22,1,52,8.82692,0.401224,37.9728,5.42468,1
333,23,1,52,8.55769,0.388986,37.9391,5.41987,0.590909
335,0,0,129,84.9806,0.341288,456.644,67.2952,0.449799
335,1,0,129,85.186,0.342113,455.71,67.1925,0.441767
335,2,0,129,85.7054,0.344198,455.269,67.168,0.481928
335,3,0,129,85.0233,0.341459,453.96,66.9903,0.449799
335,4,0,129,85.0233,0.341459,453.067,66.9031,0.449799
335,5,0,129,84.8992,0.340961,452.721,66.8295,0.465863
335,6,0,129,84.7984,0.340556,449.669,66.3547,0.461847
335,7,0,129,82.3488,0.330718,404.359,59.3844,0.445783
335,8,0,129,69.4341,0.278852,337.119,47.834,0.405622
335,9,0,129,63.3566,0.254444,318.658,44.2855,0.546185
335,10,0,129,61.7752,0.248093,311.245,43.2952,0.401606
335,11,0,129,61.4961,0.246972,311.525,43.4839,0.345382
335,12,0,129,63.5116,0.255067,315.705,44.4238,0.694779
335,13,0,129,62.8411,0.252374,316.112,44.7765,0.516064
335,14,0,129,61.9922,0.248965,312.441,44.2681,0.365462
335,15,0,129,60.876,0.244482,305.538,43.3094,0.381526
335,16,0,129,61.093,0.245354,309.757,44.0478,0.373494
335,17,0,129,62.7248,0.251907,327.114,46.6686,0.353414
335,18,0,129,67.031,0.269201,364.599,52.6318,0.35743
335,19,0,129,74.4961,0.299181,421.192,61.5504,0.457831
335,20,0,129,82.7364,0.332275,452.705,66.3482,0.437751
335,21,0,129,84.4884,0.339311,454.082,66.7765,0.473896
335,22,0,129,84.6202,0.33984,458.351,67.5762,0.429719
335,23,0,129,85.6512,0.343981,459.938,67.8973,0.433735
335,0,1,52,86.7692,0.348471,470.587,69.5401,0.441767
335,1,1,52,86.8269,0.348703,466.74,69,0.433735
335,2,1,52,87.2692,0.350479,464.339,68.6538,0.433735
335,3,1,52,87.1731,0.350093,464.771,68.7212,0.433735
335,4,1,52,86.6346,0.34793,464.754,68.7131,0.433735
335,5,1,52,86.9038,0.349011,464.625,68.7147,0.433735
335,6,1,52,86.7115,0.348239,461.641,68.3157,0.433735
335,7,1,52,85.5,0.343373,441.028,65.2837,0.433735
335,8,1,52,81.6154,0.327773,417.74,61.3574,0.437751
335,9,1,52,77.5385,0.311399,400.105,57.8478,0.421687
335,10,1,52,74.3462,0.298579,382.88,55.1875,0.413655
335,11,1,52,72.9808,0.293095,377.394,54.5176,0.389558
335,12,1,52,73.7692,0.296262,389.992,56.5,0.373494
335,13,1,52,76.3462,0.306611,398.961,57.6651,0.37751
335,14,1,52,76.0962,0.305607,394.244,56.7901,0.413655
335,15,1,52,75.3462,0.302595,391.708,56.4247,0.381526
335,16,1,52,75.3654,0.302672,394.451,57.0737,0.393574
335,17,1,52,77.1346,0.309778,410.818,59.6298,0.393574
335,18,1,52,80.9423,0.32507,432.738,62.9663,0.425703
335,19,1,52,83.2115,0.334183,443.518,64.9455,0.429719
335,20,1,52,84.2115,0.338199,444.938,65.399,0.429719
335,21,1,52,84.1731,0.338044,449.447,66.0657,0.425703
335,22,1,52,84.4904,0.339319,450.608,66.3253,0.433735
335,23,1,52,85.8462,0.344764,451.635,66.5545,0.445783
340,0,0,129,8.41473,0.365858,2.15698,0.616279,0.73913
340,1,0,129,8.24419,0.358443,2.17959,0.622739,0.73913
340,2,0,129,8.41473,0.365858,2.17733,0.622093,0.73913
340,3,0,129,8.37209,0.364004,2.15698,0.616279,0.73913
340,4,0,129,8.29457,0.360634,2.17054,0.620155,0.652174
340,5,0,129,8.34109,0.362656,2.17959,0.622739,0.73913
340,6,0,129,8.15504,0.354567,2.28133,0.651809,0.652174
340,7,0,129,8.25581,0.358948,2.09819,0.599483,0.73913
340,8,0,129,8.27907,0.35996,1.83818,0.525194,0.652174
340,9,0,129,8.32171,0.361813,1.76583,0.504522,0.73913
340,10,0,129,8.24031,0.358274,1.49903,0.428295,0.73913
340,11,0,129,8.35271,0.363161,1.40407,0.401163,0.73913
340,12,0,129,8.30233,0.360971,1.47868,0.422481,0.652174
340,13,0,129,8.58915,0.373441,1.59625,0.456072,0.73913
340,14,0,129,8.35659,0.36333,1.57364,0.449612,0.73913
340,15,0,129,8.39535,0.365015,1.42216,0.406331,0.73913
340,16,0,129,8.33721,0.362487,1.4832,0.423773,0.652174
340,17,0,129,8.49612,0.369397,1.54651,0.44186,0.73913
340,18,0,129,8.66667,0.376812,1.7093,0.488372,0.73913
340,19,0,129,8.30233,0.360971,1.81557,0.518734,0.608696
340,20,0,129,8.4845,0.368891,2.01906,0.576873,0.73913
340,21,0,129,8.4845,0.368891,1.99871,0.571059,0.73913
340,22,0,129,8.61628,0.374621,2.13663,0.610465,0.73913
340,23,0,129,8.37984,0.364341,2.38986,0.682817,0.608696
340,0,1,52,8.36538,0.363712,2.5016,0.714744,0.608696
340,1,1,52,8.13462,0.353679,2.70353,0.772436,0.565217
340,2,1,52,8.48077,0.368729,2.69231,0.769231,0.608696
340,3,1,52,8.21154,0.357023,2.54087,0.725962,0.608696
340,4,1,52,8.63462,0.375418,2.55769,0.730769,0.608696
340,5,1,52,8.86538,0.385452,2.60256,0.74359,0.73913
340,6,1,52,8.48077,0.368729,2.80449,0.801282,0.652174
340,7,1,52,8.11538,0.352843,2.84375,0.8125,0.652174
340,8,1,52,8.32692,0.36204,2.65865,0.759615,0.608696
340,9,1,52,8.25,0.358696,2.09776,0.599359,0.608696
340,10,1,52,8.36538,0.363712,2.17067,0.620192,0.608696
340,11,1,52,8.93269,0.388378,2.04167,0.583333,0.73913
340,12,1,52,8.75962,0.380853,1.89022,0.540064,0.73913
340,13,1,52,8.86538,0.385451,2.01362,0.575321,0.608696
340,14,1,52,8.46154,0.367893,2.08093,0.594551,0.565217
340,15,1,52,8.5,0.369565,1.96314,0.560897,0.608696
340,16,1,52,8.17308,0.355351,1.94631,0.55609,0.565217
340,17,1,52,8.28846,0.360368,2.03606,0.581731,0.608696
340,18,1,52,8.57692,0.37291,1.66587,0.475962,0.73913
340,19,1,52,8.55769,0.372074,1.57051,0.448718,0.73913
340,20,1,52,8.21154,0.357023,1.75,0.5,0.73913
340,21,1,52,8.42308,0.366221,1.57612,0.450321,0.73913
340,22,1,52,8.34615,0.362876,1.64343,0.469551,0.73913
340,23,1,52,8.44231,0.367057,1.53125,0.4375,0.608696
343,0,0,129,1.30233,0.0465116,3.26486,0.466408,0.285714
343,1,0,129,1.39535,0.0498339,3.23773,0.462532,0.25
343,2,0,129,1.41085,0.0503876,3.16537,0.452196,0.285714
343,3,0,129,1.34884,0.0481728,3.10659,0.443798,0.214286
343,4,0,129,1.30233,0.0465116,3.06589,0.437984,0.214286
343,5,0,129,1.4186,0.0506645,3.09755,0.442506,0.214286
343,6,0,129,1.37984,0.0492802,3.00711,0.429587,0.214286
343,7,0,129,1.27907,0.0456811,6.09109,0.870155,0.214286
343,8,0,129,2.90698,0.103821,29.4109,4.20155,0.464286
343,9,0,129,8.10078,0.289313,60.3592,8.62274,0.714286
343,10,0,129,11.0388,0.394241,74.1873,10.5982,0.892857
343,11,0,129,12.062,0.430786,74.4044,10.6292,0.892857
343,12,0,129,10.8953,0.38912,66.5769,9.51098,0.821429
343,13,0,129,9.99225,0.356866,64.5691,9.22416,0.821429
343,14,0,129,10.2248,0.365172,64.2842,9.18346,0.75
343,15,0,129,10.0698,0.359635,62.0685,8.86693,0.75
343,16,0,129,9.58527,0.342331,56.0045,8.00065,0.714286
343,17,0,129,8.37209,0.299003,42.0045,6.00065,0.714286
343,18,0,129,5.12403,0.183001,25.0426,3.57752,0.464286
343,19,0,129,3.97674,0.142027,19.8288,2.83269,0.392857
343,20,0,129,3.54264,0.126523,15.7274,2.24677,0.392857
343,21,0,129,2.76744,0.0988372,10.3101,1.47287,0.321429
343,22,0,129,2.03101,0.072536,5.86951,0.838501,0.25
343,23,0,129,1.50388,0.0537099,3.6447,0.520672,0.285714
343,0,1,52,1.40385,0.0501374,3.47756,0.496795,0.25
343,1,1,52,1.26923,0.0453297,3.33173,0.475962,0.25
343,2,1,52,1.28846,0.0460165,3.36538,0.480769,0.25
343,3,1,52,1.23077,0.043956,3.17468,0.453526,0.25
343,4,1,52,1.23077,0.043956,3.19712,0.456731,0.25
343,5,1,52,1.19231,0.0425824,3.15224,0.450321,0.25
343,6,1,52,1.26923,0.0453297,3.20833,0.458333,0.25
343,7,1,52,1.23077,0.043956,3.87019,0.552885,0.25
343,8,1,52,1.57692,0.0563187,9.54647,1.36378,0.25
343,9,1,52,2.57692,0.092033,17.7804,2.54006,0.428571
343,10,1,52,3.71154,0.132555,21.9087,3.12981,0.821429
343,11,1,52,4.48077,0.160027,24.1635,3.45192,0.785714
343,12,1,52,4.13462,0.147665,23.4455,3.34936,0.785714
343,13,1,52,4.07692,0.145604,23.4343,3.34776,0.678571
343,14,1,52,4.28846,0.153159,25.0946,3.58494,0.714286
343,15,1,52,4.44231,0.158654,26.1266,3.73237,0.678571
343,16,1,52,4.53846,0.162088,25.9696,3.70994,0.642857
343,17,1,52,4.07692,0.145604,21.1346,3.01923,0.571429
343,18,1,52,3.55769,0.12706,16.9952,2.42788,0.392857
343,19,1,52,2.73077,0.0975275,12.3846,1.76923,0.321429
343,20,1,52,2.46154,0.0879121,10.2532,1.46474,0.285714
343,21,1,52,1.98077,0.0707418,7.14583,1.02083,0.25
343,22,1,52,1.55769,0.0556319,4.62179,0.660256,0.285714
343,23,1,52,1.38462,0.0494506,3.97115,0.567308,0.25
346,0,0,129,21.876,0.358622,3170.2,18.9897,1
346,1,0,129,30.907,0.506672,3515.9,20.4309,0.901639
346,2,0,129,29.2093,0.478841,3197.15,18.9348,0.885246
346,3,0,129,27.7054,0.454187,2892.26,17.4315,0.868852
346,4,0,129,26.0388,0.426865,2295.28,14.4561,0.836066
346,5,0,129,21.8605,0.358368,1677.11,11.8488,0.836066
346,6,0,129,24.3643,0.399415,2594.62,16.365,0.836066
346,7,0,129,26.845,0.440081,2363.69,15.6776,0.836066
346,8,0,129,25.1473,0.412251,2356.71,18.1563,0.721311
346,9,0,129,30.1395,0.494091,2650.81,19.9212,0.754098
346,10,0,129,27.8372,0.456348,1739.1,15.4309,1
346,11,0,129,26.1395,0.428517,1512.3,13.9897,0.786885
346,12,0,129,26.0775,0.4275,2412.51,17.6583,0.918033
346,13,0,129,28.7132,0.470708,2370.7,17.2196,1
346,14,0,129,24.938,0.408819,1780.87,14.3269,0.737705
346,15,0,129,24.7597,0.405897,1797.38,14.1428,0.737705
346,16,0,129,25.4186,0.416698,1704.56,13.6705,0.918033
346,17,0,129,24.9147,0.408438,1814.61,14.0827,0.721311
346,18,0,129,21.4651,0.351887,1222.32,10.8779,0.704918
346,19,0,129,20.9767,0.343881,1471.04,11.3902,0.754098
346,20,0,129,19.7287,0.323421,977.915,8.823,0.672131
346,21,0,129,17.907,0.293557,895.746,7.65827,0.672131
346,22,0,129,17.0465,0.279451,991.891,7.87209,0.721311
346,23,0,129,17.2171,0.282247,871.897,7.53488,0.721311
346,0,1,52,18.8462,0.308953,2900.39,17.8654,0.737705
346,1,1,52,28.3462,0.464691,3460.07,20.4375,0.901639
346,2,1,52,27.75,0.454918,3187.52,19.0272,0.852459
346,3,1,52,25.9615,0.425599,2712.45,16.8301,0.786885
346,4,1,52,23.5577,0.386192,2260.86,14.6699,0.721311
346,5,1,52,20.9038,0.342686,1830.99,12.9792,0.770492
346,6,1,52,23.2692,0.381463,2627.08,16.6218,0.836066
346,7,1,52,25.1346,0.412043,2303.48,15.1603,0.770492
346,8,1,52,20.9615,0.343632,1611.72,12.2981,0.754098
346,9,1,52,20.5577,0.337011,1714,13.3734,0.721311
346,10,1,52,20.3846,0.334174,1196.78,10.6715,0.672131
346,11,1,52,18.9615,0.310845,1130.22,10.3077,0.639344
346,12,1,52,18.7692,0.307692,1515.86,11.7853,0.672131
346,13,1,52,21.25,0.348361,1675.79,12.1234,0.688525
346,14,1,52,20.1538,0.330391,1375.92,10.5288,0.770492
346,15,1,52,19.8462,0.325347,1460.26,10.633,0.639344
346,16,1,52,20.8462,0.34174,1454.07,10.484,0.688525
346,17,1,52,21.6923,0.355612,1772.55,11.5561,0.819672
346,18,1,52,17.9615,0.294451,1308.49,9.28045,0.672131
346,19,1,52,17.9808,0.294767,1351.27,9.33333,0.737705
346,20,1,52,16.6154,0.272383,983.354,7.82532,0.672131
346,21,1,52,17.1731,0.281526,830.329,7.17788,0.672131
346,22,1,52,16.6154,0.272383,744.833,7.23558,1
346,23,1,52,15.9231,0.261034,766.543,7.72436,0.672131
347,0,0,129,3.57364,0.123229,12.8469,1.83527,0.275862
347,1,0,129,3.51163,0.121091,12.5575,1.79393,0.241379
347,2,0,129,3.41085,0.117616,12.1008,1.72868,0.241379
347,3,0,129,3.42636,0.11815,11.9832,1.71189,0.241379
347,4,0,129,3.42636,0.11815,11.6531,1.66473,0.241379
347,5,0,129,3.3876,0.116814,11.3682,1.62403,0.241379
347,6,0,129,3.29457,0.113606,11.1873,1.59819,0.241379
347,7,0,129,3.34884,0.115477,10.9386,1.56266,0.241379
347,8,0,129,3.4031,0.117348,14.1357,2.01938,0.241379
347,9,0,129,4.6124,0.159048,25.4948,3.64212,0.310345
347,10,0,129,5.89147,0.203154,29.5375,4.21964,0.413793
347,11,0,129,6.03101,0.207966,29.7997,4.25711,0.413793
347,12,0,129,5.9186,0.20409,29.8585,4.2655,0.413793
347,13,0,129,5.97287,0.205961,29.5646,4.22351,0.413793
347,14,0,129,5.65891,0.195135,28.3391,4.04845,0.413793
347,15,0,129,5.89922,0.203422,29.4832,4.21189,0.37931
347,16,0,129,5.88372,0.202887,28.7506,4.10724,0.344828
347,17,0,129,5.82558,0.200882,27.6518,3.95026,0.344828
347,18,0,129,5.5969,0.192997,22.8992,3.27132,0.37931
347,19,0,129,4.37209,0.150762,17.1925,2.45607,0.344828
347,20,0,129,3.91473,0.134991,14.2713,2.03876,0.275862
347,21,0,129,3.55039,0.122427,12.4218,1.77455,0.275862
347,22,0,129,3.56589,0.122962,12.874,1.83915,0.241379
347,23,0,129,3.6124,0.124566,12.7067,1.81525,0.275862
347,0,1,52,3.78846,0.130637,13.8205,1.97436,0.275862
347,1,1,52,3.82692,0.131963,13.8429,1.97756,0.275862
347,2,1,52,3.71154,0.127984,13.484,1.92628,0.241379
347,3,1,52,3.80769,0.1313,13.8766,1.98237,0.275862
347,4,1,52,3.76923,0.129973,14.0112,2.0016,0.275862
347,5,1,52,3.82692,0.131963,13.899,1.98558,0.275862
347,6,1,52,3.76923,0.129973,13.8205,1.97436,0.241379
347,7,1,52,3.73077,0.128647,13.5625,1.9375,0.241379
347,8,1,52,3.78846,0.130637,13.4728,1.92468,0.275862
347,9,1,52,3.76923,0.129973,14.7965,2.11378,0.241379
347,10,1,52,4,0.137931,15.8173,2.25962,0.310345
347,11,1,52,4.15385,0.143236,16.8942,2.41346,0.275862
347,12,1,52,4.42308,0.15252,17.6346,2.51923,0.275862
347,13,1,52,4.46154,0.153846,18.5881,2.65545,0.275862
347,14,1,52,4.57692,0.157825,18.6667,2.66667,0.275862
347,15,1,52,4.42308,0.15252,17.7468,2.53526,0.241379
347,16,1,52,4.26923,0.147215,16.4792,2.35417,0.241379
347,17,1,52,4.11538,0.14191,17.8141,2.54487,0.275862
347,18,1,52,4.44231,0.153183,17.3766,2.48237,0.310345
347,19,1,52,4.21154,0.145225,15.851,2.26442,0.310345
347,20,1,52,4.03846,0.139257,14.9647,2.13782,0.241379
347,21,1,52,3.92308,0.135279,14.9984,2.14263,0.241379
347,22,1,52,3.97115,0.136936,14.9311,2.13301,0.275862
347,23,1,52,4.03846,0.139257,14.8526,2.12179,0.275862
348,0,0,129,2.80233,0.084919,18.8566,2.6938,0.212121
348,1,0,129,2.76744,0.0838619,18.9244,2.70349,0.212121
348,2,0,129,2.83721,0.085976,19.051,2.72158,0.212121
348,3,0,129,2.84496,0.0862109,18.8068,2.68669,0.212121
348,4,0,129,2.79845,0.0848015,18.8385,2.69121,0.212121
348,5,0,129,2.81395,0.0852713,18.8702,2.69574,0.212121
348,6,0,129,2.82171,0.0855062,18.8475,2.69251,0.212121
348,7,0,129,2.79845,0.0848015,18.4722,2.63889,0.212121
348,8,0,129,2.65891,0.0805732,14.7054,2.10078,0.212121
348,9,0,129,1.88372,0.0570825,11.9018,1.70026,0.212121
348,10,0,129,1.75969,0.0533239,10.8753,1.55362,0.212121
348,11,0,129,1.62016,0.0490956,10.2468,1.46382,0.212121
348,12,0,129,1.57364,0.0476862,10.0614,1.43734,0.151515
348,13,0,129,1.51938,0.0460418,9.09367,1.2991,0.181818
348,14,0,129,1.31783,0.0399342,8.5646,1.22351,0.151515
348,15,0,129,1.33333,0.040404,8.40633,1.2009,0.121212
348,16,0,129,1.34109,0.0406389,8.42442,1.20349,0.151515
348,17,0,129,1.33333,0.040404,8.53747,1.21964,0.151515
348,18,0,129,1.37984,0.0418135,9.41925,1.34561,0.121212
348,19,0,129,1.5814,0.0479211,10.6311,1.51873,0.151515
348,20,0,129,1.74419,0.0528541,11.6848,1.66925,0.151515
348,21,0,129,1.9845,0.0601362,14.6783,2.0969,0.151515
348,22,0,129,2.44961,0.0742307,17.301,2.47158,0.181818
348,23,0,129,2.81395,0.0852713,18.8521,2.69315,0.212121
348,0,1,52,3.36538,0.101981,22.0657,3.15224,0.212121
348,1,1,52,3.32692,0.100816,21.7965,3.11378,0.212121
348,2,1,52,3.21154,0.0973194,21.3814,3.05449,0.212121
348,3,1,52,3.21154,0.0973194,21.5609,3.08013,0.212121
348,4,1,52,3.25,0.0984849,21.5721,3.08173,0.212121
348,5,1,52,3.21154,0.0973194,21.5833,3.08333,0.212121
348,6,1,52,3.19231,0.0967366,21.3029,3.04327,0.212121
348,7,1,52,3.15385,0.0955711,20.899,2.98558,0.212121
348,8,1,52,3.03846,0.0920746,19.4071,2.77244,0.212121
348,9,1,52,2.78846,0.0844988,17.7131,2.53045,0.212121
348,10,1,52,2.48077,0.0751748,16.1538,2.30769,0.212121
348,11,1,52,2.34615,0.0710956,15.1554,2.16506,0.181818
348,12,1,52,2.21154,0.0670163,14.7853,2.11218,0.181818
348,13,1,52,2.21154,0.0670163,14.4263,2.0609,0.181818
348,14,1,52,2.19231,0.0664336,13.9663,1.99519,0.181818
348,15,1,52,2.13462,0.0646853,13.8205,1.97436,0.181818
348,16,1,52,2.07692,0.0629371,13.5737,1.9391,0.181818
348,17,1,52,2.21154,0.0670163,13.899,1.98558,0.181818
348,18,1,52,2.11538,0.0641026,13.5962,1.94231,0.181818
348,19,1,52,2.21154,0.0670163,15.0321,2.14744,0.181818
348,20,1,52,2.44231,0.0740093,16.3446,2.33494,0.181818
348,21,1,52,2.61538,0.0792541,18.1955,2.59936,0.181818
348,22,1,52,2.88462,0.0874126,19.6538,2.80769,0.181818
348,23,1,52,3.09615,0.0938228,20.5513,2.9359,0.212121
406,0,0,129,3.29845,0.235604,16.5323,2.96899,0.642857
406,1,0,129,3.35659,0.239756,16.5052,2.9593,0.642857
406,2,0,129,3.27907,0.234219,16.4961,2.96512,0.642857
406,3,0,129,3.25581,0.232558,16.3469,2.93928,0.642857
406,4,0,129,3.26357,0.233112,16.1751,2.91214,0.642857
406,5,0,129,3.27132,0.233666,15.8472,2.84238,0.642857
406,6,0,129,3.15504,0.22536,15.0807,2.71512,0.571429
406,7,0,129,2.83721,0.202658,12.4015,2.20607,0.571429
406,8,0,129,2.34109,0.16722,10.2943,1.79328,0.428571
406,9,0,129,2.0155,0.143965,9.46673,1.57752,0.428571
406,10,0,129,1.8876,0.134828,9.573,1.56395,0.428571
406,11,0,129,1.93798,0.138427,10.2943,1.6699,0.428571
406,12,0,129,2.06202,0.147287,11.0223,1.7991,0.428571
406,13,0,129,2.24806,0.160576,11.2371,1.82817,0.428571
406,14,0,129,2.13953,0.152824,11.1127,1.79264,0.428571
406,15,0,129,2.06202,0.147287,10.4367,1.69186,0.5
406,16,0,129,2.05426,0.146733,10.1722,1.66408,0.571429
406,17,0,129,2.11628,0.151163,11.1331,1.83592,0.571429
406,18,0,129,2.39535,0.171096,13.5546,2.28553,0.571429
406,19,0,129,3.0155,0.215393,16.1818,2.79651,0.642857
406,20,0,129,3.27907,0.234219,16.9393,2.96964,0.642857
406,21,0,129,3.43411,0.245293,17.353,3.06395,0.642857
406,22,0,129,3.47287,0.248062,17.1043,3.03682,0.642857
406,23,0,129,3.35659,0.239756,16.7878,2.99806,0.642857
406,0,1,52,3.73077,0.266484,18.0385,3.29647,0.571429
406,1,1,52,3.67308,0.262363,17.9263,3.27724,0.571429
406,2,1,52,3.63462,0.259615,17.6458,3.23558,0.571429
406,3,1,52,3.57692,0.255495,17.3542,3.20673,0.5
406,4,1,52,3.59615,0.256868,17.399,3.20833,0.5
406,5,1,52,3.40385,0.243132,16.7764,3.11378,0.5
406,6,1,52,3.36538,0.240385,16.1707,2.98878,0.5
406,7,1,52,3.23077,0.230769,14.9928,2.77404,0.428571
406,8,1,52,3,0.214286,13.7196,2.50801,0.5
406,9,1,52,2.59615,0.18544,12.0537,2.18109,0.428571
406,10,1,52,2.71154,0.193681,12.25,2.17628,0.428571
406,11,1,52,2.61538,0.186813,12.3958,2.16987,0.428571
406,12,1,52,2.51923,0.179945,12.5248,2.20192,0.428571
406,13,1,52,2.73077,0.195055,13.1699,2.28365,0.428571
406,14,1,52,2.51923,0.179945,12.6146,2.1859,0.428571
406,15,1,52,2.59615,0.18544,12.7604,2.23397,0.357143
406,16,1,52,2.53846,0.181319,12.1659,2.11058,0.5
406,17,1,52,2.55769,0.182692,13.0913,2.28365,0.5
406,18,1,52,2.88462,0.206044,14.9423,2.65705,0.428571
406,19,1,52,3.36538,0.240385,16.9615,3.07853,0.5
406,20,1,52,3.69231,0.263736,18.0946,3.29968,0.5
406,21,1,52,3.82692,0.273352,18.1562,3.35417,0.5
406,22,1,52,3.89423,0.278159,18.1675,3.34936,0.571429
406,23,1,52,3.80769,0.271978,18.0048,3.31571,0.571429
408,0,0,129,9.70155,0.170203,49.5788,7.08269,0.315789
408,1,0,129,10.0543,0.176391,50.7862,7.25517,0.315789
408,2,0,129,10.031,0.175983,51.6951,7.38501,0.315789
408,3,0,129,10.2636,0.180063,51.1932,7.31331,0.315789
408,4,0,129,10.2403,0.179655,51.5006,7.35724,0.315789
408,5,0,129,10.1628,0.178295,50.2074,7.17248,0.385965
408,6,0,129,9.76744,0.171359,46.5717,6.6531,0.350877
408,7,0,129,8.66667,0.152047,37.98,5.42571,0.315789
408,8,0,129,7.32558,0.128519,29.7274,4.24677,0.280702
408,9,0,129,6.34109,0.111247,23.9393,3.4199,0.245614
408,10,0,129,6.0814,0.106691,22.5556,3.22222,0.245614
408,11,0,129,5.82946,0.102271,21.7823,3.11176,0.22807
408,12,0,129,6.09302,0.106895,22.3611,3.19444,0.245614
408,13,0,129,6.03488,0.105875,22.447,3.20672,0.22807
408,14,0,129,5.77519,0.101319,20.6789,2.95413,0.263158
408,15,0,129,5.58915,0.0980552,20.48,2.92571,0.245614
408,16,0,129,5.96124,0.104583,21.0543,3.00775,0.45614
408,17,0,129,6.10853,0.107167,23.4328,3.34755,0.45614
408,18,0,129,6.51163,0.114239,26.8514,3.83592,0.245614
408,19,0,129,6.89922,0.121039,30.7539,4.39341,0.263158
408,20,0,129,7.44186,0.130559,35.719,5.10271,0.263158
408,21,0,129,8.31008,0.145791,41.1996,5.88566,0.280702
408,22,0,129,8.91473,0.156399,45.2739,6.4677,0.298246
408,23,0,129,9.55039,0.167551,48.3262,6.90375,0.315789
408,0,1,52,9.01923,0.158232,47.0256,6.71795,0.280702
408,1,1,52,9.46154,0.165992,48.0465,6.86378,0.280702
408,2,1,52,9.42308,0.165317,48.3494,6.90705,0.280702
408,3,1,52,9.46154,0.165992,48.9663,6.99519,0.298246
408,4,1,52,9.57692,0.168016,49.3814,7.05449,0.315789
408,5,1,52,9.75,0.171053,49.0449,7.00641,0.315789
408,6,1,52,9.84615,0.17274,49.1571,7.02244,0.315789
408,7,1,52,9.30769,0.163293,45.0288,6.43269,0.298246
408,8,1,52,8.76923,0.153846,41.6074,5.94391,0.298246
408,9,1,52,8.19231,0.143725,36.8061,5.25801,0.263158
408,10,1,52,7.69231,0.134953,34.9888,4.9984,0.263158
408,11,1,52,7.44231,0.130567,33.2949,4.75641,0.263158
408,12,1,52,7.25,0.127193,32.2965,4.61378,0.263158
408,13,1,52,7.30769,0.128205,31.1635,4.45192,0.245614
408,14,1,52,6.98077,0.12247,28.7628,4.10897,0.22807
408,15,1,52,6.65385,0.116734,28,4,0.210526
408,16,1,52,6.76923,0.118758,28.7179,4.10256,0.192982
408,17,1,52,6.71154,0.117746,28.4599,4.06571,0.210526
408,18,1,52,6.98077,0.12247,30.0865,4.29808,0.210526
408,19,1,52,7.30769,0.128205,33.6763,4.8109,0.263158
408,20,1,52,7.75,0.135965,35.0112,5.0016,0.22807
408,21,1,52,8.32692,0.146086,37.2772,5.32532,0.263158
408,22,1,52,8.76923,0.153846,42.3926,6.05609,0.245614
408,23,1,52,9.13462,0.160256,43.7051,6.24359,0.280702
501,0,0,129,24.0698,0.512123,137.14,23.1169,1
501,1,0,129,24.5349,0.522019,139.172,23.4729,0.787234
501,2,0,129,24.5814,0.523008,140.721,23.7235,0.808511
501,3,0,129,24.8527,0.528781,140.638,23.7255,0.808511
501,4,0,129,25,0.531915,140.527,23.7222,0.808511
501,5,0,129,25.1085,0.534224,140.294,23.7003,0.808511
501,6,0,129,24.8062,0.527792,140.642,23.7506,0.808511
501,7,0,129,24.4109,0.51938,128.578,21.6983,0.765957
501,8,0,129,20.6744,0.439881,116.242,19.6337,0.702128
501,9,0,129,21.6589,0.460828,118.767,20.042,0.702128
501,10,0,129,20.9612,0.445984,110.542,18.6331,1
501,11,0,129,19.5736,0.41646,105.529,17.8792,0.702128
501,12,0,129,18.5194,0.394029,101.561,17.3101,0.702128
501,13,0,129,18.7287,0.398483,100.747,17.2035,1
501,14,0,129,18.2713,0.388751,99.7025,16.9076,0.702128
501,15,0,129,17.6589,0.375722,97.9322,16.5045,0.702128
501,16,0,129,17.4884,0.372093,96.2907,16.2429,0.702128
501,17,0,129,17.3178,0.368464,96.345,16.3805,0.702128
501,18,0,129,18.0853,0.384793,96.9419,16.6634,0.702128
501,19,0,129,17.9147,0.381164,98.8185,16.9645,0.702128
501,20,0,129,18.6667,0.397163,106.192,18.2151,0.702128
501,21,0,129,20.093,0.427511,114.121,19.4671,0.702128
501,22,0,129,21.7674,0.463137,125.975,21.3592,0.765957
501,23,0,129,23.6667,0.503546,134.384,22.7119,0.808511
501,0,1,52,26.6154,0.566285,151.723,25.6106,0.765957
501,1,1,52,26.9231,0.572831,153.304,25.8317,0.765957
501,2,1,52,27.2308,0.579378,154.247,25.9904,0.744681
501,3,1,52,27.1731,0.578151,154.589,26.0176,0.744681
501,4,1,52,27.3077,0.581015,154.757,26.0753,0.744681
501,5,1,52,27.2308,0.579378,154.853,26.1282,0.744681
501,6,1,52,27.2885,0.580606,154.342,26.0449,0.744681
501,7,1,52,27.0577,0.575696,150.455,25.2965,0.723404
501,8,1,52,25.9231,0.551555,143.113,24.1346,0.723404
501,9,1,52,24.5769,0.522913,134.324,22.7933,0.723404
501,10,1,52,23.1538,0.492635,124.805,21.1571,0.659574
501,11,1,52,21.3846,0.454992,115.034,19.5096,0.659574
501,12,1,52,19.6923,0.418985,108.921,18.5048,0.659574
501,13,1,52,19.5385,0.415712,106.514,18.1282,0.659574
501,14,1,52,18.7308,0.398527,102.695,17.5353,0.659574
501,15,1,52,18.4615,0.392799,99.7276,17.0897,0.659574
501,16,1,52,18.2885,0.389116,99.1723,16.9503,0.659574
501,17,1,52,17.9038,0.380933,99.7388,16.9103,0.659574
501,18,1,52,18.3462,0.390344,103.603,17.4167,0.659574
501,19,1,52,19.1154,0.40671,108.45,18.1971,0.659574
501,20,1,52,20.0577,0.426759,115.595,19.4663,0.659574
501,21,1,52,21.1154,0.449264,122.556,20.6571,0.680851
501,22,1,52,23.2692,0.49509,133.993,22.5112,1
501,23,1,52,24.5385,0.522095,142.064,23.8478,0.744681
502,0,0,129,27.3411,0.273411,214.574,21.7901,0.43
502,1,0,129,27.6977,0.276977,214.364,21.8088,0.43
502,2,0,129,27.6279,0.276279,213.837,21.8295,0.43
502,3,0,129,27.5504,0.275504,211.485,21.6466,0.43
502,4,0,129,27.4109,0.274109,209.989,21.5297,0.43
502,5,0,129,27.4031,0.274031,208.191,21.3882,0.42
502,6,0,129,27.2791,0.272791,206.059,21.1602,0.42
502,7,0,129,25.8372,0.258372,179.138,18.5568,0.41
502,8,0,129,21.5814,0.215814,130.719,14.1563,0.41
502,9,0,129,18.5271,0.185271,104.078,11.4167,0.58
502,10,0,129,16.8217,0.168217,91.4138,10.1111,0.69
502,11,0,129,15.9535,0.159535,88.5355,9.76809,0.41
502,12,0,129,16.6434,0.166434,90.7513,10.1195,0.48
502,13,0,129,16.7132,0.167132,93.4328,10.4548,0.7
502,14,0,129,16.4264,0.164264,93.3695,10.4121,0.4
502,15,0,129,16.1395,0.161395,93.2293,10.4147,0.4
502,16,0,129,16.6822,0.166822,93.7267,10.6214,0.7
502,17,0,129,16.938,0.16938,101.798,11.5646,0.7
502,18,0,129,18.5194,0.185194,124.279,13.7984,0.41
502,19,0,129,20.9922,0.209922,154.142,16.6848,0.4
502,20,0,129,23.876,0.23876,175.945,18.6305,0.4
502,21,0,129,25.0465,0.250465,192.215,20.0194,0.4
502,22,0,129,26.4884,0.264884,205.342,21.1589,0.42
502,23,0,129,27.124,0.27124,212.528,21.7739,0.43
502,0,1,52,26.9615,0.269615,206.281,21.117,0.37
502,1,1,52,27.2308,0.272308,206.259,21.1571,0.37
502,2,1,52,27.1538,0.271538,206.522,21.1554,0.37
502,3,1,52,26.9808,0.269808,206.225,21.1554,0.37
502,4,1,52,27.0192,0.270192,204.498,21.0032,0.37
502,5,1,52,27.1154,0.271154,204.806,21.0609,0.37
502,6,1,52,26.8269,0.268269,201.884,20.8205,0.37
502,7,1,52,26.4423,0.264423,194.906,20.0946,0.36
502,8,1,52,25.1154,0.251154,177.092,18.3862,0.35
502,9,1,52,23.25,0.2325,156.07,16.3558,0.35
502,10,1,52,21.5192,0.215192,142.232,15.016,0.35
502,11,1,52,21.4231,0.214231,136.124,14.4407,0.57
502,12,1,52,20.2885,0.202885,134.419,14.3077,0.34
502,13,1,52,20.6154,0.206154,136.977,14.5849,0.34
502,14,1,52,20.6154,0.206154,132.815,14.2003,0.34
502,15,1,52,19.9615,0.199615,130.341,13.9615,0.34
502,16,1,52,19.9231,0.199231,128.546,13.7965,0.32
502,17,1,52,19.8269,0.198269,134.083,14.3446,0.32
502,18,1,52,21.1923,0.211923,144.033,15.2452,0.32
502,19,1,52,21.6154,0.216154,153.882,16.0304,0.32
502,20,1,52,22.6154,0.226154,162.531,16.7724,0.33
502,21,1,52,23.6538,0.236538,177.014,18.0288,0.34
502,22,1,52,25.2212,0.252212,189.567,19.2115,0.35
502,23,1,52,25.8077,0.258077,194.401,19.5962,0.38
506,0,0,129,49.4419,0.305197,407.953,34.2093,0.41358
506,1,0,129,49.7829,0.307302,410.576,34.4225,0.432099
506,2,0,129,49.9302,0.308211,411.96,34.6686,0.432099
506,3,0,129,49.7907,0.30735,407.253,34.3773,0.419753
506,4,0,129,49.5814,0.306058,409.174,34.4612,0.419753
506,5,0,129,50.3488,0.310795,404.91,34.3786,0.41358
506,6,0,129,50.1318,0.309455,406.203,34.5439,0.41358
506,7,0,129,49.2403,0.303953,384.078,31.9935,0.41358
506,8,0,129,43.0853,0.265958,347.305,26.3333,0.358025
506,9,0,129,39.7054,0.245095,354.287,23.8714,0.339506
506,10,0,129,39.0426,0.241004,368.273,23.7765,0.333333
506,11,0,129,39.2481,0.242272,384.426,24.2558,0.339506
506,12,0,129,39.7519,0.245382,381.432,24.4677,0.345679
506,13,0,129,39.9806,0.246794,377.968,24.3572,0.345679
506,14,0,129,38.7752,0.239353,356.819,23.1609,0.358025
506,15,0,129,37.938,0.234185,346.102,22.1854,0.333333
506,16,0,129,37.2442,0.229902,339.165,21.75,0.308642
506,17,0,129,37.1744,0.229472,328.543,21.7377,0.314815
506,18,0,129,36.8566,0.22751,317.781,22.4871,0.339506
506,19,0,129,38.9612,0.240501,335.977,25.4935,0.364198
506,20,0,129,43.2713,0.267107,379.117,28.9205,0.376543
506,21,0,129,44.7752,0.27639,373.627,30.2778,0.364198
506,22,0,129,46.8837,0.289406,391.028,32.5278,0.407407
506,23,0,129,48.938,0.302086,403.599,33.7745,0.41358
506,0,1,52,49.7885,0.307336,419.417,35.2452,0.364198
506,1,1,52,50.7308,0.313153,422.984,35.6587,0.382716
506,2,1,52,50.5962,0.312322,432.104,35.9199,0.382716
506,3,1,52,50.9808,0.314696,421.784,35.7997,0.382716
506,4,1,52,50.5385,0.311966,426.776,35.8077,0.382716
506,5,1,52,50.8462,0.313865,424.184,35.758,0.382716
506,6,1,52,50.75,0.313272,416.051,35.4375,0.382716
506,7,1,52,49.9231,0.308167,407.862,34.4599,0.376543
506,8,1,52,48,0.296296,395.13,32.3606,0.37037
506,9,1,52,45.7885,0.282645,375.296,30.4006,0.358025
506,10,1,52,44.9423,0.277422,383.979,29.8061,0.351852
506,11,1,52,44.1346,0.272436,385.247,29.2981,0.376543
506,12,1,52,44.1154,0.272317,393.75,29.4311,0.364198
506,13,1,52,44.8654,0.276947,386.997,29.3317,0.351852
506,14,1,52,43.4808,0.2684,371.101,28.2228,0.358025
506,15,1,52,42.5385,0.262583,359.378,27.1891,0.351852
506,16,1,52,42.4615,0.262108,360.489,27.0673,0.351852
506,17,1,52,41.8077,0.258072,358.514,26.9295,0.351852
506,18,1,52,42.6538,0.263295,354.308,27.7228,0.345679
506,19,1,52,43.7308,0.269943,352.894,28.6186,0.339506
506,20,1,52,44.6923,0.275878,375.207,30.3077,0.339506
506,21,1,52,46.9231,0.289649,369.171,31.3606,0.382716
506,22,1,52,47.0577,0.29048,373.019,32.2788,0.382716
506,23,1,52,48.4231,0.298908,393.144,33.4952,0.37037
508,0,0,129,11.8062,0.155345,60.7255,9.29134,0.302632
508,1,0,129,11.9612,0.157385,59.9771,9.18928,0.302632
508,2,0,129,11.845,0.155855,60.2099,9.24096,0.302632
508,3,0,129,11.8837,0.156365,59.4661,9.13824,0.289474
508,4,0,129,11.7907,0.155141,58.9031,9.06395,0.289474
508,5,0,129,11.876,0.156263,59.3236,9.12726,0.289474
508,6,0,129,11.876,0.156263,59.0478,9.0814,0.289474
508,7,0,129,11.0853,0.145859,51.0145,7.84496,0.263158
508,8,0,129,9.49612,0.124949,42.2781,6.48514,0.236842
508,9,0,129,8.82171,0.116075,40.4535,6.04328,0.223684
508,10,0,129,8.81008,0.115922,40.7497,6.07235,0.236842
508,11,0,129,8.7907,0.115667,42.1741,6.26809,0.236842
508,12,0,129,9.48062,0.124745,42.9587,6.37984,0.394737
508,13,0,129,9.13566,0.120206,43.5149,6.43217,0.256579
508,14,0,129,8.93798,0.117605,42.3798,6.25194,0.210526
508,15,0,129,8.90698,0.117197,42.6828,6.28036,0.223684
508,16,0,129,9.08527,0.119543,44.1208,6.4832,0.236842
508,17,0,129,9.42248,0.12398,47.9373,7.0407,0.25
508,18,0,129,9.86822,0.129845,54.0917,7.99419,0.263158
508,19,0,129,11.6977,0.153917,63.8908,9.45995,0.263158
508,20,0,129,12.5116,0.164627,65.9054,9.86176,0.302632
508,21,0,129,12.4031,0.163199,64.9218,9.77584,0.302632
508,22,0,129,12.5426,0.165035,64.8992,9.823,0.302632
508,23,0,129,12.6124,0.165953,64.9331,9.90052,0.302632
508,0,1,52,11.6731,0.153593,59.5729,9.11859,0.223684
508,1,1,52,11.9038,0.15663,59.1747,9.09295,0.223684
508,2,1,52,11.7115,0.154099,58.1651,8.92949,0.25
508,3,1,52,11.7115,0.154099,58.266,8.9375,0.223684
508,4,1,52,11.8077,0.155364,58.1426,8.90865,0.223684
508,5,1,52,11.6154,0.152834,57.7388,8.86378,0.223684
508,6,1,52,11.6538,0.15334,56.8862,8.73558,0.223684
508,7,1,52,11.1154,0.146255,52.5897,8.10577,0.223684
508,8,1,52,10.5,0.138158,50.3462,7.72917,0.210526
508,9,1,52,10.3462,0.136134,49.6675,7.55128,0.210526
508,10,1,52,10,0.131579,48.8822,7.38622,0.223684
508,11,1,52,10.0577,0.132338,48.7308,7.32212,0.210526
508,12,1,52,10.0769,0.132591,47.9792,7.21635,0.210526
508,13,1,52,10.0385,0.132085,48.0409,7.26282,0.210526
508,14,1,52,9.94231,0.13082,47.9511,7.21955,0.197368
508,15,1,52,10,0.131579,47.7212,7.15705,0.197368
508,16,1,52,9.71154,0.127783,47.6202,7.1266,0.184211
508,17,1,52,10.0769,0.132591,48.1923,7.17949,0.210526
508,18,1,52,9.90385,0.130314,49.2748,7.33173,0.236842
508,19,1,52,10.4615,0.137652,50.5593,7.59295,0.210526
508,20,1,52,10.5,0.138158,50.6659,7.63622,0.236842
508,21,1,52,10.4038,0.136893,50.5144,7.65385,0.210526
508,22,1,52,10.4231,0.137146,49.6899,7.60096,0.210526
508,23,1,52,10.5769,0.13917,49.6226,7.64904,0.210526
511,0,0,129,2.14729,0.143152,6.52067,1.72997,0.533333
511,1,0,129,2.21705,0.147804,6.63372,1.75,0.533333
511,2,0,129,2.17829,0.14522,6.5365,1.73062,0.533333
511,3,0,129,2.17829,0.14522,6.55006,1.7332,0.533333
511,4,0,129,2.14729,0.143152,6.48224,1.71705,0.533333
511,5,0,129,2.18605,0.145736,6.46641,1.70736,0.533333
511,6,0,129,2.11628,0.141085,6.40084,1.6938,0.533333
511,7,0,129,2.13953,0.142636,6.01647,1.57623,0.466667
511,8,0,129,1.95349,0.130233,6.10239,1.49483,0.466667
511,9,0,129,1.89147,0.126098,5.67959,1.25452,0.6
511,10,0,129,1.66667,0.111111,5.2387,1.10594,0.6
511,11,0,129,1.52713,0.101809,5.00581,1.03165,0.4
511,12,0,129,1.55039,0.103359,4.89955,1.00258,0.666667
511,13,0,129,1.5969,0.10646,4.86111,1.01938,0.666667
511,14,0,129,1.48837,0.0992248,4.87468,1.04393,0.466667
511,15,0,129,1.42636,0.0950904,4.80006,1.04328,0.466667
511,16,0,129,1.54264,0.102842,4.70963,1.07041,0.666667
511,17,0,129,1.55814,0.103876,4.23256,1.02972,0.6
511,18,0,129,1.42636,0.0950904,3.94089,1.00711,0.4
511,19,0,129,1.5969,0.10646,4.84076,1.27455,0.466667
511,20,0,129,1.72868,0.115245,5.64793,1.49612,0.466667
511,21,0,129,2.00775,0.13385,6.43928,1.71124,0.466667
511,22,0,129,2.17829,0.14522,6.66537,1.77519,0.466667
511,23,0,129,2.1938,0.146253,6.53198,1.74225,0.533333
511,0,1,52,2.17308,0.144872,6.76442,1.76442,0.466667
511,1,1,52,2.11538,0.141026,6.56811,1.70353,0.466667
511,2,1,52,2.21154,0.147436,6.66346,1.73558,0.466667
511,3,1,52,2.23077,0.148718,6.7476,1.75801,0.466667
511,4,1,52,2.21154,0.147436,6.8766,1.78686,0.466667
511,5,1,52,2.25,0.15,6.84856,1.78365,0.466667
511,6,1,52,2.23077,0.148718,6.96074,1.8141,0.466667
511,7,1,52,2.26923,0.151282,6.80929,1.76442,0.466667
511,8,1,52,2.19231,0.146154,6.64103,1.70032,0.466667
511,9,1,52,2,0.133333,5.67628,1.42628,0.466667
511,10,1,52,1.84615,0.123077,4.9359,1.2484,0.466667
511,11,1,52,1.75,0.116667,4.6274,1.13782,0.6
511,12,1,52,1.59615,0.10641,4.71154,1.17308,0.466667
511,13,1,52,1.76923,0.117949,4.31891,1.06891,0.466667
511,14,1,52,1.65385,0.110256,4.08894,0.99359,0.466667
511,15,1,52,1.57692,0.105128,4.28526,1.05128,0.4
511,16,1,52,1.55769,0.103846,4.14503,1.04006,0.466667
511,17,1,52,1.61538,0.107692,3.85897,1.00321,0.466667
511,18,1,52,1.69231,0.112821,3.33734,0.894231,0.466667
511,19,1,52,1.46154,0.0974359,3.67388,0.953526,0.466667
511,20,1,52,1.57692,0.105128,4.58814,1.17788,0.466667
511,21,1,52,1.84615,0.123077,5.32853,1.3734,0.466667
511,22,1,52,1.94231,0.129487,5.86699,1.5,0.466667
511,23,1,52,2.11538,0.141026,6.14744,1.57372,0.466667
512,0,0,129,23.2093,0.269876,118.824,20.6098,0.406977
512,1,0,129,23.4186,0.272309,119.167,20.6634,0.395349
512,2,0,129,23.3333,0.271318,118.849,20.6072,0.383721
512,3,0,129,23.0388,0.267893,117.609,20.3624,0.383721
512,4,0,129,23.0465,0.267983,117.399,20.3056,0.383721
512,5,0,129,23.0465,0.267983,116.244,20.1331,0.383721
512,6,0,129,22.907,0.26636,114.853,19.8986,0.44186
512,7,0,129,21.2481,0.24707,97.8146,16.699,0.406977
512,8,0,129,16.7674,0.19497,75.874,12.8953,0.337209
512,9,0,129,15,0.174419,68.3043,12.0123,0.569767
512,10,0,129,14.6279,0.170092,68.1663,11.9264,0.348837
512,11,0,129,15.031,0.174779,68.6909,11.8966,0.383721
512,12,0,129,15.6589,0.18208,71.4109,12.334,0.569767
512,13,0,129,15.6202,0.18163,71.8224,12.4483,0.395349
512,14,0,129,15.2636,0.177483,71.0152,12.2933,0.383721
512,15,0,129,15.1395,0.176041,71.2277,12.3211,0.372093
512,16,0,129,15.4109,0.179196,74.488,12.8514,0.627907
512,17,0,129,16.2171,0.18857,80.812,13.9315,0.453488
512,18,0,129,17.7984,0.206959,95.176,16.407,0.325581
512,19,0,129,21.1938,0.24644,116.162,19.7616,0.348837
512,20,0,129,23.5039,0.273301,125.05,21.3889,0.395349
512,21,0,129,24.3566,0.283216,125.487,21.6802,0.406977
512,22,0,129,24.4031,0.283757,124.955,21.6628,0.395349
512,23,0,129,24.0853,0.280061,123.961,21.4748,0.406977
512,0,1,52,23.25,0.270349,121.367,20.7196,0.360465
512,1,1,52,23.4615,0.272809,121.227,20.7019,0.430233
512,2,1,52,23.0962,0.26856,120.739,20.5721,0.372093
512,3,1,52,23.1346,0.269007,119.959,20.4119,0.372093
512,4,1,52,22.8077,0.265206,119.83,20.3638,0.372093
512,5,1,52,22.7692,0.264758,118.568,20.2051,0.360465
512,6,1,52,22.6346,0.263193,117.401,20.0032,0.360465
512,7,1,52,22.1154,0.257156,112.09,18.9615,0.348837
512,8,1,52,20.75,0.241279,104.938,17.7083,0.337209
512,9,1,52,19.5962,0.227862,96.1715,16.3686,0.348837
512,10,1,52,18.7308,0.2178,92.7388,15.8638,0.337209
512,11,1,52,18.6154,0.216458,93.2604,15.992,0.325581
512,12,1,52,18.8462,0.219141,95.9696,16.4631,0.337209
512,13,1,52,19.9423,0.231887,97.9215,16.8526,0.348837
512,14,1,52,19.7115,0.229204,97.0633,16.6218,0.372093
512,15,1,52,19.4038,0.225626,96.9006,16.5176,0.383721
512,16,1,52,19.6154,0.228086,100.788,17.1426,0.372093
512,17,1,52,20.3269,0.23636,104.018,17.6731,0.360465
512,18,1,52,20.8077,0.24195,108.382,18.4087,0.360465
512,19,1,52,21.7692,0.253131,112.707,19.2308,0.360465
512,20,1,52,21.9423,0.255143,113.442,19.3446,0.372093
512,21,1,52,21.9423,0.255143,110.755,18.9712,0.372093
512,22,1,52,21.5385,0.250447,110.345,18.9231,0.360465
512,23,1,52,21.5962,0.251118,109.448,18.766,0.372093
513,0,0,129,75.5659,0.441906,465.346,66.478,0.982456
513,1,0,129,74.6202,0.436375,466.273,66.6105,0.602339
513,2,0,129,74.7597,0.437191,469.398,67.0568,0.602339
513,3,0,129,74.6202,0.436375,466.477,66.6395,0.578947
513,4,0,129,74.4574,0.435423,464.537,66.3624,0.584795
513,5,0,129,74.5116,0.435741,464.781,66.3973,0.590643
513,6,0,129,74.2558,0.434245,463.031,66.1473,0.584795
513,7,0,129,72.3643,0.423183,403.879,57.697,0.54386
513,8,0,129,54.6744,0.319733,296.858,42.4083,0.467836
513,9,0,129,45.7752,0.267691,251.638,35.9483,0.526316
513,10,0,129,43.6977,0.255542,235.337,33.6195,0.877193
513,11,0,129,41.3566,0.241851,231.24,33.0342,0.444444
513,12,0,129,42.9147,0.250963,240.36,34.3372,0.45614
513,13,0,129,43.7984,0.256131,237.579,33.9399,1
513,14,0,129,41.0543,0.240083,225.492,32.2132,0.444444
513,15,0,129,39.3256,0.229974,217.579,31.0827,0.444444
513,16,0,129,39.6357,0.231787,220.563,31.509,0.596491
513,17,0,129,40.5736,0.237273,237.005,33.8579,0.596491
513,18,0,129,44.2016,0.258489,282.505,40.3579,0.438596
513,19,0,129,54.4651,0.318509,354.576,50.6537,0.450292
513,20,0,129,63.3256,0.370325,405.923,57.989,0.48538
513,21,0,129,68.5116,0.400653,438.875,62.6964,0.549708
513,22,0,129,73.3023,0.428669,466.11,66.5872,0.561404
513,23,0,129,75.7984,0.443266,474.761,67.823,0.590643
513,0,1,52,74.1923,0.433873,465.96,66.5657,0.590643
513,1,1,52,75.1731,0.439609,467.564,66.7949,0.602339
513,2,1,52,74.9808,0.438484,466.196,66.5994,0.602339
513,3,1,52,75.5192,0.441633,466.925,66.7035,0.596491
513,4,1,52,75.0769,0.439046,466.51,66.6442,0.602339
513,5,1,52,74.5962,0.436235,463.716,66.2452,0.602339
513,6,1,52,74.1538,0.433648,461.327,65.9038,0.590643
513,7,1,52,74.1346,0.433536,442.526,63.2179,0.573099
513,8,1,52,68.4615,0.40036,409.736,58.5337,0.549708
513,9,1,52,64.5192,0.377305,378.684,54.0978,0.532164
513,10,1,52,60.4231,0.353351,355.934,50.8478,0.508772
513,11,1,52,58.8077,0.343905,343.179,49.0256,0.508772
513,12,1,52,58.7115,0.343342,349.551,49.9359,0.450292
513,13,1,52,60.1154,0.351552,353.388,50.484,0.45614
513,14,1,52,57.9038,0.338619,336.381,48.0545,0.45614
513,15,1,52,55.6731,0.325574,324.67,46.3814,0.438596
513,16,1,52,54.3269,0.317701,324.199,46.3141,0.426901
513,17,1,52,55.75,0.326023,331.95,47.4215,0.450292
513,18,1,52,57.0192,0.333446,349.327,49.9038,0.461988
513,19,1,52,60.4615,0.353576,368.454,52.6362,0.45614
513,20,1,52,63.4423,0.371008,387.973,55.4247,0.467836
513,21,1,52,65.5385,0.383266,403.296,57.6138,0.479532
513,22,1,52,69.7692,0.408007,417.521,59.6458,1
513,23,1,52,69.8846,0.408682,425.587,60.7981,0.502924
516,0,0,129,29.6589,0.417731,293.94,28.3269,1
516,1,0,129,30.3953,0.428104,298.992,28.7875,0.873239
516,2,0,129,30.5504,0.430287,296.506,29.0103,0.816901
516,3,0,129,30.7209,0.432689,293.601,29.0252,0.830986
516,4,0,129,30.9302,0.435637,292.623,28.9651,0.943662
516,5,0,129,30.4186,0.428431,290.792,28.8301,0.830986
516,6,0,129,30.5194,0.42985,286.984,28.5013,0.830986
516,7,0,129,28.7209,0.40452,248.551,24.5795,0.788732
516,8,0,129,22.9922,0.323834,222.76,21.113,0.732394
516,9,0,129,22.5271,0.317284,223.557,20.4276,0.661972
516,10,0,129,22.5426,0.317502,210.51,19.4289,1
516,11,0,129,20.6589,0.290971,198.667,18.677,0.676056
516,12,0,129,20.9845,0.295556,192.041,18.2881,1
516,13,0,129,19.9147,0.280489,190.359,17.9548,1
516,14,0,129,19.2093,0.270554,181.101,17.1311,0.676056
516,15,0,129,18.0078,0.25363,171.123,16.2487,0.676056
516,16,0,129,18.5271,0.260946,164.573,16.0407,1
516,17,0,129,18.093,0.254831,160.607,15.9257,1
516,18,0,129,16.4884,0.232231,148.653,14.8973,0.577465
516,19,0,129,16.3798,0.230702,154.044,15.9658,0.605634
516,20,0,129,18.2326,0.256797,176.934,18.1111,0.619718
516,21,0,129,20.7829,0.292718,201.778,20.98,0.647887
516,22,0,129,23.8372,0.335735,231.494,23.9632,0.71831
516,23,0,129,26.5581,0.374058,267.484,26.3236,0.746479
516,0,1,52,27.3077,0.384615,279.293,27.508,0.507042
516,1,1,52,28.8462,0.406284,288.109,28.1202,0.577465
516,2,1,52,29.3462,0.413326,294.862,28.6619,0.591549
516,3,1,52,29.4423,0.41468,293.393,28.7067,0.591549
516,4,1,52,29.5962,0.416847,295.514,28.8157,0.591549
516,5,1,52,29.6731,0.417931,296.503,28.7628,0.591549
516,6,1,52,29.5577,0.416306,295.362,28.6362,0.56338
516,7,1,52,28.6538,0.403575,276.776,26.7212,0.56338
516,8,1,52,26.6346,0.375135,263.596,25.2388,0.521127
516,9,1,52,26.1538,0.368364,244.636,23.3974,0.901408
516,10,1,52,24.6923,0.347779,234.466,22.2035,1
516,11,1,52,23.6346,0.332882,220.601,21.0721,1
516,12,1,52,21.5385,0.303359,206.317,20.1474,0.422535
516,13,1,52,20.1923,0.284399,202.189,19.0929,0.408451
516,14,1,52,19.5769,0.275731,183.702,17.7131,0.591549
516,15,1,52,17.8846,0.251896,174.138,16.9535,0.352113
516,16,1,52,17.5962,0.247833,168.019,16.492,0.352113
516,17,1,52,16.8077,0.236728,160.721,16.141,0.366197
516,18,1,52,17.0385,0.239978,163.55,16.4359,0.366197
516,19,1,52,17.7692,0.250271,168.232,17.7965,0.408451
516,20,1,52,19.4615,0.274106,181.668,19.2548,0.422535
516,21,1,52,20.9038,0.29442,203.723,20.8766,0.43662
516,22,1,52,23.6154,0.332611,225.593,23.1394,1
516,23,1,52,25.4808,0.358884,256.479,25.6346,0.492958
519,0,0,129,89.876,0.403031,2428.89,55.3656,0.932735
519,1,0,129,107.233,0.480863,2742.62,59.6822,0.668161
519,2,0,129,103.775,0.46536,2253.39,53.9464,0.618834
519,3,0,129,100.047,0.448639,1862.58,49.1899,0.591928
519,4,0,129,94.4419,0.423506,1521.92,45.0924,0.596413
519,5,0,129,93.2791,0.418292,1202.6,41.0872,0.618834
519,6,0,129,84.0155,0.376751,714.268,35.1331,0.632287
519,7,0,129,82.9535,0.371989,735.787,32.7519,0.627803
519,8,0,129,83.155,0.372893,1061.58,35.6705,0.605381
519,9,0,129,85.6279,0.383982,1013.74,37.7171,0.573991
519,10,0,129,81.1783,0.364028,620.933,32.3224,0.973094
519,11,0,129,81.5581,0.365732,622.834,32.3676,0.578475
519,12,0,129,83.6434,0.375083,1129.26,37.739,0.672646
519,13,0,129,93.7054,0.420204,1458.28,41.2067,0.973094
519,14,0,129,87.2558,0.391282,1426.91,40.1557,0.578475
519,15,0,129,85.3333,0.382661,1193.47,36.4806,0.587444
519,16,0,129,83.8992,0.37623,1162.54,35.9858,0.789238
519,17,0,129,82.0465,0.367922,1000.96,34.1621,0.717489
519,18,0,129,81.4806,0.365384,777.93,31.6609,0.569507
519,19,0,129,76.6202,0.343588,850.203,33.5452,0.565022
519,20,0,129,81.0853,0.363611,868.158,34.292,0.560538
519,21,0,129,81.2558,0.364376,777.259,33.5504,0.591928
519,22,0,129,78.8372,0.35353,685.87,33.157,0.569507
519,23,0,129,85.3566,0.382765,758.241,34.9935,0.659193
519,0,1,52,90.9808,0.407986,2457.25,57.3237,0.636771
519,1,1,52,108.212,0.485254,2624.77,59.6635,0.636771
519,2,1,52,105.731,0.474129,2242.43,55.3029,0.64574
519,3,1,52,98.5192,0.44179,1908.82,51.4663,0.605381
519,4,1,52,95.0577,0.426268,1693.8,49.0401,0.618834
519,5,1,52,94.8077,0.425147,1213.1,43.4054,0.578475
519,6,1,52,86.0577,0.385909,725.752,37.1827,0.565022
519,7,1,52,84.7692,0.380131,795.79,36.9215,0.565022
519,8,1,52,87.6538,0.393067,1136.22,39.3862,0.605381
519,9,1,52,84.5577,0.379182,1031.87,37.6923,0.618834
519,10,1,52,79.3462,0.355812,627.69,32.0032,0.61435
519,11,1,52,79.2308,0.355295,622.514,31.6538,0.538117
519,12,1,52,81.6538,0.366161,1067.31,36.8141,0.560538
519,13,1,52,88.2885,0.395912,1375.72,40.1042,0.542601
519,14,1,52,89.6923,0.402208,1173.75,36.9295,0.704036
519,15,1,52,88.3077,0.395999,954.153,33.6346,0.636771
519,16,1,52,87.4038,0.391945,939.78,32.8958,0.58296
519,17,1,52,79.7692,0.35771,907.844,32.7788,0.587444
519,18,1,52,81.3654,0.364867,729.47,31.0144,0.565022
519,19,1,52,79.0769,0.354605,779.436,32.0817,0.560538
519,20,1,52,79.9423,0.358486,726.052,32.1362,0.569507
519,21,1,52,85.6923,0.38427,703.389,32.6298,0.587444
519,22,1,52,84.4808,0.378838,672.483,33.0753,0.892377
519,23,1,52,82.0192,0.367799,743.639,34.7019,0.627803
520,0,0,129,35.0194,0.282414,87.3236,12.4748,0.467742
520,1,0,129,34.8682,0.281195,87.3598,12.48,0.467742
520,2,0,129,34.9225,0.281633,86.781,12.3973,0.467742
520,3,0,129,34.845,0.281008,86.7584,12.3941,0.467742
520,4,0,129,34.9612,0.281945,86.7358,12.3908,0.467742
520,5,0,129,34.8682,0.281195,87.0614,12.4373,0.467742
520,6,0,129,34.8527,0.28107,86.885,12.4121,0.467742
520,7,0,129,34.8605,0.281133,86.9212,12.4173,0.467742
520,8,0,129,36.0853,0.29101,109.205,15.6008,0.467742
520,9,0,129,44.0465,0.355214,169.221,24.1744,0.903226
520,10,0,129,49.5465,0.399569,184.08,26.2972,0.927419
520,11,0,129,50.9612,0.410978,191.591,27.3702,0.919355
520,12,0,129,51.2946,0.413666,188.593,26.9419,0.919355
520,13,0,129,49.6202,0.400163,180.363,25.7661,0.919355
520,14,0,129,48.9457,0.394724,179.233,25.6047,0.919355
520,15,0,129,48.1628,0.38841,175,25,0.540323
520,16,0,129,48.9845,0.395036,173.924,24.8463,0.919355
520,17,0,129,48.3876,0.390223,165.147,23.5924,0.903226
520,18,0,129,45.3333,0.365591,143.731,20.5329,0.516129
520,19,0,129,39.969,0.322331,108.758,15.5368,0.548387
520,20,0,129,37,0.298387,96.6841,13.812,0.475806
520,21,0,129,35.3256,0.284884,88.9018,12.7003,0.467742
520,22,0,129,34.7209,0.280008,86.0213,12.2888,0.467742
520,23,0,129,34.6822,0.279695,86.5142,12.3592,0.467742
520,0,1,52,35,0.282258,89.9119,12.8446,0.419355
520,1,1,52,35.4423,0.285825,91.7628,13.109,0.419355
520,2,1,52,35.2885,0.284584,93.109,13.3013,0.419355
520,3,1,52,35.4423,0.285825,92.1218,13.1603,0.419355
520,4,1,52,35.5385,0.2866,91.8526,13.1218,0.419355
520,5,1,52,35.5577,0.286756,92.3125,13.1875,0.419355
520,6,1,52,35.5577,0.286756,92.5032,13.2147,0.419355
520,7,1,52,35.4231,0.28567,91.617,13.0881,0.419355
520,8,1,52,35.5385,0.2866,94.3878,13.484,0.427419
520,9,1,52,36.7692,0.296526,108.769,15.5385,0.419355
520,10,1,52,38.3654,0.309398,113.66,16.2372,0.419355
520,11,1,52,39.2115,0.316222,120.01,17.1442,0.419355
520,12,1,52,40.0192,0.322736,119.819,17.117,0.419355
520,13,1,52,39.4423,0.318083,114.434,16.3478,0.435484
520,14,1,52,38.5577,0.310949,111.843,15.9776,0.427419
520,15,1,52,38.25,0.308468,108.321,15.4744,0.427419
520,16,1,52,38.2115,0.308158,107.513,15.359,0.427419
520,17,1,52,37.5,0.302419,102.05,14.5785,0.419355
520,18,1,52,37.0577,0.298852,94.3542,13.4792,0.419355
520,19,1,52,35,0.282258,83.2484,11.8926,0.419355
520,20,1,52,34.5192,0.278381,81.5208,11.6458,0.419355
520,21,1,52,34.3654,0.27714,82.4744,11.7821,0.419355
520,22,1,52,34.7885,0.280552,84.4375,12.0625,0.41129
520,23,1,52,34.8654,0.281172,86.9391,12.4199,0.419355
522,0,0,129,55.0155,0.639715,350.586,49.7229,1
522,1,0,129,54.8372,0.637642,350.926,49.7248,0.790698
522,2,0,129,54.7132,0.6362,350.724,49.6576,0.790698
522,3,0,129,54.7287,0.63638,347.941,49.2177,0.802326
522,4,0,129,54.4186,0.632774,345.454,48.8773,0.790698
522,5,0,129,54.1395,0.629529,343.874,48.6621,0.77907
522,6,0,129,53.7984,0.625563,341.636,48.3572,0.755814
522,7,0,129,52.5504,0.611051,301.209,42.5904,0.744186
522,8,0,129,40.4109,0.469894,220.505,30.9509,0.651163
522,9,0,129,30.9457,0.359834,165.775,23.073,0.837209
522,10,0,129,26.7907,0.31152,145.999,20.3243,0.674419
522,11,0,129,25.1395,0.29232,142.384,19.7526,0.5
522,12,0,129,26.0543,0.302957,144.074,20.2552,0.686047
522,13,0,129,26.2636,0.30539,142.27,20.0568,0.906977
522,14,0,129,24.845,0.288895,138.485,19.3973,0.523256
522,15,0,129,24.0388,0.27952,135.564,18.98,0.523256
522,16,0,129,25.031,0.291058,139.034,19.4884,0.895349
522,17,0,129,25.0233,0.290968,145.52,20.4341,0.895349
522,18,0,129,27.2481,0.316838,169.519,23.9348,0.534884
522,19,0,129,32.2326,0.374797,222.605,31.5969,0.627907
522,20,0,129,41.907,0.48729,279.434,39.7196,0.674419
522,21,0,129,48.3798,0.562556,318.209,45.2674,0.755814
522,22,0,129,53.0155,0.616459,344.587,48.9826,0.77907
522,23,0,129,55.2403,0.642329,352.283,50.0375,0.790698
522,0,1,52,55.1154,0.640877,353.285,50.0849,0.790698
522,1,1,52,55.3077,0.643113,350.832,49.8029,0.767442
522,2,1,52,55.3654,0.643784,348.425,49.4696,0.77907
522,3,1,52,54.9038,0.638417,347.905,49.3638,0.790698
522,4,1,52,54.5192,0.633945,346.753,49.1939,0.77907
522,5,1,52,54.4423,0.63305,345.696,49.0481,0.77907
522,6,1,52,54.3462,0.631932,342.793,48.6282,0.77907
522,7,1,52,53.7115,0.624553,332.038,47.1234,0.77907
522,8,1,52,50.5192,0.587433,305.314,43.4215,0.732558
522,9,1,52,46.4808,0.540474,277.947,39.4487,0.732558
522,10,1,52,42.9808,0.499776,254.812,36.1122,0.697674
522,11,1,52,40.1154,0.466458,240.571,34.0881,0.662791
522,12,1,52,40.2115,0.467576,244.019,34.5913,0.686047
522,13,1,52,39.9808,0.464893,237.17,33.6971,0.674419
522,14,1,52,37.6538,0.437835,226.585,32.1218,0.662791
522,15,1,52,37.1154,0.431574,224.633,31.8061,0.651163
522,16,1,52,36.8462,0.428444,222.234,31.5529,0.639535
522,17,1,52,37.1923,0.432469,229.205,32.5593,0.639535
522,18,1,52,39.1731,0.455501,245.641,34.9599,0.639535
522,19,1,52,42.4423,0.493515,269.837,38.4006,0.686047
522,20,1,52,45.9038,0.533766,292.008,41.5417,0.697674
522,21,1,52,48.6346,0.565519,311.364,44.3542,0.709302
522,22,1,52,51.5385,0.599284,325.59,46.3654,1
522,23,1,52,52.8654,0.614714,334.526,47.4471,0.755814
525,0,0,129,27.124,0.282542,130.072,23.7649,0.427083
525,1,0,129,27.9922,0.291586,131.295,23.9748,0.385417
525,2,0,129,28.0775,0.292474,132.43,24.1776,0.385417
525,3,0,129,28.0388,0.29207,131.193,23.9651,0.385417
525,4,0,129,28.2248,0.294008,130.924,23.9083,0.385417
525,5,0,129,28.0155,0.291828,130.997,23.8792,0.385417
525,6,0,129,27.9922,0.291586,131.404,23.9257,0.395833
525,7,0,129,27.0078,0.281331,119.43,21.6421,0.385417
525,8,0,129,22.3643,0.232962,96.8379,16.8882,0.333333
525,9,0,129,19.9845,0.208172,89.5191,15.4115,0.375
525,10,0,129,19.1163,0.199128,85.4968,14.6466,0.302083
525,11,0,129,18.5659,0.193395,84.4318,14.4212,0.302083
525,12,0,129,18.4961,0.192668,82.7519,14.2758,0.3125
525,13,0,129,18.8682,0.196544,84.0543,14.5375,0.3125
525,14,0,129,18.3178,0.190811,80.2016,13.9109,0.322917
525,15,0,129,17.7907,0.18532,77.5698,13.3443,0.322917
525,16,0,129,17.6279,0.183624,78.1621,13.4425,0.416667
525,17,0,129,18.0388,0.187904,82.0578,14.2442,0.416667
525,18,0,129,19.0233,0.198159,90.6744,16.1453,0.34375
525,19,0,129,21.7829,0.226906,106.669,19.219,0.34375
525,20,0,129,24.845,0.258802,117.824,21.469,0.354167
525,21,0,129,26.2403,0.273337,121.024,22.2532,0.375
525,22,0,129,26.4961,0.276001,122.819,22.719,0.385417
525,23,0,129,27.031,0.281573,124.632,23.0181,0.385417
525,0,1,52,26.3654,0.274639,127.52,23.2548,0.395833
525,1,1,52,27.6731,0.288261,129.377,23.5096,0.395833
525,2,1,52,27.5385,0.286859,129.399,23.5048,0.395833
525,3,1,52,27.5577,0.287059,129.865,23.5753,0.395833
525,4,1,52,27.3654,0.285056,129.365,23.4904,0.395833
525,5,1,52,27.5385,0.286859,128.732,23.359,0.395833
525,6,1,52,27.3269,0.284655,128.575,23.3093,0.395833
525,7,1,52,27,0.28125,124.155,22.3926,0.395833
525,8,1,52,24.9038,0.259415,112.516,19.9744,0.364583
525,9,1,52,22.7308,0.236779,104.439,18.3397,0.34375
525,10,1,52,21.4038,0.222957,96.4575,16.9279,0.3125
525,11,1,52,20.7308,0.215946,93.3109,16.2612,0.395833
525,12,1,52,20.1538,0.209936,93.8774,16.4071,0.3125
525,13,1,52,20.5,0.213542,95.0777,16.5962,0.302083
525,14,1,52,20.2692,0.211138,93.1146,16.3942,0.3125
525,15,1,52,20.8462,0.217147,93.1146,16.4295,0.34375
525,16,1,52,20.4423,0.212941,93.1482,16.484,0.302083
525,17,1,52,20.3462,0.211939,92.9744,16.5304,0.3125
525,18,1,52,20.9038,0.217748,98.8582,17.6779,0.3125
525,19,1,52,22.6731,0.236178,103.99,18.7404,0.333333
525,20,1,52,23.6538,0.246394,107.956,19.5705,0.354167
525,21,1,52,24.4038,0.254207,111.742,20.2452,0.333333
525,22,1,52,24.7115,0.257412,114.26,20.7596,0.333333
525,23,1,52,25.3077,0.263622,117.357,21.3029,0.333333
526,0,0,129,120.333,0.459288,486.265,74.4315,1
526,1,0,129,118.372,0.451802,489.322,74.9193,0.614504
526,2,0,129,118.062,0.450618,490.904,75.2074,0.591603
526,3,0,129,118.388,0.451861,489.864,75.082,0.580153
526,4,0,129,118.566,0.452542,489.211,75.0045,0.603053
526,5,0,129,119.364,0.455589,488.25,74.8689,0.59542
526,6,0,129,119.24,0.455116,487.081,74.5711,0.614504
526,7,0,129,115.868,0.442245,447.053,68.1751,0.568702
526,8,0,129,102.829,0.392479,355.802,54.2552,0.522901
526,9,0,129,91.876,0.350672,291.262,44.5594,0.717557
526,10,0,129,86.0853,0.32857,262.231,40.0717,0.896947
526,11,0,129,83.4109,0.318362,249.366,38.082,0.473282
526,12,0,129,83.7364,0.319605,248.349,37.8643,0.725191
526,13,0,129,84.1008,0.320995,243.971,37.1518,1
526,14,0,129,80.969,0.309042,234.113,35.6647,0.541985
526,15,0,129,78.5814,0.299929,225.158,34.3882,0.454198
526,16,0,129,79.9225,0.305048,224.922,34.4658,0.824427
526,17,0,129,78.2481,0.298657,237.38,36.5439,0.824427
526,18,0,129,81.6202,0.311527,270.441,41.7435,0.469466
526,19,0,129,89.2093,0.340494,333.187,51.2274,0.492366
526,20,0,129,100.209,0.382478,398.362,61.0297,0.557252
526,21,0,129,109.147,0.416593,446.856,68.2487,0.557252
526,22,0,129,113.612,0.433635,476.156,72.6434,0.587786
526,23,0,129,117.915,0.450056,487,74.3598,0.591603
526,0,1,52,118.981,0.454125,505.43,76.641,0.572519
526,1,1,52,121.135,0.462346,506.524,76.9038,0.587786
526,2,1,52,119.904,0.457648,505.879,76.867,0.599237
526,3,1,52,120.654,0.460511,507.079,77.0817,0.583969
526,4,1,52,119.654,0.456694,506.827,77.0449,0.591603
526,5,1,52,121.904,0.465282,506.687,77.0337,0.599237
526,6,1,52,120.25,0.458969,503.45,76.4487,0.599237
526,7,1,52,118.538,0.452437,487.689,73.7115,0.564885
526,8,1,52,114.788,0.438124,456.256,68.7564,0.557252
526,9,1,52,108.077,0.412507,418.648,62.8654,0.515267
526,10,1,52,103.712,0.395846,386.397,57.9151,0.538168
526,11,1,52,102.308,0.390487,360.579,54.1138,0.591603
526,12,1,52,97.9808,0.373972,357.74,53.5737,0.503817
526,13,1,52,98.3462,0.375367,347.655,52.0737,0.496183
526,14,1,52,96.4423,0.3681,336.303,50.4087,0.480916
526,15,1,52,94.7308,0.361568,329.768,49.4038,0.480916
526,16,1,52,93.9038,0.358412,325.253,48.8702,0.496183
526,17,1,52,95.7885,0.365605,331.333,49.9712,0.473282
526,18,1,52,96.1346,0.366926,352.81,53.4647,0.580153
526,19,1,52,102.596,0.391588,388.203,58.9567,0.530534
526,20,1,52,105.981,0.404507,415.597,63.133,0.496183
526,21,1,52,112.788,0.43049,439.648,66.8974,0.515267
526,22,1,52,116.192,0.443482,464.709,70.5256,0.881679
526,23,1,52,116.481,0.444583,478.642,72.7308,0.59542
527,0,0,129,47.4225,0.324812,285.232,35.9961,0.486301
527,1,0,129,48.7752,0.334077,286.466,36.4903,0.438356
527,2,0,129,48.9767,0.335457,286.611,36.6111,0.568493
527,3,0,129,48.6124,0.332962,286.2,36.593,0.561644
527,4,0,129,48.3798,0.331369,285.732,36.5685,0.438356
527,5,0,129,48.6357,0.333121,284.09,36.4167,0.445205
527,6,0,129,48.4419,0.331794,282.691,36.2429,0.438356
527,7,0,129,47.0698,0.322396,262.109,33.5491,0.424658
527,8,0,129,42.1473,0.28868,214.746,27.5019,0.40411
527,9,0,129,37.4264,0.256345,182.115,22.9884,0.630137
527,10,0,129,33.8527,0.231868,166.309,20.8514,0.349315
527,11,0,129,32.6589,0.223691,162.535,20.1518,0.328767
527,12,0,129,32.5388,0.222868,161.448,19.9406,0.417808
527,13,0,129,32.1202,0.220001,158.122,19.2532,0.315068
527,14,0,129,31.0698,0.212807,153.548,18.511,0.321918
527,15,0,129,30.2093,0.206913,145.352,17.5304,0.342466
527,16,0,129,29.2636,0.200435,143.224,17.0975,0.321918
527,17,0,129,28.9612,0.198365,143.195,16.8643,0.321918
527,18,0,129,29.0775,0.199161,152.273,17.708,0.315068
527,19,0,129,31.1085,0.213072,180.444,21.1899,0.321918
527,20,0,129,36.062,0.247,216.333,25.8947,0.342466
527,21,0,129,40.3101,0.276096,248.315,29.7713,0.369863
527,22,0,129,43.8372,0.300255,271.619,33.2319,0.39726
527,23,0,129,46.5039,0.31852,283.197,35.2229,0.40411
527,0,1,52,48,0.328767,290.321,36.8045,0.431507
527,1,1,52,49.0385,0.33588,292.429,37.3077,0.431507
527,2,1,52,48.8077,0.334299,292.329,37.2724,0.431507
527,3,1,52,49.0962,0.336275,292.8,37.4087,0.431507
527,4,1,52,49.5192,0.339173,291.319,37.226,0.589041
527,5,1,52,49.75,0.340753,290.64,37.2276,0.582192
527,6,1,52,49.4808,0.338909,290.444,37.1442,0.575342
527,7,1,52,49.0769,0.336143,283.758,36.1955,0.575342
527,8,1,52,47.4231,0.324816,263.762,33.5913,0.568493
527,9,1,52,44.8462,0.307165,238.634,30.2324,0.554795
527,10,1,52,40.6731,0.278583,219.597,27.3574,0.547945
527,11,1,52,39.0577,0.267518,207.762,25.4006,0.506849
527,12,1,52,36.8654,0.252503,205.788,24.9583,0.363014
527,13,1,52,36.4423,0.249605,200.521,24.1747,0.356164
527,14,1,52,35.3654,0.242229,193.953,23.3077,0.349315
527,15,1,52,34.7115,0.23775,188.944,22.7804,0.349315
527,16,1,52,34.2115,0.234326,176.486,21.5913,0.356164
527,17,1,52,33.1346,0.226949,178.091,21.4615,0.349315
527,18,1,52,33.5769,0.229979,190.778,22.5817,0.335616
527,19,1,52,34.8077,0.238409,207.986,24.3446,0.356164
527,20,1,52,36.8462,0.252371,223.905,26.4022,0.356164
527,21,1,52,39.6346,0.27147,246.144,29.3862,0.39726
527,22,1,52,42.6827,0.292347,260.761,31.8958,0.39726
527,23,1,52,44.9038,0.307561,268.911,33.6058,0.424658
528,0,0,129,16.2326,0.491896,19.1098,2.72997,1
528,1,0,129,16.062,0.486728,19.3269,2.76098,0.636364
528,2,0,129,16.0543,0.486493,19.1957,2.74225,0.636364
528,3,0,129,16.1085,0.488137,19.2364,2.74806,0.636364
528,4,0,129,16.1085,0.488137,19.1822,2.74031,0.636364
528,5,0,129,16.0543,0.486493,19.2726,2.75323,0.636364
528,6,0,129,16.124,0.488607,19.4083,2.77261,0.636364
528,7,0,129,16.0775,0.487198,19.0013,2.71447,0.636364
528,8,0,129,15.9457,0.483204,18.5084,2.64406,0.666667
528,9,0,129,16.0698,0.486963,22.7952,3.25646,0.666667
528,10,0,129,17.4884,0.529951,28.9496,4.13566,1
528,11,0,129,17.5891,0.533004,28.624,4.08915,0.69697
528,12,0,129,17.4186,0.527837,27.8417,3.97739,0.69697
528,13,0,129,17.3643,0.526192,26.6298,3.80426,1
528,14,0,129,17.1318,0.519145,26.3902,3.77003,0.69697
528,15,0,129,17.1085,0.51844,25.9289,3.70413,0.69697
528,16,0,129,17.124,0.51891,25.7661,3.68088,0.69697
528,17,0,129,17.062,0.517031,25.5174,3.64535,0.69697
528,18,0,129,17.0775,0.517501,24.5045,3.50065,0.69697
528,19,0,129,16.5581,0.501762,21.5879,3.08398,0.666667
528,20,0,129,16.4729,0.499178,20.5161,2.93088,0.69697
528,21,0,129,16.2868,0.49354,19.354,2.76486,0.69697
528,22,0,129,16.031,0.485788,18.6486,2.66408,0.636364
528,23,0,129,16.124,0.488607,18.8611,2.69444,0.636364
528,0,1,52,15.9038,0.481935,18.6667,2.66667,0.636364
528,1,1,52,16.1538,0.48951,18.8574,2.69391,0.636364
528,2,1,52,16.0769,0.487179,18.9583,2.70833,0.636364
528,3,1,52,16.1346,0.488928,19.1827,2.74038,0.636364
528,4,1,52,16.0769,0.487179,18.7901,2.68429,0.636364
528,5,1,52,15.9423,0.4831,17.9375,2.5625,0.636364
528,6,1,52,16,0.484848,17.6683,2.52404,0.636364
528,7,1,52,15.9615,0.483683,17.8365,2.54808,0.636364
528,8,1,52,16,0.484848,18.5096,2.64423,0.636364
528,9,1,52,16.0769,0.487179,19.0593,2.72276,0.666667
528,10,1,52,16.25,0.492424,20.0689,2.86699,0.69697
528,11,1,52,16.2308,0.491841,20.0353,2.86218,0.69697
528,12,1,52,16.1923,0.490676,18.9808,2.71154,0.666667
528,13,1,52,16.3654,0.495921,18.9135,2.70192,0.636364
528,14,1,52,16.3462,0.495338,18.2292,2.60417,0.636364
528,15,1,52,16.0962,0.487762,17.5785,2.51122,0.636364
528,16,1,52,16.1731,0.490093,17.7356,2.53365,0.636364
528,17,1,52,16.1731,0.490093,18.0721,2.58173,0.666667
528,18,1,52,16.0962,0.487762,17.2083,2.45833,0.666667
528,19,1,52,15.9038,0.481935,16.3558,2.33654,0.666667
528,20,1,52,15.9231,0.482517,16.367,2.33814,0.666667
528,21,1,52,15.8077,0.479021,16.8269,2.40385,0.636364
528,22,1,52,16.3077,0.494173,16.7821,2.39744,1
528,23,1,52,15.9231,0.482517,17.1971,2.45673,0.636364
529,0,0,129,13.8837,0.289244,83.0006,11.8572,0.5
529,1,0,129,13.907,0.289729,83.1634,11.8805,0.479167
529,2,0,129,13.8837,0.289244,84.0724,12.0103,0.479167
529,3,0,129,13.9612,0.290859,83.6156,11.9451,0.458333
529,4,0,129,13.9302,0.290213,83.3443,11.9063,0.458333
529,5,0,129,13.9457,0.290536,83.3669,11.9096,0.458333
529,6,0,129,13.907,0.289729,83.4121,11.916,0.458333
529,7,0,129,13.4961,0.281169,79.4645,11.3521,0.458333
529,8,0,129,12.3953,0.258236,66.8572,9.55103,0.4375
529,9,0,129,10.6899,0.222707,60.0472,8.57817,0.395833
529,10,0,129,10.5116,0.218992,59.5995,8.51421,0.395833
529,11,0,129,10.7674,0.224322,62.792,8.97028,0.395833
529,12,0,129,11.2558,0.234496,67.0879,9.58398,0.416667
529,13,0,129,11.7481,0.244751,66.7216,9.53165,0.416667
529,14,0,129,11.3488,0.236434,63.2623,9.03747,0.416667
529,15,0,129,10.6512,0.221899,60.7661,8.68088,0.395833
529,16,0,129,10.4109,0.216893,60.4948,8.64212,0.395833
529,17,0,129,10.8605,0.22626,65.3559,9.33656,0.395833
529,18,0,129,12.0465,0.250969,75.354,10.7649,0.416667
529,19,0,129,13.6899,0.285207,85.637,12.2339,0.479167
529,20,0,129,14.5194,0.302487,87.9025,12.5575,0.5
529,21,0,129,14.5581,0.303295,87.1654,12.4522,0.5
529,22,0,129,14.3953,0.299903,86.2474,12.3211,0.520833
529,23,0,129,14.3566,0.299096,85.9761,12.2823,0.5
529,0,1,52,14.1923,0.295673,84.2131,12.0304,0.416667
529,1,1,52,14.1731,0.295272,83.899,11.9856,0.395833
529,2,1,52,14.1538,0.294872,83.7981,11.9712,0.395833
529,3,1,52,14.3846,0.299679,84.0673,12.0096,0.416667
529,4,1,52,14.3077,0.298077,84.1907,12.0272,0.4375
529,5,1,52,14.25,0.296875,83.6635,11.9519,0.4375
529,6,1,52,14.0192,0.292067,82.9567,11.851,0.4375
529,7,1,52,14.0385,0.292468,80.9375,11.5625,0.4375
529,8,1,52,13.5577,0.282452,76.5625,10.9375,0.4375
529,9,1,52,12.5962,0.26242,71.2003,10.1715,0.416667
529,10,1,52,12.1923,0.254006,69.6522,9.95032,0.395833
529,11,1,52,12.25,0.255208,72.5465,10.3638,0.416667
529,12,1,52,13.1731,0.274439,77.8638,11.1234,0.479167
529,13,1,52,13.6346,0.284054,79.2324,11.3189,0.479167
529,14,1,52,13.2115,0.27524,75.1939,10.742,0.5
529,15,1,52,12.4615,0.259615,70.9535,10.1362,0.458333
529,16,1,52,12.1923,0.254006,70.7179,10.1026,0.458333
529,17,1,52,12.5192,0.260817,75.8558,10.8365,0.458333
529,18,1,52,13.5385,0.282051,80.5897,11.5128,0.416667
529,19,1,52,13.8654,0.288862,80.8253,11.5465,0.416667
529,20,1,52,13.7692,0.286859,79.8718,11.4103,0.4375
529,21,1,52,13.6346,0.284054,78.6715,11.2388,0.458333
529,22,1,52,13.7019,0.285457,79.3894,11.3413,0.4375
529,23,1,52,13.6731,0.284856,77.8862,11.1266,0.458333
552,0,0,129,21.3023,0.434741,139.733,19.9619,1
552,1,0,129,21.3953,0.43664,141.908,20.2726,0.653061
552,2,0,129,21.6744,0.442335,143.396,20.4851,0.653061
552,3,0,129,21.6667,0.442177,143.297,20.4709,0.653061
552,4,0,129,21.907,0.447081,143.948,20.564,0.653061
552,5,0,129,21.7209,0.443284,143.428,20.4897,0.653061
552,6,0,129,21.7054,0.442968,142.65,20.3786,0.632653
552,7,0,129,20.7364,0.423193,127.7,18.2429,0.612245
552,8,0,129,16.3721,0.334124,92.4922,13.2132,0.55102
552,9,0,129,12.4341,0.253757,71.4109,10.2016,0.632653
552,10,0,129,10.5969,0.216263,62.584,8.94057,1
552,11,0,129,9.81395,0.200285,59.907,8.55814,0.469388
552,12,0,129,9.78295,0.199652,61.562,8.79457,0.44898
552,13,0,129,10.5426,0.215156,63.1085,9.0155,1
552,14,0,129,9.81395,0.200285,60.5129,8.6447,0.44898
552,15,0,129,9.62016,0.19633,59.0116,8.43023,0.44898
552,16,0,129,9.32558,0.190318,57.1079,8.15827,0.632653
552,17,0,129,9.33333,0.190476,59.5271,8.50388,0.632653
552,18,0,129,10.0543,0.205189,71.3521,10.1932,0.469388
552,19,0,129,13.2403,0.27021,97.0459,13.8637,0.44898
552,20,0,129,16.4574,0.335865,114.519,16.3598,0.510204
552,21,0,129,18.3643,0.374782,125.634,17.9477,0.530612
552,22,0,129,19.4651,0.397247,132.887,18.9839,0.55102
552,23,0,129,20.4264,0.416864,137.581,19.6544,0.612245
552,0,1,52,21.1731,0.432104,142.513,20.359,0.591837
552,1,1,52,21.5962,0.440738,145.228,20.7468,0.591837
552,2,1,52,21.7885,0.444662,146.136,20.8766,0.612245
552,3,1,52,22,0.44898,146.327,20.9038,0.612245
552,4,1,52,22.0385,0.449765,146.417,20.9167,0.612245
552,5,1,52,21.7885,0.444662,144.465,20.6378,0.612245
552,6,1,52,21.6731,0.442308,143.388,20.484,0.612245
552,7,1,52,21.2308,0.433281,138.082,19.726,0.612245
552,8,1,52,19.8269,0.404631,124.99,17.8558,0.612245
552,9,1,52,17.2885,0.352826,111.147,15.8782,0.612245
552,10,1,52,16.25,0.331633,104.562,14.9375,0.612245
552,11,1,52,15.3077,0.312402,100.67,14.3814,0.612245
552,12,1,52,15.3462,0.313187,102.24,14.6058,0.612245
552,13,1,52,15.6346,0.319074,101.848,14.5497,0.571429
552,14,1,52,15.1154,0.308477,97.1811,13.883,0.55102
552,15,1,52,14.4038,0.293956,92.9519,13.2788,0.530612
552,16,1,52,14.1538,0.288854,93.0978,13.2997,0.530612
552,17,1,52,14.6154,0.298273,96.2388,13.7484,0.530612
552,18,1,52,15.5385,0.317111,104.383,14.9119,0.510204
552,19,1,52,16.75,0.341837,113.829,16.2612,0.510204
552,20,1,52,18.0962,0.369309,121.894,17.4135,0.55102
552,21,1,52,18.9423,0.386578,126.763,18.109,0.571429
552,22,1,52,20.0962,0.410126,132.204,18.8862,1
552,23,1,52,20.6538,0.421507,138.833,19.8333,0.591837
553,0,0,129,4.24031,0.192741,13.48,1.92571,0.590909
553,1,0,129,4.25194,0.19327,13.5207,1.93152,0.590909
553,2,0,129,4.23256,0.192389,13.5704,1.93863,0.590909
553,3,0,129,4.24806,0.193094,13.7694,1.96705,0.590909
553,4,0,129,4.21318,0.191508,13.5433,1.93475,0.590909
553,5,0,129,4.23643,0.192565,13.5252,1.93217,0.590909
553,6,0,129,4.21318,0.191508,14.0226,2.00323,0.590909
553,7,0,129,4.18605,0.190275,14.0995,2.01421,0.590909
553,8,0,129,4.13178,0.187808,12.4535,1.77907,0.590909
553,9,0,129,4.35271,0.197851,15.3882,2.19832,0.590909
553,10,0,129,4.42636,0.201198,15.1893,2.1699,0.409091
553,11,0,129,4.39535,0.199789,14.6286,2.08979,0.409091
553,12,0,129,4.31008,0.195913,14.1357,2.01938,0.454545
553,13,0,129,4.23643,0.192565,13.6247,1.94638,0.545455
553,14,0,129,4.12791,0.187632,13.593,1.94186,0.545455
553,15,0,129,4.20543,0.191156,13.3534,1.90762,0.5
553,16,0,129,4.22868,0.192213,13.0142,1.85917,0.590909
553,17,0,129,4.14341,0.188337,13.4031,1.91473,0.590909
553,18,0,129,4.29457,0.195208,13.9548,1.99354,0.636364
553,19,0,129,4.22093,0.19186,13.6744,1.95349,0.636364
553,20,0,129,4.31395,0.196089,14.0995,2.01421,0.636364
553,21,0,129,4.24031,0.192741,13.6563,1.9509,0.636364
553,22,0,129,4.17829,0.189922,13.5433,1.93475,0.681818
553,23,0,129,4.21705,0.191684,13.3262,1.90375,0.681818
553,0,1,52,4.90385,0.222902,16.1538,2.30769,0.727273
553,1,1,52,4.74038,0.215472,15.7949,2.25641,0.681818
553,2,1,52,4.61538,0.20979,16.5577,2.36538,0.681818
553,3,1,52,4.65385,0.211538,16.0641,2.29487,0.681818
553,4,1,52,4.60577,0.209353,15.0321,2.14744,0.681818
553,5,1,52,4.57692,0.208042,15.5817,2.22596,0.681818
553,6,1,52,4.57692,0.208042,15.6827,2.24038,0.681818
553,7,1,52,4.66346,0.211976,15.5593,2.22276,0.681818
553,8,1,52,4.51923,0.20542,15.3686,2.19551,0.681818
553,9,1,52,4.80769,0.218531,16.4343,2.34776,0.681818
553,10,1,52,4.80769,0.218531,17.2981,2.47115,0.681818
553,11,1,52,4.92308,0.223776,16.7035,2.38622,0.681818
553,12,1,52,4.80769,0.218531,16.4792,2.35417,0.681818
553,13,1,52,5.02885,0.228584,16.7147,2.38782,0.681818
553,14,1,52,4.74038,0.215472,16.5465,2.36378,0.681818
553,15,1,52,4.90385,0.222902,16.3446,2.33494,0.681818
553,16,1,52,4.875,0.221591,16.7821,2.39744,0.681818
553,17,1,52,5.03846,0.229021,17.2308,2.46154,0.681818
553,18,1,52,5.07692,0.230769,15.9407,2.27724,0.681818
553,19,1,52,4.46154,0.202797,13.4279,1.91827,0.681818
553,20,1,52,4.625,0.210227,14.101,2.01442,0.681818
553,21,1,52,4.60577,0.209353,14.9199,2.13141,0.727273
553,22,1,52,4.63462,0.210664,15.2564,2.17949,0.727273
553,23,1,52,4.75,0.215909,16.0192,2.28846,0.727273
558,0,0,129,12.0853,0.431617,10.4005,1.48579,1
558,1,0,129,10.5426,0.376523,10.4774,1.49677,0.857143
558,2,0,129,10.4961,0.374862,10.509,1.50129,0.892857
558,3,0,129,10.5194,0.375692,10.5317,1.50452,0.892857
558,4,0,129,10.7287,0.383167,10.5181,1.50258,0.857143
558,5,0,129,11.2481,0.401717,10.5317,1.50452,0.857143
558,6,0,129,11.0155,0.393411,10.292,1.47028,0.857143
558,7,0,129,11.0543,0.394795,9.03488,1.2907,0.857143
558,8,0,129,11.0698,0.395349,6.62016,0.945736,0.857143
558,9,0,129,10.0775,0.359911,5.78359,0.826227,0.857143
558,10,0,129,9.3876,0.335271,5.50775,0.786822,1
558,11,0,129,9.75194,0.348283,5.35401,0.764858,0.821429
558,12,0,129,9.70543,0.346622,5.45801,0.779716,0.821429
558,13,0,129,10.4419,0.372924,5.27713,0.753876,1
558,14,0,129,9.86047,0.352159,5.10982,0.729974,0.821429
558,15,0,129,9.55814,0.341362,4.65762,0.665375,0.821429
558,16,0,129,10.0078,0.35742,4.75258,0.678941,0.857143
558,17,0,129,9.87597,0.352713,4.91537,0.702196,0.821429
558,18,0,129,9.36434,0.334441,5.46705,0.781008,0.857143
558,19,0,129,10.2481,0.366002,6.29457,0.899225,0.857143
558,20,0,129,10.6202,0.379291,8.78165,1.25452,0.857143
558,21,0,129,9.78295,0.349391,9.93928,1.4199,0.821429
558,22,0,129,10.3488,0.369601,10.4955,1.49935,0.857143
558,23,0,129,11.186,0.399502,10.4322,1.49031,0.892857
558,0,1,52,10.4423,0.37294,10.4103,1.48718,0.821429
558,1,1,52,11.1538,0.398352,10.4439,1.49199,0.821429
558,2,1,52,9.61538,0.343407,10.3093,1.47276,0.785714
558,3,1,52,10.5385,0.376374,10.6795,1.52564,0.821429
558,4,1,52,10.1923,0.364011,10.6234,1.51763,0.785714
558,5,1,52,10,0.357143,11.2516,1.60737,0.821429
558,6,1,52,10.8654,0.388049,10.3317,1.47596,0.857143
558,7,1,52,9.88462,0.353022,8.61538,1.23077,0.821429
558,8,1,52,10.5769,0.377747,6.89904,0.985577,0.821429
558,9,1,52,10.25,0.366071,6.16987,0.88141,0.821429
558,10,1,52,9.96154,0.355769,6.19231,0.884615,0.821429
558,11,1,52,10.9423,0.390797,6.6859,0.955128,0.857143
558,12,1,52,10.8462,0.387363,6.21474,0.887821,0.821429
558,13,1,52,11.5962,0.414148,6.41667,0.916667,0.821429
558,14,1,52,9.78846,0.349588,6.02404,0.860577,0.785714
558,15,1,52,9.78846,0.349588,5.76603,0.823718,0.821429
558,16,1,52,10.0192,0.35783,6.06891,0.866987,0.821429
558,17,1,52,8.96154,0.320055,5.88942,0.841346,0.785714
558,18,1,52,11.5192,0.411401,5.73237,0.81891,0.857143
558,19,1,52,10.6923,0.381868,6.03526,0.862179,0.857143
558,20,1,52,9.73077,0.347527,6.8766,0.982372,0.892857
558,21,1,52,11.4615,0.409341,8.08814,1.15545,0.821429
558,22,1,52,11.7885,0.421016,8.75,1.25,1
558,23,1,52,10.4231,0.372253,8.71635,1.24519,0.857143
559,0,0,129,7.92248,0.396124,3.71705,0.531008,1
559,1,0,129,7.32558,0.366279,3.78036,0.540052,1
559,2,0,129,7.65891,0.382946,3.73062,0.532946,1
559,3,0,129,7.49612,0.374806,3.84819,0.549742,1
559,4,0,129,7.52713,0.376357,4.00646,0.572351,1
559,5,0,129,8.36434,0.418217,4.18734,0.598191,1
559,6,0,129,8.33333,0.416667,4.41344,0.630491,1
559,7,0,129,7.44961,0.372481,4.57171,0.653101,1
559,8,0,129,7.97674,0.398837,9.677,1.38243,1
559,9,0,129,9.62791,0.481395,11.5401,1.64858,1
559,10,0,129,9.58915,0.479457,10.509,1.50129,1
559,11,0,129,9.89922,0.494961,9.82171,1.4031,1
559,12,0,129,9.18605,0.459302,9.14793,1.30685,1
559,13,0,129,9.86047,0.493023,8.80426,1.25775,1
559,14,0,129,9.33333,0.466667,8.55556,1.22222,1
559,15,0,129,8.93798,0.446899,7.87726,1.12532,1
559,16,0,129,9.17054,0.458527,7.93152,1.13307,1
559,17,0,129,9.06202,0.453101,8.26163,1.18023,1
559,18,0,129,8.32558,0.416279,7.02261,1.00323,1
559,19,0,129,8.20155,0.410078,4.27326,0.610465,1
559,20,0,129,7.76744,0.388372,3.54974,0.507106,1
559,21,0,129,7.5969,0.379845,3.65375,0.521964,1
559,22,0,129,7.31008,0.365504,3.71253,0.530362,1
559,23,0,129,8.03101,0.40155,3.49548,0.499354,1
559,0,1,52,8.07692,0.403846,3.60096,0.514423,1
559,1,1,52,7.23077,0.361538,3.65705,0.522436,1
559,2,1,52,7.03846,0.351923,3.63462,0.519231,1
559,3,1,52,7.26923,0.363462,3.83654,0.548077,1
559,4,1,52,7.42308,0.371154,4.16186,0.594551,1
559,5,1,52,7.67308,0.383654,4.09455,0.584936,1
559,6,1,52,8.38462,0.419231,4.17308,0.596154,1
559,7,1,52,7.82692,0.391346,4.31891,0.616987,1
559,8,1,52,6.82692,0.341346,7.05609,1.00801,1
559,9,1,52,8.36538,0.418269,8.75,1.25,1
559,10,1,52,8.26923,0.413462,7.39263,1.05609,1
559,11,1,52,9.67308,0.483654,7.3141,1.04487,1
559,12,1,52,8.61538,0.430769,6.45032,0.921474,1
559,13,1,52,9.15385,0.457692,6.08013,0.86859,1
559,14,1,52,8.88462,0.444231,5.76603,0.823718,1
559,15,1,52,10.6154,0.530769,6.0016,0.857372,1
559,16,1,52,8.98077,0.449038,5.77724,0.825321,1
559,17,1,52,8.92308,0.446154,5.53045,0.790064,1
559,18,1,52,8.61538,0.430769,4.74519,0.677885,1
559,19,1,52,8.38462,0.419231,4.0609,0.580128,1
559,20,1,52,8.05769,0.402885,3.53365,0.504808,1
559,21,1,52,8.13462,0.406731,3.48878,0.498397,1
559,22,1,52,7.46154,0.373077,3.75801,0.536859,1
559,23,1,52,6.78846,0.339423,4.11699,0.588141,1
568,0,0,129,12.3643,0.618217,4.0155,0.573643,1
568,1,0,129,11.7907,0.589535,4.03359,0.576227,1
568,2,0,129,12,0.6,3.98837,0.569767,1
568,3,0,129,11.7519,0.587597,4.00194,0.571705,1
568,4,0,129,11.7209,0.586047,3.77132,0.53876,1
568,5,0,129,11.8682,0.593411,3.64922,0.521318,1
568,6,0,129,11.876,0.593798,3.72158,0.531654,1
568,7,0,129,11.4729,0.573643,4.47222,0.638889,1
568,8,0,129,12.1318,0.606589,12.4083,1.77261,1
568,9,0,129,12.7364,0.636822,14.0882,2.0126,1
568,10,0,129,12.8682,0.643411,14.3098,2.04425,1
568,11,0,129,13,0.65,14.3278,2.04683,1
568,12,0,129,13.0078,0.650388,13.1273,1.87532,1
568,13,0,129,13,0.65,12.2319,1.74742,1
568,14,0,129,12.8992,0.644961,12.4444,1.77778,1
568,15,0,129,12.1705,0.608527,11.3953,1.62791,1
568,16,0,129,12.1473,0.607364,10.6221,1.51744,1
568,17,0,129,12.3411,0.617054,10.8211,1.54587,1
568,18,0,129,12.3566,0.617829,9.27907,1.32558,1
568,19,0,129,12.1628,0.60814,6.62468,0.946382,1
568,20,0,129,11.2713,0.563566,4.97416,0.710594,1
568,21,0,129,11.2558,0.562791,3.78036,0.540052,1
568,22,0,129,11.031,0.55155,3.64018,0.520026,1
568,23,0,129,12.1008,0.605039,3.48191,0.497416,1
568,0,1,52,10.9231,0.546154,3.12981,0.447115,1
568,1,1,52,11.25,0.5625,3.12981,0.447115,1
568,2,1,52,11.6346,0.581731,3.25321,0.464744,1
568,3,1,52,11.2692,0.563462,3.10737,0.44391,1
568,4,1,52,11.9231,0.596154,3.12981,0.447115,1
568,5,1,52,11.4038,0.570192,3.04006,0.434295,1
568,6,1,52,12.8077,0.640385,2.97276,0.424679,1
568,7,1,52,12.2308,0.611538,3.23077,0.461538,1
568,8,1,52,11.8846,0.594231,5.00321,0.714744,1
568,9,1,52,11.6346,0.581731,5.70994,0.815705,1
568,10,1,52,13.2885,0.664423,5.3734,0.767628,1
568,11,1,52,12,0.6,5.58654,0.798077,1
568,12,1,52,12.2885,0.614423,5.70994,0.815705,1
568,13,1,52,12.5385,0.626923,4.83494,0.690705,1
568,14,1,52,12.8654,0.643269,4.38622,0.626603,1
568,15,1,52,12.5,0.625,4.22917,0.604167,1
568,16,1,52,11.8077,0.590385,4.39744,0.628205,1
568,17,1,52,12,0.6,3.98237,0.56891,1
568,18,1,52,11.8462,0.592308,3.56731,0.509615,1
568,19,1,52,11.8077,0.590385,3.24199,0.463141,1
568,20,1,52,11.8846,0.594231,2.83814,0.405449,1
568,21,1,52,12.1731,0.608654,3.48878,0.498397,1
568,22,1,52,12.9423,0.647115,3.47756,0.496795,1
568,23,1,52,11.9615,0.598077,3.83654,0.548077,1
570,0,0,129,15.7829,0.751569,106.632,15.2332,1
570,1,0,129,15.814,0.753045,105.371,15.053,1
570,2,0,129,15.6279,0.744186,105.185,15.0265,1
570,3,0,129,15.6822,0.74677,104.204,14.8863,1
570,4,0,129,15.5504,0.740495,103.856,14.8366,1
570,5,0,129,15.5659,0.741233,103.707,14.8152,1
570,6,0,129,15.4264,0.734588,103.562,14.7946,1
570,7,0,129,14.6899,0.69952,74.5491,10.6499,0.952381
570,8,0,129,7.34884,0.349945,37.8624,5.40891,0.904762
570,9,0,129,5.20155,0.247693,32.1331,4.59044,0.904762
570,10,0,129,5.02326,0.239203,29.8314,4.26163,1
570,11,0,129,4.75194,0.226283,29.7997,4.25711,0.904762
570,12,0,129,4.89147,0.232927,31.197,4.45672,0.904762
570,13,0,129,5.25581,0.250277,31.6718,4.52455,1
570,14,0,129,5.13178,0.244371,31.1744,4.45349,0.904762
570,15,0,129,4.93023,0.234773,31.6583,4.52261,0.904762
570,16,0,129,5.34884,0.254707,33.0329,4.71899,0.904762
570,17,0,129,5.35659,0.255076,35.009,5.00129,0.904762
570,18,0,129,6.09302,0.290144,50.9761,7.2823,0.904762
570,19,0,129,11.907,0.566999,91.7959,13.1137,0.904762
570,20,0,129,14.9457,0.711702,101.473,14.4961,0.952381
570,21,0,129,15.5814,0.741971,106.583,15.2261,0.952381
570,22,0,129,15.938,0.758952,107.962,15.4231,1
570,23,0,129,15.9767,0.760797,107.36,15.3372,1
570,0,1,52,15.5192,0.739011,106.301,15.1859,1
570,1,1,52,15.6346,0.744506,105.684,15.0978,1
570,2,1,52,15.4231,0.734432,104.865,14.9808,1
570,3,1,52,15.4808,0.73718,104.944,14.992,0.952381
570,4,1,52,15.4615,0.736264,104.854,14.9792,0.952381
570,5,1,52,15.4615,0.736264,104.641,14.9487,0.952381
570,6,1,52,15.3269,0.729853,103.833,14.8333,0.952381
570,7,1,52,15.25,0.72619,96.9006,13.8429,0.952381
570,8,1,52,13,0.619048,84.4375,12.0625,0.904762
570,9,1,52,12.0192,0.572344,78.7388,11.2484,0.904762
570,10,1,52,11.5385,0.549451,77.8862,11.1266,0.904762
570,11,1,52,11.6923,0.556777,78.851,11.2644,0.904762
570,12,1,52,11.8462,0.564103,81.476,11.6394,0.952381
570,13,1,52,12.3654,0.588828,83.3157,11.9022,0.952381
570,14,1,52,12.0769,0.575092,81.5994,11.6571,0.952381
570,15,1,52,12.2308,0.582418,80.9151,11.5593,0.904762
570,16,1,52,11.9231,0.567766,80.9151,11.5593,0.952381
570,17,1,52,12.25,0.583333,83.8766,11.9824,0.952381
570,18,1,52,12.8077,0.60989,90.0128,12.859,0.952381
570,19,1,52,14.1923,0.675824,98.359,14.0513,1
570,20,1,52,14.9038,0.709707,101.736,14.5337,1
570,21,1,52,15,0.714286,101.904,14.5577,0.952381
570,22,1,52,15.1731,0.722527,102.543,14.649,1
570,23,1,52,15.3077,0.728938,102.644,14.6635,0.952381
575,0,0,129,10.8062,0.635659,1125.47,11.2242,1
575,1,0,129,12.4264,0.730962,986.376,9.91925,1
575,2,0,129,9.87597,0.580939,768.12,7.66021,1
575,3,0,129,8.13953,0.478796,664.012,6.58463,1
575,4,0,129,7.72868,0.454628,598.76,5.96512,1
575,5,0,129,7.64341,0.449612,778.411,7.6938,1
575,6,0,129,11.3333,0.666667,1082.52,10.7539,1
575,7,0,129,13,0.764706,1074.88,10.7397,1
575,8,0,129,10.2326,0.601915,666.783,6.63114,1
575,9,0,129,6.58915,0.387597,440.891,4.35207,1
575,10,0,129,5.13178,0.30187,306.047,3.01873,1
575,11,0,129,5.06977,0.298222,286.105,2.81977,1
575,12,0,129,6.25581,0.367989,815.426,8.0969,1
575,13,0,129,11.7597,0.691746,871.221,8.69767,1
575,14,0,129,7.81395,0.459644,467.578,4.61111,1
575,15,0,129,5.5969,0.329229,374.903,3.69315,1
575,16,0,129,5.84496,0.343821,380.853,3.72416,1
575,17,0,129,5.76744,0.339261,362.422,3.54264,1
575,18,0,129,5.76744,0.339261,362.422,3.54264,1
575,19,0,129,7.33333,0.431373,807.074,8.02972,1
575,20,0,129,11.1938,0.658459,990.484,9.89729,1
575,21,0,129,10.4031,0.611947,866.415,8.68734,1
575,22,0,129,9.27907,0.545828,762.403,7.58527,1
575,23,0,129,8.44186,0.49658,725.349,7.18088,1
575,0,1,52,10.6154,0.624434,1195.1,11.9295,1
575,1,1,52,12.3077,0.723982,1103.85,11.024,1
575,2,1,52,10.5,0.617647,910.144,9.07372,1
575,3,1,52,8.80769,0.5181,796.106,7.94231,1
575,4,1,52,8.28846,0.487557,752.452,7.46955,1
575,5,1,52,8.30769,0.488688,849.279,8.41987,1
575,6,1,52,10.7115,0.630091,1066.78,10.5769,1
575,7,1,52,12.7692,0.751131,1136.54,11.3526,1
575,8,1,52,9.51923,0.559955,671.827,6.69231,1
575,9,1,52,6.61538,0.38914,577.163,5.73397,1
575,10,1,52,5.94231,0.349548,430.288,4.27885,1
575,11,1,52,5.86538,0.345023,369.952,3.67147,1
575,12,1,52,5.88462,0.346154,829.76,8.21154,1
575,13,1,52,10.6154,0.624434,903.125,8.9984,1
575,14,1,52,7.42308,0.436652,538.029,5.23558,1
575,15,1,52,5.67308,0.33371,456.01,4.45032,1
575,16,1,52,5.92308,0.348416,460,4.51763,1
575,17,1,52,6.01923,0.354072,446.683,4.39263,1
575,18,1,52,6.01923,0.354072,446.683,4.39263,1
575,19,1,52,6.01923,0.354072,688.558,6.85096,1
575,20,1,52,9.61538,0.565611,923.942,9.1891,1
575,21,1,52,9.09615,0.535068,786.394,7.8125,1
575,22,1,52,7.42308,0.436652,644.952,6.41026,1
575,23,1,52,7.01923,0.412896,660.529,6.48237,1
576,0,0,129,27.8527,0.386843,1214.47,25.8017,1
576,1,0,129,30.7752,0.427433,1262.06,26.1027,0.75
576,2,0,129,29.4806,0.409453,1174.18,25.3527,0.736111
576,3,0,129,29.093,0.40407,1145.48,24.9864,0.736111
576,4,0,129,29.4496,0.409022,1199.7,25.4225,0.736111
576,5,0,129,29.5581,0.41053,1292.62,26.0678,0.736111
576,6,0,129,31.2713,0.434324,1543.42,28.0982,0.736111
576,7,0,129,32.5736,0.452412,1654.97,26.4212,0.722222
576,8,0,129,25.4884,0.354005,936.191,16.9457,0.638889
576,9,0,129,18.2868,0.253984,585.647,12.8876,0.722222
576,10,0,129,17.3566,0.241064,448.999,11.5846,0.722222
576,11,0,129,17.2636,0.239772,419.169,11.4632,0.722222
576,12,0,129,17.093,0.237403,730.835,14.5556,0.583333
576,13,0,129,21.6977,0.301357,774.968,15.177,1
576,14,0,129,18.6202,0.258613,521.629,12.5749,0.597222
576,15,0,129,17.7442,0.246447,496.955,12.0116,0.583333
576,16,0,129,17.6589,0.245263,498.497,12.2319,0.569444
576,17,0,129,18.4806,0.256675,507.595,13.5317,0.652778
576,18,0,129,20.9302,0.290698,532.818,17.135,0.694444
576,19,0,129,24.5039,0.340332,637.908,21.4276,0.722222
576,20,0,129,27.2326,0.37823,722.324,23.2048,0.708333
576,21,0,129,28.155,0.391042,724.8,23.2145,0.777778
576,22,0,129,27.5581,0.382752,762.091,23.2442,0.736111
576,23,0,129,27.1473,0.377046,786.977,23.0556,0.75
576,0,1,52,26.7692,0.371795,1189.29,25.2083,0.722222
576,1,1,52,30.7885,0.427618,1303.39,25.9856,0.75
576,2,1,52,29.2115,0.405716,1161.58,24.7933,0.75
576,3,1,52,28.5769,0.396902,1151.5,24.7244,0.736111
576,4,1,52,28.8654,0.400908,1189.19,25.0385,0.75
576,5,1,52,29.3462,0.407585,1249.3,25.4503,0.75
576,6,1,52,30.2692,0.420406,1423.76,26.8574,0.75
576,7,1,52,32.5385,0.451923,1790.75,29.2516,0.75
576,8,1,52,31.9615,0.44391,1241.61,23.524,0.736111
576,9,1,52,24.3269,0.337874,838.553,19.1074,0.638889
576,10,1,52,23.0769,0.320513,696.171,17.8333,0.597222
576,11,1,52,23.1923,0.322115,667.144,17.9551,0.583333
576,12,1,52,22.1538,0.307692,776.897,19.742,0.569444
576,13,1,52,24.7885,0.344284,806.389,20.1522,0.597222
576,14,1,52,23.3077,0.323718,562.942,17.5304,0.597222
576,15,1,52,22.1923,0.308226,542.583,16.9503,0.583333
576,16,1,52,22.4808,0.312233,544.49,17.2228,0.583333
576,17,1,52,22.8077,0.316774,549.303,17.9103,0.597222
576,18,1,52,23.6346,0.328259,556.841,18.9872,0.625
576,19,1,52,23.3269,0.323985,551.042,19.4263,0.611111
576,20,1,52,23.7308,0.329594,628.971,19.9006,0.611111
576,21,1,52,23.1538,0.321581,646.372,19.6442,0.597222
576,22,1,52,24.1346,0.335203,725.048,19.9407,0.861111
576,23,1,52,23.4231,0.325321,783.014,20.2019,0.611111
577,0,0,129,5.4031,0.225129,42.2171,4.99935,0.458333
577,1,0,129,5.57364,0.232235,43.4651,5.08398,0.458333
577,2,0,129,5.62791,0.234496,43.8133,5.10401,0.5
577,3,0,129,5.5969,0.233204,43.0401,5.02003,0.416667
577,4,0,129,5.44186,0.226744,42.4974,4.95543,0.416667
577,5,0,129,5.47287,0.228036,42.0904,4.92119,0.416667
577,6,0,129,5.50388,0.229328,42.2261,4.92765,0.416667
577,7,0,129,5.34109,0.222545,36.0536,4.2009,0.375
577,8,0,129,3.87597,0.161499,26.0058,2.99031,0.333333
577,9,0,129,3.06202,0.127584,20.8056,2.34884,0.333333
577,10,0,129,2.58915,0.107881,15.9987,1.81977,0.333333
577,11,0,129,2.07752,0.0865633,13.1001,1.51227,0.333333
577,12,0,129,2.0155,0.0839793,12.5711,1.47674,0.333333
577,13,0,129,1.97287,0.0822028,11.4451,1.34432,0.333333
577,14,0,129,1.82171,0.0759044,10.1518,1.22222,0.333333
577,15,0,129,1.71318,0.0713824,9.10724,1.12984,0.333333
577,16,0,129,1.62016,0.0675065,8.76357,1.10336,0.333333
577,17,0,129,1.69767,0.0707364,9.88501,1.24677,0.333333
577,18,0,129,1.93798,0.0807494,13.5478,1.68605,0.333333
577,19,0,129,2.66667,0.111111,20.905,2.56848,0.333333
577,20,0,129,3.39535,0.141473,25.3863,3.09302,0.333333
577,21,0,129,4.13953,0.172481,31.5181,3.83269,0.375
577,22,0,129,4.75969,0.19832,35.936,4.35853,0.375
577,23,0,129,5.26357,0.219315,38.9703,4.68411,0.416667
577,0,1,52,5.19231,0.216346,39.4311,4.58494,0.375
577,1,1,52,5.32692,0.221955,40.3622,4.65545,0.458333
577,2,1,52,5.25,0.21875,40.0481,4.63141,0.458333
577,3,1,52,5.25,0.21875,39.6779,4.58173,0.5
577,4,1,52,5.11538,0.213141,39.1731,4.53365,0.541667
577,5,1,52,5.07692,0.211538,39.8462,4.58974,0.541667
577,6,1,52,5.26923,0.219551,39.0946,4.50801,0.541667
577,7,1,52,4.96154,0.206731,37.1202,4.26923,0.541667
577,8,1,52,4.73077,0.197115,33.3846,3.8734,0.541667
577,9,1,52,4.25,0.177083,29.7276,3.47756,0.5
577,10,1,52,3.78846,0.157853,25.2853,2.97756,0.416667
577,11,1,52,3.21154,0.133814,21.5609,2.4984,0.375
577,12,1,52,3.05769,0.127404,21.0337,2.46314,0.333333
577,13,1,52,3.03846,0.126603,19.9904,2.34455,0.333333
577,14,1,52,2.71154,0.112981,17.8365,2.10737,0.333333
577,15,1,52,2.67308,0.111378,17.6907,2.1234,0.333333
577,16,1,52,2.78846,0.116186,18.2292,2.20833,0.333333
577,17,1,52,2.76923,0.115385,19.7324,2.33333,0.333333
577,18,1,52,3.05769,0.127404,22.6827,2.62981,0.333333
577,19,1,52,3.48077,0.145032,25.4535,3.00321,0.333333
577,20,1,52,3.82692,0.159455,28.5833,3.38141,0.333333
577,21,1,52,4.19231,0.174679,32.476,3.77885,0.333333
577,22,1,52,4.64423,0.19351,36.9407,4.25481,0.416667
577,23,1,52,5.25,0.21875,40.4631,4.64583,0.375
578,0,0,129,2.26357,0.18863,10.5543,0.761628,0.5
578,1,0,129,2.31008,0.192506,10.4457,0.753876,0.5
578,2,0,129,2.28682,0.190568,10.509,0.758398,0.5
578,3,0,129,2.33333,0.194444,10.6809,0.770672,0.5
578,4,0,129,2.31783,0.193152,10.4548,0.754522,0.5
578,5,0,129,2.31008,0.192506,10.5904,0.764212,0.5
578,6,0,129,2.31008,0.192506,10.6447,0.768088,0.5
578,7,0,129,2.18605,0.182171,5.54845,0.400517,0.416667
578,8,0,129,1.82946,0.152455,4.04264,0.292636,0.333333
578,9,0,129,1.82946,0.152455,3.90698,0.282946,0.333333
578,10,0,129,1.78295,0.148579,3.84367,0.278424,0.333333
578,11,0,129,1.82946,0.152455,4.45866,0.322351,0.333333
578,12,0,129,1.93798,0.161499,5.06912,0.368217,0.333333
578,13,0,129,1.93798,0.161499,5.13243,0.372093,0.333333
578,14,0,129,1.90698,0.158915,4.64858,0.335917,0.333333
578,15,0,129,1.86822,0.155685,4.43605,0.321705,0.333333
578,16,0,129,1.89922,0.158269,5.14599,0.371447,0.416667
578,17,0,129,1.97674,0.164729,5.81977,0.419897,0.416667
578,18,0,129,2,0.166667,6.46641,0.465762,0.416667
578,19,0,129,2.06977,0.172481,8.38372,0.602713,0.416667
578,20,0,129,2.23256,0.186047,10.2468,0.735788,0.5
578,21,0,129,2.31008,0.192506,10.8075,0.779716,0.5
578,22,0,129,2.37984,0.19832,11.1964,0.807494,0.5
578,23,0,129,2.36434,0.197028,11.1331,0.802972,0.5
578,0,1,52,2.59615,0.216346,14.5385,1.04968,0.416667
578,1,1,52,2.59615,0.216346,14.3141,1.03365,0.416667
578,2,1,52,2.61538,0.217949,14.1458,1.02244,0.416667
578,3,1,52,2.65385,0.221154,14.2468,1.02885,0.416667
578,4,1,52,2.61538,0.217949,14.258,1.02885,0.416667
578,5,1,52,2.53846,0.211538,13.8542,1,0.416667
578,6,1,52,2.55769,0.213141,13.6747,0.987179,0.416667
578,7,1,52,2.59615,0.216346,12.0929,0.873397,0.416667
578,8,1,52,2.36538,0.197115,10.0737,0.729167,0.416667
578,9,1,52,2.17308,0.18109,8.79487,0.639423,0.333333
578,10,1,52,2.25,0.1875,8.14423,0.591346,0.416667
578,11,1,52,2,0.166667,7.1234,0.519231,0.333333
578,12,1,52,2.13462,0.177885,8.15545,0.592949,0.333333
578,13,1,52,2.26923,0.189103,9.26603,0.671474,0.416667
578,14,1,52,2.26923,0.189103,9.04167,0.647436,0.416667
578,15,1,52,2.21154,0.184295,8.1891,0.584936,0.416667
578,16,1,52,2.26923,0.189103,8.09936,0.578526,0.416667
578,17,1,52,2.23077,0.185897,8.77244,0.626603,0.333333
578,18,1,52,2.23077,0.185897,10.2196,0.740385,0.333333
578,19,1,52,2.40385,0.200321,11.4199,0.825321,0.416667
578,20,1,52,2.48077,0.206731,12.8446,0.927885,0.416667
578,21,1,52,2.53846,0.211538,13.024,0.940705,0.416667
578,22,1,52,2.51923,0.209936,12.8894,0.929487,0.416667
578,23,1,52,2.5,0.208333,12.7548,0.921474,0.416667
580,0,0,129,2.0155,0.100775,12.8831,1.84044,0.25
580,1,0,129,2.03101,0.10155,12.6208,1.80297,0.25
580,2,0,129,1.93023,0.0965116,12.1957,1.74225,0.25
580,3,0,129,1.90698,0.0953488,11.6848,1.66925,0.3
580,4,0,129,1.84496,0.0922481,11.323,1.61757,0.3
580,5,0,129,1.82946,0.0914729,11.219,1.60271,0.3
580,6,0,129,1.8062,0.0903101,11.4858,1.64083,0.25
580,7,0,129,1.81395,0.0906977,9.83979,1.40568,0.25
580,8,0,129,1.00775,0.0503876,8.40181,1.20026,0.2
580,9,0,129,1.86822,0.0934109,11.0607,1.5801,0.3
580,10,0,129,1.7093,0.0854651,9.87597,1.41085,0.25
580,11,0,129,1.47287,0.0736434,8.6053,1.22933,0.3
580,12,0,129,1.19767,0.0598837,7.20801,1.02972,0.25
580,13,0,129,1.23256,0.0616279,7.01357,1.00194,0.2
580,14,0,129,1.10853,0.0554264,6.2584,0.894057,0.2
580,15,0,129,0.984496,0.0492248,5.58915,0.79845,0.2
580,16,0,129,1.00388,0.0501938,5.40375,0.771964,0.2
580,17,0,129,0.914729,0.0457364,4.7345,0.676357,0.2
580,18,0,129,0.860465,0.0430233,4.81589,0.687984,0.2
580,19,0,129,0.868217,0.0434109,5.58915,0.79845,0.2
580,20,0,129,1.17054,0.0585271,8.63243,1.2332,0.2
580,21,0,129,1.64341,0.0821705,11.2461,1.60659,0.25
580,22,0,129,1.90698,0.0953488,12.3676,1.7668,0.25
580,23,0,129,1.97674,0.0988372,12.8198,1.8314,0.25
580,0,1,52,1.98077,0.0990385,12.7436,1.82051,0.2
580,1,1,52,1.86538,0.0932692,11.9696,1.70994,0.2
580,2,1,52,1.84615,0.0923077,11.891,1.69872,0.2
580,3,1,52,1.86538,0.0932692,11.6554,1.66506,0.2
580,4,1,52,1.82692,0.0913462,11.2404,1.60577,0.2
580,5,1,52,1.69231,0.0846154,10.8702,1.55288,0.2
580,6,1,52,1.73077,0.0865385,10.5673,1.50962,0.2
580,7,1,52,1.67308,0.0836538,9.87179,1.41026,0.2
580,8,1,52,1.36538,0.0682692,8.8734,1.26763,0.15
580,9,1,52,1.36538,0.0682692,8.66026,1.23718,0.2
580,10,1,52,1.40385,0.0701923,8.49199,1.21314,0.2
580,11,1,52,1.34615,0.0673077,7.84135,1.12019,0.2
580,12,1,52,1.26923,0.0634615,7.68429,1.09776,0.15
580,13,1,52,1.40385,0.0701923,8.86218,1.26603,0.15
580,14,1,52,1.46154,0.0730769,8.73878,1.2484,0.2
580,15,1,52,1.38462,0.0692308,7.84135,1.12019,0.2
580,16,1,52,1.21154,0.0605769,7.54968,1.07853,0.2
580,17,1,52,1.26923,0.0634615,8.26763,1.18109,0.2
580,18,1,52,1.38462,0.0692308,8.22276,1.17468,0.3
580,19,1,52,1.40385,0.0701923,8.77244,1.25321,0.2
580,20,1,52,1.51923,0.0759615,9.70353,1.38622,0.2
580,21,1,52,1.69231,0.0846154,11.4199,1.63141,0.2
580,22,1,52,1.89423,0.0947115,12.3285,1.76122,0.2
580,23,1,52,2,0.1,12.6875,1.8125,0.2
582,0,0,129,15.6124,0.410853,169.567,3.77907,0.789474
582,1,0,129,17.8527,0.469808,187.372,4.06783,0.684211
582,2,0,129,16.5891,0.436557,112.864,2.83915,0.605263
582,3,0,129,15.5039,0.407997,71.3101,2.12661,0.631579
582,4,0,129,15.7209,0.413709,75.6589,2.1854,0.605263
582,5,0,129,15.2946,0.402489,63.3902,2.01744,0.605263
582,6,0,129,15.3333,0.403509,89.885,2.47158,0.578947
582,7,0,129,16.6124,0.437169,169.722,3.68863,0.631579
582,8,0,129,16.8372,0.443084,146.797,3.26034,0.684211
582,9,0,129,16.2403,0.427377,116.488,2.64276,0.657895
582,10,0,129,16.0233,0.421665,111.675,2.48837,0.894737
582,11,0,129,15.7907,0.415545,107.023,2.3863,0.605263
582,12,0,129,15.7984,0.415749,118.508,2.59884,0.657895
582,13,0,129,15.8682,0.417585,113.192,2.53876,0.631579
582,14,0,129,15.5736,0.409833,100.549,2.2978,0.657895
582,15,0,129,15.5969,0.410445,95.9987,2.21512,0.631579
582,16,0,129,15.7907,0.415545,101.624,2.2655,0.605263
582,17,0,129,15.5659,0.409629,92.2778,2.08463,0.605263
582,18,0,129,15.5581,0.409425,99.0071,2.28295,0.578947
582,19,0,129,15.7132,0.413505,87.0833,2.38437,0.605263
582,20,0,129,15.5969,0.410445,74.6027,2.24483,0.657895
582,21,0,129,15.6589,0.412077,75.0103,2.25904,0.605263
582,22,0,129,15.6744,0.412485,67.8902,2.17119,0.578947
582,23,0,129,15.3101,0.402897,54.0155,1.92054,0.578947
582,0,1,52,16,0.421053,174.535,4.02724,0.578947
582,1,1,52,18.1346,0.477227,189.373,4.24199,0.657895
582,2,1,52,16.9423,0.44585,121.444,3.10417,0.631579
582,3,1,52,16.0577,0.422571,86.6298,2.53526,0.605263
582,4,1,52,16.3846,0.431174,90.3638,2.58333,0.657895
582,5,1,52,15.75,0.414474,75.3926,2.32532,0.578947
582,6,1,52,15.9423,0.419534,96.5577,2.67949,0.605263
582,7,1,52,16.8269,0.442814,147.181,3.50481,0.605263
582,8,1,52,16.5385,0.435223,105.51,2.76923,0.631579
582,9,1,52,15.9615,0.42004,104.426,2.71154,0.605263
582,10,1,52,16.1731,0.425607,97.5753,2.53365,0.605263
582,11,1,52,15.8269,0.416498,83.5769,2.29327,0.605263
582,12,1,52,15.9615,0.42004,91.2308,2.40385,0.578947
582,13,1,52,16.2692,0.428138,85.4888,2.40865,0.605263
582,14,1,52,16.1346,0.424595,85.359,2.40224,0.605263
582,15,1,52,15.8269,0.416498,76.6907,2.13462,0.578947
582,16,1,52,16,0.421053,86.2452,2.27404,0.605263
582,17,1,52,15.8462,0.417004,82.3413,2.14103,0.631579
582,18,1,52,15.7308,0.413968,74.351,2.06731,0.631579
582,19,1,52,15.8654,0.41751,74.1779,2.11538,0.605263
582,20,1,52,15.9423,0.419534,69.1651,2.05449,0.605263
582,21,1,52,15.6346,0.411437,56.1538,1.87019,0.605263
582,22,1,52,15.4712,0.407136,52.2756,1.77724,0.605263
582,23,1,52,15.6346,0.411437,52.0385,1.76763,0.605263
584,0,0,129,13.7442,0.249894,91.3844,13.0549,0.363636
584,1,0,129,13.9535,0.2537,91.1537,13.022,0.345455
584,2,0,129,13.9767,0.254123,91.8094,13.1156,0.345455
584,3,0,129,14.0543,0.255532,91.3391,13.0484,0.363636
584,4,0,129,13.9147,0.252995,90.8824,12.9832,0.363636
584,5,0,129,13.8217,0.251304,90.2313,12.8902,0.363636
584,6,0,129,13.8682,0.252149,89.5123,12.7875,0.363636
584,7,0,129,12.8062,0.23284,77.624,11.0891,0.345455
584,8,0,129,10.4884,0.190698,57.5329,8.21899,0.290909
584,9,0,129,8.4186,0.153066,50.9625,7.28036,0.290909
584,10,0,129,8.02713,0.145948,48.5614,6.93734,0.290909
584,11,0,129,7.58915,0.137984,47.1505,6.73579,0.290909
584,12,0,129,7.84496,0.142636,48.3081,6.90116,0.509091
584,13,0,129,8.17442,0.148626,50.5782,7.22545,0.318182
584,14,0,129,8,0.145455,48.6473,6.94961,0.290909
584,15,0,129,7.46512,0.135729,46.0019,6.57171,0.290909
584,16,0,129,7.22481,0.13136,45.2829,6.46899,0.290909
584,17,0,129,7.40698,0.134672,50.0807,7.15439,0.290909
584,18,0,129,8.78295,0.15969,63.3256,9.04651,0.290909
584,19,0,129,11.4186,0.207611,80.8256,11.5465,0.327273
584,20,0,129,12.9922,0.236223,86.6273,12.3753,0.345455
584,21,0,129,13.1008,0.238196,86.1932,12.3133,0.363636
584,22,0,129,13.3256,0.242283,88.6531,12.6647,0.345455
584,23,0,129,13.5891,0.247075,90.697,12.9567,0.345455
584,0,1,52,13.2885,0.241608,90.024,12.8606,0.381818
584,1,1,52,13.4423,0.244406,90.7196,12.9599,0.381818
584,2,1,52,13.5962,0.247203,91.3141,13.0449,0.381818
584,3,1,52,13.75,0.25,91.1795,13.0256,0.381818
584,4,1,52,13.75,0.25,90.6859,12.9551,0.381818
584,5,1,52,13.5385,0.246154,90.8093,12.9728,0.381818
584,6,1,52,13.4423,0.244406,89.4407,12.7772,0.381818
584,7,1,52,13.1923,0.23986,84.617,12.0881,0.381818
584,8,1,52,12.0192,0.218531,75.3846,10.7692,0.363636
584,9,1,52,10.4231,0.18951,68.1715,9.73878,0.345455
584,10,1,52,10.2692,0.186713,66.5561,9.50801,0.345455
584,11,1,52,10.0577,0.182867,66.9936,9.57051,0.327273
584,12,1,52,10.25,0.186364,69.0465,9.86378,0.327273
584,13,1,52,10.7692,0.195804,70.2468,10.0353,0.327273
584,14,1,52,10.4038,0.189161,67.8574,9.69391,0.327273
584,15,1,52,9.92308,0.18042,62.4503,8.92147,0.327273
584,16,1,52,9.5,0.172727,62.024,8.86058,0.272727
584,17,1,52,9.82692,0.178671,67.1058,9.58654,0.290909
584,18,1,52,11.0385,0.200699,74.5994,10.6571,0.327273
584,19,1,52,11.5769,0.21049,77.8301,11.1186,0.327273
584,20,1,52,11.75,0.213636,79.1651,11.3093,0.309091
584,21,1,52,11.8462,0.215385,79.2436,11.3205,0.345455
584,22,1,52,12.2404,0.222552,81.7564,11.6795,0.363636
584,23,1,52,12.3846,0.225175,83.8205,11.9744,0.363636
585,0,0,129,1.88372,0.156977,13.8236,1.97481,0.416667
585,1,0,129,2.08527,0.173773,14.7099,2.10142,0.416667
585,2,0,129,2.15504,0.179587,15.0581,2.15116,0.416667
585,3,0,129,2.23256,0.186047,15.2481,2.17829,0.416667
585,4,0,129,2.1938,0.182817,15.2255,2.17506,0.416667
585,5,0,129,2.22481,0.185401,14.9813,2.14018,0.416667
585,6,0,129,2.16279,0.180233,15.0355,2.14793,0.416667
585,7,0,129,2.13178,0.177649,14.0136,2.00194,0.416667
585,8,0,129,1.88372,0.156977,12.0149,1.71641,0.333333
585,9,0,129,1.67442,0.139535,13.7061,1.95801,0.416667
585,10,0,129,2.07752,0.173127,14.199,2.02842,0.416667
585,11,0,129,2.04651,0.170543,14.2125,2.03036,0.416667
585,12,0,129,2.05426,0.171189,13.6654,1.9522,0.5
585,13,0,129,1.92636,0.16053,13.5388,1.93411,0.5
585,14,0,129,1.89922,0.158269,12.2771,1.75388,0.5
585,15,0,129,1.64341,0.136951,11.0969,1.58527,0.416667
585,16,0,129,1.52713,0.127261,10.5271,1.50388,0.5
585,17,0,129,1.60078,0.133398,10.6176,1.5168,0.5
585,18,0,129,1.34884,0.112403,9.35594,1.33656,0.416667
585,19,0,129,1.27132,0.105943,8.22997,1.17571,0.5
585,20,0,129,1.16279,0.0968992,8.82687,1.26098,0.416667
585,21,0,129,1.45736,0.121447,10.405,1.48643,0.416667
585,22,0,129,1.58915,0.132429,11.4587,1.63695,0.416667
585,23,0,129,1.74419,0.145349,12.0963,1.72804,0.333333
585,0,1,52,1.59615,0.133013,12.1603,1.73718,0.333333
585,1,1,52,1.86538,0.155449,13.1362,1.8766,0.416667
585,2,1,52,1.92308,0.160256,13.3045,1.90064,0.416667
585,3,1,52,2.01923,0.168269,13.5737,1.9391,0.416667
585,4,1,52,1.96154,0.163462,13.4952,1.92788,0.416667
585,5,1,52,1.90385,0.158654,13.6298,1.94712,0.416667
585,6,1,52,1.92308,0.160256,13.4279,1.91827,0.416667
585,7,1,52,2,0.166667,12.3397,1.76282,0.416667
585,8,1,52,1.51923,0.126603,9.72596,1.38942,0.333333
585,9,1,52,1.26923,0.105769,8.90705,1.27244,0.333333
585,10,1,52,1.25,0.104167,8.53686,1.21955,0.333333
585,11,1,52,1.09615,0.0913462,8.34615,1.19231,0.25
585,12,1,52,1.38462,0.115385,9.87179,1.41026,0.333333
585,13,1,52,1.42308,0.11859,9.10897,1.30128,0.333333
585,14,1,52,1.15385,0.0961538,7.49359,1.07051,0.25
585,15,1,52,1.03846,0.0865385,6.69712,0.956731,0.25
585,16,1,52,0.903846,0.0753205,6.03526,0.862179,0.25
585,17,1,52,0.826923,0.0689103,5.94551,0.849359,0.25
585,18,1,52,0.846154,0.0705128,6.42788,0.918269,0.25
585,19,1,52,0.884615,0.073718,6.125,0.875,0.333333
585,20,1,52,0.826923,0.0689103,6.94391,0.991987,0.333333
585,21,1,52,1.09615,0.0913462,8.69391,1.24199,0.25
585,22,1,52,1.53846,0.128205,10.7468,1.53526,0.333333
585,23,1,52,1.71154,0.142628,11.8237,1.6891,0.333333
587,0,0,129,38.7597,0.293634,251.407,35.4257,0.69697
587,1,0,129,38.6279,0.292636,252.112,35.5297,0.568182
587,2,0,129,38.7442,0.293517,253.015,35.7274,0.416667
587,3,0,129,38.7442,0.293517,252.135,35.646,0.416667
587,4,0,129,38.6047,0.292459,252.151,35.6402,0.416667
587,5,0,129,38.4884,0.291579,251.252,35.4974,0.424242
587,6,0,129,38.3101,0.290228,247.675,35.0149,0.424242
587,7,0,129,36.7132,0.27813,216.781,30.4948,0.424242
587,8,0,129,27.9845,0.212004,159.232,22.1537,0.44697
587,9,0,129,23.5194,0.178177,133.407,18.3876,0.704545
587,10,0,129,19.6047,0.14852,117.708,16.1311,0.371212
587,11,0,129,18.4031,0.139417,110.472,15.3172,0.340909
587,12,0,129,18.3372,0.138918,113.483,15.4593,0.378788
587,13,0,129,18.5581,0.140592,113.01,15.3398,0.378788
587,14,0,129,18.5581,0.140592,109.816,14.73,0.628788
587,15,0,129,16.845,0.127613,103.836,14.1169,0.340909
587,16,0,129,16.8023,0.12729,108.667,14.4451,0.348485
587,17,0,129,17.3101,0.131137,114.608,15.5775,0.325758
587,18,0,129,19.4729,0.147522,140.298,19.2054,0.333333
587,19,0,129,25.186,0.190803,180.074,24.8443,0.575758
587,20,0,129,30.2248,0.228976,210.872,29.4587,0.386364
587,21,0,129,33.8372,0.256342,233.099,32.5614,0.416667
587,22,0,129,36.4496,0.276133,249.253,34.6848,0.44697
587,23,0,129,38.4264,0.291109,255.557,35.6693,0.507576
587,0,1,52,40.1923,0.304487,270.166,37.7276,0.469697
587,1,1,52,41.2885,0.312791,270.248,37.766,0.515152
587,2,1,52,41.1346,0.311626,269.889,37.8061,0.522727
587,3,1,52,41.3654,0.313374,269.668,37.7228,0.522727
587,4,1,52,41.5192,0.31454,270.051,37.7468,0.522727
587,5,1,52,42.0962,0.31891,269.519,37.5625,0.522727
587,6,1,52,41.3269,0.313083,268.651,37.4071,0.522727
587,7,1,52,40.5577,0.307255,255.086,35.4696,0.515152
587,8,1,52,37.2115,0.281906,234.837,32.5689,0.492424
587,9,1,52,34.9615,0.26486,211.931,29.4471,0.484848
587,10,1,52,31.5,0.238636,193.313,26.875,0.469697
587,11,1,52,29.5769,0.224068,182.26,25.3285,0.477273
587,12,1,52,28.5385,0.2162,182.314,25.2244,0.469697
587,13,1,52,29.6538,0.22465,187.465,25.4728,0.477273
587,14,1,52,28.4808,0.215763,179.135,24.6907,0.469697
587,15,1,52,27.5192,0.208479,175.369,24.2404,0.469697
587,16,1,52,27.4615,0.208042,174.776,24.2179,0.454545
587,17,1,52,27.6346,0.209353,180.851,25.016,0.462121
587,18,1,52,28.5962,0.216638,195.732,26.9006,0.44697
587,19,1,52,31.4808,0.238491,212.812,29.5353,0.454545
587,20,1,52,33.9423,0.257139,226.157,31.5721,0.454545
587,21,1,52,35.2115,0.266754,239.849,33.2212,0.462121
587,22,1,52,37.4423,0.283654,249.596,34.633,0.454545
587,23,1,52,38.5192,0.291812,253.95,35.0705,0.469697
588,0,0,129,49.3023,0.513566,310.652,45.3075,1
588,1,0,129,49.5891,0.516554,313.483,45.7384,0.645833
588,2,0,129,49.8992,0.519784,315.258,45.9929,0.645833
588,3,0,129,50.1473,0.522368,314.46,45.8863,0.645833
588,4,0,129,49.969,0.52051,313.734,45.7784,0.645833
588,5,0,129,50.0233,0.521076,313.071,45.6944,0.645833
588,6,0,129,49.938,0.520187,312.233,45.5614,0.645833
588,7,0,129,47.6357,0.496205,253.253,36.9916,0.625
588,8,0,129,33.7364,0.351421,181.001,26.416,0.583333
588,9,0,129,26.6512,0.277616,142.697,20.8004,0.854167
588,10,0,129,23.7364,0.247255,130.502,19.0484,0.583333
588,11,0,129,22.938,0.238937,125.688,18.3475,0.4375
588,12,0,129,23.4109,0.243863,128.173,18.7009,0.645833
588,13,0,129,23.5039,0.244832,127.596,18.6001,0.572917
588,14,0,129,22.6744,0.236192,125.654,18.3068,0.427083
588,15,0,129,22.1008,0.230216,123.427,17.9903,0.416667
588,16,0,129,22.6977,0.236434,125.577,18.303,0.854167
588,17,0,129,22.6977,0.236434,129.068,18.814,0.854167
588,18,0,129,24.2248,0.252342,152.164,22.1848,0.46875
588,19,0,129,30.4109,0.31678,202.679,29.5233,0.854167
588,20,0,129,37.814,0.393895,244.243,35.5426,0.625
588,21,0,129,42.3953,0.441618,271.607,39.5762,0.854167
588,22,0,129,45.6047,0.475048,295.811,43.1286,0.59375
588,23,0,129,48.4806,0.505006,308.222,44.958,0.635417
588,0,1,52,51.6346,0.537861,332.163,48.5849,0.677083
588,1,1,52,52.4615,0.546474,333.683,48.7853,0.677083
588,2,1,52,53.4038,0.55629,335.877,49.1186,0.677083
588,3,1,52,53.6731,0.559095,335.871,49.109,0.854167
588,4,1,52,52.9423,0.551482,334.912,48.9824,0.666667
588,5,1,52,52.8077,0.55008,334.716,48.9295,0.677083
588,6,1,52,52.8654,0.550681,332.853,48.6635,0.677083
588,7,1,52,51.9038,0.540665,312.807,45.7308,0.677083
588,8,1,52,47.1923,0.491587,286.916,41.9888,0.614583
588,9,1,52,43.9231,0.457532,260.756,38.1122,0.583333
588,10,1,52,40.0385,0.417067,240.642,35.1699,0.552083
588,11,1,52,38.4615,0.400641,231.572,33.8397,0.541667
588,12,1,52,37.5,0.390625,230.725,33.6811,0.53125
588,13,1,52,37.8269,0.39403,229.256,33.4279,0.53125
588,14,1,52,37.0577,0.386018,224.432,32.7083,0.520833
588,15,1,52,36.1346,0.376402,217.213,31.6891,0.510417
588,16,1,52,35.6538,0.371394,216.877,31.6522,0.520833
588,17,1,52,35.8846,0.373798,219.014,31.9647,0.510417
588,18,1,52,36.9615,0.385016,233.395,34.0385,0.520833
588,19,1,52,39.8654,0.415264,256.566,37.4038,0.520833
588,20,1,52,42.9808,0.447716,275.546,40.2484,0.5625
588,21,1,52,45.6731,0.475761,290.113,42.4439,0.59375
588,22,1,52,48.5769,0.50601,303.058,44.3413,1
588,23,1,52,49.4038,0.514623,310.401,45.399,0.666667
589,0,0,129,23.3101,0.222001,291.205,18.1919,0.485714
589,1,0,129,24.814,0.236323,301.74,18.5523,0.457143
589,2,0,129,24.5116,0.233444,288.304,18.3547,0.47619
589,3,0,129,24.2171,0.230639,282.766,18.0917,0.466667
589,4,0,129,24.0543,0.229088,287.88,18.1034,0.466667
589,5,0,129,24.0698,0.229236,295.605,18.0233,0.466667
589,6,0,129,24.3721,0.232115,337.313,18.3811,0.495238
589,7,0,129,24.0465,0.229014,340.149,16.4141,0.485714
589,8,0,129,19.9457,0.189959,226.824,12.345,0.447619
589,9,0,129,17.3992,0.165707,184.816,11.1176,0.4
589,10,0,129,17.376,0.165485,146.501,9.83075,0.409524
589,11,0,129,16.5969,0.158066,145.935,9.54457,0.4
589,12,0,129,17.5775,0.167405,213.272,11.9057,0.514286
589,13,0,129,19.5775,0.186453,243.831,12.3437,0.452381
589,14,0,129,17.5969,0.16759,195.582,10.5084,0.4
589,15,0,129,17.4264,0.165965,186.091,9.93023,0.428571
589,16,0,129,17.3992,0.165707,181.93,9.66344,0.4
589,17,0,129,17.4341,0.166039,183.807,9.94638,0.409524
589,18,0,129,18.3333,0.174603,193.282,11.5885,0.409524
589,19,0,129,20.1163,0.191584,231.132,14.7946,0.428571
589,20,0,129,22.7597,0.216759,251.056,16.6725,0.47619
589,21,0,129,23.3721,0.222591,241.71,16.7313,0.447619
589,22,0,129,22.8062,0.217202,222.29,16.5297,0.466667
589,23,0,129,23.3411,0.222296,228.258,17.0155,0.47619
589,0,1,52,23.5385,0.224176,290.891,18.3077,0.47619
589,1,1,52,24.1154,0.22967,296.869,18.5064,0.447619
589,2,1,52,24.4423,0.232784,299.739,18.601,0.457143
589,3,1,52,24.0192,0.228755,287.059,18.1971,0.466667
589,4,1,52,23.6923,0.225641,298.641,18.3349,0.457143
589,5,1,52,24.2885,0.231319,314.853,18.5032,0.47619
589,6,1,52,24.2885,0.231319,331.54,18.4968,0.466667
589,7,1,52,23.9808,0.228388,335.587,18.0192,0.457143
589,8,1,52,22.25,0.211905,248.024,15.7997,0.438095
589,9,1,52,20.7692,0.197802,221.721,14.5417,0.428571
589,10,1,52,20.4615,0.194872,182.659,13.2324,0.419048
589,11,1,52,20.2308,0.192674,186.256,13.3702,0.428571
589,12,1,52,20.5192,0.195421,229.046,14.5689,0.438095
589,13,1,52,21.3269,0.203114,261.149,15.2115,0.428571
589,14,1,52,20.5385,0.195604,221.686,13.8814,0.447619
589,15,1,52,19.5962,0.18663,205.268,13.0769,0.409524
589,16,1,52,19.5769,0.186447,208.489,13.0032,0.409524
589,17,1,52,19.2308,0.18315,205.053,13.2404,0.438095
589,18,1,52,20.5,0.195238,215.965,14.0833,0.409524
589,19,1,52,20.4808,0.195055,213.311,14.8205,0.409524
589,20,1,52,20.9615,0.199634,237.84,15.5946,0.428571
589,21,1,52,21.0385,0.200366,217.527,15.2772,0.466667
589,22,1,52,20.4615,0.194872,207.747,15.2147,0.438095
589,23,1,52,21.1346,0.201282,198.776,15.6683,0.419048
592,0,0,129,44.1744,0.501982,7519.77,46.5329,0.75
592,1,0,129,55.2171,0.627467,7222.23,44.3605,0.761364
592,2,0,129,43.9186,0.499075,4558.71,28.2661,0.727273
592,3,0,129,24.3798,0.277044,2158.52,14.3786,0.602273
592,4,0,129,19.2946,0.219257,1833,12.4819,0.602273
592,5,0,129,20.969,0.238284,2106.44,14.3792,0.602273
592,6,0,129,23.907,0.27167,3583.84,23.6589,0.602273
592,7,0,129,41.6667,0.473485,5781.61,35.9968,0.681818
592,8,0,129,37.3643,0.424595,3267.12,21.3598,0.590909
592,9,0,129,23.2132,0.263786,1851.12,13.3262,0.613636
592,10,0,129,19.9884,0.227141,1592.13,11.905,0.625
592,11,0,129,19.4806,0.221371,1524.38,11.4173,0.625
592,12,0,129,22.3062,0.25348,2725.74,19.2939,0.647727
592,13,0,129,28.6318,0.325361,2634.92,18.8863,0.5
592,14,0,129,22.5891,0.256695,1758.09,13.1189,0.386364
592,15,0,129,20.2016,0.229563,1550.63,11.6693,0.409091
592,16,0,129,20.1938,0.229475,1621.9,11.9948,0.375
592,17,0,129,20.3837,0.231633,1849.22,13.3391,0.420455
592,18,0,129,20.3798,0.231589,1865.08,13.3637,0.397727
592,19,0,129,22.3411,0.253876,2386.51,16.6906,0.431818
592,20,0,129,25.6977,0.292019,2601.55,18.0775,0.443182
592,21,0,129,26.0853,0.296424,2604.48,18.062,0.488636
592,22,0,129,25.9922,0.295366,2519.86,17.4089,0.534091
592,23,0,129,25.6512,0.29149,3012.86,20.2855,0.545455
592,0,1,52,40.7692,0.463287,7473.99,46.3574,0.715909
592,1,1,52,55.5962,0.631774,7370.05,45.4679,0.761364
592,2,1,52,44.5577,0.506337,4957.02,30.8654,0.704545
592,3,1,52,27.7308,0.315122,2477.15,16.4808,0.534091
592,4,1,52,20.3846,0.231643,2033.19,13.9343,0.488636
592,5,1,52,21.0192,0.238855,2141.3,14.7532,0.431818
592,6,1,52,24.1346,0.274257,3333.69,22.2212,0.409091
592,7,1,52,39.6923,0.451049,5968.89,37.3478,0.647727
592,8,1,52,40.0192,0.454764,3680.13,23.5753,0.670455
592,9,1,52,24.3846,0.277098,2164.04,14.7099,0.443182
592,10,1,52,20.5385,0.233392,1792.63,12.5897,0.420455
592,11,1,52,20.5385,0.233392,1783.77,12.5946,0.409091
592,12,1,52,20.9808,0.238418,2359.37,16.4183,0.352273
592,13,1,52,27.0769,0.307692,2639.76,18.3269,0.443182
592,14,1,52,24.2308,0.27535,2062.64,14.6106,0.409091
592,15,1,52,21.7692,0.247378,1835.45,13.1234,0.397727
592,16,1,52,20.75,0.235795,1879.68,13.3654,0.352273
592,17,1,52,22.6538,0.25743,2140.02,15.0881,0.420455
592,18,1,52,22.3077,0.253497,1931.92,13.6603,0.375
592,19,1,52,20.9038,0.237544,2106.67,14.8077,0.363636
592,20,1,52,24.1923,0.274913,2375.93,16.5753,0.386364
592,21,1,52,24.3077,0.276224,2290.11,15.9311,0.420455
592,22,1,52,23.3846,0.265734,2268.49,15.7372,0.443182
592,23,1,52,24.6923,0.280594,2866.84,19.2612,0.625
594,0,0,129,7.13953,0.187882,45.2151,6.4593,0.342105
594,1,0,129,7.69767,0.20257,47.1867,6.74096,0.394737
594,2,0,129,7.86822,0.207058,48.2087,6.88695,0.342105
594,3,0,129,7.87597,0.207262,48.8553,6.97933,0.342105
594,4,0,129,7.8062,0.205426,48.6337,6.94767,0.368421
594,5,0,129,7.97674,0.209914,48.6382,6.94832,0.368421
594,6,0,129,7.91473,0.208282,48.4664,6.92377,0.342105
594,7,0,129,7.73643,0.20359,40.5982,5.79974,0.394737
594,8,0,129,6.4186,0.168911,31.2242,4.46059,0.447368
594,9,0,129,4.72093,0.124235,22.3611,3.19444,0.394737
594,10,0,129,3.82558,0.100673,18.3818,2.62597,0.368421
594,11,0,129,3.44186,0.0905753,16.3017,2.32881,0.368421
594,12,0,129,3.47287,0.0913913,15.5963,2.22804,0.342105
594,13,0,129,3.17442,0.0835373,14.9948,2.14212,0.394737
594,14,0,129,3.10853,0.0818033,14.8275,2.11822,0.394737
594,15,0,129,3.08527,0.0811913,14.8773,2.12532,0.394737
594,16,0,129,3.23256,0.0850673,15.1395,2.16279,0.394737
594,17,0,129,3.43411,0.0903713,15.8585,2.2655,0.394737
594,18,0,129,3.18605,0.0838433,15.5963,2.22804,0.394737
594,19,0,129,3.57364,0.0940432,19.2455,2.74935,0.342105
594,20,0,129,4.03101,0.106079,23.3876,3.34109,0.368421
594,21,0,129,4.68992,0.123419,27.5207,3.93152,0.315789
594,22,0,129,5.36434,0.141167,33.6977,4.81395,0.342105
594,23,0,129,6.48837,0.170747,40.761,5.823,0.394737
594,0,1,52,8.11538,0.213563,48.3045,6.90064,0.394737
594,1,1,52,8.28846,0.218117,49.7628,7.10897,0.342105
594,2,1,52,8.44231,0.222166,51.625,7.375,0.394737
594,3,1,52,8.73077,0.229757,52.0288,7.43269,0.394737
594,4,1,52,8.46154,0.222672,52.4776,7.49679,0.394737
594,5,1,52,8.67308,0.228239,52.3766,7.48237,0.394737
594,6,1,52,8.69231,0.228745,51.8494,7.40705,0.394737
594,7,1,52,8.80769,0.231781,49.3478,7.04968,0.394737
594,8,1,52,8.11538,0.213563,42.4712,6.06731,0.421053
594,9,1,52,6.34615,0.167004,33.3958,4.77083,0.342105
594,10,1,52,5.67308,0.149291,26.8221,3.83173,0.342105
594,11,1,52,4.98077,0.131073,23.3782,3.33974,0.342105
594,12,1,52,4.55769,0.119939,22.3013,3.1859,0.421053
594,13,1,52,4.32692,0.113866,21.4151,3.05929,0.368421
594,14,1,52,4.36538,0.114879,22.5705,3.22436,0.342105
594,15,1,52,4.51923,0.118927,22.0208,3.14583,0.342105
594,16,1,52,4.59615,0.120951,22.0545,3.15064,0.394737
594,17,1,52,4.40385,0.115891,23.4455,3.34936,0.342105
594,18,1,52,4.76923,0.125506,24.5337,3.50481,0.368421
594,19,1,52,5.07692,0.133603,27.0353,3.86218,0.421053
594,20,1,52,5.51923,0.145243,31.3654,4.48077,0.368421
594,21,1,52,5.92308,0.15587,34.7083,4.95833,0.368421
594,22,1,52,6.50962,0.171306,39.5994,5.65705,0.368421
594,23,1,52,7.5,0.197368,43.7949,6.25641,0.368421
595,0,0,129,54.3721,0.396877,8465.14,56.9218,1
595,1,0,129,70.1705,0.512194,9700.3,65.2668,0.751825
595,2,0,129,73.3488,0.535393,10088.8,67.9154,0.781022
595,3,0,129,74.6434,0.544842,10486.9,70.6292,0.766423
595,4,0,129,77.2946,0.564194,10932,73.6815,0.766423
595,5,0,129,80.8605,0.590222,11419.8,77.0245,0.788321
595,6,0,129,83.0543,0.606235,11277.7,76.0265,0.781022
595,7,0,129,80.2481,0.585752,11243.3,75.7649,0.773723
595,8,0,129,77.1008,0.562779,9362.2,63.1318,0.79562
595,9,0,129,59.6822,0.435636,6131.3,41.2668,1
595,10,0,129,38.2093,0.2789,4442.53,29.8023,1
595,11,0,129,34.7674,0.253777,4032.9,27.0297,0.489051
595,12,0,129,36.3721,0.26549,4802.7,32.1841,1
595,13,0,129,39.0698,0.285181,4355.45,29.1925,1
595,14,0,129,30.6977,0.224071,3466.13,23.2306,0.335766
595,15,0,129,27.0155,0.197193,2932.18,19.6693,0.328467
595,16,0,129,27.6512,0.201833,2824.04,18.9528,1
595,17,0,129,27.4496,0.200362,3364.65,22.6486,1
595,18,0,129,32.6977,0.238669,4608.62,31.1279,0.430657
595,19,0,129,44.3876,0.323997,5792.97,39.2765,0.547445
595,20,0,129,35.5736,0.259662,3953.34,26.4916,0.416058
595,21,0,129,36.6202,0.2673,4303.26,28.8844,0.423358
595,22,0,129,39.0233,0.284841,4834,32.4251,0.416058
595,23,0,129,44.4186,0.324223,5867.71,39.3921,0.525547
595,0,1,52,52.5385,0.383492,8284.25,55.6971,0.547445
595,1,1,52,69.5385,0.50758,9744.33,65.5337,0.781022
595,2,1,52,72.75,0.531022,10098.5,67.9391,0.766423
595,3,1,52,74.8462,0.546322,10550.5,71.0417,0.759124
595,4,1,52,78.2885,0.571449,11125.7,74.9744,0.788321
595,5,1,52,83.25,0.607664,11825.5,79.7452,0.861314
595,6,1,52,85.5,0.624088,11733,79.0881,0.839416
595,7,1,52,82.6923,0.603593,11885.3,80.0929,0.824818
595,8,1,52,83.0769,0.606401,10638.1,71.6955,0.781022
595,9,1,52,67.1538,0.490174,7505.62,50.4792,0.649635
595,10,1,52,44.9231,0.327906,5690.14,38.1619,0.452555
595,11,1,52,42.5385,0.3105,5208.68,34.9375,0.445255
595,12,1,52,38.3269,0.279759,5192.76,34.7885,0.430657
595,13,1,52,39.0192,0.284812,4726.92,31.6827,0.416058
595,14,1,52,34.1923,0.249579,4047.12,27.133,0.430657
595,15,1,52,30.7885,0.224733,3434.83,23.0321,0.430657
595,16,1,52,29.4423,0.214907,3386.11,22.7147,0.430657
595,17,1,52,30.6154,0.22347,4050.84,27.2356,0.423358
595,18,1,52,35.5385,0.259405,4931.71,33.3109,0.467153
595,19,1,52,45.9231,0.335205,5723.65,38.7869,0.525547
595,20,1,52,35.2692,0.25744,4006.75,26.8574,0.459854
595,21,1,52,37.3269,0.272459,4602.43,30.9022,0.489051
595,22,1,52,43.0385,0.314149,5254.62,35.2949,1
595,23,1,52,46.4423,0.338995,6199.06,41.6779,0.518248
596,0,0,129,33.0698,0.601268,115.484,7.5323,1
596,1,0,129,32.124,0.584073,134.194,8.04328,0.963636
596,2,0,129,33.7829,0.614235,151.366,8.44703,1
596,3,0,129,33.031,0.600564,163.897,8.68669,1
596,4,0,129,32.9225,0.598591,171.759,8.80233,1
596,5,0,129,33.5969,0.610853,166.504,8.5407,0.981818
596,6,0,129,33.5736,0.61043,171.935,8.41667,0.981818
596,7,0,129,33.4264,0.607752,174.136,8.06589,0.981818
596,8,0,129,32.6047,0.592812,147.895,7.3301,0.981818
596,9,0,129,31.6822,0.576039,131.333,6.6124,0.963636
596,10,0,129,31.3566,0.57012,103.089,5.2823,1
596,11,0,129,32.031,0.582382,96.615,4.95413,0.981818
596,12,0,129,31.3798,0.570543,125.333,5.34432,1
596,13,0,129,31.2558,0.568288,135.804,5.72997,0.963636
596,14,0,129,30.5116,0.554757,105.307,4.73837,0.963636
596,15,0,129,30.1085,0.547428,101.138,4.55362,0.963636
596,16,0,129,29.7752,0.541367,101.665,4.58979,0.963636
596,17,0,129,29.3178,0.533051,101.106,4.62726,0.963636
596,18,0,129,30.3876,0.552502,103.127,4.81331,0.981818
596,19,0,129,30.4264,0.553206,104.74,5.13178,1
596,20,0,129,30.1085,0.547428,114.477,6.46899,0.981818
596,21,0,129,31.9302,0.58055,111.001,6.9115,0.981818
596,22,0,129,31.7597,0.577449,103.975,6.85659,0.963636
596,23,0,129,31.2016,0.567301,95.1008,6.81654,0.963636
596,0,1,52,31.8462,0.579021,130.796,7.46154,0.963636
596,1,1,52,33.3269,0.605944,141.702,7.72115,0.963636
596,2,1,52,32.9615,0.599301,151.279,7.86378,0.909091
596,3,1,52,33.3654,0.606643,167.896,8.32051,1
596,4,1,52,33.3077,0.605594,171.934,8.38782,1
596,5,1,52,35.0577,0.637413,175.421,8.40064,1
596,6,1,52,35.0385,0.637063,178.168,8.22276,0.981818
596,7,1,52,34.2692,0.623077,171.79,7.91827,0.981818
596,8,1,52,33.4038,0.607343,152.724,7.24519,0.945455
596,9,1,52,33.4808,0.608741,139.587,6.58173,0.945455
596,10,1,52,33.1538,0.602797,117.468,5.58173,0.981818
596,11,1,52,32.4231,0.58951,113.676,5.37981,0.963636
596,12,1,52,30.5769,0.555944,121.532,5.43429,0.945455
596,13,1,52,30.2885,0.550699,120.933,5.59135,0.890909
596,14,1,52,32.6923,0.594406,94.0465,4.58974,0.963636
596,15,1,52,31.7308,0.576923,90.7308,4.63782,0.945455
596,16,1,52,30.8654,0.561189,93.5529,4.77404,0.909091
596,17,1,52,32.1154,0.583916,94.5465,4.81891,0.927273
596,18,1,52,32.9615,0.599301,96.3045,4.77885,0.927273
596,19,1,52,31.7115,0.576573,91.109,5.16506,0.981818
596,20,1,52,32.5769,0.592308,90.766,5.97756,0.963636
596,21,1,52,31.1346,0.566084,84.7179,5.98718,0.963636
596,22,1,52,32.0192,0.582168,82.0128,5.96474,1
596,23,1,52,31.3846,0.570629,88.8029,6.29167,0.909091
598,0,0,129,3.92248,0.326873,26.3133,3.75904,1
598,1,0,129,3.76744,0.313953,26.1415,3.7345,0.583333
598,2,0,129,3.76744,0.313953,25.8566,3.6938,0.583333
598,3,0,129,3.71318,0.309432,25.5536,3.65052,0.583333
598,4,0,129,3.68217,0.306848,25.4089,3.62984,0.583333
598,5,0,129,3.72868,0.310724,25.3908,3.62726,0.583333
598,6,0,129,3.71318,0.309432,25.0336,3.57623,0.583333
598,7,0,129,3.18605,0.265504,19.7158,2.81654,0.5
598,8,0,129,2.36434,0.197028,15.6324,2.2332,0.5
598,9,0,129,2.16279,0.180233,14.5019,2.07171,0.416667
598,10,0,129,2.18605,0.182171,14.3301,2.04716,1
598,11,0,129,2.11628,0.176357,14.7326,2.10465,0.416667
598,12,0,129,2.4031,0.200258,15.2707,2.18152,1
598,13,0,129,2.31008,0.192506,14.9451,2.13501,1
598,14,0,129,2.17829,0.181525,14.3301,2.04716,0.5
598,15,0,129,2.03876,0.169897,13.8643,1.98062,0.583333
598,16,0,129,2.12403,0.177003,13.792,1.97028,1
598,17,0,129,2.30233,0.19186,15.7229,2.24612,1
598,18,0,129,2.45736,0.20478,19.4671,2.78101,0.5
598,19,0,129,3.45736,0.288114,25.6395,3.66279,0.583333
598,20,0,129,3.90698,0.325581,27.3534,3.90762,0.75
598,21,0,129,4.04651,0.337209,28.1854,4.02649,0.666667
598,22,0,129,4.10853,0.342377,28.5562,4.07946,0.666667
598,23,0,129,4.06202,0.338501,27.9683,3.99548,0.666667
598,0,1,52,4.01923,0.334936,28.1683,4.02404,0.666667
598,1,1,52,4,0.333333,27.6859,3.95513,0.666667
598,2,1,52,3.94231,0.328526,27.4054,3.91506,0.666667
598,3,1,52,3.90385,0.325321,27.4728,3.92468,0.666667
598,4,1,52,3.86538,0.322115,27.2708,3.89583,0.666667
598,5,1,52,3.80769,0.317308,26.5978,3.79968,0.666667
598,6,1,52,3.84615,0.320513,26.0705,3.72436,0.666667
598,7,1,52,3.65385,0.304487,25.3638,3.6234,0.583333
598,8,1,52,3.51923,0.293269,23.6587,3.37981,0.666667
598,9,1,52,3.25,0.270833,22.4247,3.20353,0.583333
598,10,1,52,3.07692,0.25641,21.3141,3.04487,0.583333
598,11,1,52,3,0.25,20.4728,2.92468,0.583333
598,12,1,52,2.96154,0.246795,20.6635,2.95192,0.583333
598,13,1,52,3.01923,0.251603,20.2372,2.89103,0.583333
598,14,1,52,2.84615,0.237179,19.7548,2.82212,0.583333
598,15,1,52,2.82692,0.235577,19.6875,2.8125,0.583333
598,16,1,52,2.76923,0.230769,19.7324,2.81891,0.583333
598,17,1,52,2.90385,0.241987,21.4151,3.05929,0.583333
598,18,1,52,3.25,0.270833,23.2885,3.32692,0.583333
598,19,1,52,3.46154,0.288462,24.3093,3.47276,0.583333
598,20,1,52,3.5,0.291667,23.7484,3.39263,0.583333
598,21,1,52,3.36538,0.280449,23.726,3.38942,0.583333
598,22,1,52,3.59615,0.299679,24.0513,3.4359,1
598,23,1,52,3.5,0.291667,23.6474,3.37821,0.583333
601,0,0,129,7.47287,0.622739,25.2597,7.21705,1
601,1,0,129,7.67442,0.639535,25.739,7.35401,1
601,2,0,129,7.79845,0.649871,26.1528,7.47222,1
601,3,0,129,7.87597,0.656331,26.5439,7.58398,1
601,4,0,129,7.85271,0.654393,26.6864,7.62468,1
601,5,0,129,7.93023,0.660853,26.0329,7.43798,1
601,6,0,129,7.3876,0.615633,24.6244,7.03553,1
601,7,0,129,7.21705,0.601421,21.6964,6.19897,1
601,8,0,129,5.66667,0.472222,16.9415,4.84044,0.833333
601,9,0,129,4.8062,0.400517,14.5811,4.16602,1
601,10,0,129,4.17829,0.348191,12.4444,3.55556,0.833333
601,11,0,129,3.70543,0.308786,11.6169,3.31912,0.75
601,12,0,129,3.73643,0.31137,11.3501,3.24289,1
601,13,0,129,3.57364,0.297804,10.9386,3.12532,1
601,14,0,129,3.3876,0.2823,10.2829,2.93798,1
601,15,0,129,3.16279,0.263566,9.97319,2.84948,0.666667
601,16,0,129,3.25581,0.271318,9.80136,2.80039,1
601,17,0,129,3.13953,0.261628,9.62952,2.75129,1
601,18,0,129,3.28682,0.273902,11.2913,3.2261,0.583333
601,19,0,129,3.85271,0.321059,13.8643,3.96124,0.666667
601,20,0,129,4.76744,0.397287,17.1179,4.89083,0.833333
601,21,0,129,5.62016,0.468346,19.9939,5.71253,1
601,22,0,129,6.54264,0.54522,22.2006,6.34302,1
601,23,0,129,7.14729,0.595607,24.0568,6.87339,1
601,0,1,52,7.46154,0.621795,25.6442,7.32692,0.916667
601,1,1,52,7.82692,0.652244,26.7436,7.64103,0.916667
601,2,1,52,8.05769,0.671474,27.1362,7.75321,1
601,3,1,52,8.05769,0.671474,27.1755,7.76442,1
601,4,1,52,8.09615,0.674679,27.3942,7.82692,1
601,5,1,52,7.98077,0.665064,27.4784,7.85096,1
601,6,1,52,8.21154,0.684295,27.4054,7.83013,1
601,7,1,52,7.92308,0.660256,26.3229,7.52083,1
601,8,1,52,7.5,0.625,24.6571,7.04487,1
601,9,1,52,6.94231,0.578526,21.6226,6.17788,1
601,10,1,52,6.05769,0.504808,19.9511,5.70032,0.833333
601,11,1,52,5.92308,0.49359,18.4647,5.27564,1
601,12,1,52,5.48077,0.456731,17.988,5.13942,0.916667
601,13,1,52,5.28846,0.440705,17.5785,5.02244,0.916667
601,14,1,52,5.11538,0.426282,16.8269,4.80769,0.833333
601,15,1,52,4.90385,0.408654,15.9239,4.54968,0.833333
601,16,1,52,4.88462,0.407051,16.4006,4.6859,0.833333
601,17,1,52,5,0.416667,16.8269,4.80769,0.75
601,18,1,52,5.21154,0.434295,16.9671,4.84776,0.75
601,19,1,52,5.15385,0.429487,17.5617,5.01763,0.833333
601,20,1,52,5.57692,0.464744,19.1715,5.47756,1
601,21,1,52,5.94231,0.495192,20.2708,5.79167,0.916667
601,22,1,52,6.28846,0.524038,21.4712,6.13462,1
601,23,1,52,6.92308,0.576923,23.4455,6.69872,1
628,0,0,129,2.34109,0.390181,293.411,1.95607,1
628,1,0,129,2.29457,0.382429,291.667,1.94444,1
628,2,0,129,2.29457,0.382429,286.434,1.90956,1
628,3,0,129,2.28682,0.381137,284.496,1.89664,1
628,4,0,129,2.26357,0.377261,280.426,1.86951,1
628,5,0,129,2.22481,0.370801,277.907,1.85271,1
628,6,0,129,2.21705,0.369509,268.411,1.78941,1
628,7,0,129,1.99225,0.332041,217.345,1.44897,1
628,8,0,129,1.31783,0.219638,155.136,1.03424,1
628,9,0,129,1.60465,0.267442,190.504,1.27003,1
628,10,0,129,1.63566,0.27261,187.403,1.24935,1
628,11,0,129,1.48062,0.24677,175.775,1.17183,1
628,12,0,129,1.63566,0.27261,184.787,1.23191,1
628,13,0,129,1.5969,0.26615,184.302,1.22868,1
628,14,0,129,1.52713,0.254522,169.477,1.12984,1
628,15,0,129,1.41085,0.235142,168.992,1.12661,1
628,16,0,129,1.63566,0.27261,181.202,1.20801,1
628,17,0,129,1.81395,0.302326,218.217,1.45478,1
628,18,0,129,1.86822,0.31137,212.694,1.41796,1
628,19,0,129,1.86047,0.310078,230.426,1.53618,1
628,20,0,129,1.95349,0.325581,256.105,1.70736,1
628,21,0,129,2.09302,0.348837,275.291,1.83527,1
628,22,0,129,2.27907,0.379845,290.504,1.93669,1
628,23,0,129,2.26357,0.377261,296.318,1.97545,1
628,0,1,52,2.32692,0.387821,317.548,2.11699,1
628,1,1,52,2.26923,0.378205,309.375,2.0625,1
628,2,1,52,2.30769,0.384615,313.702,2.09135,1
628,3,1,52,2.38462,0.397436,310.337,2.06891,1
628,4,1,52,2.26923,0.378205,303.125,2.02083,1
628,5,1,52,2.21154,0.36859,297.115,1.98077,1
628,6,1,52,2.21154,0.36859,294.952,1.96635,1
628,7,1,52,2.15385,0.358974,266.587,1.77724,1
628,8,1,52,1.90385,0.317308,212.74,1.41827,1
628,9,1,52,1.71154,0.285256,198.077,1.32051,1
628,10,1,52,1.61538,0.269231,197.115,1.3141,1
628,11,1,52,1.57692,0.262821,179.327,1.19551,1
628,12,1,52,1.59615,0.266026,176.442,1.17628,1
628,13,1,52,1.71154,0.285256,179.327,1.19551,1
628,14,1,52,1.51923,0.253205,177.404,1.18269,1
628,15,1,52,1.5,0.25,177.644,1.18429,1
628,16,1,52,1.57692,0.262821,187.019,1.24679,1
628,17,1,52,1.71154,0.285256,197.837,1.31891,1
628,18,1,52,1.59615,0.266026,192.067,1.28045,1
628,19,1,52,1.59615,0.266026,199.519,1.33013,1
628,20,1,52,1.63462,0.272436,200.962,1.33974,1
628,21,1,52,1.86538,0.310897,255.288,1.70192,1
628,22,1,52,2.28846,0.38141,264.423,1.76282,1
628,23,1,52,2.09615,0.349359,274.519,1.83013,1
631,0,0,129,3.29457,0.0968992,59.8734,3.0239,0.205882
631,1,0,129,3.13953,0.0923393,37.7009,2.94444,0.205882
631,2,0,129,3.14729,0.0925673,29.5465,2.92765,0.205882
631,3,0,129,3.16279,0.0930233,30.4793,2.92894,0.235294
631,4,0,129,3.13953,0.0923393,29.6789,2.90698,0.235294
631,5,0,129,3.08527,0.0907433,30.5258,2.89599,0.235294
631,6,0,129,3.21705,0.0946192,36.4354,2.88243,0.235294
631,7,0,129,2.82171,0.0829913,30.0116,2.41344,0.176471
631,8,0,129,2.4186,0.0711354,41.9671,2.39535,0.176471
631,9,0,129,3.09302,0.0909713,59.6208,2.92183,0.264706
631,10,0,129,3.3876,0.0996352,56.6767,3.1124,0.264706
631,11,0,129,3.41085,0.100319,48.5055,3.17829,0.264706
631,12,0,129,3.46899,0.102029,87.4251,3.34238,0.264706
631,13,0,129,3.4845,0.102485,87.8892,3.15956,0.323529
631,14,0,129,3.17054,0.0932513,63.4651,3.03553,0.235294
631,15,0,129,3.27907,0.0964432,62.9722,3.01744,0.235294
631,16,0,129,3.24806,0.0955312,83.7678,3.00646,0.264706
631,17,0,129,3.50388,0.103055,118.346,3.21318,0.264706
631,18,0,129,3.06202,0.0900593,73.1838,2.80103,0.235294
631,19,0,129,3.15504,0.0927953,52.1172,3.09948,0.264706
631,20,0,129,3.3876,0.0996352,45.7435,3.10336,0.294118
631,21,0,129,3.34884,0.0984952,50.2603,3.06266,0.235294
631,22,0,129,3.24806,0.0955312,49.8088,3.02455,0.205882
631,23,0,129,3.17829,0.0934793,72.4415,3.14341,0.235294
631,0,1,52,3.67308,0.108032,74.2003,3.46314,0.264706
631,1,1,52,3.40385,0.100113,55.5994,3.26122,0.235294
631,2,1,52,3.44231,0.101244,48.5673,3.23878,0.235294
631,3,1,52,3.53846,0.104072,46.3654,3.2516,0.205882
631,4,1,52,3.44231,0.101244,38.8846,3.16506,0.205882
631,5,1,52,3.30769,0.0972851,33.851,3.03526,0.205882
631,6,1,52,3.25,0.0955882,36.6394,3.00801,0.235294
631,7,1,52,3.26923,0.0961538,40.4471,2.83173,0.205882
631,8,1,52,2.90385,0.0854072,48.0946,2.64744,0.176471
631,9,1,52,2.92308,0.0859729,53.9391,2.79487,0.176471
631,10,1,52,3.17308,0.0933258,47.6186,2.84135,0.205882
631,11,1,52,3.05769,0.0899321,55.4231,2.90865,0.176471
631,12,1,52,3.25,0.0955882,68.0144,3.07051,0.205882
631,13,1,52,3.17308,0.0933258,46.3622,2.89103,0.235294
631,14,1,52,2.94231,0.0865385,54.5625,2.6875,0.176471
631,15,1,52,3.17308,0.0933258,65.9087,2.67147,0.205882
631,16,1,52,2.78846,0.0820136,54.2372,2.41186,0.235294
631,17,1,52,2.53846,0.0746606,72.9872,2.53686,0.176471
631,18,1,52,2.84615,0.0837104,65.9327,2.51122,0.205882
631,19,1,52,2.78846,0.0820136,59.8926,2.59776,0.176471
631,20,1,52,2.78846,0.0820136,49.1282,2.63141,0.235294
631,21,1,52,3,0.0882353,50.6522,2.78365,0.205882
631,22,1,52,3.21154,0.094457,67.0064,2.99199,0.205882
631,23,1,52,3.25,0.0955882,78.0946,3.21314,0.235294
632,0,0,129,12.655,0.421835,63.6014,9.08592,0.733333
632,1,0,129,12.8217,0.42739,63.9225,9.13178,0.733333
632,2,0,129,12.8992,0.429974,64.1983,9.17119,0.833333
632,3,0,129,12.7674,0.425581,64.1305,9.1615,0.733333
632,4,0,129,12.7984,0.426615,64.1848,9.16925,0.733333
632,5,0,129,12.7364,0.424548,63.1447,9.02067,0.733333
632,6,0,129,12.5426,0.418088,61.4761,8.7823,0.766667
632,7,0,129,12,0.4,53.7571,7.67959,0.7
632,8,0,129,9.93023,0.331008,39.8611,5.69444,0.633333
632,9,0,129,8.78295,0.292765,33.6977,4.81395,0.833333
632,10,0,129,8.34109,0.278036,33.1912,4.7416,0.633333
632,11,0,129,8.5969,0.286563,35.2216,5.03165,0.666667
632,12,0,129,9.34884,0.311628,39.2733,5.61047,0.766667
632,13,0,129,9.66667,0.322222,40.9464,5.84948,0.666667
632,14,0,129,9.5814,0.31938,39.2054,5.60078,0.733333
632,15,0,129,9.04651,0.30155,36.8857,5.26938,0.733333
632,16,0,129,9.07752,0.302584,36.8676,5.2668,0.833333
632,17,0,129,9.28682,0.309561,39.6983,5.67119,0.833333
632,18,0,129,10.1395,0.337985,49.7552,7.10788,0.7
632,19,0,129,11.4806,0.382687,57.7455,8.24935,0.733333
632,20,0,129,12.3023,0.410078,62.0685,8.86693,0.733333
632,21,0,129,12.6279,0.42093,62.887,8.98385,0.733333
632,22,0,129,12.6899,0.422997,63.8637,9.12339,0.733333
632,23,0,129,12.7907,0.426357,63.8411,9.12016,0.733333
632,0,1,52,12.7692,0.425641,62.6635,8.95192,0.7
632,1,1,52,12.6731,0.422436,62.0016,8.85737,0.7
632,2,1,52,12.6923,0.423077,61.9455,8.84936,0.7
632,3,1,52,12.6346,0.421154,62.5513,8.9359,0.7
632,4,1,52,12.7692,0.425641,62.8205,8.97436,0.7
632,5,1,52,12.7692,0.425641,62.1362,8.8766,0.7
632,6,1,52,12.6538,0.421795,60.891,8.69872,0.7
632,7,1,52,12.3462,0.411538,58.5465,8.36378,0.7
632,8,1,52,11.9038,0.396795,55.0801,7.86859,0.7
632,9,1,52,11.3269,0.377564,50.5929,7.22756,0.733333
632,10,1,52,11.1154,0.370513,47.7997,6.82853,0.7
632,11,1,52,10.8462,0.361538,47.7885,6.82692,0.766667
632,12,1,52,11.0769,0.369231,50.1106,7.15865,0.7
632,13,1,52,11.2115,0.373718,49.774,7.11058,0.7
632,14,1,52,11.0962,0.369872,50.6378,7.23397,0.7
632,15,1,52,10.9423,0.364744,50.8285,7.26122,0.7
632,16,1,52,11.4808,0.382692,54.0929,7.72756,0.666667
632,17,1,52,11.5577,0.385256,54.9343,7.84776,0.7
632,18,1,52,12.0769,0.402564,57.9071,8.27244,0.733333
632,19,1,52,12.3462,0.411538,59.4103,8.48718,0.733333
632,20,1,52,12.3077,0.410256,58.0641,8.29487,0.733333
632,21,1,52,12.2308,0.407692,57.7724,8.25321,0.7
632,22,1,52,12.3846,0.412821,59.7131,8.53045,0.7
632,23,1,52,12.8077,0.426923,62.0913,8.87019,0.7
633,0,0,129,82.0698,0.607924,7892.39,82.5833,1
633,1,0,129,97.8372,0.72472,6961.26,75.8301,0.859259
633,2,0,129,82.0543,0.607809,4326.94,56.4289,0.777778
633,3,0,129,76.3023,0.565202,2959.33,46.1324,0.733333
633,4,0,129,73.3566,0.543382,2803.27,45.2196,0.688889
633,5,0,129,76.5426,0.566982,3400.07,50.1854,0.733333
633,6,0,129,85.9147,0.636405,4685.31,59.9276,0.807407
633,7,0,129,89.031,0.659489,5457.76,60.584,0.874074
633,8,0,129,73.5194,0.544588,3083.13,34.6647,0.740741
633,9,0,129,54.4264,0.403158,2028.39,23.832,0.755556
633,10,0,129,51.2558,0.379673,1569.92,19.4315,0.837037
633,11,0,129,49.8217,0.36905,1503.59,18.6118,0.622222
633,12,0,129,53.9767,0.399828,3242.27,31.6273,0.696296
633,13,0,129,67.9225,0.503129,3657.48,35.0652,0.985185
633,14,0,129,60.2093,0.445995,2373.52,25.0388,0.666667
633,15,0,129,58.1938,0.431065,2198.4,23.7739,0.666667
633,16,0,129,58.4186,0.43273,2203.83,23.6531,0.785185
633,17,0,129,58.4806,0.43319,2377.18,25.2552,0.785185
633,18,0,129,60.8372,0.450646,2564.3,28.1641,0.666667
633,19,0,129,60.7597,0.450072,3063.31,36.1518,0.674074
633,20,0,129,72.5116,0.537123,3624.55,45.1202,0.674074
633,21,0,129,76.5814,0.56727,3445.89,46.5078,0.762963
633,22,0,129,76.2093,0.564513,3350.01,47.8714,0.711111
633,23,0,129,78.2791,0.579845,4022.19,53.2687,0.733333
633,0,1,52,78.1731,0.57906,7897.1,82.0609,0.8
633,1,1,52,98.1923,0.72735,7114.41,76.6458,0.859259
633,2,1,52,84.4423,0.625499,4733.3,59.0561,0.762963
633,3,1,52,78.1538,0.578917,3327.16,48.5385,0.733333
633,4,1,52,75.1346,0.556553,3166.91,47.6378,0.718518
633,5,1,52,76.7885,0.568803,3279.82,48.5561,0.740741
633,6,1,52,81.4423,0.603276,4348.06,56.6859,0.733333
633,7,1,52,90.75,0.672222,5714.4,65.2324,0.837037
633,8,1,52,83.8462,0.621083,3489.29,45.6843,0.785185
633,9,1,52,65.0962,0.482194,2104.53,32.6827,0.585185
633,10,1,52,59.9808,0.444302,1568.93,27.0176,0.555556
633,11,1,52,59.3077,0.439316,1493.31,25.7356,0.555556
633,12,1,52,59.75,0.442593,2671.01,34.5064,0.548148
633,13,1,52,71.3654,0.528632,3214.84,39.2035,0.644444
633,14,1,52,66.6538,0.493732,2331.23,31.9487,0.607407
633,15,1,52,65.3654,0.484188,2159.35,30.383,0.585185
633,16,1,52,64.5192,0.47792,2180.42,30.2131,0.585185
633,17,1,52,64.3654,0.476781,2334.78,31.6058,0.6
633,18,1,52,66.9423,0.495869,2469.24,33.5,0.607407
633,19,1,52,66.0962,0.489601,2761.8,37.3606,0.62963
633,20,1,52,72.7308,0.538746,3216.27,42.6779,0.651852
633,21,1,52,72.5,0.537037,2967.63,41.8526,0.666667
633,22,1,52,74.3462,0.550712,2976.91,42.8734,1
633,23,1,52,74.8269,0.554274,3623.18,47.9391,0.674074
637,0,0,129,6.13566,0.175305,318.493,5.87274,0.314286
637,1,0,129,6.75194,0.192913,347.5,6.21318,0.342857
637,2,0,129,6.99225,0.199779,362.292,6.39793,0.342857
637,3,0,129,7.21705,0.206202,372.021,6.47351,0.371429
637,4,0,129,7.13953,0.203987,367.3,6.46382,0.371429
637,5,0,129,7.17829,0.205094,362.899,6.43217,0.371429
637,6,0,129,7.10853,0.203101,351.269,6.18411,0.371429
637,7,0,129,6.54264,0.186932,312.658,5.27003,0.371429
637,8,0,129,5.3876,0.153931,239.847,4.26098,0.314286
637,9,0,129,4.78295,0.136656,189.714,3.76163,0.485714
637,10,0,129,4.65504,0.133001,186.983,3.67829,0.257143
637,11,0,129,4.56589,0.130454,190.556,3.6699,0.314286
637,12,0,129,4.9031,0.140089,245.629,4.20672,0.542857
637,13,0,129,5.10853,0.145958,223.302,3.90439,0.342857
637,14,0,129,4.32558,0.123588,168.901,3.26486,0.228571
637,15,0,129,3.81395,0.10897,153.868,3.04457,0.2
637,16,0,129,3.83721,0.109635,149.995,3.03747,0.228571
637,17,0,129,3.78295,0.108084,131.218,2.79264,0.2
637,18,0,129,3.34884,0.0956811,115.688,2.69574,0.228571
637,19,0,129,3.84496,0.109856,132.381,3.2009,0.485714
637,20,0,129,4.16279,0.118937,130.335,3.46124,0.257143
637,21,0,129,4.48062,0.128018,130.892,3.66667,0.514286
637,22,0,129,4.47287,0.127796,153.455,4.1053,0.228571
637,23,0,129,5.34884,0.152824,228.587,4.96964,0.285714
637,0,1,52,6,0.171429,300.442,5.75481,0.314286
637,1,1,52,6.71154,0.191758,335.548,6.00321,0.371429
637,2,1,52,6.98077,0.199451,359.488,6.29327,0.371429
637,3,1,52,7.42308,0.212088,366.779,6.35096,0.542857
637,4,1,52,7.07692,0.202198,368.288,6.34936,0.371429
637,5,1,52,7.05769,0.201648,361.027,6.28205,0.371429
637,6,1,52,6.76923,0.193407,346.893,6.05288,0.371429
637,7,1,52,6.61538,0.189011,328.183,5.60737,0.342857
637,8,1,52,6.07692,0.173626,279.09,5.07692,0.314286
637,9,1,52,5.65385,0.161538,260.77,4.71635,0.285714
637,10,1,52,5.28846,0.151099,249.138,4.55288,0.285714
637,11,1,52,5.25,0.15,217.377,4.28045,0.457143
637,12,1,52,4.96154,0.141758,229.178,4.48558,0.257143
637,13,1,52,5.26923,0.150549,192.784,4.20513,0.257143
637,14,1,52,4.44231,0.126923,133.611,3.40705,0.228571
637,15,1,52,3.92308,0.112088,94.1843,2.91667,0.371429
637,16,1,52,3.57692,0.102198,83.3053,2.84295,0.171429
637,17,1,52,3.67308,0.104945,82.2324,2.77083,0.171429
637,18,1,52,3.46154,0.0989011,78.6675,2.82692,0.2
637,19,1,52,3.63462,0.103846,93.4127,3.07853,0.171429
637,20,1,52,3.90385,0.111538,101.63,3.33814,0.2
637,21,1,52,4.13462,0.118132,101.812,3.49359,0.228571
637,22,1,52,4.25,0.121429,104.024,3.71795,0.257143
637,23,1,52,4.88462,0.13956,160.021,4.30128,0.285714
638,0,0,129,6.02713,0.273961,15.7364,2.24806,0.681818
638,1,0,129,5.5969,0.254405,15.4696,2.20995,0.636364
638,2,0,129,5.67442,0.257928,15.6686,2.23837,0.727273
638,3,0,129,6.06202,0.275546,15.3023,2.18605,0.681818
638,4,0,129,5.62791,0.255814,15.239,2.177,0.727273
638,5,0,129,5.93023,0.269556,15.2707,2.18152,0.727273
638,6,0,129,5.58915,0.254052,15.4018,2.20026,0.727273
638,7,0,129,5.2093,0.236786,12.8921,1.84173,0.727273
638,8,0,129,5.03876,0.229035,8.78618,1.25517,0.681818
638,9,0,129,4.06202,0.184637,7.54716,1.07817,0.636364
638,10,0,129,4.45736,0.202607,7.97674,1.13953,0.636364
638,11,0,129,4.60465,0.209302,8.38372,1.19767,0.590909
638,12,0,129,4.6124,0.209655,8.97158,1.28165,0.636364
638,13,0,129,4.81395,0.218816,9.7177,1.38824,0.636364
638,14,0,129,4.86047,0.22093,9.40116,1.34302,0.636364
638,15,0,129,4.51938,0.205426,9.16602,1.30943,0.590909
638,16,0,129,4.49612,0.204369,9.11628,1.30233,0.681818
638,17,0,129,4.1938,0.190627,9.25646,1.32235,0.681818
638,18,0,129,4.4031,0.200141,10.5226,1.50323,0.636364
638,19,0,129,5.48837,0.249471,14.4115,2.05879,0.681818
638,20,0,129,5.83721,0.265328,16.7313,2.39018,0.636364
638,21,0,129,5.5814,0.2537,17.1925,2.45607,0.681818
638,22,0,129,5.57364,0.253347,16.3062,2.32946,0.681818
638,23,0,129,6.02326,0.273784,15.5556,2.22222,0.772727
638,0,1,52,5.19231,0.236014,15.0769,2.15385,0.681818
638,1,1,52,5.76923,0.262238,14.7965,2.11378,0.681818
638,2,1,52,5.03846,0.229021,14.9311,2.13301,0.681818
638,3,1,52,5.17308,0.23514,14.9423,2.13462,0.681818
638,4,1,52,5.07692,0.230769,14.875,2.125,0.590909
638,5,1,52,5.03846,0.229021,14.9872,2.14103,0.636364
638,6,1,52,5.92308,0.269231,14.9984,2.14263,0.681818
638,7,1,52,5.86538,0.266608,14.1795,2.02564,0.681818
638,8,1,52,5.11538,0.232517,14.3478,2.04968,0.590909
638,9,1,52,4.96154,0.225524,12.867,1.83814,0.636364
638,10,1,52,5.42308,0.246504,12.6202,1.80288,0.681818
638,11,1,52,5.09615,0.231643,12.5865,1.79808,0.681818
638,12,1,52,4.73077,0.215035,12.9119,1.84455,0.636364
638,13,1,52,5.07692,0.230769,13.3942,1.91346,0.727273
638,14,1,52,5.53846,0.251748,13.024,1.86058,0.681818
638,15,1,52,5.25,0.238636,12.6202,1.80288,0.590909
638,16,1,52,5.90385,0.268357,13.4279,1.91827,0.681818
638,17,1,52,5.38462,0.244755,15.6154,2.23077,0.681818
638,18,1,52,6.44231,0.292832,16.5465,2.36378,0.681818
638,19,1,52,5.84615,0.265734,17.7244,2.53205,0.681818
638,20,1,52,5.61538,0.255245,17.2756,2.46795,0.681818
638,21,1,52,6.13462,0.278846,17.0625,2.4375,0.727273
638,22,1,52,5.91346,0.268794,17.4103,2.48718,0.727273
638,23,1,52,5.53846,0.251748,16.7821,2.39744,0.681818
643,0,0,129,8.17829,0.240538,26.4612,3.35465,0.676471
643,1,0,129,8.72093,0.256498,30.0097,3.81266,0.470588
643,2,0,129,9.22481,0.271318,32.7603,4.0491,0.5
643,3,0,129,9.22481,0.271318,34.3902,4.14987,0.470588
643,4,0,129,9.23256,0.271546,35.0575,4.27455,0.470588
643,5,0,129,9.39535,0.276334,35.5853,4.40375,0.470588
643,6,0,129,9.46512,0.278386,35.1105,4.33592,0.470588
643,7,0,129,9.12403,0.268354,30.4477,3.61111,0.470588
643,8,0,129,8.08527,0.237802,31.2726,3.63114,0.411765
643,9,0,129,9.62016,0.282946,36.9671,4.38114,0.5
643,10,0,129,9.63953,0.283516,38.157,4.41408,0.529412
643,11,0,129,9.48062,0.278842,38.7138,4.38114,0.588235
643,12,0,129,9.82171,0.288874,41.2626,4.39922,0.735294
643,13,0,129,9.45736,0.278158,38.7061,4.25775,0.558824
643,14,0,129,9.21705,0.27109,37.6563,4.19509,0.5
643,15,0,129,9.2093,0.270862,34.6499,4.10142,0.5
643,16,0,129,9.39535,0.276334,31.9632,3.92054,0.764706
643,17,0,129,8.87597,0.261058,31.2016,3.60142,0.5
643,18,0,129,8.45736,0.248746,25.3831,3.1615,0.470588
643,19,0,129,7.85271,0.230962,22.1279,2.68669,0.441176
643,20,0,129,7.66667,0.22549,20.5807,2.44121,0.382353
643,21,0,129,7.24806,0.213178,17.4806,2.24289,0.411765
643,22,0,129,7.27907,0.21409,20.0814,2.4677,0.382353
643,23,0,129,7.58915,0.22321,23.677,2.86886,0.441176
643,0,1,52,7.96154,0.234163,21.7003,2.94231,0.382353
643,1,1,52,8.19231,0.24095,25.4167,3.33974,0.411765
643,2,1,52,8.90385,0.261878,28.1923,3.66346,0.411765
643,3,1,52,8.88462,0.261312,31.3029,3.78045,0.411765
643,4,1,52,9.11538,0.2681,34.8542,3.95994,0.411765
643,5,1,52,9.03846,0.265837,33.1747,3.92628,0.441176
643,6,1,52,9.25,0.272059,33.2708,3.92788,0.441176
643,7,1,52,9.01923,0.265271,31.6939,3.54487,0.441176
643,8,1,52,8.44231,0.248303,32.6619,3.54968,0.411765
643,9,1,52,8.98077,0.26414,32.7244,3.63141,0.411765
643,10,1,52,9.09615,0.267534,29.1667,3.40224,0.411765
643,11,1,52,8.53846,0.251131,28.3253,3.28205,0.411765
643,12,1,52,8.67308,0.255091,29.8141,3.28846,0.441176
643,13,1,52,8.96154,0.263575,34.125,3.43109,0.5
643,14,1,52,8.63462,0.253959,28.0994,3.10417,0.5
643,15,1,52,8.32692,0.24491,22.3045,2.71314,0.382353
643,16,1,52,8.11538,0.238688,20.0369,2.4984,0.382353
643,17,1,52,7.98077,0.234729,18.4808,2.3125,0.441176
643,18,1,52,7.42308,0.218326,18.8045,2.12821,0.352941
643,19,1,52,7.38462,0.217195,18.4215,2.09776,0.352941
643,20,1,52,7.5,0.220588,19.2196,2.10256,0.382353
643,21,1,52,7.40385,0.21776,18.7756,2.05128,0.382353
643,22,1,52,7.17308,0.210973,16.5833,2.15064,0.441176
643,23,1,52,7.80769,0.229638,20.9663,2.74038,0.411765
644,0,0,129,10.7364,0.223676,66.6854,9.52649,0.729167
644,1,0,129,10.5039,0.218831,65.8714,9.41021,0.4375
644,2,0,129,10.5426,0.219638,66.7125,9.53036,0.4375
644,3,0,129,10.4496,0.2177,66.188,9.45543,0.4375
644,4,0,129,10.4884,0.218508,66.301,9.47158,0.4375
644,5,0,129,10.4884,0.218508,66.1428,9.44897,0.4375
644,6,0,129,10.3643,0.215924,63.832,9.11886,0.4375
644,7,0,129,9.17054,0.191053,47.5304,6.79005,0.416667
644,8,0,129,6.3876,0.133075,34.6744,4.95349,0.270833
644,9,0,129,5.22481,0.10885,28.0678,4.00969,0.25
644,10,0,129,4.57364,0.0952842,24.6854,3.52649,0.25
644,11,0,129,4.6124,0.0960917,24.5271,3.50388,0.25
644,12,0,129,4.47287,0.0931848,26.5575,3.79393,0.25
644,13,0,129,4.97287,0.103601,27.2358,3.89083,0.364583
644,14,0,129,5.07752,0.105782,26.8966,3.84238,0.645833
644,15,0,129,4.77519,0.0994832,25.8973,3.69961,0.25
644,16,0,129,4.66279,0.0971415,25.739,3.677,0.25
644,17,0,129,4.89922,0.102067,29.2526,4.17894,0.291667
644,18,0,129,5.50388,0.114664,36.2481,5.17829,0.25
644,19,0,129,7.06202,0.147125,47.6796,6.81137,0.3125
644,20,0,129,8.51938,0.177487,56.5788,8.08269,0.354167
644,21,0,129,9.69767,0.202035,63.8999,9.12855,0.416667
644,22,0,129,10.845,0.225937,70.0271,10.0039,0.416667
644,23,0,129,11.0543,0.230297,70.1266,10.0181,0.416667
644,0,1,52,10.8462,0.225962,69.226,9.88942,0.354167
644,1,1,52,10.9038,0.227163,68.9792,9.85417,0.354167
644,2,1,52,10.3654,0.215946,67.6218,9.66026,0.375
644,3,1,52,10.7308,0.223558,67.8125,9.6875,0.375
644,4,1,52,10.6538,0.221955,68.0032,9.71474,0.375
644,5,1,52,10.7692,0.224359,68.0929,9.72756,0.375
644,6,1,52,10.6538,0.221955,66.0288,9.43269,0.375
644,7,1,52,10,0.208333,58.5801,8.36859,0.375
644,8,1,52,8.34615,0.173878,49.2917,7.04167,0.333333
644,9,1,52,7.63462,0.159054,44.5801,6.36859,0.270833
644,10,1,52,7.01923,0.146234,40.7997,5.82853,0.25
644,11,1,52,6.84615,0.142628,39.4423,5.63462,0.25
644,12,1,52,6.61538,0.137821,41.4391,5.91987,0.291667
644,13,1,52,7.05769,0.147035,42.4599,6.06571,0.270833
644,14,1,52,7.07692,0.147436,41.3494,5.90705,0.291667
644,15,1,52,6.51923,0.135817,39.2965,5.61378,0.291667
644,16,1,52,6.84615,0.142628,41.1026,5.87179,0.291667
644,17,1,52,6.82692,0.142228,40.766,5.82372,0.270833
644,18,1,52,6.67308,0.139022,44.0641,6.29487,0.25
644,19,1,52,7.63462,0.159054,51.1651,7.30929,0.270833
644,20,1,52,8.69231,0.18109,55.9888,7.9984,0.333333
644,21,1,52,8.86538,0.184696,59.859,8.55128,0.395833
644,22,1,52,9.93269,0.206931,63.0337,9.00481,0.4375
644,23,1,52,9.96154,0.207532,62.2596,8.89423,0.4375
647,0,0,129,7.7907,0.389535,5.14599,0.735142,1
647,1,0,129,7.79845,0.389922,5.05103,0.721576,1
647,2,0,129,7.90698,0.395349,4.98773,0.712532,1
647,3,0,129,6.99225,0.349612,5.0646,0.723514,1
647,4,0,129,7.18605,0.359302,5.0239,0.7177,1
647,5,0,129,7.78295,0.389147,4.88372,0.697674,1
647,6,0,129,7.64341,0.382171,6.8553,0.979328,1
647,7,0,129,7.81395,0.390698,7.04974,1.00711,1
647,8,0,129,8.03876,0.401938,11.2959,1.6137,1
647,9,0,129,8.48837,0.424419,12.1912,1.7416,1
647,10,0,129,8.37209,0.418605,13.0006,1.85724,1
647,11,0,129,8.53488,0.426744,13.5749,1.93928,1
647,12,0,129,9.08527,0.454264,13.4664,1.92377,1
647,13,0,129,8.29457,0.414729,13.4528,1.92183,1
647,14,0,129,8.56589,0.428295,14.009,2.00129,1
647,15,0,129,8.70543,0.435271,13.7287,1.96124,1
647,16,0,129,8.82171,0.441085,13.8553,1.97933,1
647,17,0,129,8.18605,0.409302,13.1951,1.88501,1
647,18,0,129,8.13953,0.406977,9.92571,1.41796,1
647,19,0,129,7.27907,0.363953,7.09044,1.01292,1
647,20,0,129,7.3876,0.36938,6.90956,0.98708,1
647,21,0,129,7.32558,0.366279,6.86434,0.98062,1
647,22,0,129,7.51163,0.375581,6.2991,0.899871,1
647,23,0,129,8.08527,0.404264,5.46253,0.780362,1
647,0,1,52,7.34615,0.367308,2.61378,0.373397,1
647,1,1,52,7.32692,0.366346,2.38942,0.341346,1
647,2,1,52,6.21154,0.310577,2.27724,0.325321,1
647,3,1,52,6.75,0.3375,2.35577,0.336538,1
647,4,1,52,6.69231,0.334615,2.24359,0.320513,1
647,5,1,52,7.01923,0.350962,2.26603,0.323718,1
647,6,1,52,8,0.4,4.22917,0.604167,1
647,7,1,52,7.53846,0.376923,4.12821,0.589744,1
647,8,1,52,7.11538,0.355769,4.50962,0.644231,1
647,9,1,52,7.88462,0.394231,5.14904,0.735577,1
647,10,1,52,8.07692,0.403846,5.84455,0.834936,1
647,11,1,52,7.71154,0.385577,6.21474,0.887821,1
647,12,1,52,7.76923,0.388462,6.14744,0.878205,1
647,13,1,52,8.03846,0.401923,6.01282,0.858974,1
647,14,1,52,7.71154,0.385577,6.52885,0.932692,1
647,15,1,52,7.57692,0.378846,6.21474,0.887821,1
647,16,1,52,8.78846,0.439423,5.76603,0.823718,1
647,17,1,52,7.19231,0.359615,5.50801,0.786859,0.75
647,18,1,52,7.15385,0.357692,4.67788,0.668269,1
647,19,1,52,7.01923,0.350962,4.41987,0.63141,1
647,20,1,52,8.03846,0.401923,4.0609,0.580128,1
647,21,1,52,7.53846,0.376923,3.23077,0.461538,1
647,22,1,52,7.5,0.375,3.47756,0.496795,1
647,23,1,52,6.75,0.3375,3.75801,0.536859,0.65
651,0,0,129,6.02326,0.669251,4.41796,0.631137,1
651,1,0,129,5.89147,0.654608,4.40891,0.629845,1
651,2,0,129,5.7907,0.643411,4.44509,0.635013,1
651,3,0,129,6.10853,0.678725,4.60336,0.657623,1
651,4,0,129,6.06202,0.673557,4.76615,0.680879,1
651,5,0,129,6.23256,0.692506,4.81589,0.687984,1
651,6,0,129,6.09302,0.677003,4.79328,0.684755,1
651,7,0,129,6.20155,0.689061,5.47158,0.781654,1
651,8,0,129,6.57364,0.730405,9.56395,1.36628,1
651,9,0,129,7.03101,0.781223,10.4005,1.48579,1
651,10,0,129,6.85271,0.761413,9.73579,1.39083,1
651,11,0,129,6.70543,0.745047,9.27907,1.32558,1
651,12,0,129,7.06202,0.784668,9.28359,1.32623,1
651,13,0,129,6.7907,0.754522,8.69574,1.24225,1
651,14,0,129,6.62791,0.736434,8.20736,1.17248,1
651,15,0,129,6.55814,0.728682,7.4522,1.0646,1
651,16,0,129,6.60465,0.73385,7.65116,1.09302,1
651,17,0,129,6.56589,0.729544,7.34367,1.0491,1
651,18,0,129,6.58915,0.732127,5.59367,0.799096,1
651,19,0,129,6.16279,0.684755,5.20478,0.74354,1
651,20,0,129,6.18605,0.687339,4.92442,0.703488,1
651,21,0,129,6.08527,0.676141,4.50388,0.643411,1
651,22,0,129,6.03876,0.670973,4.09238,0.584625,1
651,23,0,129,6.35659,0.706288,3.79845,0.542636,1
651,0,1,52,5.80769,0.645299,3.61218,0.516026,1
651,1,1,52,5.98077,0.66453,3.64583,0.520833,1
651,2,1,52,6,0.666667,3.43269,0.490385,1
651,3,1,52,5.82692,0.647436,3.65705,0.522436,1
651,4,1,52,5.86538,0.651709,3.65705,0.522436,1
651,5,1,52,6.40385,0.711538,3.84776,0.549679,1
651,6,1,52,6.59615,0.732906,3.69071,0.527244,1
651,7,1,52,5.88462,0.653846,3.83654,0.548077,1
651,8,1,52,5.90385,0.655983,4.52083,0.645833,1
651,9,1,52,6.26923,0.696581,4.83494,0.690705,1
651,10,1,52,6.17308,0.685897,4.8125,0.6875,1
651,11,1,52,6.17308,0.685897,4.41987,0.63141,1
651,12,1,52,6.03846,0.67094,4.58814,0.655449,1
651,13,1,52,6.15385,0.683761,4.96955,0.709936,1
651,14,1,52,6.5,0.722222,4.71154,0.673077,1
651,15,1,52,6.05769,0.673077,4.94712,0.706731,1
651,16,1,52,6.38462,0.709402,5.07051,0.724359,1
651,17,1,52,6.44231,0.715812,4.90224,0.700321,1
651,18,1,52,6.36538,0.707265,4.11699,0.588141,1
651,19,1,52,6.32692,0.702991,4.13942,0.591346,1
651,20,1,52,6.44231,0.715812,3.98237,0.56891,1
651,21,1,52,6.15385,0.683761,4.10577,0.586538,1
651,22,1,52,6.23077,0.692308,4.30769,0.615385,1
651,23,1,52,6.01923,0.668803,4.53205,0.647436,1
655,0,0,129,1.20155,0.0500646,8.21189,1.17313,0.25
655,1,0,129,1.22481,0.0510336,7.99935,1.14276,0.25
655,2,0,129,1.20155,0.0500646,8.07171,1.1531,0.25
655,3,0,129,1.18605,0.0494186,7.99935,1.14276,0.25
655,4,0,129,1.22481,0.0510336,8.10336,1.15762,0.25
655,5,0,129,1.2093,0.0503876,8.05362,1.15052,0.25
655,6,0,129,1.20155,0.0500646,8.12145,1.16021,0.25
655,7,0,129,1.21705,0.0507106,8.30233,1.18605,0.25
655,8,0,129,1.90698,0.0794574,24.5407,3.50581,0.333333
655,9,0,129,4.86822,0.202842,34.2674,4.89535,0.458333
655,10,0,129,5.01938,0.209141,34.0368,4.8624,0.458333
655,11,0,129,4.98837,0.207849,32.9063,4.7009,0.458333
655,12,0,129,4.20155,0.175065,27.186,3.88372,0.458333
655,13,0,129,3.79845,0.158269,27.4528,3.92183,0.458333
655,14,0,129,4.16279,0.17345,29.0807,4.15439,0.458333
655,15,0,129,4.13178,0.172158,28.2578,4.03682,0.458333
655,16,0,129,3.94961,0.164567,26.9826,3.85465,0.458333
655,17,0,129,3.81395,0.158915,23.8986,3.41408,0.416667
655,18,0,129,3.08527,0.128553,16.6137,2.37339,0.333333
655,19,0,129,1.8062,0.0752584,10.6628,1.52326,0.25
655,20,0,129,1.37209,0.0571705,7.93605,1.13372,0.25
655,21,0,129,1.03101,0.0429587,7.00904,1.00129,0.208333
655,22,0,129,1.07752,0.0448966,7.61047,1.08721,0.208333
655,23,0,129,1.13178,0.0471576,7.9677,1.13824,0.25
655,0,1,52,1.44231,0.0600962,9.97276,1.42468,0.25
655,1,1,52,1.46154,0.0608974,9.96154,1.42308,0.291667
655,2,1,52,1.44231,0.0600962,9.79327,1.39904,0.291667
655,3,1,52,1.40385,0.0584936,9.84936,1.40705,0.291667
655,4,1,52,1.44231,0.0600962,9.79327,1.39904,0.291667
655,5,1,52,1.34615,0.0560897,9.81571,1.40224,0.291667
655,6,1,52,1.42308,0.0592949,9.5016,1.35737,0.291667
655,7,1,52,1.34615,0.0560897,9.35577,1.33654,0.291667
655,8,1,52,1.71154,0.0713141,14.4375,2.0625,0.333333
655,9,1,52,2.36538,0.0985577,17.0849,2.44071,0.375
655,10,1,52,2.59615,0.108173,17.3093,2.47276,0.416667
655,11,1,52,2.59615,0.108173,16.9952,2.42788,0.375
655,12,1,52,2.07692,0.0865385,14.3702,2.05288,0.333333
655,13,1,52,2.21154,0.0921474,15.3013,2.1859,0.25
655,14,1,52,2.34615,0.0977564,15.8734,2.26763,0.333333
655,15,1,52,2.23077,0.0929487,15.4135,2.20192,0.333333
655,16,1,52,2.26923,0.0945513,15.3125,2.1875,0.25
655,17,1,52,2.13462,0.0889423,13.1138,1.8734,0.291667
655,18,1,52,1.67308,0.0697115,9.66987,1.38141,0.166667
655,19,1,52,1.34615,0.0560897,8.77244,1.25321,0.166667
655,20,1,52,1.34615,0.0560897,9.01923,1.28846,0.125
655,21,1,52,1.32692,0.0552885,9.04167,1.29167,0.166667
655,22,1,52,1.36538,0.056891,9.23237,1.31891,0.166667
655,23,1,52,1.46154,0.0608974,9.46795,1.35256,0.166667
656,0,0,129,7.57364,0.151473,46.9968,6.71382,0.3
656,1,0,129,7.68217,0.153643,47.9419,6.84884,0.32
656,2,0,129,7.84496,0.156899,49.0045,7.00065,0.34
656,3,0,129,7.84496,0.156899,49,7,0.34
656,4,0,129,7.8062,0.156124,48.8463,6.97804,0.34
656,5,0,129,7.93798,0.15876,49.0859,7.01227,0.34
656,6,0,129,7.91473,0.158295,48.7196,6.95995,0.34
656,7,0,129,7.72868,0.154574,44.6001,6.37145,0.34
656,8,0,129,6.42636,0.128527,36.4787,5.21124,0.3
656,9,0,129,5.94574,0.118915,33.5304,4.79005,0.26
656,10,0,129,5.49225,0.109845,30.781,4.39729,0.24
656,11,0,129,5.00775,0.100155,27.7558,3.96512,0.22
656,12,0,129,4.84496,0.0968992,27.3714,3.91021,0.2
656,13,0,129,4.86822,0.0973643,26.3043,3.75775,0.48
656,14,0,129,4.60465,0.092093,24.5271,3.50388,0.2
656,15,0,129,4.26357,0.0852713,22.8721,3.26744,0.2
656,16,0,129,4.20155,0.084031,22.759,3.25129,0.2
656,17,0,129,4.33333,0.0866667,24.9974,3.57106,0.2
656,18,0,129,4.69767,0.0939535,29.6912,4.2416,0.2
656,19,0,129,5.72093,0.114419,36.2028,5.17183,0.22
656,20,0,129,6.23256,0.124651,37.7448,5.39212,0.24
656,21,0,129,6.56589,0.131318,40.7881,5.82687,0.26
656,22,0,129,7.14729,0.142946,44.7991,6.39987,0.28
656,23,0,129,7.6124,0.152248,47.0917,6.72739,0.32
656,0,1,52,7.90385,0.158077,48.7981,6.97115,0.28
656,1,1,52,7.96154,0.159231,49.0224,7.00321,0.24
656,2,1,52,8.15385,0.163077,49.7516,7.10737,0.28
656,3,1,52,8.15385,0.163077,50.2788,7.18269,0.28
656,4,1,52,8.19231,0.163846,50.4583,7.20833,0.28
656,5,1,52,8.42308,0.168462,50.851,7.26442,0.28
656,6,1,52,8.17308,0.163462,49.8862,7.1266,0.28
656,7,1,52,8,0.16,47.4968,6.78526,0.26
656,8,1,52,7.44231,0.148846,43.7949,6.25641,0.24
656,9,1,52,6.94231,0.138846,40.1042,5.72917,0.22
656,10,1,52,6.73077,0.134615,37.6026,5.37179,0.2
656,11,1,52,5.98077,0.119615,33.4071,4.77244,0.2
656,12,1,52,5.69231,0.113846,32.0497,4.57853,0.2
656,13,1,52,5.61538,0.112308,32.1955,4.59936,0.24
656,14,1,52,5.63462,0.112692,32.0272,4.57532,0.22
656,15,1,52,5.61538,0.112308,32.6106,4.65865,0.24
656,16,1,52,5.80769,0.116154,32.9583,4.70833,0.24
656,17,1,52,5.65385,0.113077,33.2388,4.7484,0.22
656,18,1,52,6,0.12,36.4583,5.20833,0.2
656,19,1,52,6.42308,0.128462,37.0865,5.29808,0.22
656,20,1,52,6.40385,0.128077,37.6923,5.38462,0.22
656,21,1,52,6.63462,0.132692,40.7212,5.81731,0.24
656,22,1,52,7.38462,0.147692,44.3221,6.33173,0.28
656,23,1,52,7.61538,0.152308,45.5337,6.50481,0.28
659,0,0,129,1.90698,0.105943,8.00388,1.14341,1
659,1,0,129,1.62016,0.0900086,7.95413,1.1363,0.5
659,2,0,129,1.58915,0.088286,7.71899,1.10271,0.5
659,3,0,129,1.58915,0.088286,7.70543,1.10078,0.5
659,4,0,129,1.62016,0.0900086,7.81395,1.11628,0.5
659,5,0,129,1.51938,0.08441,7.80943,1.11563,0.5
659,6,0,129,1.54264,0.085702,7.94961,1.13566,0.5
659,7,0,129,1.44186,0.0801034,6.88695,0.98385,0.5
659,8,0,129,1.43411,0.0796727,9.89858,1.41408,0.5
659,9,0,129,3.17829,0.176572,27.9864,3.99806,0.5
659,10,0,129,4.99225,0.277347,31.4231,4.48902,1
659,11,0,129,5.1938,0.288544,32.2054,4.60078,1
659,12,0,129,5.06977,0.281654,31.7984,4.54264,0.666667
659,13,0,129,4.99225,0.277347,31.1156,4.44509,1
659,14,0,129,4.86047,0.270026,31.1473,4.44961,0.722222
659,15,0,129,4.82171,0.267873,29.958,4.27972,0.666667
659,16,0,129,4.69767,0.260982,28.8773,4.12532,0.666667
659,17,0,129,4.6124,0.256245,28.2216,4.03165,0.611111
659,18,0,129,4.39535,0.244186,20.2991,2.89987,0.611111
659,19,0,129,2.68992,0.14944,13.5795,1.93992,0.5
659,20,0,129,2.1938,0.121878,11.1195,1.5885,0.5
659,21,0,129,1.9845,0.11025,10.2603,1.46576,0.5
659,22,0,129,1.88372,0.104651,8.88114,1.26873,0.5
659,23,0,129,1.60465,0.0891473,7.9677,1.13824,0.5
659,0,1,52,1.28846,0.0715812,7.19071,1.02724,0.5
659,1,1,52,1.25,0.0694444,7.07853,1.01122,0.5
659,2,1,52,1.26923,0.0705128,7.04487,1.00641,0.5
659,3,1,52,1.26923,0.0705128,7.03365,1.00481,0.5
659,4,1,52,1.25,0.0694444,6.97756,0.996795,0.5
659,5,1,52,1.25,0.0694444,6.78686,0.969551,0.5
659,6,1,52,1.26923,0.0705128,6.77564,0.967949,0.5
659,7,1,52,1.21154,0.0673077,6.55128,0.935897,0.5
659,8,1,52,1.21154,0.0673077,6.89904,0.985577,0.5
659,9,1,52,1.38462,0.0769231,8.78365,1.25481,0.5
659,10,1,52,1.69231,0.0940171,9.58013,1.36859,0.5
659,11,1,52,1.71154,0.0950855,10.2532,1.46474,0.5
659,12,1,52,1.65385,0.0918803,10.2308,1.46154,0.5
659,13,1,52,1.75,0.0972222,10.5673,1.50962,0.5
659,14,1,52,1.88462,0.104701,10.8926,1.55609,0.5
659,15,1,52,1.80769,0.100427,10.3878,1.48397,0.5
659,16,1,52,1.75,0.0972222,9.92788,1.41827,0.5
659,17,1,52,1.61538,0.0897436,8.95192,1.27885,0.5
659,18,1,52,1.46154,0.0811966,7.33654,1.04808,0.5
659,19,1,52,1.21154,0.0673077,6.32692,0.903846,0.5
659,20,1,52,1.15385,0.0641026,6.66346,0.951923,0.5
659,21,1,52,1.34615,0.0747863,7.33654,1.04808,0.5
659,22,1,52,1.59615,0.0886752,7.39263,1.05609,1
659,23,1,52,1.30769,0.0726496,7.44872,1.0641,0.5
681,0,0,129,5.35659,0.297588,23.7132,3.3876,1
681,1,0,129,5.23256,0.290698,23.9167,3.41667,0.611111
681,2,0,129,5.10853,0.283807,23.7629,3.3947,0.611111
681,3,0,129,5.18605,0.288114,23.5368,3.3624,0.611111
681,4,0,129,5.26357,0.29242,23.3921,3.34173,0.611111
681,5,0,129,5.21705,0.289836,23.5233,3.36047,0.611111
681,6,0,129,5.20155,0.288975,23.5097,3.35853,0.611111
681,7,0,129,5,0.277778,19.6841,2.81202,0.555556
681,8,0,129,4.13953,0.229974,14.8185,2.11693,0.444444
681,9,0,129,3.72093,0.206718,12.865,1.83786,0.444444
681,10,0,129,3.60465,0.200258,11.3637,1.62339,1
681,11,0,129,3.34109,0.185616,10.5226,1.50323,0.388889
681,12,0,129,3.36434,0.186908,10.5181,1.50258,0.388889
681,13,0,129,3.42636,0.190353,9.9845,1.42636,1
681,14,0,129,3.2093,0.178295,9.72222,1.38889,0.388889
681,15,0,129,3.17054,0.176141,9.39212,1.34173,0.388889
681,16,0,129,3.23256,0.179587,9.88049,1.4115,0.388889
681,17,0,129,3.1938,0.177433,10.3598,1.47997,0.388889
681,18,0,129,3.46512,0.192506,13.7196,1.95995,0.388889
681,19,0,129,4.07752,0.226529,16.8217,2.4031,0.444444
681,20,0,129,4.39535,0.244186,19.2048,2.74354,0.444444
681,21,0,129,4.74419,0.263566,21.5743,3.08204,0.555556
681,22,0,129,5.02326,0.27907,22.6867,3.24096,0.555556
681,23,0,129,5.05426,0.280792,22.845,3.26357,0.611111
681,0,1,52,5.15385,0.286325,23.1426,3.30609,0.5
681,1,1,52,5.19231,0.288462,23.4792,3.35417,0.5
681,2,1,52,5.23077,0.290598,23.524,3.36058,0.5
681,3,1,52,5.28846,0.293803,23.1987,3.3141,0.5
681,4,1,52,5.32692,0.29594,23.367,3.33814,0.5
681,5,1,52,5.15385,0.286325,23.4567,3.35096,0.5
681,6,1,52,5.30769,0.294872,23.4455,3.34936,0.5
681,7,1,52,5.28846,0.293803,22.7612,3.2516,0.5
681,8,1,52,4.96154,0.275641,20.6074,2.94391,0.5
681,9,1,52,4.59615,0.255342,18.117,2.58814,0.5
681,10,1,52,4.32692,0.240385,15.9631,2.28045,0.5
681,11,1,52,3.92308,0.217949,14.617,2.08814,0.444444
681,12,1,52,4.03846,0.224359,14.4038,2.05769,0.444444
681,13,1,52,3.98077,0.221154,13.8542,1.97917,0.388889
681,14,1,52,3.75,0.208333,13.383,1.91186,0.388889
681,15,1,52,3.86538,0.214744,14.2356,2.03365,0.388889
681,16,1,52,4.03846,0.224359,15.0321,2.14744,0.388889
681,17,1,52,4.05769,0.225427,15.2003,2.17147,0.388889
681,18,1,52,4.15385,0.230769,17.4439,2.49199,0.388889
681,19,1,52,4.61538,0.25641,20.0465,2.86378,0.444444
681,20,1,52,4.82692,0.268162,21,3,0.5
681,21,1,52,5.05769,0.280983,22.5817,3.22596,0.444444
681,22,1,52,5.51923,0.306624,24.0513,3.4359,1
681,23,1,52,5.46154,0.303419,24.859,3.55128,0.5
682,0,0,129,17.6047,0.352093,2719.39,24.0297,1
682,1,0,129,26.8372,0.536744,2726.56,24.073,0.78
682,2,0,129,21.5736,0.431473,2103.14,18.9386,0.7
682,3,0,129,17.6047,0.352093,1772.49,16.1486,0.66
682,4,0,129,16.2171,0.324341,1614.31,14.8249,0.58
682,5,0,129,14.907,0.29814,1751.91,15.9922,0.56
682,6,0,129,20.7829,0.415659,2715.49,24.0659,0.7
682,7,0,129,27.4496,0.548992,2874.27,25.5174,0.8
682,8,0,129,21.1318,0.422636,1513.66,14.4619,0.76
682,9,0,129,10.2093,0.204186,730.926,8.12403,0.84
682,10,0,129,9.82946,0.196589,518.56,6.27584,1
682,11,0,129,9.44961,0.188992,470.108,5.76744,0.84
682,12,0,129,10.2248,0.204496,1354.86,12.9877,0.8
682,13,0,129,20.4264,0.408527,1759.63,16.1983,1
682,14,0,129,15.7829,0.315659,1073.65,10.3773,0.78
682,15,0,129,15.5039,0.310078,1026.35,9.92829,0.78
682,16,0,129,15.4961,0.309922,1025.81,9.85078,0.78
682,17,0,129,15.3721,0.307442,1024.01,9.59496,0.78
682,18,0,129,15.0078,0.300155,1023.13,9.46899,0.8
682,19,0,129,9.44961,0.188992,918.718,8.62016,0.84
682,20,0,129,11.845,0.236899,1144.11,10.5562,0.72
682,21,0,129,11.2713,0.225426,1098.62,10.2526,0.84
682,22,0,129,10.3333,0.206667,1037.61,9.83786,0.38
682,23,0,129,10.7209,0.214419,1234.72,11.5814,0.4
682,0,1,52,17.5192,0.350385,2747.05,24.4103,0.56
682,1,1,52,27.4231,0.548462,2777.47,24.6683,0.8
682,2,1,52,22.0577,0.441154,2142.62,19.3718,0.72
682,3,1,52,19.0769,0.381538,1920.74,17.5288,0.84
682,4,1,52,17.25,0.345,1732.89,15.9679,0.66
682,5,1,52,15.5577,0.311154,1775.54,16.266,0.56
682,6,1,52,19.4808,0.389615,2445.95,21.8814,0.7
682,7,1,52,25.3077,0.506154,2929.42,25.9375,0.8
682,8,1,52,23.4038,0.468077,1666.61,15.4503,0.72
682,9,1,52,10.6731,0.213462,906.5,9.07532,0.44
682,10,1,52,9.57692,0.191538,674.181,7.13782,0.48
682,11,1,52,9.59615,0.191923,653.505,6.92628,0.48
682,12,1,52,8.55769,0.171154,1059.15,10.2388,0.3
682,13,1,52,15.6154,0.312308,1447.07,13.3462,0.66
682,14,1,52,13.1154,0.262308,896.479,8.60096,0.58
682,15,1,52,12.8846,0.257692,878.002,8.34135,0.56
682,16,1,52,12.9231,0.258462,877.688,8.29647,0.56
682,17,1,52,12.9423,0.258846,877.452,8.26282,0.56
682,18,1,52,12.8077,0.256154,877.418,8.25801,0.54
682,19,1,52,7.84615,0.156923,712.213,6.90545,0.44
682,20,1,52,9.57692,0.191538,963.429,9.08494,0.38
682,21,1,52,10.0769,0.201538,928.03,9.02083,0.46
682,22,1,52,10.5769,0.211538,954.264,9.40545,1
682,23,1,52,10.5769,0.211538,1171.9,11.3413,0.36
686,0,0,129,10.655,0.11972,31.1699,4.45284,0.191011
686,1,0,129,10.7752,0.12107,31.3146,4.47351,0.191011
686,2,0,129,10.7829,0.121157,31.1744,4.45349,0.179775
686,3,0,129,10.7132,0.120373,30.5097,4.35853,0.191011
686,4,0,129,10.6202,0.119328,30.1253,4.30362,0.191011
686,5,0,129,10.5426,0.118457,30.2022,4.3146,0.191011
686,6,0,129,10.6667,0.11985,30.6273,4.37532,0.191011
686,7,0,129,10.6357,0.119502,30.0756,4.29651,0.191011
686,8,0,129,10.6047,0.119153,40.2997,5.75711,0.202247
686,9,0,129,13.5349,0.152077,50.7771,7.25388,0.258427
686,10,0,129,13.7016,0.15395,48.896,6.98514,0.337079
686,11,0,129,13.1085,0.147287,46.5627,6.65181,0.247191
686,12,0,129,12.5814,0.141364,43.3611,6.19444,0.224719
686,13,0,129,12.2481,0.137619,40.8786,5.83979,0.224719
686,14,0,129,12.0775,0.135702,40.6932,5.81331,0.224719
686,15,0,129,12.0465,0.135354,39.4315,5.63307,0.213483
686,16,0,129,11.8372,0.133002,38.3191,5.47416,0.247191
686,17,0,129,11.6434,0.130825,36.7093,5.24419,0.202247
686,18,0,129,10.9535,0.123073,27.48,3.92571,0.202247
686,19,0,129,9.47287,0.106437,21.6421,3.09173,0.202247
686,20,0,129,9.55039,0.107308,22.8314,3.26163,0.168539
686,21,0,129,9.72093,0.109224,24.907,3.55814,0.191011
686,22,0,129,10.0853,0.113318,27.7377,3.96253,0.168539
686,23,0,129,10.5814,0.118892,30.3514,4.33592,0.191011
686,0,1,52,10.6731,0.119922,29.5817,4.22596,0.202247
686,1,1,52,10.75,0.120787,29.2788,4.18269,0.213483
686,2,1,52,10.6923,0.120138,28.7292,4.10417,0.202247
686,3,1,52,10.5577,0.118626,28.5721,4.08173,0.202247
686,4,1,52,10.6923,0.120138,28.5946,4.08494,0.202247
686,5,1,52,10.4615,0.117545,28.3926,4.05609,0.202247
686,6,1,52,10.6154,0.119274,27.7869,3.96955,0.202247
686,7,1,52,10.4038,0.116897,26.6426,3.80609,0.202247
686,8,1,52,10.2308,0.114952,30.4006,4.34295,0.191011
686,9,1,52,11.3462,0.127485,34.2372,4.89103,0.258427
686,10,1,52,11.2692,0.126621,33.6202,4.80288,0.269663
686,11,1,52,11.5769,0.130078,32.9022,4.70032,0.247191
686,12,1,52,11.0577,0.124244,31.6571,4.52244,0.235955
686,13,1,52,11.1346,0.125108,30.7372,4.39103,0.235955
686,14,1,52,11,0.123596,30.4343,4.34776,0.224719
686,15,1,52,10.9423,0.122947,30.2997,4.32853,0.213483
686,16,1,52,11.0192,0.123812,30.2997,4.32853,0.224719
686,17,1,52,10.8077,0.121435,28.9423,4.13462,0.202247
686,18,1,52,10.5769,0.118842,23.266,3.32372,0.202247
686,19,1,52,9.69231,0.108902,20.7869,2.96955,0.168539
686,20,1,52,9.57692,0.107606,20.899,2.98558,0.168539
686,21,1,52,9.92308,0.111495,23.7035,3.38622,0.168539
686,22,1,52,10.3846,0.116681,26.7212,3.81731,0.168539
686,23,1,52,10.7115,0.120354,28.0897,4.01282,0.191011
687,0,0,129,1.57364,0.0655685,10.3779,1.48256,0.208333
687,1,0,129,1.70543,0.0710594,11.0291,1.57558,0.208333
687,2,0,129,1.81395,0.0755814,11.4677,1.63824,0.25
687,3,0,129,1.82946,0.0762274,11.7209,1.67442,0.25
687,4,0,129,1.87597,0.0781654,11.9063,1.7009,0.25
687,5,0,129,1.94574,0.0810724,12.155,1.73643,0.25
687,6,0,129,1.99225,0.0830103,12.3314,1.76163,0.25
687,7,0,129,1.78295,0.0742894,9.6363,1.37661,0.208333
687,8,0,129,1.28682,0.0536176,7.29393,1.04199,0.166667
687,9,0,129,1.18605,0.0494186,7.0814,1.01163,0.125
687,10,0,129,1.10078,0.0458656,6.27649,0.896641,0.125
687,11,0,129,1.08527,0.0452196,6.32623,0.903747,0.166667
687,12,0,129,1.10853,0.0461886,6.39858,0.914083,0.166667
687,13,0,129,1.10853,0.0461886,6.39406,0.913437,0.166667
687,14,0,129,1.12403,0.0468346,5.95543,0.850775,0.166667
687,15,0,129,1.00775,0.0419897,5.77455,0.824935,0.125
687,16,0,129,0.968992,0.0403747,5.32687,0.760982,0.125
687,17,0,129,0.906977,0.0377907,4.94703,0.706718,0.166667
687,18,0,129,0.891473,0.0371447,5.09625,0.728036,0.208333
687,19,0,129,0.899225,0.0374677,5.08721,0.726744,0.25
687,20,0,129,0.976744,0.0406977,5.97804,0.854005,0.166667
687,21,0,129,1.24031,0.0516796,7.65568,1.09367,0.166667
687,22,0,129,1.35659,0.0565245,8.39276,1.19897,0.166667
687,23,0,129,1.53488,0.0639535,9.39664,1.34238,0.208333
687,0,1,52,1.63462,0.068109,10.8814,1.55449,0.208333
687,1,1,52,1.96154,0.0817308,12.149,1.73558,0.208333
687,2,1,52,1.96154,0.0817308,11.7003,1.67147,0.208333
687,3,1,52,1.90385,0.0793269,12.0929,1.72756,0.208333
687,4,1,52,1.88462,0.0785256,11.8574,1.69391,0.25
687,5,1,52,1.92308,0.0801282,12.4295,1.77564,0.25
687,6,1,52,1.92308,0.0801282,12.2612,1.7516,0.25
687,7,1,52,1.98077,0.0825321,11.5433,1.64904,0.25
687,8,1,52,1.57692,0.0657051,8.00962,1.14423,0.25
687,9,1,52,1.26923,0.0528846,7.54968,1.07853,0.208333
687,10,1,52,1.23077,0.0512821,6.86538,0.980769,0.208333
687,11,1,52,1.19231,0.0496795,6.64103,0.948718,0.166667
687,12,1,52,1.17308,0.0488782,7.3141,1.04487,0.166667
687,13,1,52,1.34615,0.0560897,7.69551,1.09936,0.166667
687,14,1,52,1.19231,0.0496795,7.05609,1.00801,0.125
687,15,1,52,1.21154,0.0504808,6.75321,0.964744,0.125
687,16,1,52,1.09615,0.0456731,5.76603,0.823718,0.125
687,17,1,52,0.942308,0.0392628,5.60897,0.801282,0.125
687,18,1,52,0.980769,0.0408654,6.03526,0.862179,0.125
687,19,1,52,1.21154,0.0504808,6.46154,0.923077,0.166667
687,20,1,52,1.21154,0.0504808,7.50481,1.07212,0.166667
687,21,1,52,1.34615,0.0560897,8.13301,1.16186,0.125
687,22,1,52,1.43269,0.0596955,9.34455,1.33494,0.166667
687,23,1,52,1.73077,0.0721154,9.97276,1.42468,0.166667
690,0,0,129,33.3721,0.476744,5153.08,40.8068,1
690,1,0,129,43.4729,0.621041,4555.49,36.3566,0.857143
690,2,0,129,29.7054,0.424363,2955.44,24.0271,0.728571
690,3,0,129,21.0233,0.300332,2259.13,18.7067,0.514286
690,4,0,129,18.845,0.269214,2077.73,17.2306,0.628571
690,5,0,129,18.0775,0.25825,2789.68,22.2823,0.571429
690,6,0,129,34.6899,0.49557,5296.07,41.7345,0.728571
690,7,0,129,47.1395,0.673422,5400.17,42.7552,0.942857
690,8,0,129,36.2326,0.517608,2884.37,23.2358,0.757143
690,9,0,129,16.2713,0.232447,1337.17,11.261,0.842857
690,10,0,129,14.2481,0.203544,1025.55,8.77778,1
690,11,0,129,14.1318,0.201883,1014.51,8.74935,0.871429
690,12,0,129,14.4961,0.207087,2697.91,21.949,0.842857
690,13,0,129,31.2791,0.446844,3070.38,24.7287,1
690,14,0,129,25.9612,0.370875,2201.61,17.9787,0.842857
690,15,0,129,25.5194,0.364563,2152.11,17.5924,0.842857
690,16,0,129,25.7132,0.367331,2151.64,17.5245,0.842857
690,17,0,129,25.6667,0.366667,2151.97,17.5717,0.842857
690,18,0,129,25.6357,0.366224,2154.06,17.8714,0.842857
690,19,0,129,14.2791,0.203987,1908.25,16.1001,0.842857
690,20,0,129,23.1318,0.330454,2564.73,21.3643,0.871429
690,21,0,129,22.3566,0.31938,2403.38,20.124,0.842857
690,22,0,129,20.7209,0.296013,2470.77,20.7074,0.528571
690,23,0,129,23.8682,0.340975,3017,24.7894,0.528571
690,0,1,52,29.6923,0.424176,4958.71,39.3558,0.757143
690,1,1,52,42.8846,0.612637,4631.64,37.1202,0.8
690,2,1,52,31.7115,0.453022,3199.03,25.9615,0.771429
690,3,1,52,24.3846,0.348352,2562.79,21.1186,0.857143
690,4,1,52,21.1923,0.302747,2383.68,19.7484,0.557143
690,5,1,52,20.5769,0.293956,2694.68,21.9167,0.671429
690,6,1,52,29.2885,0.418407,4503.33,35.5913,0.671429
690,7,1,52,44.7885,0.639835,5467.46,43.2532,0.885714
690,8,1,52,38.3269,0.547527,3027.34,24.4343,0.842857
690,9,1,52,15.9231,0.227473,1511.16,12.8125,0.428571
690,10,1,52,14.1923,0.202747,1109.57,9.77083,0.442857
690,11,1,52,14.2308,0.203297,1100.35,9.78526,0.442857
690,12,1,52,11.3846,0.162637,1864.35,15.8734,0.357143
690,13,1,52,24.7692,0.353846,2476.38,20.7548,0.685714
690,14,1,52,21.4231,0.306044,1877.77,16.1314,0.685714
690,15,1,52,21.4808,0.306868,1860.43,16.2115,0.7
690,16,1,52,21.5385,0.307692,1860.45,16.2147,0.7
690,17,1,52,21.6346,0.309066,1860.36,16.2019,0.7
690,18,1,52,21.5962,0.308516,1860.22,16.1811,0.714286
690,19,1,52,12.8077,0.182967,1911.25,16.5817,0.514286
690,20,1,52,21.3462,0.304945,2233.4,19.1282,0.542857
690,21,1,52,19.75,0.282143,2093.88,17.992,0.542857
690,22,1,52,19.2115,0.274451,2094.96,17.9022,1
690,23,1,52,20.8077,0.297253,2522.11,20.9006,0.557143
691,0,0,129,23.3256,0.666445,148.949,21.2784,1
691,1,0,129,23.3643,0.667553,150.229,21.4612,0.971429
691,2,0,129,23.6124,0.67464,152.087,21.7267,0.971429
691,3,0,129,23.7597,0.678848,151.355,21.6221,0.971429
691,4,0,129,23.7752,0.679291,150.948,21.564,0.971429
691,5,0,129,23.7054,0.677298,150.373,21.4819,0.971429
691,6,0,129,23.7519,0.678627,149.867,21.4096,0.971429
691,7,0,129,22.6357,0.646733,124.725,17.8178,0.971429
691,8,0,129,15.4186,0.440532,78.2797,11.1828,0.742857
691,9,0,129,11.0775,0.316501,58.4554,8.35078,0.714286
691,10,0,129,9.88372,0.282392,50.655,7.23643,1
691,11,0,129,8.89922,0.254264,48.0549,6.86499,0.714286
691,12,0,129,8.85271,0.252935,50.2797,7.18282,0.714286
691,13,0,129,9.57364,0.273533,48.9819,6.99742,1
691,14,0,129,8.64341,0.246955,45.6899,6.52713,0.714286
691,15,0,129,8.2093,0.234552,44.4193,6.34561,0.714286
691,16,0,129,8.4186,0.240532,45.6944,6.52778,0.714286
691,17,0,129,8.55039,0.244297,49.0317,7.00452,0.714286
691,18,0,129,9.63566,0.275305,63.8411,9.12016,0.714286
691,19,0,129,12.8062,0.365891,88.1286,12.5898,0.714286
691,20,0,129,16.3411,0.466888,109.196,15.5995,0.771429
691,21,0,129,19.0465,0.544186,127.723,18.2461,0.828571
691,22,0,129,21.5426,0.615504,140.986,20.1408,0.914286
691,23,0,129,22.6202,0.64629,145.865,20.8379,0.971429
691,0,1,52,22.8462,0.652747,149.883,21.4119,0.857143
691,1,1,52,23.7692,0.679121,151.038,21.5769,0.828571
691,2,1,52,23.7308,0.678022,150.298,21.4712,0.857143
691,3,1,52,23.8077,0.68022,150.803,21.5433,0.857143
691,4,1,52,23.7692,0.679121,150.466,21.4952,0.857143
691,5,1,52,23.6346,0.675275,150.758,21.5369,0.857143
691,6,1,52,23.75,0.678571,150.107,21.4439,0.857143
691,7,1,52,23.25,0.664286,140.494,20.0705,0.857143
691,8,1,52,20.6346,0.58956,123.263,17.609,0.8
691,9,1,52,18.4423,0.526923,108.309,15.4728,0.771429
691,10,1,52,16.9231,0.483516,95.5769,13.6538,0.714286
691,11,1,52,15.1538,0.432967,90.6635,12.9519,0.714286
691,12,1,52,14.9808,0.428022,93.3109,13.3301,0.714286
691,13,1,52,16.1731,0.462088,95.5433,13.649,0.714286
691,14,1,52,15.3846,0.43956,93.1763,13.3109,0.714286
691,15,1,52,15.2308,0.435165,89.9567,12.851,0.714286
691,16,1,52,14.8077,0.423077,89.0593,12.7228,0.714286
691,17,1,52,15.5192,0.443407,93.109,13.3013,0.714286
691,18,1,52,16.25,0.464286,103.912,14.8446,0.714286
691,19,1,52,18.0385,0.515385,113.548,16.2212,0.742857
691,20,1,52,19.3846,0.553846,125.282,17.8974,0.771429
691,21,1,52,21.1346,0.603846,135.345,19.3349,0.8
691,22,1,52,22.3269,0.637912,143.051,20.4359,1
691,23,1,52,23.6538,0.675824,148.413,21.2019,0.857143
693,0,0,129,21.2481,0.360137,32.436,4.63372,1
693,1,0,129,20.5116,0.347655,32.5355,4.64793,0.627119
693,2,0,129,20.3178,0.34437,32.2642,4.60917,0.610169
693,3,0,129,20.2403,0.343056,32.3908,4.62726,0.627119
693,4,0,129,20.2093,0.342531,32.1738,4.59625,0.627119
693,5,0,129,20.3101,0.344239,32.1873,4.59819,0.627119
693,6,0,129,20.2093,0.342531,32.2326,4.60465,0.627119
693,7,0,129,20.3953,0.345684,32.8114,4.68734,0.627119
693,8,0,129,20.938,0.354881,53.228,7.60401,0.644068
693,9,0,129,26.0853,0.442123,75.0194,10.7171,0.830508
693,10,0,129,27.4186,0.464722,75.8831,10.8404,1
693,11,0,129,27.3178,0.463014,75.1822,10.7403,0.847458
693,12,0,129,27.062,0.458678,71.542,10.2203,0.847458
693,13,0,129,26.3023,0.445802,68.4716,9.78165,1
693,14,0,129,26.1163,0.442649,67.7435,9.67765,0.847458
693,15,0,129,25.4109,0.430692,66.5904,9.51292,0.779661
693,16,0,129,25.814,0.437525,66.3101,9.47287,0.847458
693,17,0,129,25.5039,0.432269,64.9264,9.27519,0.830508
693,18,0,129,25.2016,0.427145,56.832,8.11886,0.728814
693,19,0,129,22.8295,0.38694,45.2513,6.46447,0.677966
693,20,0,129,21.6744,0.367363,38.3915,5.4845,0.644068
693,21,0,129,20.8527,0.353436,33.9916,4.85594,0.627119
693,22,0,129,20.4651,0.346866,31.9748,4.56783,0.627119
693,23,0,129,20.3256,0.344501,30.9031,4.41473,0.627119
693,0,1,52,19.7115,0.334094,30.4006,4.34295,0.559322
693,1,1,52,19.6923,0.333768,29.7163,4.24519,0.559322
693,2,1,52,19.5962,0.332138,29.9744,4.28205,0.559322
693,3,1,52,19.6538,0.333116,29.5593,4.22276,0.576271
693,4,1,52,19.5962,0.332138,29.2228,4.17468,0.559322
693,5,1,52,19.9231,0.337679,29.2564,4.17949,0.559322
693,6,1,52,19.7115,0.334094,29.2228,4.17468,0.559322
693,7,1,52,19.5385,0.33116,28.9984,4.14263,0.559322
693,8,1,52,19.5769,0.331812,32.4423,4.63462,0.559322
693,9,1,52,20.4808,0.347132,37.883,5.41186,0.627119
693,10,1,52,21.2885,0.360821,40.3958,5.77083,0.661017
693,11,1,52,21.2692,0.360495,41.4503,5.92147,0.677966
693,12,1,52,21.3077,0.361147,38.6346,5.51923,0.677966
693,13,1,52,20.6731,0.350391,37.2436,5.32051,0.627119
693,14,1,52,20.8077,0.352673,36.7051,5.24359,0.677966
693,15,1,52,20.8654,0.353651,36.3125,5.1875,0.59322
693,16,1,52,20.5962,0.349087,36.1554,5.16506,0.59322
693,17,1,52,20.6923,0.350717,36.1442,5.16346,0.627119
693,18,1,52,20.9038,0.354302,35.7404,5.10577,0.644068
693,19,1,52,20.2692,0.343546,33.0929,4.72756,0.644068
693,20,1,52,20.3462,0.34485,34.9439,4.99199,0.627119
693,21,1,52,20.3462,0.34485,34.7308,4.96154,0.627119
693,22,1,52,20.5769,0.348761,34.9327,4.99038,0.610169
693,23,1,52,20.6346,0.349739,34.8429,4.97756,0.627119
698,0,0,129,4.41085,0.490095,22.9738,4.16537,1
698,1,0,129,4.35659,0.484065,22.9264,4.16537,1
698,2,0,129,4.3876,0.487511,22.9603,4.1699,1
698,3,0,129,4.39535,0.488372,22.7093,4.12468,1
698,4,0,129,4.34109,0.482343,22.5646,4.10142,1
698,5,0,129,4.29457,0.477175,22.4018,4.06912,1
698,6,0,129,4.31783,0.479759,22.5465,4.09496,1
698,7,0,129,4.24806,0.472007,20.1838,3.69767,1
698,8,0,129,3.42636,0.380706,16.2339,3.17959,0.777778
698,9,0,129,3.34884,0.372093,14.6647,3.0562,0.666667
698,10,0,129,3.09302,0.343669,13.1182,2.80556,1
698,11,0,129,3.03876,0.33764,13.1883,2.82171,0.666667
698,12,0,129,2.99225,0.332472,13.1657,2.82752,0.666667
698,13,0,129,3.12403,0.347115,13.1318,2.83592,1
698,14,0,129,3.0155,0.335056,12.4829,2.71641,0.666667
698,15,0,129,2.88372,0.320413,12.2975,2.67054,0.555556
698,16,0,129,2.93023,0.325581,12.6276,2.72997,0.555556
698,17,0,129,2.92248,0.32472,12.5326,2.67377,0.555556
698,18,0,129,3,0.333333,14.3934,3.04005,0.666667
698,19,0,129,3.47287,0.385874,16.824,3.43282,0.666667
698,20,0,129,3.93023,0.436693,19.7632,3.82623,0.777778
698,21,0,129,4.03876,0.448751,21.0136,3.95478,0.777778
698,22,0,129,4.24806,0.472007,22.7907,4.17765,0.777778
698,23,0,129,4.51938,0.502153,24.1156,4.36176,1
698,0,1,52,4.46154,0.495727,23.7764,4.27404,0.777778
698,1,1,52,4.48077,0.497863,23.4063,4.22115,0.777778
698,2,1,52,4.42308,0.491453,23.2829,4.20353,0.777778
698,3,1,52,4.36538,0.485043,23.1034,4.17788,0.777778
698,4,1,52,4.44231,0.49359,23.2941,4.20994,0.777778
698,5,1,52,4.44231,0.49359,23.0024,4.16346,0.777778
698,6,1,52,4.38462,0.48718,23.0978,4.1891,0.777778
698,7,1,52,4.34615,0.482906,22.4135,4.05128,0.777778
698,8,1,52,4.07692,0.452991,20.8429,3.79167,0.777778
698,9,1,52,3.78846,0.42094,17.7636,3.32532,0.777778
698,10,1,52,3.38462,0.376068,15.9968,3.04327,0.777778
698,11,1,52,3.25,0.361111,15.5929,2.98397,0.777778
698,12,1,52,3.21154,0.356838,15.9912,3.08013,0.777778
698,13,1,52,3.30769,0.367521,15.9968,3.14263,0.777778
698,14,1,52,3.42308,0.380342,16.0192,3.13942,0.777778
698,15,1,52,3.28846,0.365385,16.0921,3.11218,0.666667
698,16,1,52,3.25,0.361111,15.9239,3.10256,0.666667
698,17,1,52,3.34615,0.371795,16.1426,3.17628,0.777778
698,18,1,52,3.44231,0.382479,17.5729,3.40224,0.666667
698,19,1,52,3.73077,0.41453,18.8013,3.55609,0.777778
698,20,1,52,3.78846,0.42094,19.1603,3.61699,0.777778
698,21,1,52,3.88462,0.431624,19.7099,3.67308,0.777778
698,22,1,52,4.07692,0.452991,20.5681,3.77564,1
698,23,1,52,4.11538,0.457265,20.8878,3.8141,0.777778
699,0,0,129,14.9302,0.276486,85.2978,12.1854,0.425926
699,1,0,129,15.1318,0.280218,86.4871,12.3553,0.425926
699,2,0,129,15.1473,0.280505,86.9709,12.4244,0.425926
699,3,0,129,15.2868,0.283089,86.2836,12.3262,0.425926
699,4,0,129,15.2326,0.282084,86.0891,12.2984,0.444444
699,5,0,129,15.1008,0.279644,85.7952,12.2565,0.444444
699,6,0,129,15.0543,0.278783,85.7997,12.2571,0.444444
699,7,0,129,14.7287,0.272753,72.478,10.354,0.425926
699,8,0,129,11.7674,0.217916,57.8224,8.26034,0.388889
699,9,0,129,10.5581,0.195521,52.2151,7.4593,0.444444
699,10,0,129,9.89535,0.183247,47.5891,6.79845,0.333333
699,11,0,129,9.55039,0.176859,46.4315,6.63307,0.37037
699,12,0,129,9.65891,0.178869,47.1098,6.72997,0.388889
699,13,0,129,9.6124,0.178007,48.082,6.86886,0.351852
699,14,0,129,9.71318,0.179874,48.0685,6.86693,0.351852
699,15,0,129,9.51163,0.176141,47.9057,6.84367,0.351852
699,16,0,129,9.8062,0.181596,49.2306,7.03295,0.5
699,17,0,129,10.0775,0.186621,53.8792,7.69703,0.5
699,18,0,129,10.9147,0.202125,59.5452,8.50646,0.388889
699,19,0,129,11.9535,0.221361,70.9044,10.1292,0.407407
699,20,0,129,13.6434,0.252656,78.2481,11.1783,0.388889
699,21,0,129,14.2248,0.263422,81.9516,11.7074,0.388889
699,22,0,129,14.7054,0.272323,85.1802,12.1686,0.407407
699,23,0,129,15.2248,0.281941,87.4141,12.4877,0.425926
699,0,1,52,15.4423,0.285969,89.0369,12.7196,0.425926
699,1,1,52,15.5192,0.287393,89.6538,12.8077,0.425926
699,2,1,52,15.5577,0.288105,90.0801,12.8686,0.425926
699,3,1,52,15.5192,0.287393,89.1378,12.734,0.425926
699,4,1,52,15.5,0.287037,89.1603,12.7372,0.425926
699,5,1,52,15.4808,0.286681,88.8237,12.6891,0.425926
699,6,1,52,15.5962,0.288818,88.4872,12.641,0.425926
699,7,1,52,15.2308,0.282051,84.3365,12.0481,0.407407
699,8,1,52,14.25,0.263889,77.3365,11.0481,0.388889
699,9,1,52,13.4231,0.248575,71.7612,10.2516,0.388889
699,10,1,52,12.6538,0.23433,67.016,9.57372,0.388889
699,11,1,52,12.0385,0.222934,66.1522,9.45032,0.37037
699,12,1,52,12.4231,0.230057,66.601,9.51442,0.37037
699,13,1,52,12.4808,0.231125,67.4984,9.64263,0.37037
699,14,1,52,12.3654,0.228989,67.2067,9.60096,0.333333
699,15,1,52,12.4615,0.230769,67.5657,9.65224,0.37037
699,16,1,52,12.4231,0.230057,69.1474,9.87821,0.37037
699,17,1,52,12.6538,0.23433,69.2821,9.89744,0.37037
699,18,1,52,12.9038,0.23896,71.9631,10.2804,0.388889
699,19,1,52,13.25,0.24537,75.7997,10.8285,0.388889
699,20,1,52,13.8654,0.256766,77.6619,11.0946,0.425926
699,21,1,52,13.8462,0.25641,78.4022,11.2003,0.407407
699,22,1,52,14.1923,0.262821,80.5785,11.5112,0.407407
699,23,1,52,14.5577,0.269587,83.0128,11.859,0.444444
700,0,0,129,30.4186,0.307259,137.581,20.2791,0.424242
700,1,0,129,30.5039,0.30812,137.183,20.2183,0.40404
700,2,0,129,30.3488,0.306554,137.823,20.3133,0.40404
700,3,0,129,30.3798,0.306867,136.584,20.1311,0.40404
700,4,0,129,30.3566,0.306632,135.93,20.0401,0.40404
700,5,0,129,30.3488,0.306554,136.1,20.062,0.424242
700,6,0,129,30.124,0.304283,136.33,20.1027,0.40404
700,7,0,129,29.6667,0.299663,120.578,17.8501,0.414141
700,8,0,129,24.7752,0.250254,91.3663,13.6809,0.373737
700,9,0,129,22.6899,0.229191,79.9981,12.053,0.353535
700,10,0,129,21.9961,0.222183,78.1712,11.7926,0.333333
700,11,0,129,21.8837,0.221048,78.0627,11.7752,0.343434
700,12,0,129,22.7984,0.230287,82.5123,12.4076,0.59596
700,13,0,129,22.9302,0.231619,83.6111,12.5678,0.393939
700,14,0,129,22.7287,0.229583,82.5191,12.4141,0.353535
700,15,0,129,22.3643,0.225902,81.7978,12.3088,0.353535
700,16,0,129,22.4574,0.226842,82.7904,12.4522,0.343434
700,17,0,129,22.6628,0.228917,87.9138,13.1809,0.343434
700,18,0,129,24.2868,0.245321,101.586,15.1324,0.343434
700,19,0,129,26.1473,0.264114,116.782,17.3062,0.373737
700,20,0,129,28.8682,0.291598,131.297,19.3805,0.383838
700,21,0,129,29.6512,0.299507,135.571,19.9884,0.40404
700,22,0,129,30.4419,0.307494,139.229,20.5116,0.414141
700,23,0,129,30.6822,0.309921,140.475,20.6886,0.40404
700,0,1,52,30.7885,0.310995,140.538,20.7051,0.414141
700,1,1,52,31.0385,0.31352,140.191,20.6571,0.444444
700,2,1,52,30.8654,0.311772,139.26,20.5192,0.454545
700,3,1,52,31.1154,0.314297,139.882,20.6122,0.444444
700,4,1,52,31.1346,0.314491,140.23,20.6635,0.444444
700,5,1,52,30.8077,0.311189,139.462,20.5481,0.444444
700,6,1,52,30.8654,0.311772,139.198,20.5128,0.444444
700,7,1,52,30.7308,0.310412,134.369,19.8237,0.444444
700,8,1,52,29.4231,0.297203,125.394,18.5433,0.414141
700,9,1,52,28.0385,0.283217,115.96,17.1971,0.383838
700,10,1,52,27.1923,0.27467,110.11,16.3558,0.363636
700,11,1,52,26.5577,0.26826,107.294,15.9551,0.363636
700,12,1,52,26.1538,0.26418,106.307,15.8109,0.353535
700,13,1,52,26.9231,0.27195,108.842,16.1747,0.363636
700,14,1,52,26.4231,0.2669,104.95,15.617,0.363636
700,15,1,52,25.8269,0.260878,102.661,15.2885,0.343434
700,16,1,52,26.4615,0.267288,106.66,15.8638,0.333333
700,17,1,52,26.5962,0.268648,110.166,16.3638,0.343434
700,18,1,52,27.5,0.277778,118.024,17.4936,0.363636
700,19,1,52,28.7115,0.290016,125.68,18.5833,0.383838
700,20,1,52,29.5192,0.298174,128.193,18.9423,0.383838
700,21,1,52,29.2885,0.295843,129.091,19.0689,0.414141
700,22,1,52,29.5096,0.298077,129.629,19.1458,0.424242
700,23,1,52,29.7115,0.300117,130.201,19.226,0.414141
701,0,0,129,4.25581,0.354651,19.051,2.72158,1
701,1,0,129,4.31008,0.359173,19.7881,2.82687,0.583333
701,2,0,129,4.41085,0.367571,20.4935,2.92765,0.666667
701,3,0,129,4.44961,0.370801,20.5116,2.93023,0.666667
701,4,0,129,4.43411,0.369509,20.6337,2.94767,0.666667
701,5,0,129,4.47287,0.372739,20.7513,2.96447,0.666667
701,6,0,129,4.4186,0.368217,20.9457,2.99225,0.666667
701,7,0,129,4.41085,0.367571,20.584,2.94057,0.666667
701,8,0,129,4.21705,0.351421,17.8798,2.55426,0.666667
701,9,0,129,3.9845,0.332041,16.7494,2.39276,0.583333
701,10,0,129,3.88372,0.323643,15.958,2.27972,1
701,11,0,129,3.87597,0.322997,16.1072,2.30103,0.583333
701,12,0,129,3.93798,0.328165,16.573,2.36757,0.666667
701,13,0,129,4.03101,0.335917,16.6544,2.3792,1
701,14,0,129,3.89922,0.324935,16.365,2.33786,0.666667
701,15,0,129,3.81395,0.317829,15.6189,2.23127,0.583333
701,16,0,129,3.90698,0.325581,15.6776,2.23966,1
701,17,0,129,3.96124,0.330103,16.2745,2.32494,1
701,18,0,129,4.00775,0.333979,17.3417,2.47739,0.583333
701,19,0,129,4.00775,0.333979,17.5,2.5,0.583333
701,20,0,129,4.00775,0.333979,16.8398,2.40568,0.583333
701,21,0,129,3.90698,0.325581,16.4826,2.35465,0.583333
701,22,0,129,3.93023,0.327519,16.8036,2.40052,0.583333
701,23,0,129,4.06977,0.339147,17.6492,2.52132,0.583333
701,0,1,52,3.90385,0.325321,17.0064,2.42949,0.666667
701,1,1,52,3.96154,0.330128,17.6346,2.51923,0.583333
701,2,1,52,4.23077,0.352564,18.1394,2.59135,0.583333
701,3,1,52,4.11538,0.342949,18.1394,2.59135,0.583333
701,4,1,52,4.13462,0.344551,18.1955,2.59936,0.583333
701,5,1,52,4.11538,0.342949,18.1619,2.59455,0.583333
701,6,1,52,4.13462,0.344551,18.016,2.57372,0.583333
701,7,1,52,4.09615,0.341346,17.7917,2.54167,0.583333
701,8,1,52,4.07692,0.339744,17.3766,2.48237,0.583333
701,9,1,52,3.94231,0.328526,17.0176,2.43109,0.583333
701,10,1,52,4.03846,0.336538,17.4551,2.49359,0.666667
701,11,1,52,3.98077,0.331731,17.4776,2.49679,0.666667
701,12,1,52,3.96154,0.330128,17.2083,2.45833,0.666667
701,13,1,52,4.03846,0.336538,17.3878,2.48397,0.583333
701,14,1,52,3.92308,0.326923,16.6587,2.37981,0.583333
701,15,1,52,3.98077,0.331731,17.0401,2.43429,0.583333
701,16,1,52,3.92308,0.326923,16.9952,2.42788,0.583333
701,17,1,52,4.05769,0.338141,17.1074,2.44391,0.5
701,18,1,52,4.05769,0.338141,17.1522,2.45032,0.5
701,19,1,52,3.92308,0.326923,17.0625,2.4375,0.5
701,20,1,52,4,0.333333,17.0176,2.43109,0.5
701,21,1,52,3.98077,0.331731,17.0962,2.44231,0.5
701,22,1,52,4.09615,0.341346,17.4103,2.48718,1
701,23,1,52,4,0.333333,17.5224,2.50321,0.666667
703,0,0,129,93.2519,0.400223,496.354,65.1544,0.519313
703,1,0,129,93.3876,0.400805,485.291,64.9748,0.523605
703,2,0,129,93.4109,0.400905,475.437,65.0271,0.519313
703,3,0,129,93.2171,0.400073,460.232,64.239,0.523605
703,4,0,129,92.6589,0.397678,451.498,63.9412,0.519313
703,5,0,129,92.814,0.398343,450.04,63.9709,0.51073
703,6,0,129,92.1783,0.395615,448.891,63.5924,0.51073
703,7,0,129,88.6202,0.380344,387.156,54.5627,0.480687
703,8,0,129,73.1628,0.314003,289.999,40.5071,0.459227
703,9,0,129,64.0465,0.274878,242.629,33.6563,0.463519
703,10,0,129,60.6395,0.260256,226.288,31.2894,0.463519
703,11,0,129,59.4961,0.255348,225.156,30.8798,0.459227
703,12,0,129,59.845,0.256845,229.691,31.6085,0.459227
703,13,0,129,60.562,0.259923,235.017,31.8734,0.463519
703,14,0,129,60.4961,0.25964,230.114,31.3056,0.476395
703,15,0,129,58.814,0.25242,220.069,30.25,0.463519
703,16,0,129,59.6047,0.255814,221.776,30.5168,0.660944
703,17,0,129,60.3178,0.258875,241.24,33.4102,0.660944
703,18,0,129,64.7209,0.277772,286.375,39.6563,0.459227
703,19,0,129,73.6202,0.315966,363.884,50.438,0.467811
703,20,0,129,85.1473,0.365439,424.572,59.573,0.467811
703,21,0,129,90.7597,0.389527,454.662,63.9968,0.497854
703,22,0,129,93.8295,0.402702,472.779,66.1169,0.519313
703,23,0,129,95.062,0.407991,501.543,66.5568,0.519313
703,0,1,52,94.3654,0.405002,500.503,66.0481,0.502146
703,1,1,52,94.2308,0.404424,487.41,65.4263,0.502146
703,2,1,52,93.0962,0.399554,478.998,64.8077,0.497854
703,3,1,52,93.5192,0.40137,466.045,64.5096,0.497854
703,4,1,52,92.9423,0.398894,459.824,64.3109,0.48927
703,5,1,52,92.8846,0.398646,456.84,64.5785,0.497854
703,6,1,52,93.1346,0.399719,451.747,64.0256,0.493562
703,7,1,52,91.7308,0.393694,434.502,61.5128,0.476395
703,8,1,52,87.2885,0.374629,405.194,57.242,0.467811
703,9,1,52,83.6923,0.359194,378.798,53.2276,0.467811
703,10,1,52,79.9423,0.3431,357.556,50.0385,0.467811
703,11,1,52,77.6538,0.333278,344.673,48.6202,0.467811
703,12,1,52,78.5,0.33691,351.439,49.5625,0.467811
703,13,1,52,80.4615,0.345328,363.952,50.8205,0.467811
703,14,1,52,79.8846,0.342852,357.442,50.0272,0.467811
703,15,1,52,78.7885,0.338148,353.375,49.3798,0.467811
703,16,1,52,78.7115,0.337818,356.332,49.5897,0.467811
703,17,1,52,79.9808,0.343265,370.45,51.8606,0.467811
703,18,1,52,82.2692,0.353087,388.274,54.1747,0.467811
703,19,1,52,85.9423,0.368851,415.008,58.0577,0.467811
703,20,1,52,90.0577,0.386514,432.53,60.7548,0.484979
703,21,1,52,91.2885,0.391796,439.074,61.3766,0.476395
703,22,1,52,91.1538,0.391218,439.803,61.6587,0.476395
703,23,1,52,91.7115,0.393612,460.122,61.5849,0.476395
704,0,0,129,61.7364,0.437847,328.613,49.874,1
704,1,0,129,61.1783,0.433889,329.124,49.9651,0.524823
704,2,0,129,60.8217,0.43136,330.372,50.1156,0.524823
704,3,0,129,61.0155,0.432734,326.576,49.5575,0.524823
704,4,0,129,61.0155,0.432734,326.291,49.4961,0.524823
704,5,0,129,60.6357,0.43004,323.899,49.1886,0.524823
704,6,0,129,59.9845,0.425422,322.041,48.874,0.51773
704,7,0,129,56.8837,0.403431,261.786,40.1718,0.51773
704,8,0,129,43.4884,0.308428,186.162,28.9289,0.503546
704,9,0,129,36.5039,0.258893,153.328,24.2203,0.58156
704,10,0,129,34.7752,0.246633,141.648,22.5691,0.886525
704,11,0,129,33.4806,0.237451,138.897,22.1802,0.503546
704,12,0,129,33.6744,0.238826,141.119,22.6227,0.496454
704,13,0,129,35.3643,0.250811,141.072,22.7429,0.886525
704,14,0,129,33.6357,0.238551,135.114,21.8566,0.496454
704,15,0,129,32.8217,0.232778,135.2,21.8249,0.496454
704,16,0,129,33.1783,0.235307,138.777,22.4283,0.58156
704,17,0,129,34.6434,0.245698,155.782,25.0284,0.58156
704,18,0,129,39.1085,0.277365,199.432,31.7933,0.503546
704,19,0,129,48.6822,0.345264,265.982,41.8663,0.510638
704,20,0,129,56.9922,0.4042,305.594,47.6195,0.524823
704,21,0,129,59.7519,0.423773,320.322,49.4974,0.51773
704,22,0,129,61.3178,0.434878,329.014,50.4457,0.524823
704,23,0,129,61.8605,0.438727,331.72,50.6247,0.539007
704,0,1,52,62.75,0.445035,339.943,51.1939,0.531915
704,1,1,52,62.6731,0.44449,337.812,50.883,0.531915
704,2,1,52,62.4231,0.442717,337.705,50.8317,0.546099
704,3,1,52,62.0577,0.440125,338.81,50.9984,0.546099
704,4,1,52,62.2885,0.441762,338.412,50.9519,0.546099
704,5,1,52,62.1923,0.44108,337.812,50.8157,0.546099
704,6,1,52,62.2115,0.441217,334.323,50.3205,0.546099
704,7,1,52,60.8077,0.43126,318.803,48.0545,0.539007
704,8,1,52,57.0385,0.404528,294.881,44.391,0.510638
704,9,1,52,54.0192,0.383115,272.529,41.0321,0.489362
704,10,1,52,50.8269,0.360475,255.685,38.4038,0.489362
704,11,1,52,49.5192,0.3512,248.365,37.4279,0.482269
704,12,1,52,49.0385,0.347791,253.896,38.351,0.482269
704,13,1,52,50.8077,0.360338,261.406,39.5929,0.482269
704,14,1,52,50.7115,0.359656,255.13,38.9455,0.482269
704,15,1,52,50.2308,0.356247,255.825,38.9728,0.482269
704,16,1,52,50.8462,0.360611,259.05,39.4872,0.489362
704,17,1,52,52.2692,0.370704,267.015,40.8061,0.482269
704,18,1,52,53.8077,0.381615,283.853,43.4856,0.489362
704,19,1,52,56.6923,0.402073,298.044,45.5929,0.489362
704,20,1,52,58.4615,0.414621,309.475,47.0913,0.489362
704,21,1,52,58.8846,0.417621,315.101,47.7115,0.489362
704,22,1,52,61,0.432624,318.332,47.9936,1
704,23,1,52,60.1346,0.426487,321.978,48.2404,0.510638
705,0,0,129,11.1783,0.214967,64.5691,9.22416,0.403846
705,1,0,129,11.2481,0.216309,64.6596,9.23708,0.384615
705,2,0,129,11.2481,0.216309,64.3837,9.19767,0.384615
705,3,0,129,11.1628,0.214669,63.9451,9.13501,0.365385
705,4,0,129,11.1395,0.214222,63.6602,9.09432,0.365385
705,5,0,129,11.0775,0.213029,63.0769,9.01098,0.365385
705,6,0,129,11.0155,0.211837,62.7875,8.96964,0.365385
705,7,0,129,10.4341,0.200656,56.2532,8.03618,0.346154
705,8,0,129,10.0853,0.193948,58.2474,8.32106,0.346154
705,9,0,129,10.7209,0.206172,64.551,9.22158,0.346154
705,10,0,129,11.5814,0.222719,65.989,9.427,0.346154
705,11,0,129,11.4884,0.22093,66.3327,9.4761,0.346154
705,12,0,129,11.7054,0.225104,67.8295,9.68992,0.346154
705,13,0,129,11.8062,0.227042,66.396,9.48514,0.423077
705,14,0,129,11.4341,0.219887,64.6686,9.23837,0.5
705,15,0,129,11.0078,0.211688,63.0497,9.00711,0.365385
705,16,0,129,11.1163,0.213775,62.2855,8.89793,0.5
705,17,0,129,11.062,0.212731,63,9,0.5
705,18,0,129,11.186,0.215116,65.4147,9.34496,0.346154
705,19,0,129,11.3721,0.218694,66.4141,9.48773,0.346154
705,20,0,129,11.5504,0.222123,66.8798,9.55426,0.346154
705,21,0,129,11.4574,0.220334,65.0937,9.2991,0.403846
705,22,0,129,11.2946,0.217203,65.5413,9.36305,0.384615
705,23,0,129,11.4186,0.219589,66.0523,9.43605,0.365385
705,0,1,52,11.8846,0.22855,68.5192,9.78846,0.346154
705,1,1,52,11.75,0.225962,69.3381,9.90545,0.346154
705,2,1,52,11.8846,0.22855,69.4503,9.92147,0.346154
705,3,1,52,11.8846,0.22855,69.3157,9.90224,0.365385
705,4,1,52,11.8269,0.227441,69.6186,9.94551,0.346154
705,5,1,52,11.8077,0.227071,69.1811,9.88301,0.346154
705,6,1,52,11.8269,0.227441,68.8221,9.83173,0.346154
705,7,1,52,11.6346,0.223743,65.3782,9.33974,0.346154
705,8,1,52,11.1923,0.215237,64.6603,9.23718,0.326923
705,9,1,52,11.0962,0.213388,64.8958,9.27083,0.346154
705,10,1,52,11.4615,0.220414,66.4327,9.49038,0.365385
705,11,1,52,11.3462,0.218195,66.3654,9.48077,0.346154
705,12,1,52,11.8077,0.227071,66.9038,9.55769,0.365385
705,13,1,52,11.3269,0.217825,64.75,9.25,0.384615
705,14,1,52,10.9808,0.211169,61.9231,8.84615,0.365385
705,15,1,52,10.6731,0.205251,61.9792,8.85417,0.365385
705,16,1,52,11.0385,0.212278,63.1571,9.02244,0.423077
705,17,1,52,10.8462,0.20858,62.1026,8.87179,0.403846
705,18,1,52,10.7692,0.207101,60.1282,8.58974,0.346154
705,19,1,52,10.75,0.206731,60.6779,8.66827,0.365385
705,20,1,52,10.6538,0.204882,60.3526,8.62179,0.365385
705,21,1,52,10.5385,0.202663,59.7804,8.54006,0.365385
705,22,1,52,10.9808,0.211169,62.2596,8.89423,0.403846
705,23,1,52,11.1346,0.214127,63.5385,9.07692,0.423077
706,0,0,129,10.5853,0.352842,43.7364,9.50969,0.566667
706,1,0,129,10.8837,0.362791,44.2067,9.61693,0.566667
706,2,0,129,10.9147,0.363824,44.4735,9.69121,0.566667
706,3,0,129,10.9457,0.364858,44.4622,9.72093,0.566667
706,4,0,129,11.0233,0.367442,44.5911,9.75194,0.566667
706,5,0,129,10.938,0.364599,44.4509,9.74612,0.566667
706,6,0,129,10.969,0.365633,44.4622,9.7345,0.566667
706,7,0,129,10.6667,0.355556,39.9448,8.89664,0.566667
706,8,0,129,9.39535,0.313178,38.1993,8.70672,0.5
706,9,0,129,10.8837,0.362791,40.3789,9.34755,0.566667
706,10,0,129,10.6279,0.354264,37.8805,8.68475,0.9
706,11,0,129,9.65891,0.321964,36.1848,8.15698,0.533333
706,12,0,129,9.42636,0.314212,35.9767,8.10724,0.533333
706,13,0,129,9.17054,0.305685,33.8763,7.50194,0.533333
706,14,0,129,8.57364,0.285788,32.5016,7.10465,0.5
706,15,0,129,8.17829,0.27261,31.448,6.8062,0.466667
706,16,0,129,8.17054,0.272351,31.1654,6.68669,0.7
706,17,0,129,8.1938,0.273127,31.8414,6.80297,0.7
706,18,0,129,8.29457,0.276486,33.7361,7.05749,0.533333
706,19,0,129,8.44961,0.281654,36.0943,7.37339,0.533333
706,20,0,129,8.75969,0.29199,38.457,7.88501,0.566667
706,21,0,129,9.45736,0.315245,40.5168,8.47222,0.566667
706,22,0,129,10.1318,0.337726,42.2623,9.02196,0.6
706,23,0,129,10.4806,0.349354,42.7371,9.19897,0.6
706,0,1,52,10.9038,0.363462,42.2019,9.56731,0.633333
706,1,1,52,11.1154,0.370513,42.7067,9.65865,0.633333
706,2,1,52,11.1346,0.371154,42.5777,9.6891,0.666667
706,3,1,52,11.1154,0.370513,43.1106,9.79968,0.666667
706,4,1,52,11.1538,0.371795,43.2228,9.83333,0.666667
706,5,1,52,11.0769,0.369231,43.4639,9.88622,0.666667
706,6,1,52,11.0962,0.369872,43.2508,9.84615,0.666667
706,7,1,52,11.0769,0.369231,41.3213,9.38942,0.666667
706,8,1,52,9.92308,0.330769,36.7163,8.19391,0.633333
706,9,1,52,9.51923,0.317308,37.597,8.35256,0.533333
706,10,1,52,9.40385,0.313462,36.0264,7.91026,0.5
706,11,1,52,9.15385,0.305128,34.9383,7.52404,0.533333
706,12,1,52,8.75,0.291667,34.871,7.42468,0.5
706,13,1,52,9.01923,0.300641,35.2131,7.38622,0.466667
706,14,1,52,8.61538,0.287179,33.222,6.95032,0.466667
706,15,1,52,8.09615,0.269872,32.1002,6.70192,0.466667
706,16,1,52,7.98077,0.266026,32.3526,6.79327,0.4
706,17,1,52,7.98077,0.266026,32.5601,6.81891,0.433333
706,18,1,52,8.26923,0.275641,34.1755,7.08013,0.5
706,19,1,52,8.26923,0.275641,35.0393,7.29968,0.466667
706,20,1,52,8.84615,0.294872,37.8269,8.13942,0.5
706,21,1,52,9.67308,0.322436,40.5529,8.94071,0.566667
706,22,1,52,10.3558,0.345192,42.6282,9.55128,0.6
706,23,1,52,11.1538,0.371795,43.2284,9.75801,0.633333
708,0,0,129,14.1705,0.457114,2899.11,17.9154,1
708,1,0,129,19.5659,0.631158,2715.74,16.9128,0.870968
708,2,0,129,16.0233,0.516879,2238.25,14.2539,0.83871
708,3,0,129,14.4806,0.467117,2182.47,13.949,0.870968
708,4,0,129,15.5504,0.501625,2331.17,14.7726,0.83871
708,5,0,129,15.9767,0.515379,2499.12,15.6944,0.806452
708,6,0,129,18.876,0.608902,3127.35,19.166,0.83871
708,7,0,129,19.7829,0.63816,2616.89,16.0743,0.870968
708,8,0,129,11.1783,0.36059,775.233,5.82364,0.677419
708,9,0,129,4.62791,0.149287,325.81,3.54974,0.709677
708,10,0,129,4.18605,0.135034,201.676,2.83527,0.354839
708,11,0,129,3.85271,0.124281,188.406,2.75969,0.354839
708,12,0,129,6.56589,0.211803,1595.71,10.4632,0.548387
708,13,0,129,14.8915,0.48037,1829.74,11.6615,0.774194
708,14,0,129,8.32558,0.268567,669.676,5.25646,0.806452
708,15,0,129,4.73643,0.152788,309.433,3.23773,0.709677
708,16,0,129,3.72868,0.12028,229.194,2.55168,0.709677
708,17,0,129,3.69767,0.11928,208.012,2.63889,0.83871
708,18,0,129,3.8062,0.122781,212.558,2.74548,0.709677
708,19,0,129,4.30233,0.138785,418.511,3.89276,0.709677
708,20,0,129,6.27907,0.202551,782.094,6.03747,0.709677
708,21,0,129,7.51163,0.242311,780.337,6.08979,0.741935
708,22,0,129,6.45736,0.208302,688.053,5.64664,0.645161
708,23,0,129,6.89922,0.222556,975.644,7.26486,0.483871
708,0,1,52,13.3077,0.42928,2953.52,18.3446,0.709677
708,1,1,52,19.3654,0.62469,2730.52,17.1026,0.806452
708,2,1,52,15.9038,0.513027,2198.61,14.149,0.83871
708,3,1,52,14.2308,0.459057,2130.75,13.7628,0.83871
708,4,1,52,15.6923,0.506203,2529,15.9984,0.806452
708,5,1,52,18.1731,0.586228,2768.98,17.3285,0.806452
708,6,1,52,18.75,0.604839,2933.62,18.1939,0.774194
708,7,1,52,19.8269,0.639578,2913.84,18.0224,0.774194
708,8,1,52,13.75,0.443548,1026.94,7.41026,0.741935
708,9,1,52,4.92308,0.158809,386.388,3.86859,0.774194
708,10,1,52,4.17308,0.134615,260.425,3.10256,0.387097
708,11,1,52,3.84615,0.124069,227.346,2.85256,0.387097
708,12,1,52,4.90385,0.158189,1140.37,7.93109,0.322581
708,13,1,52,13.0385,0.420596,1721.75,11.0593,0.709677
708,14,1,52,7.86538,0.253722,600.12,4.69712,0.741935
708,15,1,52,4.13462,0.133375,338.216,3.20513,0.387097
708,16,1,52,3.55769,0.114764,242.598,2.61538,0.741935
708,17,1,52,3.75,0.120968,195.603,2.51603,0.741935
708,18,1,52,3.71154,0.119727,173.787,2.48878,0.741935
708,19,1,52,4.28846,0.138337,427.319,3.85417,0.83871
708,20,1,52,6.26923,0.202233,822.532,6.17147,0.419355
708,21,1,52,6.96154,0.224566,809,6.13942,0.483871
708,22,1,52,6.69231,0.215881,662.546,5.41667,1
708,23,1,52,6.48077,0.209057,902.16,6.77404,0.419355
709,0,0,129,16.1977,0.289244,78.4719,11.6867,0.410714
709,1,0,129,16.4264,0.293328,79.5685,11.8437,0.428571
709,2,0,129,16.5039,0.294712,79.98,11.9037,0.428571
709,3,0,129,16.6047,0.296512,80.0727,11.9134,0.446429
709,4,0,129,16.5814,0.296096,79.9913,11.9018,0.446429
709,5,0,129,16.6589,0.297481,80.0003,11.9031,0.446429
709,6,0,129,16.4729,0.294158,79.4238,11.8243,0.446429
709,7,0,129,16.0233,0.28613,70.832,10.5969,0.446429
709,8,0,129,14.1163,0.252076,59.1473,8.92765,0.375
709,9,0,129,12.8605,0.229651,51.4735,7.82946,0.339286
709,10,0,129,12.2171,0.218162,48.1815,7.35724,0.321429
709,11,0,129,11.8992,0.212486,46.7164,7.14922,0.339286
709,12,0,129,11.8605,0.211794,46.574,7.12855,0.339286
709,13,0,129,11.8256,0.211171,45.9341,7.03747,0.339286
709,14,0,129,11.5659,0.206534,44.7901,6.87661,0.339286
709,15,0,129,11.5349,0.20598,45.0433,6.91214,0.339286
709,16,0,129,11.8837,0.212209,46.9018,7.17829,0.660714
709,17,0,129,12,0.214286,49.4635,7.54328,0.321429
709,18,0,129,12.7907,0.228405,55.1137,8.35078,0.375
709,19,0,129,13.5116,0.241279,61.6796,9.28876,0.5
709,20,0,129,14.5736,0.260244,69.48,10.4037,0.446429
709,21,0,129,15.3101,0.273394,72.4328,10.8249,0.446429
709,22,0,129,15.6512,0.279485,75.7813,11.3036,0.428571
709,23,0,129,16.0775,0.287099,78.6189,11.7067,0.428571
709,0,1,52,15.8077,0.28228,75.5809,11.2788,0.410714
709,1,1,52,15.8269,0.282624,76.1194,11.3558,0.410714
709,2,1,52,16.0769,0.287088,76.9271,11.4696,0.410714
709,3,1,52,16,0.285714,76.8878,11.4647,0.428571
709,4,1,52,15.9808,0.285371,76.9776,11.4776,0.428571
709,5,1,52,15.9423,0.284684,76.5849,11.4215,0.428571
709,6,1,52,16.0577,0.286745,76.1755,11.3638,0.428571
709,7,1,52,15.7115,0.280563,71.9575,10.7612,0.428571
709,8,1,52,15.0192,0.268201,69.4447,10.4022,0.428571
709,9,1,52,14.8269,0.264766,66.4383,9.97276,0.446429
709,10,1,52,14.3077,0.255495,63.4655,9.54808,0.428571
709,11,1,52,13.7115,0.244849,61.0425,9.20192,0.375
709,12,1,52,13.7885,0.246223,60.7732,9.16346,0.357143
709,13,1,52,13.7308,0.245192,58.7652,8.8766,0.339286
709,14,1,52,13.2885,0.237294,56.617,8.56891,0.357143
709,15,1,52,13.5769,0.242445,56.6058,8.56731,0.517857
709,16,1,52,13.4615,0.240385,58.3502,8.81731,0.357143
709,17,1,52,13.5385,0.241758,59.6402,9.0016,0.357143
709,18,1,52,13.9423,0.24897,63.1178,9.4984,0.339286
709,19,1,52,14.4231,0.257555,66.0905,9.92308,0.357143
709,20,1,52,14.7692,0.263736,68.6482,10.2885,0.357143
709,21,1,52,14.7885,0.26408,68.6595,10.2901,0.357143
709,22,1,52,14.9519,0.266999,69.1362,10.3574,0.339286
709,23,1,52,15.2115,0.271635,70.8918,10.6074,0.392857
710,0,0,129,14.3798,0.173251,67.1557,9.93928,0.26506
710,1,0,129,14.5504,0.175306,67.739,10.0362,0.26506
710,2,0,129,14.7597,0.177828,68.8469,10.2041,0.277108
710,3,0,129,14.7442,0.177641,68.5078,10.1615,0.277108
710,4,0,129,14.6667,0.176707,68.4671,10.1583,0.277108
710,5,0,129,14.814,0.178481,68.9306,10.2164,0.277108
710,6,0,129,14.8837,0.179322,68.8944,10.2119,0.277108
710,7,0,129,14.3178,0.172504,63.4658,9.39341,0.277108
710,8,0,129,12.9302,0.155786,57.7116,8.6053,0.253012
710,9,0,129,14.4109,0.173625,65.7539,10.1718,0.301205
710,10,0,129,15.2287,0.183478,66.0908,10.4057,0.289157
710,11,0,129,14.969,0.180349,64.949,10.2332,0.277108
710,12,0,129,15.0078,0.180816,63.6195,9.97804,0.337349
710,13,0,129,14.4264,0.173812,61.1867,9.52196,0.26506
710,14,0,129,13.7907,0.166153,56.7484,8.87984,0.26506
710,15,0,129,13.2403,0.159522,53.2326,8.36822,0.240964
710,16,0,129,13.1085,0.157934,52.7193,8.27003,0.349398
710,17,0,129,13.0233,0.156907,54.5914,8.50129,0.301205
710,18,0,129,13.2791,0.159989,56.043,8.67054,0.253012
710,19,0,129,13.2326,0.159428,56.4793,8.63114,0.253012
710,20,0,129,13.4496,0.162044,60.0652,9.09367,0.253012
710,21,0,129,14.0775,0.169609,63.2103,9.47739,0.277108
710,22,0,129,14.3876,0.173345,66.9432,9.94961,0.277108
710,23,0,129,14.907,0.179602,68.9102,10.2183,0.313253
710,0,1,52,14.9615,0.180259,70.0449,10.3381,0.313253
710,1,1,52,15.1154,0.182113,70.5946,10.4231,0.301205
710,2,1,52,15.3269,0.184662,70.8413,10.4647,0.301205
710,3,1,52,15.3077,0.18443,71.1498,10.516,0.289157
710,4,1,52,15.1923,0.18304,69.9383,10.3478,0.277108
710,5,1,52,15.0385,0.181186,69.4952,10.2981,0.277108
710,6,1,52,15.0385,0.181186,68.738,10.1907,0.277108
710,7,1,52,14.9423,0.180028,66.9543,9.92628,0.289157
710,8,1,52,14.5577,0.175394,65.7091,9.76122,0.289157
710,9,1,52,14.5,0.174699,65.0361,9.74519,0.253012
710,10,1,52,14.75,0.177711,64.3069,9.72756,0.289157
710,11,1,52,14.6346,0.176321,61.3397,9.29487,0.289157
710,12,1,52,13.9423,0.16798,60.016,9.10897,0.277108
710,13,1,52,13.9808,0.168443,59.7356,9.01603,0.289157
710,14,1,52,13.2692,0.15987,56.7067,8.51282,0.277108
710,15,1,52,13.2115,0.159175,54.3734,8.20032,0.26506
710,16,1,52,12.6154,0.151993,53.2011,8.00962,0.228916
710,17,1,52,12.6923,0.152919,54.3005,8.12981,0.253012
710,18,1,52,13.25,0.159639,55.1979,8.23397,0.253012
710,19,1,52,13.0385,0.15709,54.9792,8.17628,0.26506
710,20,1,52,13.1538,0.15848,56.9704,8.44071,0.26506
710,21,1,52,13.5,0.162651,59.6739,8.79487,0.253012
710,22,1,52,13.7981,0.166242,61.2332,9.02244,0.240964
710,23,1,52,14.0962,0.169833,62.3381,9.19712,0.240964
711,0,0,129,5.23256,0.153899,29.7952,4.25646,0.294118
711,1,0,129,5.23256,0.153899,29.8947,4.27067,0.294118
711,2,0,129,5.26357,0.154811,30.3017,4.32881,0.294118
711,3,0,129,5.33333,0.156863,29.9942,4.28488,0.294118
711,4,0,129,5.24806,0.154355,29.7726,4.25323,0.294118
711,5,0,129,5.27907,0.155267,29.9218,4.27455,0.294118
711,6,0,129,5.27132,0.155039,29.7274,4.24677,0.294118
711,7,0,129,4.86822,0.143183,23.9212,3.41731,0.294118
711,8,0,129,3.58915,0.105563,18.7616,2.68023,0.264706
711,9,0,129,3.69767,0.108755,19.9373,2.84819,0.235294
711,10,0,129,3.91085,0.115025,20.5071,2.92959,0.264706
711,11,0,129,3.97674,0.116963,21.3482,3.04974,0.264706
711,12,0,129,4.15504,0.122207,21.0724,3.01034,0.323529
711,13,0,129,3.96124,0.116507,20.2132,2.8876,0.323529
711,14,0,129,3.88372,0.114227,20.4664,2.92377,0.294118
711,15,0,129,3.88372,0.114227,20.376,2.91085,0.294118
711,16,0,129,3.82558,0.112517,19.7655,2.82364,0.352941
711,17,0,129,3.74419,0.110123,19.9735,2.85336,0.294118
711,18,0,129,3.84496,0.113087,21.728,3.10401,0.294118
711,19,0,129,4.37209,0.128591,25.2326,3.60465,0.294118
711,20,0,129,4.67442,0.137483,26.8876,3.84109,0.323529
711,21,0,129,4.83721,0.142271,28.2397,4.03424,0.323529
711,22,0,129,5.16279,0.151847,29.7319,4.24742,0.294118
711,23,0,129,5.36434,0.157775,30.8262,4.40375,0.323529
711,0,1,52,5.25,0.154412,31.0849,4.44071,0.352941
711,1,1,52,5.40385,0.158937,31.5224,4.50321,0.352941
711,2,1,52,5.40385,0.158937,31.1522,4.45032,0.352941
711,3,1,52,5.34615,0.15724,31.1522,4.45032,0.352941
711,4,1,52,5.23077,0.153846,30.8494,4.40705,0.352941
711,5,1,52,5.36538,0.157805,31.1522,4.45032,0.352941
711,6,1,52,5.32692,0.156674,30.8269,4.40385,0.352941
711,7,1,52,5.23077,0.153846,28.976,4.13942,0.352941
711,8,1,52,4.75,0.139706,26.5192,3.78846,0.352941
711,9,1,52,4.53846,0.133484,25.9359,3.70513,0.352941
711,10,1,52,4.59615,0.135181,25.3189,3.61699,0.294118
711,11,1,52,4.61538,0.135747,25.9583,3.70833,0.294118
711,12,1,52,4.57692,0.134615,25.6218,3.66026,0.264706
711,13,1,52,4.63462,0.136312,25.7452,3.67788,0.323529
711,14,1,52,4.71154,0.138575,26.9119,3.84455,0.294118
711,15,1,52,4.84615,0.142534,26.0817,3.72596,0.264706
711,16,1,52,4.38462,0.128959,24.1522,3.45032,0.264706
711,17,1,52,4.42308,0.130091,26.2276,3.74679,0.264706
711,18,1,52,4.90385,0.144231,28.5497,4.07853,0.294118
711,19,1,52,5.19231,0.152715,28.5946,4.08494,0.323529
711,20,1,52,5.09615,0.149887,28.4151,4.05929,0.352941
711,21,1,52,4.94231,0.145362,27.8542,3.97917,0.352941
711,22,1,52,4.83654,0.142251,27.9551,3.99359,0.352941
711,23,1,52,5.15385,0.151584,28.0673,4.00962,0.352941
712,0,0,129,12.2054,0.244109,184.065,12.4922,0.4
712,1,0,129,13.3178,0.266357,189.359,12.7545,0.44
712,2,0,129,13.0155,0.26031,167.391,12.4826,0.42
712,3,0,129,12.7519,0.255039,159.544,12.3152,0.42
712,4,0,129,12.7132,0.254264,154.445,12.208,0.42
712,5,0,129,12.6357,0.252713,157.784,12.2448,0.42
712,6,0,129,12.4651,0.249302,157.16,12.0872,0.42
712,7,0,129,12,0.24,158.441,10.9935,0.4
712,8,0,129,10.7597,0.215194,145.8,9.5155,0.42
712,9,0,129,9.03876,0.180775,115.001,7.9916,0.3
712,10,0,129,8.07364,0.161473,103.701,7.33592,0.28
712,11,0,129,7.62016,0.152403,101.399,6.77713,0.3
712,12,0,129,7.71318,0.154264,110.992,7.26227,0.44
712,13,0,129,7.99225,0.159845,112.953,7.1854,0.36
712,14,0,129,7.51163,0.150233,109.702,6.77972,0.4
712,15,0,129,7.07752,0.14155,107.828,6.67829,0.28
712,16,0,129,7.70543,0.154109,109.232,6.84948,0.62
712,17,0,129,7.03101,0.14062,99.0497,6.09432,0.6
712,18,0,129,6.73643,0.134729,121.298,7.34561,0.3
712,19,0,129,8.90698,0.17814,143.539,9.30491,0.38
712,20,0,129,10.6512,0.213023,173.761,10.9225,0.4
712,21,0,129,11.9225,0.23845,175.308,11.6815,0.42
712,22,0,129,12.5736,0.251473,161.714,11.916,0.42
712,23,0,129,12.2868,0.245736,146.707,11.6944,0.38
712,0,1,52,13.3077,0.266154,198.697,13.6186,0.42
712,1,1,52,14.2692,0.285385,205.986,13.859,0.44
712,2,1,52,14.0577,0.281154,180.285,13.4151,0.44
712,3,1,52,13.6154,0.272308,167.974,13.258,0.42
712,4,1,52,13.5,0.27,162.532,13.1843,0.42
712,5,1,52,13.3654,0.267308,166.037,13.2724,0.42
712,6,1,52,13.5,0.27,160.647,13.0849,0.42
712,7,1,52,13.1923,0.263846,161.029,12.5449,0.42
712,8,1,52,12.6731,0.253462,162.237,11.6619,0.4
712,9,1,52,10.7692,0.215385,137.026,10.0016,0.34
712,10,1,52,10.0769,0.201538,130.215,9.39263,0.32
712,11,1,52,9.23077,0.184615,109.803,8.44231,0.32
712,12,1,52,8.84615,0.176923,115.633,8.55929,0.3
712,13,1,52,8.78846,0.175769,114.311,8.34615,0.34
712,14,1,52,8.61538,0.172308,109.777,8.23237,0.32
712,15,1,52,8.5,0.17,112.949,8.5641,0.34
712,16,1,52,9,0.18,124.639,8.9359,0.34
712,17,1,52,8.88462,0.177692,123.598,8.59295,0.36
712,18,1,52,8.96154,0.179231,119.564,9.30288,0.34
712,19,1,52,10.3462,0.206923,147.803,10.7404,0.34
712,20,1,52,11.4231,0.228462,161.619,11.3429,0.4
712,21,1,52,11.4808,0.229615,158.835,11.5641,0.38
712,22,1,52,12.2404,0.244808,161.115,12.1811,0.42
712,23,1,52,12.6731,0.253462,153.941,12.2724,0.4
715,0,0,129,11.5891,0.724322,735.687,6.04328,1
715,1,0,129,11.2946,0.705911,732.663,6.03359,1
715,2,0,129,11.3023,0.706395,734.768,6.07041,1
715,3,0,129,11.2791,0.704942,736.238,6.09561,1
715,4,0,129,11.4109,0.713178,734.056,6.07429,1
715,5,0,129,11.4651,0.71657,720.773,5.94509,1
715,6,0,129,11.0543,0.690891,688.307,5.72804,1
715,7,0,129,10.7752,0.67345,506.797,4.21189,1
715,8,0,129,8.42636,0.526647,288.607,2.57623,0.875
715,9,0,129,7.4031,0.462694,223.825,2.00517,0.875
715,10,0,129,7.22481,0.45155,192.66,1.73643,1
715,11,0,129,7.08527,0.442829,192.615,1.72997,0.8125
715,12,0,129,7.26357,0.453973,214.468,1.84302,1
715,13,0,129,7.56589,0.472868,242.397,2.00581,1
715,14,0,129,6.87597,0.429748,199.662,1.70736,0.875
715,15,0,129,6.84496,0.42781,182.66,1.58786,0.875
715,16,0,129,7.10078,0.443798,197.441,1.70672,1
715,17,0,129,7.25581,0.453488,227.119,1.90827,1
715,18,0,129,7.21705,0.451066,274.125,2.24935,0.875
715,19,0,129,8.06977,0.50436,406.718,3.27003,0.9375
715,20,0,129,9.36434,0.585271,592.272,4.92829,1
715,21,0,129,10.6977,0.668605,689.998,5.7584,1
715,22,0,129,11.0078,0.687984,735.395,6.10724,1
715,23,0,129,11.5349,0.72093,737,6.12532,1
715,0,1,52,11.6731,0.729567,760.146,6.41667,1
715,1,1,52,11.9808,0.748798,757.032,6.39744,1
715,2,1,52,11.6346,0.727163,744.598,6.25801,1
715,3,1,52,11.8654,0.741587,734.506,6.15865,1
715,4,1,52,11.8462,0.740385,736.542,6.1875,1
715,5,1,52,11.8654,0.741587,721.537,6.07372,1
715,6,1,52,11.5769,0.723558,710.131,5.95032,1
715,7,1,52,11.4615,0.716346,625.801,5.39423,1
715,8,1,52,9.75,0.609375,403.947,3.85256,1
715,9,1,52,8.84615,0.552885,317.579,3.13622,0.9375
715,10,1,52,8.61538,0.538462,284.489,2.89423,0.875
715,11,1,52,8.36538,0.522837,281.152,2.90865,0.875
715,12,1,52,8.98077,0.561298,289.107,2.96474,0.875
715,13,1,52,8.59615,0.53726,260.63,2.75962,0.9375
715,14,1,52,7.92308,0.495192,235.114,2.51923,0.875
715,15,1,52,8.15385,0.509615,229.042,2.4375,0.875
715,16,1,52,8.03846,0.502404,231.173,2.51282,0.875
715,17,1,52,8.21154,0.513221,269.628,2.73558,0.875
715,18,1,52,8.42308,0.526442,321.109,3.05128,0.875
715,19,1,52,9.01923,0.563702,429.106,3.87821,0.875
715,20,1,52,10.0769,0.629808,584.16,4.94551,1
715,21,1,52,11.25,0.703125,652.026,5.34295,1
715,22,1,52,11.0385,0.689904,684.869,5.54968,1
715,23,1,52,11.5192,0.719952,706.567,5.80128,1
716,0,0,129,53.9922,0.399943,625.238,46.9296,1
716,1,0,129,54.3023,0.402239,662.827,47.5375,0.57037
716,2,0,129,54.7907,0.405857,666.186,47.6453,0.57037
716,3,0,129,54.6434,0.404766,670.423,47.2203,0.585185
716,4,0,129,54.3411,0.402527,669.677,47.0749,0.577778
716,5,0,129,54.155,0.401148,670.517,46.8359,0.585185
716,6,0,129,53.9147,0.399368,692.968,46.3133,0.577778
716,7,0,129,51.9922,0.385128,647.728,38.7978,0.577778
716,8,0,129,38.876,0.28797,538.774,27.7933,0.518519
716,9,0,129,31.8372,0.235831,481.353,22.9548,0.503704
716,10,0,129,29.5039,0.218547,456.802,20.2313,1
716,11,0,129,26,0.192593,462.374,18.5265,0.444444
716,12,0,129,25.5736,0.189434,444.411,17.9987,0.451852
716,13,0,129,25.4031,0.188171,332.497,17.0769,1
716,14,0,129,23.4341,0.173586,292.741,16.1667,0.437037
716,15,0,129,22.4341,0.166179,286.969,15.7106,0.4
716,16,0,129,22.7364,0.168418,291.745,16.241,0.42963
716,17,0,129,23.4419,0.173643,312.606,17.7151,0.42963
716,18,0,129,26.1318,0.193569,301.982,21.5355,0.414815
716,19,0,129,32.031,0.237267,290.567,28,0.451852
716,20,0,129,38.7364,0.286937,313.832,34.2332,0.474074
716,21,0,129,44.0233,0.326098,354.933,39.4651,0.503704
716,22,0,129,49.5581,0.367097,419.56,44.0465,0.525926
716,23,0,129,53.2481,0.39443,519.662,46.9451,0.540741
716,0,1,52,55.9423,0.414387,660.67,50.0641,0.57037
716,1,1,52,56.9808,0.42208,685.05,50.3349,0.562963
716,2,1,52,56.6538,0.419658,678.176,50.1715,0.562963
716,3,1,52,56.6154,0.419373,694.095,50.1859,0.562963
716,4,1,52,56.7308,0.420228,714.699,50.2244,0.562963
716,5,1,52,56.8077,0.420798,713.49,50.1282,0.562963
716,6,1,52,56.4038,0.417806,737.513,49.8686,0.562963
716,7,1,52,56.1923,0.416239,730.041,48.2372,0.562963
716,8,1,52,52.7308,0.390598,684.681,44.6763,0.548148
716,9,1,52,48.7115,0.360826,629.307,40.0016,0.518519
716,10,1,52,44.0577,0.326353,583.101,35.3958,0.518519
716,11,1,52,40.3269,0.298718,558.669,32.3622,0.503704
716,12,1,52,37.4231,0.277208,540.155,30.2244,0.511111
716,13,1,52,36.25,0.268519,465.601,29.1538,0.511111
716,14,1,52,35.4038,0.262251,456.784,28.5865,0.518519
716,15,1,52,34.5962,0.256268,460.533,28.3013,0.525926
716,16,1,52,34.3077,0.254131,448.157,28.2724,0.511111
716,17,1,52,35.4038,0.262251,455.42,29.2933,0.496296
716,18,1,52,36.5769,0.27094,419.169,31.2821,0.496296
716,19,1,52,39.2692,0.290883,388.102,33.9471,0.496296
716,20,1,52,41.6923,0.308832,368.945,36.4359,0.511111
716,21,1,52,44.3654,0.328632,386.518,39.4904,0.503704
716,22,1,52,49.7692,0.368661,427.779,42.5577,1
716,23,1,52,50.5769,0.374644,553.353,44.4952,0.518519
718,0,0,129,1.49612,0.0997416,6.98191,0.768734,0.266667
718,1,0,129,1.52713,0.101809,6.82364,0.757106,0.266667
718,2,0,129,1.51938,0.101292,6.97739,0.77584,0.266667
718,3,0,129,1.49612,0.0997416,6.9186,0.76938,0.266667
718,4,0,129,1.51938,0.101292,6.91408,0.76938,0.266667
718,5,0,129,1.51163,0.100775,6.94574,0.761628,0.266667
718,6,0,129,1.52713,0.101809,6.90956,0.760336,0.266667
718,7,0,129,1.47287,0.0981912,6.19509,0.660853,0.266667
718,8,0,129,1.31783,0.0878553,5.98708,0.633721,0.2
718,9,0,129,1.4031,0.0935401,6.85982,0.709302,0.266667
718,10,0,129,1.46124,0.097416,6.35788,0.685401,0.333333
718,11,0,129,1.3876,0.0925065,5.57558,0.625969,0.266667
718,12,0,129,1.29457,0.0863049,5.04651,0.588501,0.2
718,13,0,129,1.32558,0.0883721,5.67054,0.633075,0.266667
718,14,0,129,1.42636,0.0950904,6.92313,0.725452,0.266667
718,15,0,129,1.56589,0.104393,7.70543,0.796512,0.266667
718,16,0,129,1.54264,0.102842,7.71447,0.787468,0.333333
718,17,0,129,1.52713,0.101809,7.89987,0.789406,0.266667
718,18,0,129,1.54264,0.102842,8.53747,0.826227,0.266667
718,19,0,129,1.58915,0.105943,8.59625,0.850775,0.266667
718,20,0,129,1.53488,0.102326,7.58333,0.773256,0.266667
718,21,0,129,1.4186,0.0945736,6.1363,0.656331,0.266667
718,22,0,129,1.31783,0.0878553,6.23579,0.660853,0.266667
718,23,0,129,1.37984,0.0919897,6.58398,0.699612,0.266667
718,0,1,52,1.71154,0.114103,9.45673,1.05929,0.266667
718,1,1,52,1.78846,0.119231,9.43429,1.06731,0.266667
718,2,1,52,1.76923,0.117949,9.56891,1.08173,0.266667
718,3,1,52,1.73077,0.115385,9.45673,1.06571,0.266667
718,4,1,52,1.76923,0.117949,9.55769,1.08494,0.266667
718,5,1,52,1.69231,0.112821,8.96314,1.03686,0.266667
718,6,1,52,1.73077,0.115385,8.89583,1.02724,0.266667
718,7,1,52,1.73077,0.115385,8.37981,0.961538,0.266667
718,8,1,52,1.61538,0.107692,7.78526,0.871795,0.266667
718,9,1,52,1.51923,0.101282,6.57372,0.724359,0.266667
718,10,1,52,1.40385,0.0935897,6.36058,0.684295,0.266667
718,11,1,52,1.40385,0.0935897,5.93429,0.677885,0.266667
718,12,1,52,1.42308,0.0948718,5.8109,0.69391,0.266667
718,13,1,52,1.38462,0.0923077,6.29327,0.737179,0.266667
718,14,1,52,1.59615,0.10641,7.875,0.878205,0.266667
718,15,1,52,1.63462,0.108974,8.30128,0.895833,0.266667
718,16,1,52,1.63462,0.108974,8.67147,0.939103,0.266667
718,17,1,52,1.78846,0.119231,8.50321,0.916667,0.266667
718,18,1,52,1.69231,0.112821,8.73878,0.935897,0.266667
718,19,1,52,1.63462,0.108974,9.05288,0.948718,0.266667
718,20,1,52,1.67308,0.111538,9.03045,0.908654,0.266667
718,21,1,52,1.55769,0.103846,7.63942,0.798077,0.266667
718,22,1,52,1.55769,0.103846,7.52724,0.798077,0.266667
718,23,1,52,1.59615,0.10641,7.78526,0.839744,0.266667
719,0,0,129,3.86822,0.644703,24.387,3.48385,1
719,1,0,129,3.87597,0.645995,24.2649,3.46641,1
719,2,0,129,3.90698,0.651163,24.6266,3.51809,1
719,3,0,129,3.92248,0.653747,24.4141,3.48773,1
719,4,0,129,3.91473,0.652455,24.3101,3.47287,1
719,5,0,129,3.90698,0.651163,24.5362,3.50517,1
719,6,0,129,3.90698,0.651163,23.98,3.42571,1
719,7,0,129,3.42636,0.571059,19.0058,2.71512,1
719,8,0,129,2.78295,0.463824,14.0271,2.00388,1
719,9,0,129,1.89147,0.315245,9.94832,1.42119,1
719,10,0,129,1.81395,0.302326,8.88566,1.26938,1
719,11,0,129,1.57364,0.262274,8.1531,1.16473,0.833333
719,12,0,129,1.55039,0.258398,8.75904,1.25129,0.833333
719,13,0,129,1.82171,0.303618,10.0795,1.43992,1
719,14,0,129,1.91473,0.319121,10.2875,1.46964,1
719,15,0,129,1.82946,0.30491,10.2468,1.46382,1
719,16,0,129,1.89922,0.316537,10.812,1.54457,0.833333
719,17,0,129,2.03876,0.339793,12.3404,1.76292,0.833333
719,18,0,129,2.52713,0.421189,16.7448,2.39212,1
719,19,0,129,3.34109,0.556848,21.9089,3.12984,1
719,20,0,129,3.75969,0.626615,23.8217,3.4031,1
719,21,0,129,3.82171,0.636951,23.9076,3.41537,1
719,22,0,129,3.75969,0.626615,24.1428,3.44897,1
719,23,0,129,3.96124,0.660207,24.6583,3.52261,1
719,0,1,52,3.76923,0.628205,24.8029,3.54327,1
719,1,1,52,4,0.666667,24.9824,3.56891,1
719,2,1,52,3.98077,0.663462,24.8365,3.54808,1
719,3,1,52,3.96154,0.660256,24.9824,3.56891,1
719,4,1,52,3.96154,0.660256,24.9712,3.56731,1
719,5,1,52,3.98077,0.663462,24.5,3.5,1
719,6,1,52,3.86538,0.644231,24.2083,3.45833,1
719,7,1,52,3.76923,0.628205,22.2901,3.18429,1
719,8,1,52,3.38462,0.564103,20.3381,2.90545,1
719,9,1,52,3.13462,0.522436,19.0369,2.71955,1
719,10,1,52,2.94231,0.490385,17.8702,2.55288,1
719,11,1,52,2.94231,0.490385,17.4663,2.49519,1
719,12,1,52,3,0.5,18.4647,2.63782,1
719,13,1,52,3.15385,0.525641,18.7564,2.67949,1
719,14,1,52,3.01923,0.503205,19.0144,2.71635,1
719,15,1,52,3.19231,0.532051,18.9022,2.70032,1
719,16,1,52,3.11538,0.519231,18.6891,2.66987,1
719,17,1,52,3.09615,0.516026,19.2724,2.75321,1
719,18,1,52,3.28846,0.548077,20.2484,2.89263,1
719,19,1,52,3.30769,0.551282,20.6859,2.95513,1
719,20,1,52,3.51923,0.586538,21.6843,3.09776,1
719,21,1,52,3.57692,0.596154,22.234,3.17628,1
719,22,1,52,3.67308,0.612179,22.3462,3.19231,1
719,23,1,52,3.73077,0.621795,22.6827,3.24038,1
724,0,0,129,49.4225,0.274569,212.043,37.7183,0.366667
724,1,0,129,50.0853,0.278252,212.361,38.0071,0.366667
724,2,0,129,50.6047,0.281137,214.102,38.23,0.461111
724,3,0,129,50.5814,0.281008,215.746,38.3068,0.455556
724,4,0,129,50.2558,0.279199,216.373,38.3986,0.355556
724,5,0,129,50.4806,0.280448,216.286,38.3992,0.355556
724,6,0,129,50.5581,0.280879,216.131,38.354,0.355556
724,7,0,129,49.3798,0.274332,198.791,35.1544,0.338889
724,8,0,129,43.2016,0.240009,178.816,30.2468,0.327778
724,9,0,129,43.0891,0.239384,195.456,31.5226,0.305556
724,10,0,129,43.5194,0.241774,199.718,31.0078,0.311111
724,11,0,129,42.6744,0.23708,197.177,30.1841,0.372222
724,12,0,129,42.2442,0.23469,194.244,29.6841,0.372222
724,13,0,129,41.7132,0.23174,191.686,29.1583,0.5
724,14,0,129,40.4884,0.224935,182.004,27.9315,0.305556
724,15,0,129,39.0853,0.21714,176.906,26.8598,0.305556
724,16,0,129,38.6163,0.214535,176.469,26.5381,0.294444
724,17,0,129,38.6279,0.214599,176.098,26.8792,0.3
724,18,0,129,38.6977,0.214987,166.98,26.6654,0.316667
724,19,0,129,37.8915,0.210508,169.661,27.4231,0.3
724,20,0,129,40.6124,0.225624,176.881,29.9554,0.311111
724,21,0,129,42.9302,0.238501,186.624,32.2455,0.316667
724,22,0,129,45.8295,0.254608,199.067,35.095,0.327778
724,23,0,129,48.3721,0.268734,209.04,37.0672,0.338889
724,0,1,52,48.9615,0.272009,206.754,37.3221,0.333333
724,1,1,52,49.8269,0.276816,209.357,37.9103,0.333333
724,2,1,52,50.1923,0.278846,212.102,38.2804,0.333333
724,3,1,52,50.6154,0.281197,215.656,38.6715,0.338889
724,4,1,52,50.8269,0.282372,217.16,38.7051,0.338889
724,5,1,52,50.9423,0.283013,217.03,38.7772,0.338889
724,6,1,52,50.7885,0.282158,218.89,38.8894,0.338889
724,7,1,52,50.6538,0.28141,211.496,37.7003,0.338889
724,8,1,52,48.6923,0.270513,199.377,35.4135,0.333333
724,9,1,52,46.0577,0.255876,193.615,33.6715,0.316667
724,10,1,52,44.5769,0.24765,184.907,31.7596,0.305556
724,11,1,52,44.1538,0.245299,180.25,30.1442,0.461111
724,12,1,52,41.9231,0.232906,180.065,29.5705,0.3
724,13,1,52,41.4423,0.230235,174.355,28.891,0.277778
724,14,1,52,40.3654,0.224252,169.673,28.1715,0.288889
724,15,1,52,39.6538,0.220299,161.969,27.5032,0.3
724,16,1,52,39.0385,0.21688,160.925,27.0337,0.272222
724,17,1,52,38.6731,0.21485,162.57,26.9808,0.272222
724,18,1,52,39.3462,0.21859,163.18,27.6202,0.272222
724,19,1,52,39.9615,0.222009,164.648,28.6667,0.283333
724,20,1,52,41.5577,0.230876,170.314,30.0256,0.283333
724,21,1,52,42.75,0.2375,178.56,31.6538,0.288889
724,22,1,52,44.7212,0.248451,188.567,33.5641,0.305556
724,23,1,52,46.6923,0.259402,197.478,35.2692,0.316667
728,0,0,129,4.17829,0.189922,50.1531,3.72158,0.454545
728,1,0,129,4.22481,0.192037,49.8682,3.69897,0.454545
728,2,0,129,4.17829,0.189922,50.1441,3.7177,0.454545
728,3,0,129,4.2093,0.191332,49.6919,3.68669,0.454545
728,4,0,129,4.21705,0.191684,49.6421,3.68152,0.454545
728,5,0,129,4.1938,0.190627,49.3211,3.65698,0.454545
728,6,0,129,4.11628,0.187104,48.3127,3.5885,0.454545
728,7,0,129,3.76744,0.171247,38.6628,2.89599,0.409091
728,8,0,129,2.74419,0.124736,27.7603,2.10788,0.318182
728,9,0,129,2.24806,0.102185,21.113,1.6447,0.318182
728,10,0,129,2.06589,0.0939042,19.6163,1.56072,0.318182
728,11,0,129,2.03101,0.0923185,18.7978,1.50452,0.272727
728,12,0,129,1.9845,0.0902044,21.4658,1.69703,0.227273
728,13,0,129,2.36047,0.107294,23.7991,1.86951,0.272727
728,14,0,129,2.41085,0.109584,21.8953,1.77067,0.318182
728,15,0,129,2.15504,0.0979563,20.186,1.74935,0.272727
728,16,0,129,2.26357,0.102889,20.8327,1.84302,0.227273
728,17,0,129,2.27132,0.103242,21.6195,1.87016,0.272727
728,18,0,129,2.36434,0.10747,27.8282,2.2345,0.272727
728,19,0,129,3.22481,0.146582,41.3941,3.17313,0.363636
728,20,0,129,4.12403,0.187456,49.5381,3.71899,0.409091
728,21,0,129,4.20155,0.19098,49.5652,3.66925,0.454545
728,22,0,129,4.20155,0.19098,49.2713,3.6363,0.454545
728,23,0,129,4.09302,0.186047,48.7558,3.60465,0.454545
728,0,1,52,4.21154,0.191434,50.5929,3.73718,0.454545
728,1,1,52,4.17308,0.189685,49.3478,3.64423,0.454545
728,2,1,52,4.13462,0.187937,49.4599,3.64263,0.409091
728,3,1,52,4.19231,0.190559,49.9984,3.6859,0.409091
728,4,1,52,4.25,0.193182,49.8077,3.67468,0.409091
728,5,1,52,4.07692,0.185315,49.3141,3.63301,0.409091
728,6,1,52,4.17308,0.189685,48.9103,3.60737,0.409091
728,7,1,52,4.17308,0.189685,46.4087,3.43109,0.409091
728,8,1,52,3.84615,0.174825,44.6811,3.30769,0.363636
728,9,1,52,3.76923,0.171329,42.0449,3.12821,0.363636
728,10,1,52,3.65385,0.166084,41.2147,3.08173,0.363636
728,11,1,52,3.57692,0.162587,38.6346,2.91026,0.318182
728,12,1,52,3.38462,0.153846,41.3381,3.11058,0.318182
728,13,1,52,3.96154,0.18007,45.5897,3.41506,0.363636
728,14,1,52,3.86538,0.175699,44.1314,3.32853,0.409091
728,15,1,52,3.86538,0.175699,43.5256,3.38301,0.363636
728,16,1,52,4.07692,0.185315,43.7837,3.44551,0.409091
728,17,1,52,4,0.181818,44.5689,3.45673,0.454545
728,18,1,52,4.07692,0.185315,49.6058,3.8109,0.409091
728,19,1,52,4.71154,0.214161,55.1138,4.16026,0.409091
728,20,1,52,4.80769,0.218531,55.5849,4.17949,0.454545
728,21,1,52,4.75,0.215909,54.2163,4.04808,0.5
728,22,1,52,4.60577,0.209353,53.1955,3.95192,0.5
728,23,1,52,4.55769,0.207168,53.3526,3.95994,0.454545
729,0,0,129,12.8605,0.329756,1031.51,10.447,0.512821
729,1,0,129,14.2481,0.365335,1107.32,11.0963,0.615385
729,2,0,129,14.4419,0.370304,1120.27,11.2171,0.589744
729,3,0,129,14.5814,0.373882,1128.45,11.2933,0.589744
729,4,0,129,14.5349,0.372689,1139.05,11.3857,0.589744
729,5,0,129,14.6977,0.376863,1138.47,11.4012,0.589744
729,6,0,129,14.814,0.379845,1189.72,11.8443,0.564103
729,7,0,129,14.9612,0.383622,980.933,10.2048,0.564103
729,8,0,129,12.2713,0.314649,684.339,8.77842,0.512821
729,9,0,129,11.7209,0.300537,591.439,7.88889,0.717949
729,10,0,129,10.876,0.278871,564.992,7.34432,0.717949
729,11,0,129,10.4884,0.268933,512.657,6.81137,0.410256
729,12,0,129,11.031,0.282846,632.065,7.80814,0.461538
729,13,0,129,11.3333,0.290598,578.577,7.24548,0.717949
729,14,0,129,9.89147,0.253628,488.675,6.43023,0.435897
729,15,0,129,9.72868,0.249453,384.57,5.40052,0.435897
729,16,0,129,9.72093,0.249255,384.199,5.34755,0.435897
729,17,0,129,7.54264,0.193401,247.835,4.15181,0.384615
729,18,0,129,7.63566,0.195786,228.369,3.7991,0.384615
729,19,0,129,7.00775,0.179686,192.264,3.39858,0.641026
729,20,0,129,6.67442,0.171139,191.41,3.16731,0.538462
729,21,0,129,6.55814,0.168157,349.372,4.27196,0.615385
729,22,0,129,8.90698,0.228384,603.154,6.55814,0.384615
729,23,0,129,11.0853,0.284238,827.116,8.64922,0.487179
729,0,1,52,11.9423,0.306213,946.083,9.76603,0.487179
729,1,1,52,13.4038,0.343688,1028.1,10.4663,0.538462
729,2,1,52,13.6538,0.350099,1036.97,10.5449,0.564103
729,3,1,52,13.9808,0.358481,1063.87,10.7756,0.589744
729,4,1,52,14.0385,0.359961,1082.39,11.0064,0.564103
729,5,1,52,14.2692,0.365878,1087.59,11.0625,0.564103
729,6,1,52,14.2885,0.366371,1142.86,11.5032,0.564103
729,7,1,52,15.0769,0.386588,1107.05,11.2869,0.589744
729,8,1,52,14.0577,0.360454,915.386,10.1266,0.512821
729,9,1,52,12.3846,0.317554,783.875,9.09615,0.538462
729,10,1,52,12.3654,0.317061,737.942,8.88942,0.512821
729,11,1,52,12.25,0.314103,603.772,7.6266,0.487179
729,12,1,52,11.1346,0.285503,563.502,7.09615,0.461538
729,13,1,52,10.9038,0.279586,561.258,7.13622,0.461538
729,14,1,52,9.86538,0.252959,504.412,6.65865,0.410256
729,15,1,52,9.92308,0.254438,419.098,5.83654,0.410256
729,16,1,52,9.78846,0.250986,418.829,5.79808,0.410256
729,17,1,52,7.63462,0.195759,248.095,4.00481,0.410256
729,18,1,52,6.73077,0.172584,202.563,3.27724,0.307692
729,19,1,52,6.21154,0.15927,168.845,2.85737,0.282051
729,20,1,52,6.40385,0.164201,209.522,3.21154,0.307692
729,21,1,52,6.38462,0.163708,324.87,4.17147,0.282051
729,22,1,52,8.72115,0.223619,560.46,6.33013,0.358974
729,23,1,52,10.8077,0.27712,773.079,8.25801,0.435897
731,0,0,129,11.9457,0.199096,56.8999,8.63953,0.4
731,1,0,129,11.3721,0.189535,57.4832,8.72804,0.35
731,2,0,129,11.3256,0.18876,58.27,8.87597,0.4
731,3,0,129,12.062,0.201034,57.9535,8.84238,0.4
731,4,0,129,11.6589,0.194315,57.7749,8.82171,0.4
731,5,0,129,11.9535,0.199225,57.5171,8.79328,0.4
731,6,0,129,11.845,0.197416,56.6421,8.67248,0.433333
731,7,0,129,10.6512,0.177519,47.3337,7.14147,0.366667
731,8,0,129,9.3876,0.15646,40.8401,6.11111,0.333333
731,9,0,129,9.32558,0.155426,47.0216,7.02519,0.4
731,10,0,129,9.93411,0.165568,47.2274,7.01615,0.3
731,11,0,129,9.4186,0.156977,46.0291,6.83592,0.3
731,12,0,129,9.69767,0.161628,45.6379,6.80556,0.316667
731,13,0,129,9.59302,0.159884,44.5617,6.64793,0.316667
731,14,0,129,9.27132,0.154522,43.542,6.51034,0.3
731,15,0,129,8.63566,0.143928,41.4755,6.19638,0.283333
731,16,0,129,8.96899,0.149483,41.073,6.14922,0.516667
731,17,0,129,8.89922,0.14832,39.7255,5.94315,0.516667
731,18,0,129,8.3876,0.139793,38.1812,5.72868,0.333333
731,19,0,129,8.29457,0.138243,43.0581,6.45155,0.3
731,20,0,129,10.1008,0.168346,50.4199,7.54457,0.383333
731,21,0,129,10.6899,0.178165,53.9402,8.08786,0.333333
731,22,0,129,10.969,0.182817,56.009,8.40504,0.383333
731,23,0,129,11.9225,0.198708,57.1848,8.62016,0.383333
731,0,1,52,11.8269,0.197115,60.605,9.17468,0.333333
731,1,1,52,12.25,0.204167,61.149,9.26923,0.383333
731,2,1,52,11.9423,0.199038,61.9287,9.40064,0.333333
731,3,1,52,12.4423,0.207372,62.4728,9.49679,0.383333
731,4,1,52,11.9231,0.198718,62.1643,9.45353,0.333333
731,5,1,52,12.2692,0.204487,62.1811,9.45032,0.383333
731,6,1,52,12.1923,0.203205,61.6931,9.38782,0.366667
731,7,1,52,12.0577,0.200962,58.7877,8.94071,0.35
731,8,1,52,11.75,0.195833,53.3133,8.10256,0.383333
731,9,1,52,10.8269,0.180449,53.891,8.12981,0.366667
731,10,1,52,10.7308,0.178846,52.7188,7.85417,0.333333
731,11,1,52,10.7692,0.179487,51.5184,7.60737,0.333333
731,12,1,52,10.4038,0.173397,51.496,7.62821,0.35
731,13,1,52,10.6154,0.176923,52.7692,7.8109,0.35
731,14,1,52,10.5577,0.175962,53.5938,7.93109,0.35
731,15,1,52,10.7308,0.178846,51.6811,7.65385,0.316667
731,16,1,52,10.1538,0.169231,49.3253,7.29487,0.316667
731,17,1,52,10.1538,0.169231,48.6466,7.22917,0.333333
731,18,1,52,10.5192,0.175321,48.8093,7.30288,0.35
731,19,1,52,9.94231,0.165705,50.0601,7.52083,0.35
731,20,1,52,11.0577,0.184295,52.9263,7.95673,0.366667
731,21,1,52,10.8462,0.180769,53.633,8.08013,0.316667
731,22,1,52,11.2212,0.187019,54.8053,8.28205,0.35
731,23,1,52,11.2692,0.187821,55.899,8.47756,0.416667
732,0,0,129,1.86822,0.124548,3.26034,0.465762,0.266667
732,1,0,129,1.9186,0.127907,3.33721,0.476744,0.266667
732,2,0,129,1.89535,0.126357,3.28747,0.469638,0.266667
732,3,0,129,1.9186,0.127907,3.24225,0.463178,0.333333
732,4,0,129,1.87209,0.124806,3.16537,0.452196,0.266667
732,5,0,129,1.93411,0.128941,3.13372,0.447674,0.333333
732,6,0,129,1.92636,0.128424,3.18798,0.455426,0.333333
732,7,0,129,1.89535,0.126357,4.38178,0.625969,0.333333
732,8,0,129,2.36434,0.157623,7.17183,1.02455,0.333333
732,9,0,129,2.60853,0.173902,9.39212,1.34173,0.333333
732,10,0,129,2.95349,0.196899,9.83527,1.40504,0.4
732,11,0,129,2.82946,0.18863,9.54587,1.3511,0.466667
732,12,0,129,2.83333,0.188889,9.89858,1.40601,0.466667
732,13,0,129,2.82946,0.18863,9.39664,1.34238,0.4
732,14,0,129,2.72093,0.181395,8.53747,1.21964,0.4
732,15,0,129,2.5969,0.173127,7.94057,1.13437,0.4
732,16,0,129,2.49612,0.166408,7.67829,1.0969,0.4
732,17,0,129,2.5814,0.172093,7.42506,1.06072,0.4
732,18,0,129,2.42636,0.161757,6.41667,0.916667,0.4
732,19,0,129,2.20155,0.14677,4.90181,0.700258,0.4
732,20,0,129,2.06977,0.137985,4.18734,0.598191,0.333333
732,21,0,129,1.9845,0.1323,3.74419,0.534884,0.333333
732,22,0,129,2,0.133333,3.92054,0.560078,0.266667
732,23,0,129,1.98062,0.132041,3.57235,0.510336,0.333333
732,0,1,52,1.98077,0.132051,2.71474,0.387821,0.333333
732,1,1,52,1.86538,0.124359,2.7484,0.392628,0.266667
732,2,1,52,1.96154,0.130769,3.01763,0.43109,0.266667
732,3,1,52,1.94231,0.129487,2.91667,0.416667,0.266667
732,4,1,52,1.94231,0.129487,2.92788,0.418269,0.266667
732,5,1,52,1.94231,0.129487,2.97276,0.424679,0.266667
732,6,1,52,1.92308,0.128205,3.09615,0.442308,0.333333
732,7,1,52,1.98077,0.132051,3.54487,0.50641,0.333333
732,8,1,52,2.09615,0.139744,4.53205,0.647436,0.333333
732,9,1,52,2.26923,0.151282,5.88942,0.841346,0.4
732,10,1,52,2.38462,0.158974,5.50801,0.786859,0.4
732,11,1,52,2.34615,0.15641,5.31731,0.759615,0.333333
732,12,1,52,2.25,0.15,5.05929,0.722756,0.333333
732,13,1,52,2.26923,0.151282,5.25,0.75,0.333333
732,14,1,52,2.19231,0.146154,4.89103,0.698718,0.333333
732,15,1,52,2.15385,0.14359,4.76763,0.68109,0.333333
732,16,1,52,2.13462,0.142308,4.47596,0.639423,0.333333
732,17,1,52,2.15385,0.14359,4.13942,0.591346,0.333333
732,18,1,52,2.01923,0.134615,3.76923,0.538462,0.333333
732,19,1,52,2,0.133333,3.29808,0.471154,0.333333
732,20,1,52,1.86538,0.124359,2.65865,0.379808,0.266667
732,21,1,52,1.90385,0.126923,3.27564,0.467949,0.266667
732,22,1,52,1.97115,0.13141,3.36538,0.480769,0.333333
732,23,1,52,2,0.133333,3.04006,0.434295,0.333333
733,0,0,129,74.5736,0.573643,479.785,68.5407,1
733,1,0,129,74.7519,0.575015,481.978,68.854,0.746154
733,2,0,129,75.3101,0.579308,485.953,69.4218,0.761538
733,3,0,129,75.093,0.577639,477.334,68.1906,0.746154
733,4,0,129,75.062,0.5774,475.457,67.9225,0.738462
733,5,0,129,74.7364,0.574896,473.382,67.626,0.738462
733,6,0,129,74.5736,0.573643,467.548,66.7926,0.723077
733,7,0,129,66.9147,0.514729,342.362,48.9089,0.715385
733,8,0,129,42.0388,0.323375,205.786,29.3979,0.692308
733,9,0,129,30.1085,0.231604,152.096,21.728,0.692308
733,10,0,129,27.7519,0.213476,136.432,19.4903,1
733,11,0,129,25.5426,0.196482,130.585,18.655,0.692308
733,12,0,129,24.9845,0.192188,128.641,18.3773,0.692308
733,13,0,129,25.9845,0.199881,127.51,18.2158,1
733,14,0,129,24.5426,0.18879,123.748,17.6783,0.692308
733,15,0,129,23.6667,0.182051,117.68,16.8114,0.692308
733,16,0,129,23.2946,0.179189,118.331,16.9044,0.830769
733,17,0,129,24,0.184615,126.262,18.0375,0.830769
733,18,0,129,26.4574,0.203518,167.091,23.8702,0.692308
733,19,0,129,37.6357,0.289505,268.501,38.3572,0.692308
733,20,0,129,52.7287,0.405605,350.402,50.0575,0.707692
733,21,0,129,61.7984,0.475373,413.864,59.1234,0.707692
733,22,0,129,70.3178,0.540906,461.457,65.9225,0.715385
733,23,0,129,75,0.576923,483.737,69.1053,0.715385
733,0,1,52,76.1731,0.585947,497.359,71.0513,0.7
733,1,1,52,76.9231,0.591716,497.931,71.133,0.707692
733,2,1,52,77.5577,0.596598,497.359,71.0513,0.715385
733,3,1,52,77.2308,0.594083,495.934,70.8478,0.730769
733,4,1,52,76.6538,0.589645,495.082,70.726,0.723077
733,5,1,52,76.5192,0.588609,493.612,70.516,0.723077
733,6,1,52,75.6923,0.582249,487.252,69.6074,0.723077
733,7,1,52,74.8077,0.575444,457.95,65.4215,0.707692
733,8,1,52,66.2692,0.509763,398.675,56.9535,0.7
733,9,1,52,58.0192,0.446302,339.5,48.5,0.676923
733,10,1,52,51.1923,0.393787,305.397,43.6282,0.676923
733,11,1,52,47.2692,0.363609,281.2,40.1715,0.669231
733,12,1,52,45.0769,0.346746,274.122,39.1603,0.676923
733,13,1,52,45.0962,0.346893,269.534,38.5048,0.669231
733,14,1,52,43,0.330769,257.721,36.8173,0.669231
733,15,1,52,42.7308,0.328698,256.285,36.6122,0.669231
733,16,1,52,42.3846,0.326036,257.082,36.726,0.669231
733,17,1,52,43.5385,0.334911,263.543,37.649,0.669231
733,18,1,52,45.2308,0.347929,291.196,41.5994,0.684615
733,19,1,52,51.0192,0.392456,333.476,47.6394,0.692308
733,20,1,52,56.7692,0.436686,365.481,52.2115,0.692308
733,21,1,52,61.1346,0.470266,401.12,57.3029,0.684615
733,22,1,52,67.6538,0.520414,431.947,61.7067,1
733,23,1,52,70.3269,0.540976,453.071,64.7244,0.684615
737,0,0,129,3.9845,0.11068,21.0136,3.00194,0.25
737,1,0,129,4.11628,0.114341,21.6964,3.09948,0.25
737,2,0,129,4.16279,0.115633,22.0446,3.14922,0.25
737,3,0,129,4.24031,0.117786,21.918,3.13114,0.25
737,4,0,129,4.24031,0.117786,21.9225,3.13178,0.25
737,5,0,129,4.25581,0.118217,22.1441,3.16344,0.25
737,6,0,129,4.24031,0.117786,22.2888,3.18411,0.25
737,7,0,129,4.20155,0.11671,20.1996,2.88566,0.25
737,8,0,129,5.04651,0.140181,32.332,4.61886,0.305556
737,9,0,129,6.11628,0.169897,35.2216,5.03165,0.416667
737,10,0,129,6.16279,0.171189,34.7196,4.95995,0.416667
737,11,0,129,5.99225,0.166451,34.0142,4.85917,0.333333
737,12,0,129,5.70543,0.158484,30.0032,4.28618,0.305556
737,13,0,129,5.23256,0.145349,28.2804,4.04005,0.305556
737,14,0,129,5.03876,0.139966,27.6654,3.9522,0.305556
737,15,0,129,4.93798,0.137166,26.7791,3.82558,0.277778
737,16,0,129,4.93798,0.137166,27.0006,3.85724,0.305556
737,17,0,129,5,0.138889,23.2972,3.32817,0.305556
737,18,0,129,4.39535,0.122093,22.5556,3.22222,0.25
737,19,0,129,4.37984,0.121662,22.5194,3.21705,0.25
737,20,0,129,4.54264,0.126184,24.8391,3.54845,0.25
737,21,0,129,4.81395,0.133721,25.2461,3.60659,0.25
737,22,0,129,4.70543,0.130706,24.2558,3.46512,0.277778
737,23,0,129,4.33333,0.12037,22.0446,3.14922,0.277778
737,0,1,52,4.11538,0.114316,22.0433,3.14904,0.277778
737,1,1,52,4.23077,0.117521,22.0994,3.15705,0.277778
737,2,1,52,4.38462,0.121795,22.9295,3.27564,0.277778
737,3,1,52,4.46154,0.123932,22.8958,3.27083,0.277778
737,4,1,52,4.34615,0.120726,23.3894,3.34135,0.277778
737,5,1,52,4.44231,0.123397,23.5016,3.35737,0.277778
737,6,1,52,4.44231,0.123397,23.266,3.32372,0.277778
737,7,1,52,4.46154,0.123932,21.4151,3.05929,0.277778
737,8,1,52,4.09615,0.113782,21.0337,3.00481,0.277778
737,9,1,52,4.25,0.118056,21.6506,3.09295,0.277778
737,10,1,52,4.21154,0.116987,21.2244,3.03205,0.305556
737,11,1,52,4.15385,0.115385,21.5497,3.07853,0.277778
737,12,1,52,4.09615,0.113782,20.9888,2.9984,0.305556
737,13,1,52,4.19231,0.116453,21.1458,3.02083,0.25
737,14,1,52,4.17308,0.115919,20.0128,2.85897,0.25
737,15,1,52,3.88462,0.107906,19.508,2.78686,0.25
737,16,1,52,4.01923,0.111645,19.1378,2.73397,0.222222
737,17,1,52,3.82692,0.106303,17.5561,2.50801,0.222222
737,18,1,52,3.57692,0.099359,16.6587,2.37981,0.25
737,19,1,52,3.57692,0.099359,17.1074,2.44391,0.277778
737,20,1,52,3.61538,0.100427,18.0497,2.57853,0.277778
737,21,1,52,3.67308,0.10203,18.5769,2.65385,0.25
737,22,1,52,3.75,0.104167,19.0256,2.71795,0.25
737,23,1,52,3.78846,0.105235,18.7115,2.67308,0.25
741,0,0,129,8.77519,0.230926,59.5,7.35853,0.447368
741,1,0,129,9.16279,0.241126,60.6621,7.46059,0.447368
741,2,0,129,9.24031,0.243166,60.6011,7.48837,0.447368
741,3,0,129,9.30233,0.244798,59.6854,7.38372,0.447368
741,4,0,129,9.24806,0.24337,59.5769,7.37791,0.447368
741,5,0,129,9.34109,0.245818,59.9545,7.43346,0.447368
741,6,0,129,9.27907,0.244186,58.9393,7.30426,0.447368
741,7,0,129,8.69767,0.228886,52.4955,6.41731,0.447368
741,8,0,129,7.79845,0.205222,52.4096,5.85853,0.394737
741,9,0,129,7.52713,0.198082,52.5859,5.60659,0.447368
741,10,0,129,7.18992,0.189208,48.6269,5.12726,0.421053
741,11,0,129,6.89922,0.181559,46.115,4.9186,0.421053
741,12,0,129,7.02326,0.184823,45.6696,4.86822,0.5
741,13,0,129,6.75194,0.177683,44.2926,4.84432,0.421053
741,14,0,129,6.5969,0.173603,42.0023,4.64664,0.421053
741,15,0,129,6.37984,0.167891,40.311,4.50969,0.447368
741,16,0,129,6.33333,0.166667,39.6599,4.4522,0.447368
741,17,0,129,6.30233,0.165851,41.3669,4.63178,0.421053
741,18,0,129,6.51163,0.171359,40.2183,4.73385,0.421053
741,19,0,129,6.64341,0.174827,44.9144,5.50194,0.394737
741,20,0,129,7.50388,0.19747,49.2261,6.13889,0.447368
741,21,0,129,7.90698,0.208078,52.9025,6.59755,0.394737
741,22,0,129,8.39535,0.22093,54.9441,6.88695,0.394737
741,23,0,129,8.65116,0.227662,57.1689,7.19767,0.394737
741,0,1,52,8.94231,0.235324,62.9776,7.71635,0.421053
741,1,1,52,9.55769,0.251518,63.129,7.80769,0.447368
741,2,1,52,9.57692,0.252024,62.1811,7.71795,0.394737
741,3,1,52,9.53846,0.251012,61.0873,7.66987,0.394737
741,4,1,52,9.46154,0.248988,61.6595,7.69231,0.394737
741,5,1,52,9.59615,0.25253,62.355,7.74519,0.421053
741,6,1,52,9.51923,0.250506,61.609,7.65705,0.421053
741,7,1,52,9.51923,0.250506,58.8438,7.3109,0.421053
741,8,1,52,8.73077,0.229757,57.851,6.96474,0.394737
741,9,1,52,8.51923,0.22419,56.5946,6.5609,0.421053
741,10,1,52,7.86538,0.206984,52.7412,6.07532,0.368421
741,11,1,52,7.53846,0.198381,50.4864,5.88462,0.368421
741,12,1,52,7.78846,0.20496,52.7973,6.15705,0.342105
741,13,1,52,8,0.210526,50.4864,6.00641,0.394737
741,14,1,52,7.63462,0.200911,49.6058,5.94071,0.342105
741,15,1,52,7.30769,0.192308,46.8518,5.70353,0.342105
741,16,1,52,7.51923,0.197874,48.6971,5.91827,0.342105
741,17,1,52,7.55769,0.198887,50.5873,6.14583,0.342105
741,18,1,52,7.65385,0.201417,52.242,6.26122,0.368421
741,19,1,52,8.01923,0.211032,54.1827,6.55769,0.368421
741,20,1,52,8.07692,0.212551,54.6875,6.5641,0.368421
741,21,1,52,8.03846,0.211538,54.7212,6.58173,0.394737
741,22,1,52,8.45192,0.222419,57.9687,6.90705,0.421053
741,23,1,52,8.84615,0.232794,61.7099,7.24038,0.447368
744,0,0,129,30.9419,0.435801,109.866,16.4341,0.915493
744,1,0,129,30.8372,0.434327,109.416,16.3721,0.619718
744,2,0,129,30.6744,0.432034,109.352,16.3618,0.619718
744,3,0,129,30.6977,0.432362,108.111,16.1848,0.619718
744,4,0,129,30.4806,0.429305,107.392,16.0788,0.619718
744,5,0,129,30.5659,0.430506,107.758,16.1176,0.619718
744,6,0,129,30.6744,0.432034,106.87,16.0013,0.619718
744,7,0,129,30.0543,0.423299,97.7016,14.5116,0.577465
744,8,0,129,27.093,0.381592,80.6718,11.9593,0.535211
744,9,0,129,25.6977,0.361939,76.7016,11.3391,0.549296
744,10,0,129,25.9729,0.365815,75.3608,11.1589,0.521127
744,11,0,129,25.5349,0.359646,73.2988,10.8676,0.492958
744,12,0,129,25.2868,0.356152,72.9415,10.8043,0.535211
744,13,0,129,25.4884,0.358991,75.2613,11.1305,0.535211
744,14,0,129,25.5814,0.360301,74.5468,11.0258,0.535211
744,15,0,129,25.2636,0.355825,71.9716,10.6473,0.535211
744,16,0,129,25.0543,0.352877,71.6098,10.5911,0.549296
744,17,0,129,25.1705,0.354515,71.6415,10.5775,0.549296
744,18,0,129,25.0853,0.353314,75.0375,11.0911,0.492958
744,19,0,129,26.4651,0.372748,88.739,13.1531,0.507042
744,20,0,129,28.969,0.408014,101.333,15.0717,0.647887
744,21,0,129,30.031,0.422972,105.192,15.686,0.633803
744,22,0,129,30.7674,0.433344,109.698,16.3934,0.647887
744,23,0,129,31.093,0.43793,110.714,16.5614,0.647887
744,0,1,52,31.2308,0.43987,113.116,16.9455,0.591549
744,1,1,52,31.4038,0.442308,112.97,16.9215,0.591549
744,2,1,52,31.4231,0.442579,112.376,16.8462,0.591549
744,3,1,52,31.1731,0.439057,111.333,16.6827,0.591549
744,4,1,52,31.1154,0.438245,110.749,16.5994,0.591549
744,5,1,52,31.3462,0.441495,110.256,16.5304,0.591549
744,6,1,52,30.9615,0.436078,109.207,16.3638,0.591549
744,7,1,52,30.5577,0.43039,106.032,15.8638,0.577465
744,8,1,52,29.8269,0.420098,100.204,14.9696,0.56338
744,9,1,52,29.3077,0.412784,95.8966,14.2788,0.56338
744,10,1,52,28.4615,0.400867,92.8566,13.7869,0.535211
744,11,1,52,27.9615,0.393824,88.9976,13.2212,0.549296
744,12,1,52,27.4615,0.386782,87.9151,13.0625,0.535211
744,13,1,52,28.0192,0.394637,89.4351,13.258,0.521127
744,14,1,52,27.6346,0.38922,86.7764,12.851,0.507042
744,15,1,52,26.8269,0.377844,83.1811,12.3029,0.492958
744,16,1,52,26.5385,0.373781,81.8798,12.0929,0.492958
744,17,1,52,26.5385,0.373781,83.8766,12.4103,0.507042
744,18,1,52,27.2308,0.383532,87.859,13.0625,0.507042
744,19,1,52,28.4231,0.400325,94.4888,14.0881,0.549296
744,20,1,52,29.0962,0.409805,98.5777,14.7596,0.56338
744,21,1,52,29.5962,0.416847,102.857,15.4199,0.535211
744,22,1,52,30.5577,0.43039,107.457,16.0994,0.56338
744,23,1,52,31.0577,0.437432,109.246,16.367,0.577465
745,0,0,129,7.37984,0.46124,49.6195,7.0885,1
745,1,0,129,7.28682,0.455426,49.8999,7.12855,0.875
745,2,0,129,7.34884,0.459302,50.3159,7.18798,0.875
745,3,0,129,7.34884,0.459302,49.9225,7.13178,0.875
745,4,0,129,7.33333,0.458333,49.8682,7.12403,0.875
745,5,0,129,7.27907,0.454942,49.6376,7.09109,0.875
745,6,0,129,7.36434,0.460271,50.2435,7.17765,0.875
745,7,0,129,7.2093,0.450581,46.2913,6.61305,0.875
745,8,0,129,6.11628,0.382267,39.0019,5.57171,0.8125
745,9,0,129,4.9845,0.311531,29.5013,4.21447,0.6875
745,10,0,129,3.85271,0.240795,23.1479,3.30685,1
745,11,0,129,3.33333,0.208333,21.728,3.10401,0.6875
745,12,0,129,3.43411,0.214632,23.772,3.39599,0.6875
745,13,0,129,3.76744,0.235465,23.772,3.39599,1
745,14,0,129,3.42636,0.214147,21.1854,3.02649,0.6875
745,15,0,129,3.03876,0.189922,19.9871,2.8553,0.6875
745,16,0,129,3.17054,0.198159,21.2261,3.0323,0.6875
745,17,0,129,3.31783,0.207364,23.7313,3.39018,0.6875
745,18,0,129,3.89147,0.243217,27.7603,3.96576,0.6875
745,19,0,129,4.65116,0.290698,33.7791,4.82558,0.6875
745,20,0,129,5.5969,0.349806,40.9645,5.85207,0.6875
745,21,0,129,6.64341,0.415213,46.6621,6.66602,0.75
745,22,0,129,7.03101,0.439438,49.2125,7.03036,0.8125
745,23,0,129,7.42636,0.464147,50.4696,7.20995,0.875
745,0,1,52,7.59615,0.47476,51.8718,7.41026,0.8125
745,1,1,52,7.59615,0.47476,51.7484,7.39263,0.8125
745,2,1,52,7.59615,0.47476,51.3894,7.34135,0.8125
745,3,1,52,7.59615,0.47476,51.4904,7.35577,0.8125
745,4,1,52,7.57692,0.473558,51.2772,7.32532,0.8125
745,5,1,52,7.55769,0.472356,51.5353,7.36218,0.8125
745,6,1,52,7.63462,0.477163,51.3221,7.33173,0.8125
745,7,1,52,7.53846,0.471154,50.5369,7.21955,0.8125
745,8,1,52,7.21154,0.450721,46.4647,6.63782,0.75
745,9,1,52,6.44231,0.402644,41.8093,5.97276,0.6875
745,10,1,52,6.01923,0.376202,39.1058,5.58654,0.625
745,11,1,52,5.59615,0.34976,35.5048,5.07212,0.5625
745,12,1,52,4.94231,0.308894,36.1667,5.16667,0.625
745,13,1,52,5.67308,0.354567,38.6571,5.52244,0.6875
745,14,1,52,5.63462,0.352163,37.883,5.41186,0.625
745,15,1,52,5.55769,0.347356,37.6923,5.38462,0.625
745,16,1,52,5.57692,0.348558,38.2644,5.46635,0.5625
745,17,1,52,5.59615,0.34976,36.6378,5.23397,0.5625
745,18,1,52,5.36538,0.335337,36.3125,5.1875,0.5625
745,19,1,52,5.67308,0.354567,40.5753,5.79647,0.5
745,20,1,52,6.40385,0.40024,44.4567,6.35096,0.625
745,21,1,52,6.67308,0.417067,46.2067,6.60096,0.625
745,22,1,52,7.03846,0.439904,47.9455,6.84936,1
745,23,1,52,7.23077,0.451923,48.8317,6.97596,0.6875
746,0,0,129,49.907,0.433974,310.284,44.3262,1
746,1,0,129,49.4806,0.430266,312.11,44.5872,0.608696
746,2,0,129,49.3721,0.429323,313.752,44.8217,0.608696
746,3,0,129,49.7054,0.432221,312.309,44.6156,0.608696
746,4,0,129,49.5659,0.431008,311.74,44.5342,0.6
746,5,0,129,49.4961,0.430401,310.478,44.354,0.591304
746,6,0,129,49.4496,0.429997,311.206,44.458,0.591304
746,7,0,129,47.7132,0.414897,268.962,38.4231,0.591304
746,8,0,129,37.5659,0.32666,214.798,30.6854,0.521739
746,9,0,129,33.9922,0.295585,197.117,28.1596,0.521739
746,10,0,129,32.6124,0.283586,183.999,26.2855,1
746,11,0,129,30.7907,0.267745,178.523,25.5032,0.521739
746,12,0,129,30.1783,0.26242,176.565,25.2235,0.521739
746,13,0,129,31.0078,0.269633,175.421,25.0601,1
746,14,0,129,29.5426,0.256892,168.615,24.0879,0.521739
746,15,0,129,28.3798,0.246781,162.592,23.2274,0.521739
746,16,0,129,27.6899,0.240782,159.851,22.8359,0.521739
746,17,0,129,27.7984,0.241726,166.25,23.75,0.521739
746,18,0,129,29.9612,0.260533,191.13,27.3043,0.521739
746,19,0,129,35.4651,0.308392,235.848,33.6925,0.521739
746,20,0,129,41.9457,0.364746,270.653,38.6647,0.521739
746,21,0,129,44.9535,0.3909,289.017,41.2881,0.521739
746,22,0,129,47.5426,0.413414,305.246,43.6066,0.547826
746,23,0,129,49.2093,0.427907,312.07,44.5814,0.591304
746,0,1,52,50.0192,0.43495,315.595,45.0849,0.6
746,1,1,52,50.0769,0.435452,315.684,45.0978,0.591304
746,2,1,52,50.8269,0.441973,316.481,45.2115,0.591304
746,3,1,52,50.2308,0.436789,315.785,45.1122,0.6
746,4,1,52,50.2115,0.436622,315.897,45.1282,0.6
746,5,1,52,50.1923,0.436455,315.707,45.101,0.6
746,6,1,52,49.8269,0.433278,314.181,44.883,0.6
746,7,1,52,49.3654,0.429264,303.692,43.3846,0.6
746,8,1,52,46.9423,0.408194,283.837,40.5481,0.591304
746,9,1,52,43.4038,0.377425,259.55,37.0785,0.530435
746,10,1,52,40.8077,0.354849,243.497,34.7853,0.513043
746,11,1,52,38.0769,0.331104,233.03,33.2901,0.469565
746,12,1,52,38.2692,0.332776,233.277,33.3253,0.469565
746,13,1,52,38.1731,0.33194,229.373,32.7676,0.486957
746,14,1,52,36.7308,0.319398,219.154,31.3077,0.504348
746,15,1,52,35.8654,0.311873,212.21,30.3157,0.469565
746,16,1,52,34.5962,0.300836,209.327,29.9038,0.469565
746,17,1,52,34.9231,0.303679,211.571,30.2244,0.469565
746,18,1,52,35.6731,0.310201,226.199,32.3141,0.469565
746,19,1,52,39.3077,0.341806,248.332,35.476,0.469565
746,20,1,52,42.2885,0.367726,265.226,37.8894,0.469565
746,21,1,52,43.7692,0.380602,276.141,39.4487,0.486957
746,22,1,52,47.4231,0.412375,289.614,41.3734,1
746,23,1,52,47.9615,0.417057,297.534,42.5048,0.573913
751,0,0,129,22.2132,0.308516,120.275,17.1822,0.611111
751,1,0,129,22.2403,0.308893,120.325,17.1893,0.611111
751,2,0,129,22.2636,0.309216,121.306,17.3295,0.611111
751,3,0,129,22.4264,0.311477,121.374,17.3391,0.611111
751,4,0,129,22.5969,0.313846,121.216,17.3165,0.611111
751,5,0,129,22.3953,0.311047,120.813,17.259,0.611111
751,6,0,129,22.3566,0.310508,118.991,16.9987,0.611111
751,7,0,129,20.7597,0.288329,91.8547,13.1221,0.597222
751,8,0,129,15.4806,0.215009,64.3023,9.18605,0.555556
751,9,0,129,13.1783,0.183032,51.1796,7.31137,0.833333
751,10,0,129,12.093,0.167959,46.0698,6.5814,0.625
751,11,0,129,11.7984,0.163867,44.9528,6.42183,0.583333
751,12,0,129,12.5659,0.174526,45.7261,6.5323,0.833333
751,13,0,129,12.1008,0.168066,46.5762,6.65375,0.708333
751,14,0,129,11.7054,0.162575,45.491,6.49871,0.555556
751,15,0,129,11.3023,0.156977,43.0129,6.1447,0.513889
751,16,0,129,11.4961,0.159668,44.686,6.38372,0.833333
751,17,0,129,11.9457,0.165913,52.1789,7.45413,0.833333
751,18,0,129,13.4264,0.186477,73.3327,10.4761,0.5
751,19,0,129,18.1318,0.25183,109.016,15.5736,0.527778
751,20,0,129,22.4574,0.311908,121.749,17.3928,0.652778
751,21,0,129,22.7054,0.315353,122.107,17.4438,0.638889
751,22,0,129,22.8217,0.316968,124.169,17.7384,0.625
751,23,0,129,23.2248,0.322567,124.083,17.7261,0.611111
751,0,1,52,21.6154,0.300214,121.546,17.3638,0.569444
751,1,1,52,21.6731,0.301015,121.109,17.3013,0.569444
751,2,1,52,21.8846,0.303953,120.503,17.2147,0.638889
751,3,1,52,22.0962,0.306891,120.761,17.2516,0.638889
751,4,1,52,22.1154,0.307158,121.3,17.3285,0.638889
751,5,1,52,22.3846,0.310897,120.851,17.2644,0.638889
751,6,1,52,22.2692,0.309295,120.84,17.2628,0.638889
751,7,1,52,21.8077,0.302885,112.886,16.1266,0.638889
751,8,1,52,20.0962,0.279113,102.083,14.5833,0.625
751,9,1,52,17.9615,0.249466,88.5208,12.6458,0.472222
751,10,1,52,15.9808,0.221955,80.5673,11.5096,0.444444
751,11,1,52,16.5385,0.229701,78.492,11.2131,0.847222
751,12,1,52,16.3269,0.226763,84.1795,12.0256,0.430556
751,13,1,52,17,0.236111,88.5433,12.649,0.444444
751,14,1,52,16.8846,0.234509,87.6907,12.5272,0.458333
751,15,1,52,16.6346,0.231036,85.9183,12.274,0.458333
751,16,1,52,17.1154,0.237714,87.1522,12.4503,0.513889
751,17,1,52,18.1538,0.252137,93.3558,13.3365,0.597222
751,18,1,52,18.6346,0.258814,101.915,14.5593,0.527778
751,19,1,52,19.2115,0.266827,108.343,15.4776,0.541667
751,20,1,52,19.75,0.274306,109.622,15.6603,0.569444
751,21,1,52,19.6923,0.273504,109.072,15.5817,0.569444
751,22,1,52,20.5192,0.284989,109.857,15.6939,0.736111
751,23,1,52,19.9615,0.277244,110.643,15.8061,0.555556
771,0,0,129,17.2791,0.719961,104.618,16.478,1
771,1,0,129,18.0155,0.750646,108.346,17.0375,0.958333
771,2,0,129,18.4341,0.768088,110.494,17.3534,0.958333
771,3,0,129,18.5736,0.773902,111.256,17.4722,0.958333
771,4,0,129,18.5349,0.772287,109.68,17.2429,0.958333
771,5,0,129,18.0775,0.75323,107.057,16.8708,0.916667
771,6,0,129,17.8837,0.745155,101.624,16.0885,0.916667
771,7,0,129,15.8372,0.659884,83.073,13.2997,0.875
771,8,0,129,12.0698,0.502907,59.0885,9.44638,0.75
771,9,0,129,8.67442,0.361434,41.5523,6.5969,1
771,10,0,129,7,0.291667,34.0436,5.44444,0.583333
771,11,0,129,6.24806,0.260336,29.3408,4.73385,0.541667
771,12,0,129,6.23256,0.25969,30.7041,4.93605,1
771,13,0,129,5.94574,0.247739,27.3285,4.43734,0.541667
771,14,0,129,4.99225,0.20801,20.0142,3.28811,0.416667
771,15,0,129,3.99225,0.166344,16.4939,2.75517,0.416667
771,16,0,129,4.10853,0.171189,15.1734,2.52261,1
771,17,0,129,3.8062,0.158592,17.0455,2.76873,1
771,18,0,129,4.44186,0.185078,25.8634,4.16667,0.416667
771,19,0,129,6.47287,0.269703,41.8169,6.8314,0.5
771,20,0,129,9.27907,0.386628,54.4738,8.92571,0.833333
771,21,0,129,10.9457,0.456072,65.365,10.6505,0.916667
771,22,0,129,12.9612,0.540052,79.8127,12.8262,0.916667
771,23,0,129,15.062,0.627584,93.4396,14.8385,0.916667
771,0,1,52,16.0385,0.668269,100.507,15.7933,0.916667
771,1,1,52,17.2692,0.719551,104.927,16.4615,0.916667
771,2,1,52,17.6346,0.734776,105.858,16.5946,0.875
771,3,1,52,17.9038,0.745994,106.391,16.7131,0.875
771,4,1,52,17.7692,0.740385,105.752,16.6266,0.875
771,5,1,52,17.5192,0.729968,104.787,16.4952,0.875
771,6,1,52,17.3077,0.721154,101.668,16.0272,0.875
771,7,1,52,16.7308,0.697115,94.5673,14.9487,0.875
771,8,1,52,15.2692,0.636218,82.9287,13.1603,0.833333
771,9,1,52,12.8462,0.535256,67.4872,10.8189,0.708333
771,10,1,52,10.6538,0.44391,54.1546,8.76442,0.625
771,11,1,52,9.63462,0.401442,47.3678,7.69551,1
771,12,1,52,8.61538,0.358974,44.1819,7.32051,0.625
771,13,1,52,8.26923,0.344551,39.145,6.57532,0.625
771,14,1,52,7,0.291667,32.2348,5.50801,0.541667
771,15,1,52,6.25,0.260417,30.7764,5.26122,0.5
771,16,1,52,6.38462,0.266026,30.6643,5.2516,0.5
771,17,1,52,6.38462,0.266026,30.8269,5.22917,0.541667
771,18,1,52,6.42308,0.267628,34.2147,5.73718,0.541667
771,19,1,52,7.55769,0.314904,42.7853,7.14103,0.583333
771,20,1,52,9.13462,0.380609,51.2604,8.49038,0.625
771,21,1,52,10.2308,0.426282,61.5921,10.0833,0.708333
771,22,1,52,12.4808,0.520032,73.371,11.8574,1
771,23,1,52,13.9808,0.582532,84.8862,13.5369,0.833333
773,0,0,129,17.5814,0.439535,211.185,15.0846,1
773,1,0,129,17.3643,0.434109,211.085,15.0775,0.65
773,2,0,129,17.4341,0.435853,210.181,15.0129,0.7
773,3,0,129,17.1318,0.428295,203.995,14.5711,0.65
773,4,0,129,16.8992,0.422481,202.602,14.4716,0.6
773,5,0,129,16.9225,0.423062,201.806,14.4147,0.65
773,6,0,129,16.6357,0.415891,199.59,14.2565,0.65
773,7,0,129,15.8295,0.395736,163.143,11.6531,0.65
773,8,0,129,12.0465,0.301163,124.047,8.86047,0.6
773,9,0,129,10.4031,0.260078,104.882,7.4916,0.6
773,10,0,129,9.7907,0.244767,96.4083,6.8863,1
773,11,0,129,9.35659,0.233915,92.9806,6.64147,0.6
773,12,0,129,9.00775,0.225194,93.6227,6.68734,0.6
773,13,0,129,9.31008,0.232752,91.5336,6.53811,1
773,14,0,129,8.72868,0.218217,88.6848,6.33463,0.6
773,15,0,129,8.44961,0.21124,86.1886,6.15633,0.6
773,16,0,129,8.31783,0.207946,83.7649,5.9832,0.6
773,17,0,129,8.25581,0.206395,85.5556,6.11111,0.6
773,18,0,129,8.43411,0.210853,89.9328,6.42377,0.6
773,19,0,129,9.29457,0.232364,106.601,7.61434,0.6
773,20,0,129,10.907,0.272674,132.068,9.43346,0.6
773,21,0,129,12.8372,0.32093,161.696,11.5497,0.6
773,22,0,129,15.0543,0.376357,191.695,13.6925,0.6
773,23,0,129,17.0078,0.425194,208.607,14.9005,0.65
773,0,1,52,17.6154,0.440385,215.609,15.4006,0.625
773,1,1,52,17.7885,0.444712,212.558,15.1827,0.65
773,2,1,52,17.6923,0.442308,207.846,14.8462,0.625
773,3,1,52,17.4423,0.436058,204.772,14.6266,0.675
773,4,1,52,17.0769,0.426923,201.721,14.4087,0.625
773,5,1,52,17.0192,0.425481,201.721,14.4087,0.6
773,6,1,52,17,0.425,198.962,14.2115,0.6
773,7,1,52,16.4038,0.410096,186.869,13.3478,0.575
773,8,1,52,15.2692,0.381731,171.029,12.2163,0.525
773,9,1,52,14.2308,0.355769,155.099,11.0785,0.525
773,10,1,52,13.0192,0.325481,143.657,10.2612,0.525
773,11,1,52,12.6154,0.315385,137.397,9.8141,0.525
773,12,1,52,12.0577,0.301442,136.994,9.78526,0.525
773,13,1,52,12.4423,0.311058,135.894,9.70673,0.525
773,14,1,52,11.9038,0.297596,127.728,9.1234,0.525
773,15,1,52,11.5769,0.289423,121.423,8.67308,0.525
773,16,1,52,10.7115,0.267788,120.01,8.57212,0.525
773,17,1,52,11.5962,0.289904,124.429,8.88782,0.525
773,18,1,52,11.7115,0.292788,130.24,9.30288,0.525
773,19,1,52,12.4808,0.312019,140.269,10.0192,0.525
773,20,1,52,12.9615,0.324038,149.827,10.7019,0.525
773,21,1,52,14.0962,0.352404,168.022,12.0016,0.525
773,22,1,52,16.3654,0.409135,186.913,13.351,1
773,23,1,52,16.5577,0.413942,197.413,14.101,0.575
775,0,0,129,6.17054,0.237329,4494.11,18.7255,1
775,1,0,129,19.4109,0.746571,4406.98,18.3624,1
775,2,0,129,19.4574,0.74836,4717.52,19.6563,1
775,3,0,129,20.1163,0.773703,4810.85,20.0452,1
775,4,0,129,20.3101,0.781157,4818.76,20.0782,0.961538
775,5,0,129,20.3566,0.782946,4717.98,19.6583,1
775,6,0,129,17.5659,0.675611,3266.82,13.6118,1
775,7,0,129,12.8992,0.496124,2812.4,11.7183,1
775,8,0,129,10.9922,0.422779,3249.77,13.5407,0.884615
775,9,0,129,16.9302,0.651163,4431.47,18.4645,1
775,10,0,129,19.1395,0.736136,3613.02,15.0543,1
775,11,0,129,14.1628,0.544723,2690.08,11.2087,0.884615
775,12,0,129,10.0388,0.386106,2652.25,11.051,1
775,13,0,129,13.938,0.536076,3388.99,14.1208,1
775,14,0,129,15.0775,0.579905,3462.95,14.4289,0.846154
775,15,0,129,14.7597,0.56768,3279.53,13.6647,0.846154
775,16,0,129,13.2171,0.508348,2138.76,8.9115,1
775,17,0,129,10.5349,0.405188,1883.72,7.84884,1
775,18,0,129,10.7752,0.414431,1937.67,8.07364,0.807692
775,19,0,129,8.31783,0.319917,1453.64,6.05685,0.807692
775,20,0,129,4.66667,0.179487,729.457,3.03941,0.769231
775,21,0,129,2.83721,0.109123,1047.29,4.3637,0.769231
775,22,0,129,8.55814,0.329159,1895.35,7.89729,0.769231
775,23,0,129,6.31008,0.242695,791.318,3.29716,0.769231
775,0,1,52,5.86538,0.225592,4571.92,19.0497,0.884615
775,1,1,52,20.4423,0.786243,4488.85,18.7035,1
775,2,1,52,18.1346,0.697485,4269.62,17.7901,1
775,3,1,52,18.3462,0.705621,4416.54,18.4022,1
775,4,1,52,19.0385,0.732249,4408.85,18.3702,1
775,5,1,52,18.6154,0.715976,4410,18.375,1
775,6,1,52,17.9423,0.690089,3835.38,15.9808,1
775,7,1,52,16.2692,0.62574,3817.69,15.9071,1
775,8,1,52,15.6154,0.600592,3521.92,14.6747,0.961538
775,9,1,52,14.7308,0.566568,3521.92,14.6747,0.846154
775,10,1,52,14.7885,0.568787,3340,13.9167,0.884615
775,11,1,52,13.9038,0.534763,2893.46,12.0561,0.884615
775,12,1,52,12.7692,0.491124,2934.62,12.2276,0.884615
775,13,1,52,13.8654,0.533284,3248.46,13.5353,0.884615
775,14,1,52,13.9615,0.536982,3231.92,13.4663,0.846154
775,15,1,52,14.5385,0.559172,3103.46,12.9311,0.884615
775,16,1,52,12.6538,0.486686,2411.92,10.0497,0.846154
775,17,1,52,10.75,0.413462,2186.15,9.10897,0.846154
775,18,1,52,11.1538,0.428994,2185,9.10417,0.846154
775,19,1,52,9.76923,0.37574,2069.23,8.62179,0.884615
775,20,1,52,8.09615,0.311391,1783.46,7.43109,0.884615
775,21,1,52,7.63462,0.293639,1840.38,7.66827,0.884615
775,22,1,52,9.67308,0.372041,2105,8.77083,1
775,23,1,52,8.76923,0.337278,1893.46,7.88942,0.884615
777,0,0,129,32.9767,0.272535,2456.61,17.7003,0.68595
777,1,0,129,28.0543,0.231853,2118.43,16.5006,0.644628
777,2,0,129,26.7674,0.221219,2025.3,16.0982,0.628099
777,3,0,129,28.9225,0.239029,2015.15,16.0239,0.669421
777,4,0,129,26.8837,0.22218,2067.23,16.2177,0.652893
777,5,0,129,27.5116,0.227369,1991.4,15.9205,0.644628
777,6,0,129,27,0.22314,2155.85,16.5136,0.636364
777,7,0,129,27.9225,0.230764,2243.99,16.0749,0.644628
777,8,0,129,26.5426,0.219361,2414.02,15.1641,0.644628
777,9,0,129,25.4961,0.210712,2395.16,14.2112,0.61157
777,10,0,129,23.7481,0.196265,1980.57,11.8366,0.578512
777,11,0,129,22.3101,0.184381,1856.3,11.2429,0.595041
777,12,0,129,25.6899,0.212313,4192.48,20.9419,0.644628
777,13,0,129,35.5891,0.294125,4223.84,21.0342,0.619835
777,14,0,129,26.3333,0.217631,2327.17,13.0995,0.619835
777,15,0,129,21.8682,0.180729,2284.33,12.8921,0.586777
777,16,0,129,24.3023,0.200846,3000.32,15.8999,0.661157
777,17,0,129,30.4729,0.251842,3369.61,17.4593,0.661157
777,18,0,129,28.4884,0.235441,3304.91,17.8708,0.61157
777,19,0,129,30.5039,0.252098,3505.7,20.0853,0.619835
777,20,0,129,33.3333,0.275482,3812.82,22.5891,0.619835
777,21,0,129,34.2326,0.282914,3896.42,23.3721,0.669421
777,22,0,129,34.2636,0.28317,3736.03,22.8424,0.619835
777,23,0,129,34.1705,0.282401,3357.56,21.3928,0.636364
777,0,1,52,33.1923,0.274317,2736.79,19.2788,0.603306
777,1,1,52,30.4038,0.251271,2370.74,17.875,0.603306
777,2,1,52,25.6538,0.212015,2262.37,17.3301,0.595041
777,3,1,52,24.6923,0.204069,2225.27,17.2035,0.595041
777,4,1,52,27.8462,0.230134,2146.75,16.8686,0.595041
777,5,1,52,26.9615,0.222823,2177.8,17.1442,0.669421
777,6,1,52,30.0769,0.24857,2361.54,17.8413,0.636364
777,7,1,52,29.9615,0.247616,2336.64,17.4311,0.68595
777,8,1,52,31.1923,0.257788,2426.69,17.3333,0.68595
777,9,1,52,26.3654,0.217896,2331.75,16.6795,0.561983
777,10,1,52,21.6154,0.17864,1964.75,14.3926,0.561983
777,11,1,52,23.0962,0.190877,1897.93,13.7019,0.644628
777,12,1,52,24.7692,0.204704,3454.17,19.8782,0.628099
777,13,1,52,32.6538,0.269866,3412.37,19.774,0.603306
777,14,1,52,28.2885,0.233789,2461.48,15.6891,0.603306
777,15,1,52,24.0769,0.198983,2458.07,15.4679,0.578512
777,16,1,52,28.75,0.237603,2913.26,17.391,0.619835
777,17,1,52,30.7885,0.25445,3689.92,20.4311,0.595041
777,18,1,52,30.3077,0.250477,3222.28,18.7564,0.595041
777,19,1,52,30.75,0.254132,3281.77,19.6811,0.603306
777,20,1,52,32.1154,0.265416,3720.4,22.0112,0.586777
777,21,1,52,34.4423,0.284647,3394.62,20.7067,0.619835
777,22,1,52,31.8942,0.263589,3234.33,20.2115,0.619835
777,23,1,52,31.0192,0.256357,3007.42,19.5337,0.636364
781,0,0,129,10.1589,0.290255,359.613,9.68475,0.657143
781,1,0,129,10.8217,0.309192,436.419,10.2448,0.514286
781,2,0,129,11.0775,0.316501,461.433,10.3475,0.514286
781,3,0,129,11.1473,0.318494,459.426,10.2455,0.514286
781,4,0,129,11.0775,0.316501,446.593,10.1014,0.514286
781,5,0,129,11.0775,0.316501,433.084,9.93992,0.514286
781,6,0,129,10.6589,0.30454,409.83,9.58721,0.514286
781,7,0,129,9.96124,0.284607,380.822,8.42571,0.457143
781,8,0,129,8.51163,0.243189,379.153,8.25323,0.457143
781,9,0,129,10.8915,0.311185,408.368,10.5924,0.685714
781,10,0,129,11.9535,0.341528,433.262,10.8495,0.542857
781,11,0,129,11.8527,0.338649,444.203,10.8553,0.542857
781,12,0,129,12.1628,0.347508,472.663,11.1072,0.714286
781,13,0,129,11.6783,0.333666,426.641,10.2733,0.542857
781,14,0,129,10.6357,0.303876,318.8,9.31783,0.485714
781,15,0,129,9.73643,0.278184,268.615,8.68088,0.457143
781,16,0,129,9.57364,0.273533,297.596,8.84884,0.457143
781,17,0,129,9.83333,0.280952,339.049,9.13566,0.485714
781,18,0,129,9.94574,0.284164,305.415,8.39535,0.571429
781,19,0,129,8.15504,0.233001,215.951,7.20155,0.457143
781,20,0,129,7.66667,0.219048,189.274,7.19121,0.428571
781,21,0,129,7.93023,0.226578,175.107,7.56912,0.428571
781,22,0,129,8.44961,0.241418,184.257,8.05814,0.428571
781,23,0,129,9.33333,0.266667,273.319,9.12855,0.485714
781,0,1,52,10.8269,0.309341,362.699,10.5641,0.542857
781,1,1,52,11.3846,0.325275,423.92,11.0272,0.514286
781,2,1,52,11.8654,0.339011,430.641,11.1362,0.6
781,3,1,52,11.75,0.335714,429.859,10.9263,0.571429
781,4,1,52,11.4231,0.326374,404.705,10.6394,0.514286
781,5,1,52,11.4231,0.326374,405.274,10.5897,0.514286
781,6,1,52,11.3654,0.324725,391.838,10.4054,0.514286
781,7,1,52,10.9231,0.312088,378.327,9.88301,0.514286
781,8,1,52,10.1538,0.29011,364.976,9.28526,0.485714
781,9,1,52,9.84615,0.281319,353.628,9.23558,0.514286
781,10,1,52,10.2692,0.293407,369.484,9.40545,0.542857
781,11,1,52,10.2308,0.292308,387.671,9.15545,0.542857
781,12,1,52,9.69231,0.276923,415.686,8.93429,0.514286
781,13,1,52,9.53846,0.272527,351.223,8.46635,0.514286
781,14,1,52,9.30769,0.265934,329.564,8.25321,0.542857
781,15,1,52,8.65385,0.247253,310.944,7.95032,0.514286
781,16,1,52,8.51923,0.243407,294.045,7.86058,0.485714
781,17,1,52,8.5,0.242857,284.372,7.72276,0.542857
781,18,1,52,8.30769,0.237363,266.008,7.39103,0.485714
781,19,1,52,7.82692,0.223626,194.33,6.97276,0.428571
781,20,1,52,7.42308,0.212088,156.88,6.92628,0.428571
781,21,1,52,7.65385,0.218681,155.663,7.24359,0.428571
781,22,1,52,8.22115,0.23489,187.936,7.89263,0.428571
781,23,1,52,9.11538,0.26044,273.729,9.08333,0.485714
783,0,0,129,5.0969,0.212371,7.92248,1.13178,0.375
783,1,0,129,5.18605,0.216085,7.90891,1.12984,0.375
783,2,0,129,5.12403,0.213501,7.62403,1.08915,0.375
783,3,0,129,5.13178,0.213824,7.65568,1.09367,0.375
783,4,0,129,5.12403,0.213501,7.64212,1.09173,0.375
783,5,0,129,5.10078,0.212532,7.58333,1.08333,0.375
783,6,0,129,5.13178,0.213824,7.53359,1.07623,0.375
783,7,0,129,5.05426,0.210594,6.84173,0.97739,0.375
783,8,0,129,4.94574,0.206072,7.30297,1.04328,0.333333
783,9,0,129,5.31008,0.221253,10.197,1.45672,0.375
783,10,0,129,5.65891,0.235788,11.3366,1.61951,0.458333
783,11,0,129,5.70543,0.237726,11.5039,1.64341,0.458333
783,12,0,129,5.67442,0.236434,10.7578,1.53682,0.458333
783,13,0,129,5.47287,0.228036,9.85788,1.40827,0.375
783,14,0,129,5.41085,0.225452,8.86305,1.26615,0.375
783,15,0,129,5.22481,0.2177,8.03553,1.14793,0.375
783,16,0,129,5.14729,0.21447,7.48385,1.06912,0.416667
783,17,0,129,4.9845,0.207687,6.73773,0.962532,0.333333
783,18,0,129,5,0.208333,7.15827,1.02261,0.333333
783,19,0,129,4.9845,0.207687,6.60207,0.943152,0.333333
783,20,0,129,4.97674,0.207364,6.85078,0.978682,0.333333
783,21,0,129,4.97674,0.207364,6.88243,0.983204,0.375
783,22,0,129,5.03876,0.209948,7.42959,1.06137,0.375
783,23,0,129,5.18605,0.216085,7.91344,1.13049,0.375
783,0,1,52,5.11538,0.213141,6.88782,0.983974,0.333333
783,1,1,52,5.07692,0.211538,7.06731,1.00962,0.333333
783,2,1,52,5.13462,0.213942,7.20192,1.02885,0.333333
783,3,1,52,5.09615,0.21234,6.94391,0.991987,0.333333
783,4,1,52,5.13462,0.213942,7.20192,1.02885,0.333333
783,5,1,52,5.19231,0.216346,7.4375,1.0625,0.333333
783,6,1,52,5.11538,0.213141,7.16827,1.02404,0.333333
783,7,1,52,5.09615,0.21234,6.97756,0.996795,0.333333
783,8,1,52,5,0.208333,6.16987,0.88141,0.333333
783,9,1,52,5,0.208333,6.98878,0.998397,0.333333
783,10,1,52,5.34615,0.222756,8.21154,1.17308,0.375
783,11,1,52,5.26923,0.219551,8.16667,1.16667,0.375
783,12,1,52,5.21154,0.217147,7.51603,1.07372,0.375
783,13,1,52,5.30769,0.221154,7.93109,1.13301,0.333333
783,14,1,52,5.21154,0.217147,6.73077,0.961538,0.333333
783,15,1,52,5.13462,0.213942,5.60897,0.801282,0.333333
783,16,1,52,4.86538,0.202724,4.64423,0.663462,0.333333
783,17,1,52,4.78846,0.199519,4.65545,0.665064,0.333333
783,18,1,52,4.98077,0.207532,5.5641,0.794872,0.333333
783,19,1,52,5.01923,0.209135,5.38462,0.769231,0.333333
783,20,1,52,5.01923,0.209135,6.02404,0.860577,0.333333
783,21,1,52,5.07692,0.211538,6.04647,0.863782,0.333333
783,22,1,52,5.07692,0.211538,6.32692,0.903846,0.333333
783,23,1,52,5.13462,0.213942,6.75321,0.964744,0.333333
790,0,0,129,15.2171,0.475533,18.314,3.39858,1
790,1,0,129,14.969,0.467781,18.4383,3.41925,0.78125
790,2,0,129,14.9612,0.467539,18.479,3.43411,0.78125
790,3,0,129,14.969,0.467781,18.2574,3.39018,0.78125
790,4,0,129,14.8295,0.463421,18.3524,3.40698,0.78125
790,5,0,129,15.1163,0.472384,18.2303,3.38372,0.78125
790,6,0,129,15.0078,0.468992,18.0924,3.36176,0.78125
790,7,0,129,15.0233,0.469477,15.9603,2.94703,0.78125
790,8,0,129,13.8527,0.432897,8.72061,1.71576,0.71875
790,9,0,129,13.0698,0.40843,5.57332,1.21899,0.65625
790,10,0,129,12.6822,0.396318,4.94703,1.14406,1
790,11,0,129,12.5039,0.390746,5.0646,1.18734,0.6875
790,12,0,129,12.8682,0.402132,5.81977,1.34238,0.6875
790,13,0,129,13.124,0.410126,6.27422,1.4593,1
790,14,0,129,12.6899,0.39656,5.79264,1.38049,0.65625
790,15,0,129,12.9845,0.405766,5.79716,1.37855,0.6875
790,16,0,129,12.9302,0.40407,5.33366,1.24677,0.65625
790,17,0,129,13.155,0.411095,6.44154,1.45284,0.65625
790,18,0,129,13.4419,0.420058,10.2875,2.11886,0.6875
790,19,0,129,14.2558,0.445494,13.9254,2.81654,0.75
790,20,0,129,14.6357,0.457364,16.9641,3.27713,0.78125
790,21,0,129,15.0233,0.469477,19.7045,3.63824,0.75
790,22,0,129,15.5116,0.484738,20.2878,3.71512,0.78125
790,23,0,129,15.2558,0.476744,19.6118,3.58592,0.78125
790,0,1,52,15.1923,0.47476,18.4423,3.27244,0.75
790,1,1,52,15,0.46875,18.4816,3.26923,0.75
790,2,1,52,15.4423,0.482572,18.145,3.20673,0.75
790,3,1,52,15,0.46875,18.4928,3.26122,0.78125
790,4,1,52,15.0385,0.469952,18.3245,3.22596,0.78125
790,5,1,52,14.9038,0.465745,18.4535,3.2484,0.78125
790,6,1,52,15,0.46875,18.2123,3.21635,0.78125
790,7,1,52,14.9038,0.465745,16.9391,3.02885,0.75
790,8,1,52,14.5962,0.45613,15.6098,2.8141,0.75
790,9,1,52,14.4038,0.45012,14.2075,2.60577,0.71875
790,10,1,52,14.5385,0.454327,12.9792,2.42628,0.6875
790,11,1,52,14.3846,0.449519,13.1194,2.4391,0.71875
790,12,1,52,14.2115,0.444111,12.609,2.38462,0.71875
790,13,1,52,14.2692,0.445913,12.4183,2.38622,0.71875
790,14,1,52,14.1346,0.441707,11.9303,2.33333,0.71875
790,15,1,52,14.5,0.453125,11.476,2.25641,0.6875
790,16,1,52,14.3077,0.447115,11.5994,2.3125,0.6875
790,17,1,52,14.2885,0.446514,11.5096,2.28526,0.6875
790,18,1,52,14.2308,0.444712,12.6707,2.51282,0.6875
790,19,1,52,14.5192,0.453726,14.0729,2.74038,0.6875
790,20,1,52,14.6154,0.456731,14.2692,2.74679,0.71875
790,21,1,52,14.4808,0.452524,14.5216,2.71955,0.75
790,22,1,52,15.25,0.476562,15.4583,2.84135,1
790,23,1,52,14.8654,0.464543,15.4583,2.8141,0.75
792,0,0,129,2.73643,0.456072,18.2326,2.60465,1
792,1,0,129,2.71318,0.452196,18.3094,2.61563,0.833333
792,2,0,129,2.72868,0.45478,18.3637,2.62339,0.833333
792,3,0,129,2.66667,0.444444,18.0381,2.57687,0.833333
792,4,0,129,2.66667,0.444444,18.0019,2.57171,0.833333
792,5,0,129,2.66667,0.444444,17.7442,2.53488,0.833333
792,6,0,129,2.68992,0.44832,17.9386,2.56266,0.833333
792,7,0,129,2.65891,0.443152,17.0116,2.43023,0.833333
792,8,0,129,2.32558,0.387597,15.0988,2.15698,0.833333
792,9,0,129,2.27907,0.379845,14.1176,2.0168,0.833333
792,10,0,129,2.03101,0.338501,13.3353,1.90504,1
792,11,0,129,2.0155,0.335917,13.6428,1.94897,0.833333
792,12,0,129,2.11628,0.352713,14.8094,2.11563,0.833333
792,13,0,129,2.39535,0.399225,16.0168,2.28811,1
792,14,0,129,2.4186,0.403101,16.0439,2.29199,0.833333
792,15,0,129,2.39535,0.399225,15.5601,2.22287,0.833333
792,16,0,129,2.26357,0.377261,14.7597,2.10853,0.833333
792,17,0,129,2.20155,0.366925,14.2758,2.03941,1
792,18,0,129,2.18605,0.364341,14.2623,2.03747,0.833333
792,19,0,129,2.1938,0.365633,14.8818,2.12597,0.833333
792,20,0,129,2.5814,0.430233,17.6718,2.52455,1
792,21,0,129,2.60465,0.434109,16.6634,2.38049,1
792,22,0,129,2.35659,0.392765,16.7855,2.39793,0.833333
792,23,0,129,2.75969,0.459948,18.5988,2.65698,1
792,0,1,52,3.01923,0.503205,20.1587,2.87981,1
792,1,1,52,3.11538,0.519231,20.2821,2.89744,1
792,2,1,52,3.01923,0.503205,19.8782,2.83974,1
792,3,1,52,2.98077,0.496795,20.1923,2.88462,1
792,4,1,52,2.96154,0.49359,20.0016,2.85737,1
792,5,1,52,3,0.5,20.1026,2.87179,1
792,6,1,52,2.96154,0.49359,19.609,2.80128,1
792,7,1,52,2.92308,0.487179,19.4295,2.77564,1
792,8,1,52,2.82692,0.471154,17.8702,2.55288,1
792,9,1,52,2.55769,0.426282,16.5913,2.37019,1
792,10,1,52,2.11538,0.352564,13.9663,1.99519,0.833333
792,11,1,52,2.13462,0.355769,14.1683,2.02404,0.666667
792,12,1,52,2.28846,0.38141,15.3574,2.19391,0.833333
792,13,1,52,2.42308,0.403846,15.8734,2.26763,0.833333
792,14,1,52,2.48077,0.413462,16.1987,2.3141,0.833333
792,15,1,52,2.38462,0.397436,15.5817,2.22596,0.833333
792,16,1,52,2.34615,0.391026,15.492,2.21314,0.833333
792,17,1,52,2.32692,0.387821,14.9872,2.14103,0.666667
792,18,1,52,2.38462,0.397436,16.3446,2.33494,0.666667
792,19,1,52,2.51923,0.419872,16.4904,2.35577,0.666667
792,20,1,52,2.71154,0.451923,18.3638,2.6234,0.833333
792,21,1,52,2.75,0.458333,16.8494,2.40705,0.833333
792,22,1,52,2.48077,0.413462,17.2756,2.46795,1
792,23,1,52,2.80769,0.467949,18.0609,2.58013,1
795,0,0,129,52.0698,0.510488,384.97,48.5523,0.980392
795,1,0,129,52.2791,0.51254,383.974,48.522,0.696078
795,2,0,129,52.124,0.51102,384.61,48.6441,0.696078
795,3,0,129,52.0775,0.510564,380.493,48.1318,0.696078
795,4,0,129,52.1938,0.511704,379.967,48.1021,0.696078
795,5,0,129,52.1318,0.511096,378.424,47.8928,0.696078
795,6,0,129,52.1085,0.510868,371.287,47.0058,0.696078
795,7,0,129,47.7752,0.468384,307.291,38.9929,0.676471
795,8,0,129,37.031,0.363049,237.616,29.9658,0.558824
795,9,0,129,31.3256,0.307114,208.795,26.3682,0.558824
795,10,0,129,30.1938,0.296018,195.311,24.666,1
795,11,0,129,28.2713,0.27717,189.276,23.9548,0.558824
795,12,0,129,28.155,0.27603,192.544,24.3805,0.558824
795,13,0,129,29.2636,0.286898,191.879,24.3101,1
795,14,0,129,27.9457,0.273978,182.145,23.3702,0.558824
795,15,0,129,27.0078,0.264782,180.045,23.2726,0.558824
795,16,0,129,27.5039,0.269646,187.446,24.2571,0.627451
795,17,0,129,28.8217,0.282566,200.649,25.9632,0.627451
795,18,0,129,31.907,0.312814,233.866,30.522,0.558824
795,19,0,129,37.9922,0.372473,286.271,37.6118,0.558824
795,20,0,129,44.9922,0.4411,328.935,43.1208,0.705882
795,21,0,129,49.3953,0.484268,364.517,46.8773,0.686275
795,22,0,129,52.1008,0.510792,381.118,48.5323,0.696078
795,23,0,129,52.876,0.518392,388.43,49.2946,0.696078
795,0,1,52,52.2692,0.512443,395.111,49.5673,0.627451
795,1,1,52,53.25,0.522059,395.157,49.5753,0.627451
795,2,1,52,53.1538,0.521116,393.918,49.5224,0.627451
795,3,1,52,53.0385,0.519985,392.772,49.4455,0.627451
795,4,1,52,52.9423,0.519042,392.079,49.3638,0.627451
795,5,1,52,52.5769,0.51546,389.913,49.0849,0.627451
795,6,1,52,52.6538,0.516214,387.119,48.7372,0.627451
795,7,1,52,51.6346,0.506222,366.649,46.2324,0.627451
795,8,1,52,47.9038,0.469646,341.457,43.0353,0.607843
795,9,1,52,44.9231,0.440422,313.42,39.5657,0.578431
795,10,1,52,41.4231,0.406109,295.617,37.0913,0.54902
795,11,1,52,40,0.392157,285.434,36.0529,0.529412
795,12,1,52,39.9808,0.391968,283.49,36.2516,0.529412
795,13,1,52,40.0769,0.392911,282.582,36.4087,0.529412
795,14,1,52,39.4423,0.386689,274.913,35.5321,0.539216
795,15,1,52,38.7115,0.379525,268.763,34.8558,0.529412
795,16,1,52,38.4615,0.377074,271.997,35.3878,0.529412
795,17,1,52,40.2692,0.394796,285.042,37.0096,0.529412
795,18,1,52,42,0.411765,307.09,39.7388,0.539216
795,19,1,52,44.6538,0.437783,328.688,42.5144,0.588235
795,20,1,52,47.7692,0.468326,347.596,44.5962,0.617647
795,21,1,52,49.0962,0.481335,360.655,45.7564,0.637255
795,22,1,52,50.5962,0.496041,368.271,46.375,0.931373
795,23,1,52,50.7308,0.49736,373.796,46.8446,0.617647
799,0,0,129,34.2636,0.412814,217.705,31.7694,1
799,1,0,129,33.907,0.408518,218.82,31.9302,0.542169
799,2,0,129,33.9767,0.409358,220.098,32.1273,0.542169
799,3,0,129,34.1705,0.411693,220.014,32.1105,0.53012
799,4,0,129,33.9302,0.408798,219.417,32.0245,0.53012
799,5,0,129,34.0155,0.409825,219.442,32.0239,0.53012
799,6,0,129,33.969,0.409265,217.002,31.6686,0.53012
799,7,0,129,31.6202,0.380966,182.884,26.7261,0.53012
799,8,0,129,23.8217,0.287008,128.29,18.7416,0.493976
799,9,0,129,17.938,0.21612,103.725,15.1796,0.493976
799,10,0,129,16.8217,0.202671,95.1489,13.9335,1
799,11,0,129,15.5736,0.187634,91.8795,13.4742,0.493976
799,12,0,129,15.3256,0.184646,92.4516,13.5704,0.493976
799,13,0,129,16.3256,0.196694,92.6528,13.6176,1
799,14,0,129,15.2636,0.183898,88.4406,13.0103,0.493976
799,15,0,129,14.5039,0.174745,87.1043,12.8146,0.493976
799,16,0,129,15.3643,0.185113,89.1957,13.113,0.566265
799,17,0,129,15.3023,0.184365,93.2972,13.6977,0.566265
799,18,0,129,16.5891,0.199869,108.728,15.9438,0.493976
799,19,0,129,19.9845,0.240777,136.204,20.0342,0.493976
799,20,0,129,24.2326,0.291959,164.414,24.1518,0.493976
799,21,0,129,27.8372,0.335388,188.374,27.5833,0.493976
799,22,0,129,30.9922,0.373401,205.752,30.0568,0.518072
799,23,0,129,32.8992,0.396376,216.383,31.5736,0.518072
799,0,1,52,33,0.39759,215.452,31.4391,0.53012
799,1,1,52,33.4808,0.403383,216.411,31.5865,0.53012
799,2,1,52,33.4231,0.402688,216.204,31.5401,0.53012
799,3,1,52,33.25,0.400602,215.8,31.4904,0.53012
799,4,1,52,33.1154,0.398981,215.429,31.4295,0.53012
799,5,1,52,33.0385,0.398054,214.268,31.266,0.518072
799,6,1,52,32.9038,0.396432,211.784,30.9103,0.518072
799,7,1,52,32.1346,0.387164,202.95,29.617,0.518072
799,8,1,52,30.25,0.364458,186.1,27.1667,0.493976
799,9,1,52,26.8846,0.323911,166.2,24.2644,0.457831
799,10,1,52,24.9423,0.30051,151.526,22.1266,0.39759
799,11,1,52,22.9808,0.276877,143.685,21.0192,0.39759
799,12,1,52,22.5385,0.271548,143.309,20.9888,0.39759
799,13,1,52,22.75,0.274096,142.664,20.9231,0.39759
799,14,1,52,22.2308,0.267841,138.39,20.3029,0.409639
799,15,1,52,22,0.26506,134.604,19.7772,0.39759
799,16,1,52,21.6346,0.260658,135.064,19.8349,0.39759
799,17,1,52,21.1923,0.255329,136.96,20.1122,0.39759
799,18,1,52,22.7308,0.273865,147.208,21.6138,0.39759
799,19,1,52,24.4808,0.294949,161.696,23.7676,0.39759
799,20,1,52,27.2885,0.328777,175.881,25.8333,0.421687
799,21,1,52,28.75,0.346386,186.005,27.2708,0.457831
799,22,1,52,31.0192,0.373726,195.686,28.6506,1
799,23,1,52,31.7692,0.382762,205.008,29.9551,0.46988
802,0,0,129,14.8837,0.256616,96.0103,13.7158,1
802,1,0,129,14.062,0.242449,94.812,13.5446,0.396552
802,2,0,129,14.093,0.242983,95.2145,13.6021,0.396552
802,3,0,129,14.2248,0.245255,94.8889,13.5556,0.396552
802,4,0,129,14.0388,0.242048,94.396,13.4851,0.396552
802,5,0,129,14.0465,0.242181,94.301,13.4716,0.396552
802,6,0,129,14,0.241379,95.5943,13.6563,0.396552
802,7,0,129,13.6357,0.235098,92.0491,13.1499,0.413793
802,8,0,129,15.8217,0.272788,147.615,21.0879,0.465517
802,9,0,129,24.8062,0.427693,171.771,24.5388,0.637931
802,10,0,129,25.3178,0.436514,170.333,24.3333,1
802,11,0,129,24.6899,0.425688,167.806,23.9722,0.568965
802,12,0,129,24.5271,0.422882,166.056,23.7222,0.603448
802,13,0,129,24.093,0.415397,163.356,23.3366,1
802,14,0,129,24.1628,0.4166,165.64,23.6628,0.706897
802,15,0,129,23.969,0.413258,163.053,23.2933,0.568965
802,16,0,129,24.0698,0.414996,160.276,22.8966,0.844828
802,17,0,129,23.5039,0.405239,151.056,21.5795,0.827586
802,18,0,129,19.155,0.330259,122.107,17.4438,0.5
802,19,0,129,16.9612,0.292435,111.484,15.9264,0.482759
802,20,0,129,15.5039,0.267308,101.794,14.542,0.465517
802,21,0,129,14.4109,0.248463,97.186,13.8837,0.448276
802,22,0,129,14.186,0.244587,95.5807,13.6544,0.396552
802,23,0,129,13.9535,0.240577,94.4096,13.4871,0.396552
802,0,1,52,14.5192,0.250332,100.187,14.3125,0.396552
802,1,1,52,14.5577,0.250995,98.9872,14.141,0.396552
802,2,1,52,14.2885,0.246353,98.3141,14.0449,0.396552
802,3,1,52,14.2115,0.245027,98.5048,14.0721,0.396552
802,4,1,52,14.2692,0.246021,98.7853,14.1122,0.396552
802,5,1,52,14.3654,0.247679,98.7853,14.1122,0.396552
802,6,1,52,14.3462,0.247347,98.7853,14.1122,0.396552
802,7,1,52,14.3654,0.247679,98.9872,14.141,0.413793
802,8,1,52,15.0192,0.258952,114.502,16.3574,0.431034
802,9,1,52,18.2692,0.314987,128.748,18.3926,0.534483
802,10,1,52,19.0962,0.329244,128.995,18.4279,0.534483
802,11,1,52,18.1538,0.312997,121.614,17.3734,0.517241
802,12,1,52,17.8077,0.307029,119.796,17.1138,0.482759
802,13,1,52,17.25,0.297414,116.431,16.633,0.465517
802,14,1,52,16.9808,0.292772,114.064,16.2949,0.465517
802,15,1,52,16.7885,0.289456,113.38,16.1971,0.465517
802,16,1,52,16.1923,0.279178,111.832,15.976,0.465517
802,17,1,52,16.2115,0.279509,109.117,15.5881,0.465517
802,18,1,52,14.9231,0.257294,98.0449,14.0064,0.413793
802,19,1,52,13.8846,0.23939,92.8061,13.258,0.37931
802,20,1,52,13.5962,0.234416,94.3317,13.476,0.362069
802,21,1,52,13.8654,0.239058,97.5962,13.9423,0.413793
802,22,1,52,15.3269,0.264257,100.973,14.4247,1
802,23,1,52,14.9423,0.257626,103.373,14.7676,0.396552
804,0,0,129,6.94574,0.147782,382.575,5.49031,0.276596
804,1,0,129,7.27907,0.154874,396.568,5.66408,0.255319
804,2,0,129,7.31783,0.155698,403.361,5.73579,0.255319
804,3,0,129,7.43411,0.158173,419.911,5.88372,0.255319
804,4,0,129,7.49612,0.159492,425.066,5.92829,0.255319
804,5,0,129,7.55039,0.160647,426.05,5.94897,0.297872
804,6,0,129,7.51938,0.159987,423.12,5.93282,0.255319
804,7,0,129,7.34884,0.156358,385.495,5.55556,0.276596
804,8,0,129,6.7907,0.144483,368.525,5.10078,0.276596
804,9,0,129,7.19767,0.153142,383.104,5.47997,0.276596
804,10,0,129,6.48062,0.137886,274.48,4.31718,0.234043
804,11,0,129,5.94961,0.126587,229.564,3.90698,0.234043
804,12,0,129,5.6124,0.119413,309.932,4.6124,0.234043
804,13,0,129,6.43023,0.136813,307.583,4.62791,0.255319
804,14,0,129,5.72093,0.121722,211.382,3.63889,0.255319
804,15,0,129,5.09302,0.108362,197.133,3.35013,0.234043
804,16,0,129,4.77519,0.1016,165.377,3.04134,0.212766
804,17,0,129,4.50775,0.0959096,130.176,2.84561,0.234043
804,18,0,129,4.55039,0.0968168,146.57,2.89276,0.212766
804,19,0,129,4.65116,0.0989609,198.662,3.43475,0.255319
804,20,0,129,5.34884,0.113805,263.278,4.10078,0.212766
804,21,0,129,5.91473,0.125845,259.138,4.10142,0.255319
804,22,0,129,5.72868,0.121887,264.526,4.22804,0.234043
804,23,0,129,6.10078,0.129804,319.055,4.74871,0.255319
804,0,1,52,6.61538,0.140753,367.103,5.63622,0.234043
804,1,1,52,7.36538,0.15671,363.212,5.59615,0.255319
804,2,1,52,7.21154,0.153437,381.683,5.88942,0.255319
804,3,1,52,7.63462,0.162439,411.096,6.11058,0.255319
804,4,1,52,7.69231,0.163666,426.803,6.2484,0.255319
804,5,1,52,7.65385,0.162848,422.497,6.20994,0.255319
804,6,1,52,7.71154,0.164075,419.019,6.17308,0.255319
804,7,1,52,7.63462,0.162439,407.532,6.08013,0.255319
804,8,1,52,7.71154,0.164075,380.63,5.77244,0.276596
804,9,1,52,6.92308,0.1473,343.609,5.39423,0.276596
804,10,1,52,6.63462,0.141162,292.388,4.80609,0.297872
804,11,1,52,6.25,0.132979,244.401,4.38782,0.255319
804,12,1,52,6.05769,0.128887,297.954,4.86538,0.276596
804,13,1,52,6.17308,0.131342,277.051,4.61058,0.255319
804,14,1,52,5.80769,0.123568,225.478,4.20032,0.276596
804,15,1,52,5.71154,0.121522,212.987,3.93429,0.297872
804,16,1,52,5.17308,0.110065,191.362,3.68269,0.212766
804,17,1,52,5,0.106383,171.787,3.59295,0.212766
804,18,1,52,4.98077,0.105974,163.431,3.56731,0.212766
804,19,1,52,5.40385,0.114975,224.388,4.35577,0.234043
804,20,1,52,6.42308,0.136661,277.006,4.92788,0.234043
804,21,1,52,6.61538,0.140753,258.681,4.86058,0.234043
804,22,1,52,6.44231,0.13707,259.716,4.98077,0.212766
804,23,1,52,6.76923,0.144026,284.019,5.29167,0.255319
805,0,0,129,1.37984,0.114987,8.32041,1.18863,1
805,1,0,129,1.20155,0.100129,8.26615,1.18088,0.333333
805,2,0,129,1.21705,0.101421,8.29328,1.18475,0.333333
805,3,0,129,1.22481,0.102067,8.19832,1.17119,0.333333
805,4,0,129,1.20155,0.100129,8.18475,1.16925,0.333333
805,5,0,129,1.21705,0.101421,8.24806,1.17829,0.333333
805,6,0,129,1.22481,0.102067,8.3385,1.19121,0.333333
805,7,0,129,1.22481,0.102067,9.05749,1.29393,0.333333
805,8,0,129,1.85271,0.154393,44.6047,6.37209,0.5
805,9,0,129,9.74419,0.812016,68.1053,9.72933,1
805,10,0,129,9.88372,0.823643,66.8527,9.55039,1
805,11,0,129,9.45736,0.788114,65.27,9.32429,1
805,12,0,129,9.29457,0.774548,62.8191,8.97416,1
805,13,0,129,8.84496,0.73708,60.9154,8.7022,1
805,14,0,129,8.62016,0.718346,60.4858,8.64083,1
805,15,0,129,8.62016,0.718346,58.9257,8.41796,1
805,16,0,129,8.57364,0.71447,57.9173,8.2739,1
805,17,0,129,8.24031,0.686693,53.7255,7.67506,1
805,18,0,129,6.41085,0.534238,33.8424,4.83463,1
805,19,0,129,3.51938,0.293282,19.1912,2.7416,0.75
805,20,0,129,2.09302,0.174419,12.3902,1.77003,0.583333
805,21,0,129,1.29457,0.107881,8.03101,1.14729,0.416667
805,22,0,129,1.06202,0.0885013,7.3301,1.04716,0.333333
805,23,0,129,1.05426,0.0878553,7.35271,1.05039,0.333333
805,0,1,52,1.21154,0.100962,8.73878,1.2484,0.25
805,1,1,52,1.25,0.104167,8.69391,1.24199,0.333333
805,2,1,52,1.23077,0.102564,8.61538,1.23077,0.25
805,3,1,52,1.26923,0.105769,8.64904,1.23558,0.25
805,4,1,52,1.21154,0.100962,8.42468,1.20353,0.25
805,5,1,52,1.23077,0.102564,8.54808,1.22115,0.25
805,6,1,52,1.25,0.104167,8.58173,1.22596,0.25
805,7,1,52,1.25,0.104167,8.59295,1.22756,0.25
805,8,1,52,1.51923,0.126603,16.0865,2.29808,0.416667
805,9,1,52,3.57692,0.298077,27.2708,3.89583,1
805,10,1,52,4.13462,0.344551,29.1891,4.16987,1
805,11,1,52,4.25,0.354167,29.5256,4.21795,0.916667
805,12,1,52,4.17308,0.347756,28.6394,4.09135,0.833333
805,13,1,52,4.03846,0.336538,26.4744,3.78205,0.833333
805,14,1,52,3.84615,0.320513,25.6891,3.66987,0.833333
805,15,1,52,3.61538,0.301282,24.4551,3.49359,0.75
805,16,1,52,3.48077,0.290064,24.4551,3.49359,0.75
805,17,1,52,3.36538,0.280449,23.008,3.28686,0.75
805,18,1,52,2.94231,0.245192,16.6362,2.3766,0.75
805,19,1,52,1.88462,0.157051,12.7324,1.81891,0.5
805,20,1,52,1.71154,0.142628,11.5433,1.64904,0.416667
805,21,1,52,1.53846,0.128205,10.1522,1.45032,0.333333
805,22,1,52,1.61538,0.134615,10.399,1.48558,1
805,23,1,52,1.51923,0.126603,10.6571,1.52244,0.25
809,0,0,129,42.186,0.620383,283.025,40.4322,1
809,1,0,129,42.2868,0.621865,283.491,40.4987,0.794118
809,2,0,129,42.2481,0.621295,284.789,40.6841,0.808824
809,3,0,129,42.2558,0.621409,282.035,40.2907,0.794118
809,4,0,129,41.9302,0.616621,281.587,40.2267,0.794118
809,5,0,129,42.0698,0.618673,280.402,40.0575,0.794118
809,6,0,129,41.9767,0.617305,278.521,39.7888,0.794118
809,7,0,129,40.2093,0.591313,250.888,35.8411,0.764706
809,8,0,129,31.7209,0.466484,184.085,26.2978,0.720588
809,9,0,129,24.3101,0.357501,148.153,21.1647,0.647059
809,10,0,129,21.6822,0.318855,130.413,18.6305,1
809,11,0,129,19.814,0.291382,123.029,17.5756,0.661765
809,12,0,129,19.5969,0.28819,125.376,17.9109,0.661765
809,13,0,129,20.5116,0.301642,127.556,18.2222,1
809,14,0,129,19.5271,0.287164,118.946,16.9922,0.676471
809,15,0,129,17.9612,0.264136,112.692,16.0988,0.676471
809,16,0,129,17.3333,0.254902,112.592,16.0846,0.720588
809,17,0,129,18.1705,0.267214,120.348,17.1925,0.720588
809,18,0,129,20.9845,0.308596,155.533,22.219,0.661765
809,19,0,129,28.1628,0.414159,206.577,29.511,0.676471
809,20,0,129,35.3488,0.519836,246.302,35.186,0.75
809,21,0,129,39.1628,0.575923,266.751,38.1072,0.779412
809,22,0,129,41.4419,0.609439,280.425,40.0607,0.794118
809,23,0,129,42.6202,0.626767,284.843,40.6919,0.794118
809,0,1,52,44,0.647059,295.234,42.1763,0.779412
809,1,1,52,44.0192,0.647342,293.663,41.9519,0.779412
809,2,1,52,43.6538,0.641968,292.026,41.7179,0.779412
809,3,1,52,43.5,0.639706,293.035,41.8622,0.779412
809,4,1,52,43.5385,0.640271,292.542,41.7917,0.779412
809,5,1,52,43.6731,0.642251,291.981,41.7115,0.764706
809,6,1,52,43.3462,0.637443,289.423,41.3462,0.764706
809,7,1,52,42.6731,0.627545,281.38,40.1971,0.764706
809,8,1,52,41.0192,0.603224,261.569,37.367,0.735294
809,9,1,52,37.0962,0.545532,236.822,33.8317,0.735294
809,10,1,52,33.8269,0.497455,217.179,31.0256,0.735294
809,11,1,52,32.1346,0.472568,211.066,30.1522,0.735294
809,12,1,52,31.6538,0.465498,213.982,30.5689,0.735294
809,13,1,52,33.0385,0.48586,217.224,31.0321,0.735294
809,14,1,52,32.4808,0.477658,208.014,29.7163,0.735294
809,15,1,52,30.7308,0.451923,202.708,28.9583,0.735294
809,16,1,52,30.6731,0.451075,201.62,28.8029,0.735294
809,17,1,52,30.9231,0.454751,208.082,29.726,0.735294
809,18,1,52,32.8077,0.482466,228.308,32.6154,0.735294
809,19,1,52,36.5769,0.537896,251.529,35.9327,0.735294
809,20,1,52,38.6731,0.568722,262.556,37.508,0.735294
809,21,1,52,40.9423,0.602093,274.313,39.1875,0.735294
809,22,1,52,42.6154,0.626697,282.479,40.3542,1
809,23,1,52,42.75,0.628676,283.545,40.5064,0.779412
832,0,0,129,20.6899,0.57472,117.659,17.1059,1
832,1,0,129,20.8295,0.578596,119.391,17.3482,0.777778
832,2,0,129,20.907,0.580749,119.965,17.4348,0.777778
832,3,0,129,21,0.583333,119.032,17.2926,0.777778
832,4,0,129,20.9457,0.581826,119.041,17.3017,0.777778
832,5,0,129,20.8992,0.580534,118.864,17.2791,0.777778
832,6,0,129,21.0078,0.583549,118.371,17.2125,0.777778
832,7,0,129,19.2326,0.534238,90.5704,13.1899,0.75
832,8,0,129,13.5814,0.377261,63.3414,9.27519,0.638889
832,9,0,129,11.9225,0.33118,53.5875,7.92119,0.583333
832,10,0,129,11.2868,0.313523,46.9493,6.95607,1
832,11,0,129,10.3023,0.286176,43.7251,6.48062,0.583333
832,12,0,129,9.86047,0.273902,42.8388,6.32817,0.583333
832,13,0,129,10.0853,0.280146,42.0158,6.19832,1
832,14,0,129,9.46512,0.26292,40.5507,5.98385,0.583333
832,15,0,129,9.4186,0.261628,40.3517,5.94767,0.583333
832,16,0,129,9.47287,0.263135,39.6554,5.84496,0.583333
832,17,0,129,9.4031,0.261197,42.6557,6.2739,0.583333
832,18,0,129,10.4419,0.290052,54.3156,7.95607,0.583333
832,19,0,129,13.0233,0.361757,73.2739,10.7552,0.583333
832,20,0,129,15.5194,0.431094,90.125,13.1944,0.722222
832,21,0,129,17.8837,0.49677,103.68,15.1344,0.722222
832,22,0,129,19.5581,0.543282,112.662,16.4005,0.805556
832,23,0,129,20.2636,0.562877,116.235,16.9115,0.805556
832,0,1,52,21.9231,0.608974,126.858,18.4167,0.777778
832,1,1,52,22.1731,0.615919,127.088,18.4583,0.75
832,2,1,52,22.4038,0.622329,127.655,18.5208,0.777778
832,3,1,52,22.3654,0.621261,126.505,18.3686,0.777778
832,4,1,52,22.2115,0.616987,126.785,18.4087,0.777778
832,5,1,52,22.1923,0.616453,126.14,18.3077,0.777778
832,6,1,52,22.1346,0.61485,125.389,18.1811,0.777778
832,7,1,52,21.75,0.604167,117.446,17.0369,0.777778
832,8,1,52,19.5577,0.543269,104.304,15.1635,0.722222
832,9,1,52,17.9423,0.498397,93.6587,13.617,0.722222
832,10,1,52,16.5192,0.458868,84.1683,12.2516,0.666667
832,11,1,52,15.1731,0.421474,78.0433,11.3718,0.638889
832,12,1,52,14.4231,0.400641,75.7268,11.0192,0.611111
832,13,1,52,15,0.416667,74.4816,10.8654,0.638889
832,14,1,52,14.0577,0.390491,70.0112,10.1859,0.583333
832,15,1,52,13.8269,0.384081,67.0048,9.75481,0.583333
832,16,1,52,13.5192,0.375534,64.7332,9.43109,0.583333
832,17,1,52,13.6346,0.378739,69.1811,10.0994,0.583333
832,18,1,52,14.6154,0.405983,77.1963,11.3045,0.611111
832,19,1,52,15.9615,0.443376,90.2764,13.1939,0.638889
832,20,1,52,17.8654,0.496261,101.158,14.7548,0.75
832,21,1,52,19.3654,0.537927,110.026,15.9984,0.75
832,22,1,52,20.6923,0.574786,117.901,17.1122,1
832,23,1,52,21.5577,0.598825,122.421,17.7724,0.777778
842,0,0,129,46.0155,0.511283,296.817,42.4025,1
842,1,0,129,46.2558,0.513953,299.698,42.814,0.633333
842,2,0,129,46.5116,0.516796,299.815,42.8307,0.633333
842,3,0,129,46.4186,0.515762,298.133,42.5904,0.633333
842,4,0,129,46.3953,0.515504,296.858,42.4083,0.633333
842,5,0,129,46.4651,0.516279,296.18,42.3114,0.633333
842,6,0,129,46.4884,0.516537,291.617,41.6596,0.622222
842,7,0,129,43.6899,0.485444,234.102,33.4432,0.6
842,8,0,129,28.4031,0.31559,140.448,20.064,0.488889
842,9,0,129,20.5194,0.227993,100.166,14.3094,0.733333
842,10,0,129,17.4264,0.193626,85.1621,12.166,0.944444
842,11,0,129,15.6899,0.174332,79.1253,11.3036,0.588889
842,12,0,129,16.6744,0.185271,80.1925,11.4561,0.688889
842,13,0,129,16.3643,0.181826,75.7293,10.8185,0.955556
842,14,0,129,14.5194,0.161326,70.3482,10.0497,0.611111
842,15,0,129,13.6899,0.15211,67.4044,9.6292,0.6
842,16,0,129,14.5659,0.161843,69.4167,9.91667,0.844444
842,17,0,129,15.0388,0.167097,79.3831,11.3404,0.844444
842,18,0,129,17.4496,0.193885,117.666,16.8094,0.577778
842,19,0,129,25.5194,0.283549,178.631,25.5187,0.588889
842,20,0,129,34.0388,0.378208,225.361,32.1944,0.577778
842,21,0,129,38.8295,0.431438,253.447,36.2067,0.611111
842,22,0,129,41.8062,0.464513,273.823,39.1176,0.622222
842,23,0,129,44.6822,0.496469,291.391,41.6273,0.688889
842,0,1,52,45.0962,0.501068,302.851,43.2644,0.633333
842,1,1,52,47,0.522222,304.556,43.508,0.633333
842,2,1,52,47.0192,0.522436,302.627,43.2324,0.633333
842,3,1,52,47.2692,0.525214,302.492,43.2131,0.633333
842,4,1,52,47.1731,0.524145,301.314,43.0449,0.633333
842,5,1,52,47.1346,0.523718,299.519,42.7885,0.633333
842,6,1,52,46.9615,0.521795,296.446,42.3494,0.633333
842,7,1,52,45.9038,0.510043,277.106,39.5865,0.622222
842,8,1,52,40.2308,0.447009,234.646,33.5208,0.555556
842,9,1,52,34.9615,0.388462,195.529,27.9327,0.522222
842,10,1,52,30,0.333333,164.365,23.4808,0.688889
842,11,1,52,26.9038,0.298932,152.497,21.7853,0.677778
842,12,1,52,25.8846,0.287607,152.463,21.7804,0.666667
842,13,1,52,26.4231,0.29359,149.457,21.351,0.688889
842,14,1,52,24.7885,0.275427,138.934,19.8478,0.644444
842,15,1,52,23.7115,0.263462,131.138,18.734,0.655556
842,16,1,52,23.4038,0.260043,131.822,18.8317,0.644444
842,17,1,52,23.4423,0.26047,143.994,20.5705,0.388889
842,18,1,52,26.0385,0.289316,173.867,24.8381,0.422222
842,19,1,52,31.7308,0.352564,209.518,29.9311,0.511111
842,20,1,52,35.7885,0.39765,232.671,33.2388,0.511111
842,21,1,52,37.9423,0.421581,247.232,35.3189,0.522222
842,22,1,52,41,0.455556,260.212,37.1731,1
842,23,1,52,42.1731,0.46859,271.317,38.7596,0.611111
844,0,0,129,13.6744,0.207188,7543.18,38.2229,1
844,1,0,129,48.2481,0.731031,8797.11,44.6382,1
844,2,0,129,42.7442,0.647639,7740.78,39.354,0.984848
844,3,0,129,39.0775,0.592084,7358.24,37.4328,0.909091
844,4,0,129,38.7674,0.587385,7343.39,37.3585,0.80303
844,5,0,129,39.2248,0.594315,7385.14,37.5588,0.818182
844,6,0,129,38.8217,0.588208,7394.65,37.5833,0.818182
844,7,0,129,39.062,0.591849,6804.75,34.5142,0.848485
844,8,0,129,30.8992,0.46817,4534.39,23.0097,0.772727
844,9,0,129,17.1628,0.260042,2400.18,12.1906,0.636364
844,10,0,129,12.1473,0.18405,1833.7,9.30233,1
844,11,0,129,11.0465,0.167371,2520.7,12.7642,0.545455
844,12,0,129,21.2636,0.322175,3796.54,19.2339,1
844,13,0,129,19.3721,0.293517,2301.06,11.7048,1
844,14,0,129,10.1318,0.153512,1287.05,6.573,1
844,15,0,129,9.58915,0.14529,1586.82,8.05814,0.545455
844,16,0,129,14.155,0.21447,2874.08,14.5032,1
844,17,0,129,20.2481,0.306789,3323.05,16.7442,1
844,18,0,129,17.7752,0.269321,2298.11,11.573,0.575758
844,19,0,129,11.876,0.179939,1163.64,5.86499,0.560606
844,20,0,129,8.30233,0.125793,1088.11,5.46641,0.393939
844,21,0,129,12.124,0.183697,1027.57,5.16344,0.393939
844,22,0,129,7.60465,0.115222,542.3,2.72158,0.318182
844,23,0,129,6.91473,0.104769,471.318,2.36822,0.318182
844,0,1,52,14.1731,0.214744,7392.76,37.4663,0.863636
844,1,1,52,45,0.681818,8227.31,41.7564,1
844,2,1,52,39.2115,0.594114,7164.81,36.4311,0.969697
844,3,1,52,36.25,0.549242,6985.9,35.5321,0.893939
844,4,1,52,36.6346,0.55507,6973.59,35.4647,0.772727
844,5,1,52,37.3269,0.565559,7022.05,35.7051,0.80303
844,6,1,52,35.9423,0.54458,6958.85,35.3654,0.878788
844,7,1,52,36.6154,0.554779,6491.67,32.9135,0.893939
844,8,1,52,28.9808,0.439103,4466.35,22.6554,0.772727
844,9,1,52,16.9615,0.256993,2443.85,12.4551,0.818182
844,10,1,52,10.8269,0.164044,1815.19,9.24199,0.727273
844,11,1,52,11.5192,0.174534,2748.78,13.9022,0.727273
844,12,1,52,20.6923,0.31352,3904.17,19.7228,0.787879
844,13,1,52,18.6731,0.282925,2385.26,12.0994,0.818182
844,14,1,52,9.13462,0.138403,1340,6.8141,0.666667
844,15,1,52,9.88462,0.149767,1782.88,9.05929,0.606061
844,16,1,52,13.6154,0.206294,3016.99,15.2452,0.590909
844,17,1,52,19.1538,0.29021,3600.45,18.117,0.606061
844,18,1,52,19.0577,0.288753,2518.14,12.6939,0.69697
844,19,1,52,11.7885,0.178613,1202.63,6.07853,0.560606
844,20,1,52,8.07692,0.122378,1177.95,5.94551,0.424242
844,21,1,52,12.0962,0.183275,1053.72,5.30769,0.469697
844,22,1,52,8.67308,0.13141,560.962,2.83494,1
844,23,1,52,6.53846,0.0990676,500,2.52564,0.30303
848,0,0,129,3.30233,0.275194,7.35724,1.05103,1
848,1,0,129,3.18605,0.265504,7.09496,1.01357,0.5
848,2,0,129,3.18605,0.265504,6.78295,0.968992,0.5
848,3,0,129,3.13178,0.260982,6.58398,0.940568,0.5
848,4,0,129,3.11628,0.25969,6.50711,0.929587,0.5
848,5,0,129,3.09302,0.257752,5.91925,0.845607,0.5
848,6,0,129,2.94574,0.245478,5.12791,0.732558,0.5
848,7,0,129,2.88372,0.24031,5.63437,0.80491,0.5
848,8,0,129,3.44961,0.287468,24.4729,3.49612,0.666667
848,9,0,129,7.11628,0.593023,34.0775,4.86822,0.916667
848,10,0,129,7.04651,0.587209,32.7119,4.67313,1
848,11,0,129,6.77519,0.564599,30.7901,4.39858,1
848,12,0,129,6.35659,0.529716,25.4994,3.64276,0.916667
848,13,0,129,5.82946,0.485788,25.4903,3.64147,1
848,14,0,129,5.84496,0.48708,25.7526,3.67894,0.833333
848,15,0,129,5.85271,0.487726,25.1919,3.59884,0.833333
848,16,0,129,5.75969,0.479974,24.5,3.5,0.833333
848,17,0,129,5.72868,0.47739,22.1214,3.16021,0.833333
848,18,0,129,4.49612,0.374677,11.6576,1.66537,0.75
848,19,0,129,3.51938,0.293282,8.50581,1.21512,0.583333
848,20,0,129,3.5969,0.299742,8.94444,1.27778,0.583333
848,21,0,129,3.43411,0.286176,8.18928,1.1699,0.5
848,22,0,129,3.4186,0.284884,8.34755,1.19251,0.5
848,23,0,129,3.4031,0.283592,8.03101,1.14729,0.5
848,0,1,52,3.53846,0.294872,8.63782,1.23397,0.5
848,1,1,52,3.51923,0.293269,8.79487,1.25641,0.5
848,2,1,52,3.55769,0.296474,8.78365,1.25481,0.5
848,3,1,52,3.57692,0.298077,8.82853,1.26122,0.5
848,4,1,52,3.53846,0.294872,8.68269,1.24038,0.5
848,5,1,52,3.46154,0.288462,8.21154,1.17308,0.5
848,6,1,52,3.30769,0.275641,7.05609,1.00801,0.5
848,7,1,52,3.26923,0.272436,6.92147,0.988782,0.5
848,8,1,52,3.5,0.291667,12.5641,1.79487,0.5
848,9,1,52,4.40385,0.366987,16.0192,2.28846,0.833333
848,10,1,52,4.65385,0.387821,16.0978,2.29968,0.833333
848,11,1,52,4.42308,0.36859,15.2452,2.17788,0.833333
848,12,1,52,4.57692,0.38141,12.6314,1.80449,0.833333
848,13,1,52,4.07692,0.339744,12.6987,1.8141,0.666667
848,14,1,52,4.21154,0.350962,12.8221,1.83173,0.666667
848,15,1,52,4.09615,0.341346,12.5865,1.79808,0.666667
848,16,1,52,4.11538,0.342949,12.1603,1.73718,0.75
848,17,1,52,3.96154,0.330128,10.5449,1.50641,0.75
848,18,1,52,3.48077,0.290064,8.29006,1.18429,0.583333
848,19,1,52,3.40385,0.283654,7.40385,1.05769,0.583333
848,20,1,52,3.46154,0.288462,7.89744,1.12821,0.5
848,21,1,52,3.28846,0.274038,7.16827,1.02404,0.5
848,22,1,52,3.46154,0.288462,7.08974,1.01282,1
848,23,1,52,3.34615,0.278846,7.24679,1.03526,0.5
849,0,0,129,24.9535,0.337209,84.3435,18.1641,1
849,1,0,129,25.4806,0.344333,88.0313,18.854,0.472973
849,2,0,129,25.8992,0.34999,89.1841,19.0607,0.472973
849,3,0,129,26.1085,0.352818,88.5616,18.9044,0.472973
849,4,0,129,25.9922,0.351247,88.2586,18.8689,0.486486
849,5,0,129,25.8062,0.348732,87.7341,18.7506,0.472973
849,6,0,129,25.4729,0.344228,86.2559,18.4574,0.472973
849,7,0,129,24.7519,0.334486,75.2525,15.8921,0.472973
849,8,0,129,19.3333,0.261261,50.7193,10.6202,0.472973
849,9,0,129,14.876,0.201027,36.9941,7.67248,0.472973
849,10,0,129,14.0155,0.189399,31.4983,6.47222,1
849,11,0,129,12.4264,0.167924,28.185,5.72933,0.472973
849,12,0,129,12.4961,0.168867,27.6885,5.61499,0.472973
849,13,0,129,13.0543,0.176409,29.3975,5.8314,0.797297
849,14,0,129,12.0388,0.162686,27.3646,5.41537,0.472973
849,15,0,129,11.1783,0.151058,23.5249,4.68411,0.472973
849,16,0,129,10.7364,0.145087,21.9605,4.39535,0.472973
849,17,0,129,10.6279,0.14362,22.0033,4.50904,0.472973
849,18,0,129,11.3798,0.153782,27.043,5.97158,0.472973
849,19,0,129,13.4109,0.181228,35.8587,8.04457,0.472973
849,20,0,129,15.6047,0.210874,44.0972,9.85982,0.472973
849,21,0,129,17.7597,0.239996,54.0895,12.113,0.472973
849,22,0,129,20.3411,0.27488,65.1964,14.5181,0.472973
849,23,0,129,22.8062,0.308192,74.633,16.3773,0.472973
849,0,1,52,24.1923,0.326923,88.4434,18.8077,0.472973
849,1,1,52,25.9231,0.350312,91.1636,19.2131,0.5
849,2,1,52,26.4808,0.357848,93.8625,19.8029,0.5
849,3,1,52,26.6154,0.359667,92.3006,19.399,0.486486
849,4,1,52,26.25,0.35473,91.2864,19.25,0.472973
849,5,1,52,26.1154,0.352911,92.3139,19.5705,0.472973
849,6,1,52,25.6731,0.346933,88.941,18.8462,0.472973
849,7,1,52,25.6346,0.346414,86.4739,18.242,0.472973
849,8,1,52,23.7308,0.320686,76.6966,16.2436,0.472973
849,9,1,52,21.8846,0.295738,68.6962,14.5593,0.472973
849,10,1,52,20.0769,0.27131,58.6154,12.2724,0.472973
849,11,1,52,18.0769,0.244283,49.5434,10.4455,0.472973
849,12,1,52,16.4231,0.221933,47.0692,9.95833,0.472973
849,13,1,52,16.5769,0.224012,45.4503,9.57532,0.472973
849,14,1,52,15.2692,0.206341,41.6652,8.83173,0.472973
849,15,1,52,14.8077,0.200104,39.3785,8.40064,0.472973
849,16,1,52,14.5385,0.196466,37.4571,7.92788,0.472973
849,17,1,52,14.3846,0.194387,37.2537,7.98237,0.472973
849,18,1,52,14.6538,0.198025,38.6043,8.43269,0.472973
849,19,1,52,15.3077,0.206861,43.3643,9.56891,0.472973
849,20,1,52,16.5769,0.224012,48.5059,10.7708,0.472973
849,21,1,52,18.1154,0.244802,56.3527,12.6106,0.472973
849,22,1,52,21.4423,0.289761,65.7449,14.6186,1
849,23,1,52,22.5577,0.304834,75.6213,16.5353,0.472973
851,0,0,129,93,0.65493,478.578,85.3036,1
851,1,0,129,92.845,0.653838,479.785,85.7106,0.859155
851,2,0,129,93.1008,0.655639,481.047,86.0827,0.84507
851,3,0,129,92.9302,0.654438,477.354,85.6402,0.838028
851,4,0,129,92.5581,0.651818,476.292,85.438,0.830986
851,5,0,129,92.969,0.654711,475.412,85.2158,0.830986
851,6,0,129,92.0775,0.648433,463.662,83.124,0.823944
851,7,0,129,83.4496,0.587673,360.67,64.5265,0.760563
851,8,0,129,56.7752,0.399825,233.08,41.3811,0.647887
851,9,0,129,41.6279,0.293154,181.05,31.9884,0.661972
851,10,0,129,37.6047,0.264821,161.432,28.2636,0.774648
851,11,0,129,34.5504,0.243313,155.495,26.8404,0.514085
851,12,0,129,34.4109,0.24233,153.491,26.2829,0.514085
851,13,0,129,34.3721,0.242057,150.382,25.5956,1
851,14,0,129,31.7519,0.223605,143.385,24.3204,0.507042
851,15,0,129,30.2868,0.213287,137.47,23.1615,0.507042
851,16,0,129,30.2248,0.212851,139.213,23.2972,0.866197
851,17,0,129,30.9767,0.218146,151.368,25.0652,0.866197
851,18,0,129,34.5349,0.243203,191.06,31.3566,0.521127
851,19,0,129,44.3101,0.312043,274.549,45.5769,0.577465
851,20,0,129,62.8062,0.442297,365.176,62.1085,0.704225
851,21,0,129,76.8837,0.541435,430.64,74.4341,0.732394
851,22,0,129,88.3488,0.622175,471.367,82.6363,0.78169
851,23,0,129,92.8372,0.653783,480.142,85.0136,0.823944
851,0,1,52,92.75,0.653169,479.326,86.0577,0.788732
851,1,1,52,93.1538,0.656013,477.526,86.1122,0.788732
851,2,1,52,93.1731,0.656148,475.955,85.9535,0.788732
851,3,1,52,92.9038,0.654252,476.174,86.0481,0.78169
851,4,1,52,92.8077,0.653575,475.905,85.9856,0.78169
851,5,1,52,92.5962,0.652086,473.964,85.6779,0.78169
851,6,1,52,92.1731,0.649106,468.675,84.742,0.78169
851,7,1,52,89.5192,0.630417,439.082,79.25,0.767606
851,8,1,52,81.1154,0.571235,395.074,71.0657,0.760563
851,9,1,52,73.4038,0.516928,351.206,62.6955,0.739437
851,10,1,52,65.0385,0.458017,310.025,55.0929,0.683099
851,11,1,52,59,0.415493,282.631,49.4439,0.647887
851,12,1,52,55.9038,0.393689,279.95,48.5481,0.626761
851,13,1,52,55.2692,0.38922,275.76,47.6987,0.626761
851,14,1,52,52.3846,0.368906,261.962,45.0962,0.612676
851,15,1,52,51.4615,0.362405,254.154,43.4279,0.605634
851,16,1,52,49.4231,0.34805,253.228,42.8381,0.605634
851,17,1,52,50.7692,0.35753,264.676,44.4824,0.598592
851,18,1,52,53.2115,0.374729,294.454,49.6474,0.584507
851,19,1,52,61.2692,0.431473,342.484,58.3638,0.619718
851,20,1,52,70.3077,0.495125,385.28,66.7163,0.661972
851,21,1,52,78.5,0.552817,422.76,74.1234,0.697183
851,22,1,52,86.3654,0.608207,447.338,79.2724,1
851,23,1,52,89.1731,0.627979,456.778,81.7564,0.746479
852,0,0,129,2.81008,0.35126,12.7045,1.86886,0.75
852,1,0,129,2.83721,0.354651,12.8966,1.90052,0.875
852,2,0,129,2.86822,0.358527,13.1476,1.94315,0.875
852,3,0,129,2.84496,0.35562,12.7994,1.89276,0.875
852,4,0,129,2.82946,0.353682,12.7293,1.8863,0.875
852,5,0,129,2.86822,0.358527,12.666,1.87855,0.875
852,6,0,129,2.82946,0.353682,12.5236,1.85142,0.875
852,7,0,129,2.74419,0.343023,9.88275,1.46576,0.875
852,8,0,129,2,0.25,6.10013,0.907623,0.75
852,9,0,129,1.75969,0.219961,5.84464,0.856589,0.75
852,10,0,129,1.85659,0.232074,6.52972,0.944444,0.75
852,11,0,129,2.00775,0.250969,7.10401,1.02584,0.75
852,12,0,129,2,0.25,7.22384,1.03876,0.75
852,13,0,129,2.00775,0.250969,6.90052,0.989664,0.75
852,14,0,129,1.96124,0.245155,6.57041,0.94186,0.75
852,15,0,129,1.86822,0.233527,5.98256,0.854651,0.625
852,16,0,129,1.75194,0.218992,4.93346,0.70478,0.625
852,17,0,129,1.65891,0.207364,5.20478,0.74354,0.5
852,18,0,129,1.83721,0.229651,6.41214,0.919897,0.5
852,19,0,129,2.06202,0.257752,7.93152,1.14341,0.5
852,20,0,129,2.14729,0.268411,8.31815,1.20866,0.625
852,21,0,129,2.36434,0.295543,9.74483,1.41085,0.75
852,22,0,129,2.54264,0.317829,10.3892,1.50969,0.75
852,23,0,129,2.51938,0.314922,10.9929,1.60207,0.75
852,0,1,52,2.80769,0.350962,13.3438,1.98077,0.875
852,1,1,52,3,0.375,13.7925,2.05288,0.875
852,2,1,52,3.03846,0.379808,14.2244,2.1234,0.875
852,3,1,52,3.15385,0.394231,14.4768,2.15385,0.875
852,4,1,52,3.07692,0.384615,14.6002,2.17147,0.875
852,5,1,52,3.05769,0.382212,14.5889,2.16827,0.875
852,6,1,52,3.21154,0.401442,14.9367,2.22115,0.875
852,7,1,52,3.21154,0.401442,14.3646,2.14904,0.875
852,8,1,52,2.92308,0.365385,12.3341,1.85577,0.875
852,9,1,52,2.63462,0.329327,10.1018,1.52404,0.875
852,10,1,52,2.28846,0.286058,8.50321,1.28045,0.875
852,11,1,52,2.11538,0.264423,8.0601,1.20353,0.875
852,12,1,52,2.03846,0.254808,8.39103,1.23237,0.75
852,13,1,52,2.15385,0.269231,8.25641,1.21154,0.75
852,14,1,52,2.01923,0.252404,7.72356,1.1234,0.875
852,15,1,52,2.21154,0.276442,8.34615,1.22276,0.875
852,16,1,52,2.05769,0.257212,7.69551,1.13301,0.875
852,17,1,52,2.07692,0.259615,7.88061,1.16026,0.75
852,18,1,52,2.28846,0.286058,9.74279,1.43269,0.75
852,19,1,52,2.53846,0.317308,11.0048,1.61699,0.75
852,20,1,52,2.63462,0.329327,11.8405,1.75321,0.75
852,21,1,52,2.80769,0.350962,13.5625,2.00801,0.75
852,22,1,52,3.06731,0.383413,15.0377,2.23397,0.875
852,23,1,52,3.30769,0.413462,15.6659,2.34936,0.875
855,0,0,129,62.8682,0.338001,357.895,51.5349,0.462366
855,1,0,129,65.0543,0.349754,364.127,52.418,0.478495
855,2,0,129,65.2403,0.350754,366.397,52.7442,0.478495
855,3,0,129,65.3798,0.351505,362.6,52.2003,0.478495
855,4,0,129,65.0775,0.349879,361.807,52.0833,0.478495
855,5,0,129,65.3953,0.351588,361.854,52.0956,0.478495
855,6,0,129,65.2093,0.350588,352.553,50.7674,0.473118
855,7,0,129,59.5271,0.320038,289.318,41.7603,0.451613
855,8,0,129,48.0078,0.258106,216.966,31.7603,0.397849
855,9,0,129,41.6899,0.224139,183.621,27.2087,0.397849
855,10,0,129,38.6977,0.208052,168.87,25.093,0.397849
855,11,0,129,37.9922,0.204259,166.775,24.7868,0.397849
855,12,0,129,38.1395,0.205051,169.21,25.095,0.397849
855,13,0,129,38.376,0.206322,167.315,24.8094,0.397849
855,14,0,129,37.1783,0.199883,158.633,23.5724,0.397849
855,15,0,129,35.9845,0.193465,154.927,23.0252,0.397849
855,16,0,129,36.4264,0.195841,154.061,22.8656,0.543011
855,17,0,129,36.2558,0.194924,162.779,23.9632,0.543011
855,18,0,129,38.5271,0.207135,198.765,28.9399,0.397849
855,19,0,129,45.814,0.246312,252.936,36.6105,0.397849
855,20,0,129,52.4109,0.281779,282.779,40.8463,0.403226
855,21,0,129,55.4031,0.297866,307.03,44.2862,0.397849
855,22,0,129,59.2868,0.318746,331.476,47.77,0.430108
855,23,0,129,62.4496,0.335751,347.857,50.1001,0.462366
855,0,1,52,63.3462,0.340571,360.074,51.8157,0.456989
855,1,1,52,65.3462,0.351323,364.796,52.4872,0.462366
855,2,1,52,65.6731,0.353081,364.264,52.4151,0.462366
855,3,1,52,65.5,0.352151,367.276,52.8446,0.478495
855,4,1,52,65.5962,0.352667,367.085,52.8189,0.478495
855,5,1,52,65.8077,0.353805,367.354,52.859,0.473118
855,6,1,52,65.6538,0.352978,362.267,52.1298,0.467742
855,7,1,52,64.0192,0.344189,341.996,49.234,0.462366
855,8,1,52,59.5577,0.320203,310.726,44.8429,0.446237
855,9,1,52,55.3077,0.297353,283.932,41.1811,0.419355
855,10,1,52,52.7308,0.283499,264.833,38.4824,0.413978
855,11,1,52,50.1538,0.269644,254.76,37.0304,0.408602
855,12,1,52,49.5192,0.266232,256.577,37.2468,0.408602
855,13,1,52,50.75,0.272849,259.623,37.6987,0.408602
855,14,1,52,49.9038,0.2683,249.756,36.2933,0.408602
855,15,1,52,48.0192,0.258168,240.277,34.9263,0.408602
855,16,1,52,47.4808,0.255273,236.962,34.4327,0.408602
855,17,1,52,46.9615,0.252481,239.823,34.7885,0.408602
855,18,1,52,48.3654,0.260029,253.711,36.7099,0.408602
855,19,1,52,51.4423,0.276572,269.522,38.9247,0.408602
855,20,1,52,52.7115,0.283395,278.284,40.1763,0.408602
855,21,1,52,54.0385,0.290529,294.718,42.5048,0.408602
855,22,1,52,57.1154,0.307072,311.909,44.9535,0.413978
855,23,1,52,59.2692,0.318652,323.531,46.6122,0.435484
858,0,0,129,62.2326,0.450961,1161.78,51.7836,1
858,1,0,129,69.1318,0.500955,1317.43,54.3488,0.76087
858,2,0,129,70.0078,0.507303,1339.02,54.7855,0.768116
858,3,0,129,69.4419,0.503202,1333.19,53.9244,0.76087
858,4,0,129,69.3721,0.502696,1344.16,53.9444,0.753623
858,5,0,129,69.2093,0.501517,1312.73,53.3482,0.73913
858,6,0,129,68.845,0.498877,1389.99,52.938,0.746377
858,7,0,129,63.6899,0.461521,1255.76,42.4044,0.673913
858,8,0,129,50.814,0.368217,965.187,31.2196,0.666667
858,9,0,129,42.4651,0.307718,791.473,25.5252,0.615942
858,10,0,129,40.0388,0.290136,630.686,21.9884,0.963768
858,11,0,129,38.1163,0.276205,622.56,21.208,0.630435
858,12,0,129,39.3256,0.284968,1067.24,25.0019,0.652174
858,13,0,129,43.4109,0.314571,1096.57,25.354,0.985507
858,14,0,129,40.3798,0.292608,822.629,22.0039,0.644928
858,15,0,129,38.845,0.281485,809.604,21.0446,0.644928
858,16,0,129,38.6357,0.279969,806.534,20.6014,0.717391
858,17,0,129,38.2713,0.277328,807.144,20.7145,0.717391
858,18,0,129,38.9302,0.282103,823.423,23.042,0.644928
858,19,0,129,40.5581,0.2939,872.11,30.3482,0.637681
858,20,0,129,50.9845,0.369453,1104.24,38.0459,0.666667
858,21,0,129,55.6202,0.403045,1091.69,40.9761,0.630435
858,22,0,129,57.2326,0.414729,1000.28,42.4994,0.652174
858,23,0,129,58.3256,0.422649,844.208,43.9037,0.65942
858,0,1,52,59.4423,0.430741,1121.23,49.7115,0.65942
858,1,1,52,68.6731,0.497631,1313.73,53.1811,0.717391
858,2,1,52,68,0.492754,1290.92,52.8462,0.724638
858,3,1,52,68.0192,0.492893,1293.04,52.9519,0.695652
858,4,1,52,68.8462,0.498885,1346.66,53.4712,0.717391
858,5,1,52,69.3654,0.502648,1337.38,53,0.717391
858,6,1,52,68.3077,0.494983,1386.95,52.8397,0.717391
858,7,1,52,67.5962,0.489827,1419.88,50.3141,0.710145
858,8,1,52,61.5577,0.44607,1127.84,43.0433,0.644928
858,9,1,52,55.6154,0.40301,875.366,37.3269,0.615942
858,10,1,52,51.1538,0.37068,716.562,32.7532,0.615942
858,11,1,52,49.0385,0.355351,707.144,31.3734,0.615942
858,12,1,52,47.8654,0.346851,952.441,33.6074,0.615942
858,13,1,52,51.4615,0.37291,1030.29,34.1811,0.644928
858,14,1,52,49.2692,0.357023,839.611,31.0833,0.644928
858,15,1,52,48.1731,0.34908,825.766,29.7468,0.644928
858,16,1,52,46.6731,0.338211,818.228,28.633,0.644928
858,17,1,52,46.5769,0.337514,817.543,28.5337,0.644928
858,18,1,52,46.1923,0.334727,828.559,30.1218,0.644928
858,19,1,52,46,0.333333,772.282,32.9423,0.601449
858,20,1,52,52.3269,0.379181,1031.46,37.6923,0.608696
858,21,1,52,54.4808,0.394788,934.494,38.867,0.652174
858,22,1,52,56.6346,0.410396,854.01,39.883,1
858,23,1,52,56.0962,0.406494,782.153,41.0817,0.608696
862,0,0,129,8.54651,0.237403,59.0749,8.43928,0.388889
862,1,0,129,8.67442,0.240956,59.4638,8.49483,0.388889
862,2,0,129,8.70543,0.241817,59.916,8.55943,0.388889
862,3,0,129,8.70543,0.241817,59.5678,8.50969,0.388889
862,4,0,129,8.72868,0.242463,59.4774,8.49677,0.388889
862,5,0,129,8.77519,0.243755,59.3146,8.47351,0.388889
862,6,0,129,8.73643,0.242679,58.7403,8.39147,0.388889
862,7,0,129,7.60465,0.21124,42.6964,6.09948,0.388889
862,8,0,129,4.94574,0.137382,32.436,4.63372,0.277778
862,9,0,129,4.55814,0.126615,29.8043,4.25775,0.305556
862,10,0,129,4.08527,0.11348,25.8521,3.69315,0.305556
862,11,0,129,3.65891,0.101637,23.9076,3.41537,0.277778
862,12,0,129,3.35659,0.0932386,20.7829,2.96899,0.25
862,13,0,129,2.95349,0.0820413,19.1686,2.73837,0.25
862,14,0,129,2.88372,0.0801034,18.436,2.63372,0.25
862,15,0,129,2.46512,0.0684755,15.7907,2.25581,0.25
862,16,0,129,2.39147,0.0664298,15.2842,2.18346,0.666667
862,17,0,129,2.70543,0.0751507,19.666,2.80943,0.666667
862,18,0,129,3.55814,0.0988372,29.3656,4.19509,0.25
862,19,0,129,5.09302,0.141473,38.5588,5.5084,0.277778
862,20,0,129,6.2093,0.172481,45.5588,6.5084,0.333333
862,21,0,129,7,0.194444,49.4838,7.06912,0.361111
862,22,0,129,7.48837,0.20801,53.2913,7.61305,0.361111
862,23,0,129,8.00775,0.222438,56.2532,8.03618,0.388889
862,0,1,52,7.92308,0.220085,56,8,0.388889
862,1,1,52,8.07692,0.224359,56.4263,8.0609,0.388889
862,2,1,52,8.13462,0.225962,57.0881,8.15545,0.388889
862,3,1,52,8.17308,0.22703,57.3349,8.19071,0.388889
862,4,1,52,8.26923,0.229701,57.4135,8.20192,0.388889
862,5,1,52,8.26923,0.229701,57.4583,8.20833,0.388889
862,6,1,52,8.25,0.229167,57.0657,8.15224,0.388889
862,7,1,52,7.73077,0.214744,49.9872,7.14103,0.388889
862,8,1,52,6.61538,0.183761,46.274,6.61058,0.333333
862,9,1,52,6.67308,0.185363,43.4359,6.20513,0.333333
862,10,1,52,5.94231,0.165064,39.3413,5.62019,0.25
862,11,1,52,5.44231,0.151175,36.7163,5.24519,0.25
862,12,1,52,5.13462,0.142628,33.9343,4.84776,0.25
862,13,1,52,4.88462,0.135684,33.9792,4.85417,0.25
862,14,1,52,4.75,0.131944,33.25,4.75,0.25
862,15,1,52,4.76923,0.132479,33.2051,4.74359,0.25
862,16,1,52,4.75,0.131944,32.7003,4.67147,0.25
862,17,1,52,4.94231,0.137286,34.6747,4.95353,0.25
862,18,1,52,5.32692,0.14797,39.4199,5.63141,0.277778
862,19,1,52,6.07692,0.168803,43.4135,6.20192,0.277778
862,20,1,52,6.44231,0.178953,46.016,6.57372,0.305556
862,21,1,52,6.96154,0.193376,49.6619,7.09455,0.333333
862,22,1,52,7.57692,0.21047,53.016,7.57372,0.5
862,23,1,52,7.86538,0.218483,55.3494,7.90705,0.361111
881,0,0,129,49.9457,0.567565,216.191,30.8844,1
881,1,0,129,50.2636,0.571177,226.709,32.387,1
881,2,0,129,51.5814,0.586152,232.687,33.241,1
881,3,0,129,50.4419,0.573203,238.321,34.0459,1
881,4,0,129,52.5116,0.596723,234.812,33.5446,1
881,5,0,129,52.8837,0.600951,235.585,33.655,1
881,6,0,129,52.0465,0.591438,231.104,33.0149,1
881,7,0,129,48.6279,0.55259,203.014,29.0019,1
881,8,0,129,43.6124,0.495595,155.519,22.2171,1
881,9,0,129,35.8217,0.407065,122.174,17.4535,1
881,10,0,129,34.2558,0.389271,102.454,14.6363,1
881,11,0,129,31.4884,0.357822,91.7145,13.1021,1
881,12,0,129,33.1395,0.376586,85.759,12.2513,1
881,13,0,129,31.3023,0.355708,79.9709,11.4244,1
881,14,0,129,26.7132,0.303559,73.0252,10.4322,1
881,15,0,129,28.6124,0.325141,66.6944,9.52778,1
881,16,0,129,26.6822,0.303206,64.5872,9.22674,1
881,17,0,129,25.6667,0.291667,66.2649,9.46641,1
881,18,0,129,24.7752,0.281536,80.1382,11.4483,1
881,19,0,129,29.9767,0.340645,101.59,14.5129,1
881,20,0,129,31.6667,0.359848,120.357,17.1938,1
881,21,0,129,36.4806,0.414553,143.545,20.5065,1
881,22,0,129,39.5194,0.449084,171.699,24.5284,1
881,23,0,129,44.1395,0.501586,199.459,28.4942,1
881,0,1,52,48.6923,0.553322,239.705,34.2436,1
881,1,1,52,52.0962,0.592002,245.112,35.016,1
881,2,1,52,53.8846,0.612325,259.46,37.0657,1
881,3,1,52,54.9615,0.624563,258.708,36.9583,1
881,4,1,52,53.5192,0.608173,264.272,37.7532,1
881,5,1,52,55.1731,0.626967,260.503,37.2147,1
881,6,1,52,55.6731,0.632649,264.654,37.8077,1
881,7,1,52,53.1731,0.60424,244.125,34.875,1
881,8,1,52,49.8077,0.565997,225.974,32.2821,1
881,9,1,52,47.0385,0.534528,197.761,28.2516,1
881,10,1,52,41.9808,0.477054,172.554,24.6506,1
881,11,1,52,44.5385,0.506119,156.187,22.3125,1
881,12,1,52,36.6923,0.416958,148.256,21.1795,1
881,13,1,52,36.7115,0.417177,143.264,20.4663,1
881,14,1,52,34.6154,0.393357,126.415,18.0593,1
881,15,1,52,32.75,0.372159,118.697,16.9567,1
881,16,1,52,34.25,0.389205,113.896,16.2708,1
881,17,1,52,29.9038,0.339816,116.375,16.625,1
881,18,1,52,32.1923,0.365822,115.534,16.5048,1
881,19,1,52,32.4231,0.368444,126.516,18.0737,1
881,20,1,52,34.6346,0.393575,143.657,20.5224,1
881,21,1,52,43.8077,0.497815,159.351,22.7644,1
881,22,1,52,44.3269,0.503715,189.011,27.0016,1
881,23,1,52,47.8462,0.543706,211.391,30.1987,1
882,0,0,129,12.2868,0.819121,18.8295,2.68992,1
882,1,0,129,11.907,0.793798,19.1234,2.73191,1
882,2,0,129,12,0.8,19.2817,2.75452,1
882,3,0,129,12,0.8,20.1092,2.87274,1
882,4,0,129,11.876,0.791731,20.2855,2.89793,1
882,5,0,129,12.062,0.804134,19.1957,2.74225,1
882,6,0,129,12.0543,0.803618,19.3043,2.75775,1
882,7,0,129,11.7752,0.785013,18.9742,2.71059,1
882,8,0,129,11.2636,0.750904,13.1499,1.87855,1
882,9,0,129,10.5891,0.705943,9.60465,1.37209,1
882,10,0,129,10.2481,0.683204,8.01292,1.1447,1
882,11,0,129,10.3488,0.689922,8.14406,1.16344,1
882,12,0,129,10.6434,0.709561,8.82687,1.26098,1
882,13,0,129,10.2868,0.685788,8.56008,1.22287,1
882,14,0,129,10.155,0.677003,8.01744,1.14535,1
882,15,0,129,10.0233,0.668217,8.11693,1.15956,1
882,16,0,129,10.4961,0.699742,8.79522,1.25646,1
882,17,0,129,10.4264,0.69509,8.95801,1.27972,1
882,18,0,129,10.0775,0.671835,9.62726,1.37532,1
882,19,0,129,10.8217,0.721447,14.4612,2.06589,1
882,20,0,129,11.4186,0.76124,17.1292,2.44703,1
882,21,0,129,11.5194,0.767959,17.3508,2.47868,1
882,22,0,129,11.5039,0.766925,18.8656,2.69509,1
882,23,0,129,11.7752,0.785013,19.3269,2.76098,1
882,0,1,52,12.0962,0.80641,20.2596,2.89423,1
882,1,1,52,12.0385,0.802564,20.3381,2.90545,1
882,2,1,52,12,0.8,20.3942,2.91346,1
882,3,1,52,12.1731,0.811538,20.5962,2.94231,1
882,4,1,52,12.1538,0.810256,20.9776,2.99679,1
882,5,1,52,12.1538,0.810256,20.7308,2.96154,1
882,6,1,52,12.1346,0.808974,19.9679,2.85256,1
882,7,1,52,11.9231,0.794872,18.4984,2.64263,1
882,8,1,52,11.6923,0.779487,17.6571,2.52244,1
882,9,1,52,11.5962,0.773077,15.6378,2.23397,1
882,10,1,52,11.1731,0.744872,13.9327,1.99038,1
882,11,1,52,11.2885,0.752564,13.0353,1.86218,1
882,12,1,52,10.8269,0.721795,12.766,1.82372,1
882,13,1,52,10.9423,0.729487,13.484,1.92628,1
882,14,1,52,11.1346,0.742308,12.9119,1.84455,1
882,15,1,52,11.3846,0.758974,13.5288,1.93269,1
882,16,1,52,11.3269,0.755128,15.0881,2.15545,1
882,17,1,52,11.5962,0.773077,14.6506,2.09295,1
882,18,1,52,11.4038,0.760256,13.6859,1.95513,1
882,19,1,52,11.5385,0.769231,14.1795,2.02564,1
882,20,1,52,11.4615,0.764103,16.008,2.28686,1
882,21,1,52,11.5385,0.769231,17.6234,2.51763,1
882,22,1,52,11.9423,0.796154,18.5096,2.64423,1
882,23,1,52,12.0192,0.801282,19.7997,2.82853,1
883,0,0,129,4.55039,0.379199,17.7487,2.53553,1
883,1,0,129,4.47287,0.372739,18.1014,2.58592,0.75
883,2,0,129,4.51938,0.376615,18.1873,2.59819,0.75
883,3,0,129,4.44186,0.370155,18.1105,2.58721,0.75
883,4,0,129,4.47287,0.372739,18.2823,2.61176,0.75
883,5,0,129,4.53488,0.377907,18.0517,2.57881,0.75
883,6,0,129,4.51938,0.376615,18.2145,2.60207,0.666667
883,7,0,129,4.33333,0.361111,16.1977,2.31395,0.666667
883,8,0,129,4.08527,0.340439,13.1589,1.87984,0.666667
883,9,0,129,3.55039,0.295866,11.314,1.61628,0.666667
883,10,0,129,3.44186,0.286822,10.5543,1.50775,1
883,11,0,129,3.43411,0.286176,10.3282,1.47545,0.666667
883,12,0,129,3.42636,0.28553,10.8437,1.5491,0.666667
883,13,0,129,3.55039,0.295866,10.9974,1.57106,1
883,14,0,129,3.42636,0.28553,10.2784,1.46835,0.666667
883,15,0,129,3.32558,0.277132,9.6137,1.37339,0.666667
883,16,0,129,3.18605,0.265504,8.60078,1.22868,0.666667
883,17,0,129,3.11628,0.25969,8.73643,1.24806,0.666667
883,18,0,129,3.30233,0.275194,10.3372,1.47674,0.666667
883,19,0,129,3.49612,0.291344,12.5756,1.79651,0.666667
883,20,0,129,3.66667,0.305556,14.0136,2.00194,0.666667
883,21,0,129,4.06202,0.338501,15.9897,2.28424,0.666667
883,22,0,129,4.33333,0.361111,17.084,2.44057,0.666667
883,23,0,129,4.36434,0.363695,17.7804,2.54005,0.666667
883,0,1,52,5.01923,0.418269,22.1779,3.16827,0.75
883,1,1,52,5.07692,0.423077,21.9984,3.14263,0.75
883,2,1,52,5.01923,0.418269,21.617,3.08814,0.75
883,3,1,52,5.01923,0.418269,21.7628,3.10897,0.75
883,4,1,52,4.92308,0.410256,21.7067,3.10096,0.75
883,5,1,52,5.07692,0.423077,20.8878,2.98397,0.75
883,6,1,52,5.01923,0.418269,20.4728,2.92468,0.75
883,7,1,52,4.78846,0.399038,19.6987,2.8141,0.75
883,8,1,52,4.53846,0.378205,16.8942,2.41346,0.75
883,9,1,52,4.21154,0.350962,14.6843,2.09776,0.666667
883,10,1,52,3.96154,0.330128,12.9567,1.85096,0.666667
883,11,1,52,3.78846,0.315705,12.8333,1.83333,0.666667
883,12,1,52,3.84615,0.320513,13.2035,1.88622,0.666667
883,13,1,52,3.94231,0.328526,14.4375,2.0625,0.666667
883,14,1,52,4.07692,0.339744,13.9776,1.99679,0.666667
883,15,1,52,3.86538,0.322115,12.4744,1.78205,0.666667
883,16,1,52,3.61538,0.301282,11.476,1.63942,0.666667
883,17,1,52,3.51923,0.293269,11.5545,1.65064,0.666667
883,18,1,52,3.78846,0.315705,14.4151,2.05929,0.666667
883,19,1,52,4.28846,0.357372,16.6026,2.37179,0.666667
883,20,1,52,4.63462,0.386218,18.6442,2.66346,0.666667
883,21,1,52,4.88462,0.407051,19.8558,2.83654,0.666667
883,22,1,52,5.15385,0.429487,20.6522,2.95032,1
883,23,1,52,4.98077,0.415064,21.0561,3.00801,0.75
887,0,0,129,12.6512,0.351421,81.1512,11.593,1
887,1,0,129,12.186,0.338501,79.3243,11.332,0.75
887,2,0,129,11.9922,0.333118,79.1208,11.303,0.75
887,3,0,129,11.938,0.331611,78.1531,11.1647,0.75
887,4,0,129,11.9302,0.331395,77.7326,11.1047,0.75
887,5,0,129,11.9457,0.331826,77.2984,11.0426,0.75
887,6,0,129,11.5969,0.322136,74.3727,10.6247,0.75
887,7,0,129,9.9845,0.277347,59.0342,8.43346,0.75
887,8,0,129,7.67442,0.213178,45.5588,6.5084,0.694444
887,9,0,129,6.44186,0.178941,40.2681,5.75258,0.722222
887,10,0,129,6.62791,0.184109,38.4683,5.49548,1
887,11,0,129,6.43411,0.178725,37.9981,5.42829,1
887,12,0,129,6.5814,0.182817,39.8973,5.69961,1
887,13,0,129,7.06202,0.196167,40.2952,5.75646,1
887,14,0,129,6.24806,0.173557,35.7235,5.10336,0.611111
887,15,0,129,5.52713,0.153531,33.7158,4.81654,0.583333
887,16,0,129,6.06202,0.168389,35.1809,5.02584,1
887,17,0,129,5.90698,0.164083,36.6505,5.23579,1
887,18,0,129,6.5969,0.183247,47.4444,6.77778,0.583333
887,19,0,129,8.78295,0.243971,63.3482,9.04974,0.611111
887,20,0,129,10.6279,0.29522,72.8036,10.4005,0.694444
887,21,0,129,11.5814,0.321705,78.646,11.2351,0.777778
887,22,0,129,12.2868,0.341301,81.8882,11.6983,0.777778
887,23,0,129,12.6512,0.351421,83.2765,11.8966,0.75
887,0,1,52,14.1923,0.394231,97.5288,13.9327,0.666667
887,1,1,52,14.0192,0.389423,95.8237,13.6891,0.666667
887,2,1,52,13.9808,0.388355,95.5769,13.6538,0.666667
887,3,1,52,13.8269,0.384081,95.2179,13.6026,0.666667
887,4,1,52,14,0.388889,94.9038,13.5577,0.638889
887,5,1,52,13.6731,0.379808,93.4904,13.3558,0.638889
887,6,1,52,13.5577,0.376603,92.0545,13.1506,0.638889
887,7,1,52,12.9231,0.358974,84.5833,12.0833,0.583333
887,8,1,52,12.0769,0.33547,77.3365,11.0481,0.583333
887,9,1,52,10.6154,0.294872,68.508,9.78686,0.583333
887,10,1,52,9.48077,0.263355,60.9022,8.70032,0.583333
887,11,1,52,8.28846,0.230235,55.2933,7.89904,0.583333
887,12,1,52,8.23077,0.228632,57.0208,8.14583,0.583333
887,13,1,52,8.42308,0.233974,57.8958,8.27083,0.583333
887,14,1,52,8.67308,0.240919,57.9856,8.28365,0.583333
887,15,1,52,8.61538,0.239316,57.4808,8.21154,0.583333
887,16,1,52,8.61538,0.239316,57.8622,8.26603,0.583333
887,17,1,52,8.46154,0.235043,59.3654,8.48077,0.583333
887,18,1,52,8.71154,0.241987,63.5497,9.07853,0.583333
887,19,1,52,9.55769,0.265491,69.6747,9.95353,0.583333
887,20,1,52,10.5577,0.293269,76.6747,10.9535,0.583333
887,21,1,52,11.5577,0.321047,82.6314,11.8045,0.583333
887,22,1,52,12.5,0.347222,86.0641,12.2949,1
887,23,1,52,12.6731,0.35203,88.1058,12.5865,0.583333
888,0,0,129,68.3333,0.488095,385.624,55.4942,1
888,1,0,129,68.6512,0.490365,390.135,56.1428,0.664286
888,2,0,129,69.3488,0.495349,394.578,56.7991,0.685714
888,3,0,129,69.5426,0.496733,392.443,56.4897,0.678571
888,4,0,129,69.4961,0.496401,392.441,56.4981,0.685714
888,5,0,129,69.6124,0.497231,391.713,56.3902,0.685714
888,6,0,129,69.1783,0.494131,387.263,55.7313,0.678571
888,7,0,129,65,0.464286,319.149,45.8411,0.635714
888,8,0,129,47.7752,0.341251,221.138,31.728,0.542857
888,9,0,129,42.2093,0.301495,199.663,28.6253,0.528571
888,10,0,129,40.5504,0.289646,184.899,26.5226,0.714286
888,11,0,129,38.4419,0.274585,179.979,25.8204,0.485714
888,12,0,129,39.0465,0.278904,181.123,25.9961,0.485714
888,13,0,129,39.2171,0.280122,176.653,25.3585,1
888,14,0,129,37.3566,0.266833,167.195,23.9922,0.478571
888,15,0,129,35.8217,0.255869,156.067,22.3915,0.464286
888,16,0,129,36.3101,0.259358,155.124,22.2448,0.992857
888,17,0,129,36.2558,0.25897,160.349,22.9981,0.992857
888,18,0,129,37.4109,0.26722,185.654,26.7364,0.507143
888,19,0,129,42.3876,0.302769,231.986,33.478,0.514286
888,20,0,129,50.1938,0.358527,278.105,40.0833,0.521429
888,21,0,129,55.6279,0.397342,316.311,45.5575,0.564286
888,22,0,129,61.2481,0.437486,352.51,50.7545,0.628571
888,23,0,129,65.7907,0.469934,376.756,54.219,0.664286
888,0,1,52,69.4615,0.496154,406.494,58.492,0.65
888,1,1,52,70.9615,0.506868,413.628,59.5192,0.65
888,2,1,52,73.0577,0.521841,417.672,60.0657,0.707143
888,3,1,52,72.0192,0.514423,417.123,60.0064,0.65
888,4,1,52,71.9808,0.514148,417.577,60.0657,0.65
888,5,1,52,71.7692,0.512637,414.845,59.6779,0.65
888,6,1,52,71.75,0.5125,412.933,59.399,0.65
888,7,1,52,70.0962,0.500687,385.667,55.4503,0.65
888,8,1,52,62.9423,0.449588,338.277,48.5833,0.6
888,9,1,52,57.7692,0.412637,301.869,43.3125,0.564286
888,10,1,52,53.2308,0.38022,274.627,39.4423,0.528571
888,11,1,52,49.6538,0.35467,258.635,37.1859,0.485714
888,12,1,52,48.5769,0.346978,256.353,36.899,0.492857
888,13,1,52,49.3846,0.352747,252.05,36.2788,0.485714
888,14,1,52,46.7885,0.334203,238.886,34.4038,0.471429
888,15,1,52,45.7692,0.326923,229.334,33.0144,0.464286
888,16,1,52,43.7692,0.312637,222.497,32.0417,0.464286
888,17,1,52,43.5962,0.311401,224.342,32.3157,0.45
888,18,1,52,45.5577,0.325412,243.463,35.1458,0.485714
888,19,1,52,49.4423,0.353159,271.413,39.2003,0.5
888,20,1,52,53.3654,0.381181,297.534,42.9006,0.521429
888,21,1,52,56.2692,0.401923,322.477,46.4744,0.535714
888,22,1,52,61.8462,0.441758,348.598,50.2163,1
888,23,1,52,64.4038,0.460027,369.194,53.1458,0.6
890,0,0,129,10.2171,0.567614,1.73417,0.495478,1
890,1,0,129,9.96124,0.553402,1.74096,0.497416,1
890,2,0,129,9.96899,0.553833,1.75226,0.500646,1
890,3,0,129,10.1008,0.561154,1.70478,0.48708,1
890,4,0,129,10.0543,0.55857,1.72287,0.492248,1
890,5,0,129,10.1318,0.562877,1.74096,0.497416,1
890,6,0,129,9.99225,0.555125,1.68217,0.48062,1
890,7,0,129,10.093,0.560724,1.49225,0.426357,1
890,8,0,129,9.79845,0.544358,0.908915,0.25969,1
890,9,0,129,9.95349,0.552972,0.881783,0.251938,1
890,10,0,129,9.72868,0.540482,0.99031,0.282946,1
890,11,0,129,9.51938,0.528854,0.983527,0.281008,1
890,12,0,129,9.83721,0.546512,1.03779,0.296512,1
890,13,0,129,9.74419,0.541344,1.03553,0.295866,1
890,14,0,129,9.62791,0.534884,0.906654,0.259044,1
890,15,0,129,9.66667,0.537037,0.773256,0.22093,1
890,16,0,129,9.90698,0.550388,0.7823,0.223514,1
890,17,0,129,10.0775,0.559862,0.881783,0.251938,1
890,18,0,129,9.96899,0.553833,1.26163,0.360465,1
890,19,0,129,9.90698,0.550388,1.56234,0.446382,1
890,20,0,129,9.95349,0.552972,1.66408,0.475452,1
890,21,0,129,10.062,0.559001,1.68443,0.481266,1
890,22,0,129,10.1705,0.56503,1.67765,0.479328,1
890,23,0,129,10.062,0.559001,1.62791,0.465116,1
890,0,1,52,9.84615,0.547009,1.60978,0.459936,1
890,1,1,52,9.92308,0.551282,1.68269,0.480769,1
890,2,1,52,9.92308,0.551282,1.71635,0.490385,1
890,3,1,52,9.88462,0.549145,1.66026,0.474359,1
890,4,1,52,9.92308,0.551282,1.65465,0.472756,1
890,5,1,52,9.86538,0.548077,1.63221,0.466346,1
890,6,1,52,9.92308,0.551282,1.66587,0.475962,1
890,7,1,52,9.86538,0.548077,1.45272,0.415064,1
890,8,1,52,9.82692,0.54594,1.48077,0.423077,1
890,9,1,52,9.80769,0.544872,1.06571,0.304487,1
890,10,1,52,10,0.555556,1.14984,0.328526,1
890,11,1,52,9.82692,0.54594,1.31811,0.376603,1
890,12,1,52,9.82692,0.54594,1.36859,0.391026,1
890,13,1,52,9.75,0.541667,1.15545,0.330128,1
890,14,1,52,9.71154,0.53953,1.08253,0.309295,1
890,15,1,52,9.73077,0.540598,1.07692,0.307692,1
890,16,1,52,9.67308,0.537393,0.953526,0.272436,1
890,17,1,52,9.75,0.541667,1.26763,0.362179,1
890,18,1,52,9.82692,0.54594,1.58173,0.451923,1
890,19,1,52,10.0577,0.558761,1.86779,0.533654,1
890,20,1,52,10.0769,0.559829,1.96875,0.5625,1
890,21,1,52,10.0192,0.556624,1.92388,0.549679,1
890,22,1,52,10.2692,0.570513,1.88462,0.538462,1
890,23,1,52,10.0577,0.558761,1.8117,0.517628,1
891,0,0,129,18.8295,0.348694,1764.44,20.8831,0.5
891,1,0,129,22.1085,0.409417,1752.64,20.7041,0.518519
891,2,0,129,19.969,0.369796,1521.65,18.4173,0.518519
891,3,0,129,17.1938,0.318404,1221.3,15.3805,0.518519
891,4,0,129,14.6202,0.270744,1066.07,13.7623,0.5
891,5,0,129,14.0078,0.259403,1158.09,14.1731,0.481481
891,6,0,129,15.5426,0.287827,1310.54,14.6021,0.5
891,7,0,129,15,0.277778,1459.87,13.8966,0.481481
891,8,0,129,12.5504,0.232415,1037.34,10,0.444444
891,9,0,129,9.89147,0.183175,1096.71,10.7636,0.333333
891,10,0,129,11.3953,0.211025,773.32,7.89083,0.388889
891,11,0,129,10.969,0.203129,681.602,6.94121,0.388889
891,12,0,129,11.9767,0.221792,1592.66,14.8243,0.425926
891,13,0,129,22.0543,0.408412,2148.14,19.6318,0.518519
891,14,0,129,15.9767,0.295866,1090.18,10.5213,0.481481
891,15,0,129,15.4574,0.286247,991.189,9.53747,0.481481
891,16,0,129,15.4574,0.286247,991.189,9.53747,0.481481
891,17,0,129,15.4574,0.286247,991.189,9.53747,0.481481
891,18,0,129,15.4574,0.286247,991.189,9.53747,0.481481
891,19,0,129,11.0388,0.204421,1173.1,11.0575,0.481481
891,20,0,129,15.4109,0.285386,1594.87,15.739,0.5
891,21,0,129,17.2636,0.319696,1556.32,16.1705,0.5
891,22,0,129,16.7674,0.310508,1412.26,15.6886,0.462963
891,23,0,129,16.4264,0.304192,1340.47,16.4948,0.462963
891,0,1,52,19.4038,0.35933,1804.55,21.5737,0.5
891,1,1,52,23.1346,0.428419,1841.89,22.0929,0.518519
891,2,1,52,21.9423,0.406339,1655,20.0865,0.5
891,3,1,52,18.5385,0.343305,1307.15,16.5064,0.5
891,4,1,52,15.2308,0.282051,1097.24,14.3446,0.462963
891,5,1,52,15.1731,0.280983,1197.24,14.899,0.5
891,6,1,52,15.9231,0.294872,1356.38,15.5369,0.462963
891,7,1,52,15.7308,0.291311,1578.97,15.5962,0.462963
891,8,1,52,15.5962,0.288818,1265.35,12.5,0.5
891,9,1,52,11.5385,0.213675,1091.22,10.7708,0.37037
891,10,1,52,10.8654,0.201211,783.173,7.99679,0.37037
891,11,1,52,10.3077,0.190883,653.558,6.73077,0.37037
891,12,1,52,10.2308,0.189459,1209.55,11.5962,0.388889
891,13,1,52,19.5577,0.362179,1912.85,17.8141,0.518519
891,14,1,52,14.9038,0.275997,1096.76,10.7372,0.481481
891,15,1,52,14.5962,0.270299,994.359,9.79006,0.481481
891,16,1,52,14.5962,0.270299,994.359,9.79006,0.481481
891,17,1,52,14.5962,0.270299,994.359,9.79006,0.481481
891,18,1,52,14.5962,0.270299,994.359,9.79006,0.481481
891,19,1,52,10.4231,0.19302,1073.37,10.601,0.444444
891,20,1,52,15.7692,0.292023,1522.6,15.4952,0.462963
891,21,1,52,15.7308,0.291311,1403.4,15.3462,0.444444
891,22,1,52,15.9615,0.295584,1377.21,15.8638,0.444444
891,23,1,52,17,0.314815,1307.56,16.4311,0.444444
893,0,0,129,1.60078,0.088932,10.3417,1.47739,0.277778
893,1,0,129,1.60465,0.0891473,10.2965,1.47093,0.277778
893,2,0,129,1.5814,0.0878553,10.5,1.5,0.277778
893,3,0,129,1.60465,0.0891473,10.595,1.51357,0.277778
893,4,0,129,1.64341,0.0913006,10.6809,1.52584,0.277778
893,5,0,129,1.63566,0.0908699,10.5995,1.51421,0.277778
893,6,0,129,1.65116,0.0917313,10.6718,1.52455,0.277778
893,7,0,129,1.68217,0.0934539,10.301,1.47158,0.277778
893,8,0,129,1.34884,0.0749354,9.3469,1.33527,0.277778
893,9,0,129,1.6124,0.089578,11.7074,1.67248,0.277778
893,10,0,129,1.96124,0.108958,13.2539,1.89341,0.333333
893,11,0,129,2.10853,0.11714,13.5116,1.93023,0.333333
893,12,0,129,2.05426,0.114126,13.8689,1.98127,0.333333
893,13,0,129,2.14729,0.119294,14.0904,2.01292,0.333333
893,14,0,129,1.96124,0.108958,12.7248,1.81783,0.277778
893,15,0,129,1.86047,0.103359,12.2183,1.74548,0.333333
893,16,0,129,1.8062,0.100345,11.2687,1.60982,0.277778
893,17,0,129,1.6124,0.089578,9.79457,1.39922,0.277778
893,18,0,129,1.35659,0.0753661,8.32946,1.18992,0.333333
893,19,0,129,1.28682,0.0714901,8.70478,1.24354,0.277778
893,20,0,129,1.37209,0.0762274,9.12984,1.30426,0.277778
893,21,0,129,1.45736,0.0809647,10.5769,1.51098,0.277778
893,22,0,129,1.79845,0.0999139,11.2687,1.60982,0.277778
893,23,0,129,1.63566,0.0908699,10.5543,1.50775,0.277778
893,0,1,52,1.80769,0.100427,12.0705,1.72436,0.277778
893,1,1,52,1.80769,0.100427,11.7676,1.68109,0.222222
893,2,1,52,1.76923,0.0982906,11.6779,1.66827,0.222222
893,3,1,52,1.78846,0.099359,11.8686,1.69551,0.222222
893,4,1,52,1.80769,0.100427,11.9247,1.70353,0.222222
893,5,1,52,1.80769,0.100427,11.6779,1.66827,0.222222
893,6,1,52,1.78846,0.099359,11.6667,1.66667,0.222222
893,7,1,52,1.75,0.0972222,11.2292,1.60417,0.222222
893,8,1,52,1.48077,0.082265,9.66987,1.38141,0.222222
893,9,1,52,1.40385,0.0779915,9.68109,1.38301,0.277778
893,10,1,52,1.59615,0.0886752,10.4327,1.49038,0.333333
893,11,1,52,1.61538,0.0897436,10.0737,1.4391,0.222222
893,12,1,52,1.38462,0.0769231,9.41186,1.34455,0.222222
893,13,1,52,1.51923,0.0844017,10.2981,1.47115,0.277778
893,14,1,52,1.61538,0.0897436,10.6571,1.52244,0.277778
893,15,1,52,1.69231,0.0940171,10.4327,1.49038,0.277778
893,16,1,52,1.46154,0.0811966,9.75962,1.39423,0.333333
893,17,1,52,1.44231,0.0801282,8.92949,1.27564,0.277778
893,18,1,52,1.23077,0.0683761,7.94231,1.13462,0.166667
893,19,1,52,1.28846,0.0715812,8.68269,1.24038,0.222222
893,20,1,52,1.40385,0.0779915,9.3109,1.33013,0.277778
893,21,1,52,1.40385,0.0779915,10.0962,1.44231,0.222222
893,22,1,52,1.73077,0.0961538,12.1827,1.74038,0.277778
893,23,1,52,1.94231,0.107906,11.5321,1.64744,0.277778
895,0,0,129,10.6512,0.236693,3043.26,16.3882,1
895,1,0,129,20.9302,0.465116,3156.2,16.8824,0.777778
895,2,0,129,16.5504,0.367786,2464.88,13.2235,0.711111
895,3,0,129,15.1163,0.335917,2344.73,12.4877,0.711111
895,4,0,129,14.5891,0.324203,2318.06,12.5465,0.666667
895,5,0,129,15.1395,0.336434,2225.58,12.1415,0.666667
895,6,0,129,13.8605,0.30801,2101.4,11.9916,0.711111
895,7,0,129,14.5039,0.322308,1880.62,11.7293,0.688889
895,8,0,129,12.2016,0.271146,1184.26,7.28747,0.488889
895,9,0,129,7.62016,0.169337,577.519,3.53036,1
895,10,0,129,5.39535,0.119897,426.512,2.51098,1
895,11,0,129,5.31783,0.118174,410.233,2.4115,1
895,12,0,129,6.65891,0.147976,915.969,5.21899,1
895,13,0,129,9.07752,0.201723,950.93,5.3301,1
895,14,0,129,6.55039,0.145564,638.062,3.4832,0.377778
895,15,0,129,6.13178,0.136262,715.891,3.72933,0.422222
895,16,0,129,7.63566,0.169681,781.008,3.97158,1
895,17,0,129,7.54264,0.167614,715.581,3.63307,1
895,18,0,129,7.54264,0.167614,715.581,3.63307,1
895,19,0,129,7.28682,0.161929,674.884,3.96189,1
895,20,0,129,6.60465,0.14677,561.318,3.64212,0.466667
895,21,0,129,7.18605,0.15969,526.279,3.6699,1
895,22,0,129,6.47287,0.143842,501.163,3.68346,0.4
895,23,0,129,5.82171,0.129371,489.147,3.74871,0.333333
895,0,1,52,9.07692,0.201709,2982.5,16.1875,0.555556
895,1,1,52,20.8077,0.462393,3123.46,16.5401,0.777778
895,2,1,52,15.8654,0.352564,2394.81,12.9647,0.777778
895,3,1,52,15.2308,0.338462,2339.62,12.6619,0.777778
895,4,1,52,15.0769,0.335043,2280.96,12.4792,0.777778
895,5,1,52,14.5,0.322222,2195.96,12.0497,0.733333
895,6,1,52,14.1538,0.31453,1998.65,11.5609,0.733333
895,7,1,52,14.4423,0.32094,1789.04,11.2163,0.666667
895,8,1,52,11.75,0.261111,1128.65,7.00641,0.533333
895,9,1,52,6.42308,0.142735,471.538,2.99199,0.311111
895,10,1,52,4.86538,0.10812,365.962,2.26923,0.311111
895,11,1,52,4.90385,0.108974,337.115,2.05769,0.311111
895,12,1,52,4.86538,0.10812,577.115,3.46955,0.266667
895,13,1,52,6.36538,0.141453,751.731,3.875,0.355556
895,14,1,52,6.30769,0.140171,721.346,3.62981,0.355556
895,15,1,52,6.40385,0.142308,785,3.90224,0.4
895,16,1,52,6.94231,0.154274,656.538,3.48237,0.577778
895,17,1,52,6.92308,0.153846,529.423,2.8141,0.444444
895,18,1,52,6.92308,0.153846,529.423,2.8141,0.444444
895,19,1,52,7.07692,0.157265,621.154,3.63622,0.533333
895,20,1,52,5.90385,0.131197,522.692,3.54167,0.333333
895,21,1,52,6.53846,0.145299,468.846,3.33494,0.333333
895,22,1,52,6.71154,0.149145,504.231,3.625,1
895,23,1,52,6.34615,0.141026,496.923,3.70032,0.266667
897,0,0,129,9.47287,0.270653,161.536,5.64858,0.6
897,1,0,129,9.48837,0.271096,167.846,5.74031,0.628571
897,2,0,129,9.36434,0.267553,177.342,5.8553,0.542857
897,3,0,129,9.09302,0.259801,175.501,5.82171,0.657143
897,4,0,129,9.3876,0.268217,174.692,5.76744,0.657143
897,5,0,129,9.62016,0.274862,167.842,5.69057,0.628571
897,6,0,129,9.46512,0.270432,154.872,5.50904,0.657143
897,7,0,129,8.67442,0.247841,136.293,3.80879,0.628571
897,8,0,129,6.5814,0.18804,175.957,3.20478,0.485714
897,9,0,129,6.27132,0.179181,177.309,2.71705,0.485714
897,10,0,129,5.8876,0.168217,154.767,2.49419,0.485714
897,11,0,129,5.71318,0.163234,139.656,2.41602,0.428571
897,12,0,129,6.16279,0.17608,143.648,2.45866,0.514286
897,13,0,129,6.21705,0.17763,134.508,2.39276,0.542857
897,14,0,129,5.85271,0.16722,145.577,2.40052,0.457143
897,15,0,129,5.55039,0.158583,126.998,2.14147,0.485714
897,16,0,129,5.52713,0.157918,143.533,2.26098,0.542857
897,17,0,129,6.26357,0.178959,170.71,2.5239,0.542857
897,18,0,129,5.86822,0.167663,163.772,3.13695,0.457143
897,19,0,129,7.29457,0.208416,151.38,3.94638,0.514286
897,20,0,129,7.81395,0.223256,156.743,4.46576,0.542857
897,21,0,129,8.33333,0.238095,153.36,4.89729,0.628571
897,22,0,129,8.4031,0.240089,157.164,5.42636,0.514286
897,23,0,129,9.22481,0.263566,157.67,5.70543,0.6
897,0,1,52,8.69231,0.248352,166.833,5.53205,0.514286
897,1,1,52,8.76923,0.250549,168.509,5.62179,0.542857
897,2,1,52,9.13462,0.260989,167.306,5.63622,0.514286
897,3,1,52,9.82692,0.280769,175.413,5.74519,0.6
897,4,1,52,9.05769,0.258791,174.692,5.73397,0.485714
897,5,1,52,9.28846,0.265385,173.143,5.72917,0.571429
897,6,1,52,9.46154,0.27033,167.939,5.65385,0.542857
897,7,1,52,8.25,0.235714,162.57,5.28045,0.514286
897,8,1,52,7.44231,0.212637,158.716,4.58013,0.514286
897,9,1,52,8,0.228571,147.506,3.86859,0.514286
897,10,1,52,6.53846,0.186813,133.24,3.50801,0.542857
897,11,1,52,7.03846,0.201099,132.162,3.48878,0.571429
897,12,1,52,6.42308,0.183516,132.733,3.62981,0.457143
897,13,1,52,6.88462,0.196703,125.253,3.62019,0.485714
897,14,1,52,5.86538,0.167582,118.783,3.21795,0.4
897,15,1,52,6.67308,0.190659,104.623,2.92949,0.485714
897,16,1,52,6.65385,0.19011,112.643,2.93269,0.514286
897,17,1,52,6.40385,0.182967,144.088,3.02244,0.457143
897,18,1,52,6.38462,0.182418,129.623,3.14904,0.485714
897,19,1,52,6.73077,0.192308,122.07,3.44231,0.542857
897,20,1,52,7.75,0.221429,126.723,3.82212,0.542857
897,21,1,52,7.65385,0.218681,131.368,4.14263,0.6
897,22,1,52,7.80769,0.223077,132.683,4.38301,0.571429
897,23,1,52,7.94231,0.226923,142.399,4.67628,0.571429
900,0,0,129,4.89922,0.408269,31.0026,4.42894,1
900,1,0,129,4.89922,0.408269,30.9167,4.41667,0.666667
900,2,0,129,4.92248,0.410207,31.1066,4.4438,0.666667
900,3,0,129,4.90698,0.408915,30.668,4.38114,0.666667
900,4,0,129,4.82946,0.402455,30.7041,4.3863,0.666667
900,5,0,129,4.86822,0.405685,30.7132,4.3876,0.666667
900,6,0,129,4.81395,0.401163,29.9851,4.28359,0.666667
900,7,0,129,4.52713,0.377261,24.3146,3.47351,0.666667
900,8,0,129,2.8062,0.23385,14.3979,2.05685,0.666667
900,9,0,129,2.37209,0.197674,13.0097,1.85853,0.666667
900,10,0,129,2.23256,0.186047,12.0194,1.71705,1
900,11,0,129,2.34109,0.19509,14.9948,2.14212,0.583333
900,12,0,129,2.81395,0.234496,15.8314,2.26163,0.75
900,13,0,129,2.89922,0.241602,16.5187,2.35982,1
900,14,0,129,2.92248,0.24354,16.6408,2.37726,0.666667
900,15,0,129,2.68217,0.223514,15.4742,2.21059,0.666667
900,16,0,129,2.76744,0.23062,15.0988,2.15698,1
900,17,0,129,2.48837,0.207364,13.7829,1.96899,1
900,18,0,129,2.55814,0.213178,18.011,2.573,0.666667
900,19,0,129,3.5814,0.29845,23.7584,3.39406,0.666667
900,20,0,129,4.13953,0.344961,27.0594,3.86563,0.666667
900,21,0,129,4.4186,0.368217,29.3973,4.19961,0.666667
900,22,0,129,4.79845,0.399871,30.3514,4.33592,0.666667
900,23,0,129,4.82171,0.401809,30.5278,4.36111,0.666667
900,0,1,52,4.32692,0.360577,27.4728,3.92468,0.666667
900,1,1,52,4.30769,0.358974,27.1138,3.8734,0.666667
900,2,1,52,4.34615,0.362179,27.2821,3.89744,0.666667
900,3,1,52,4.36538,0.363782,27.0353,3.86218,0.666667
900,4,1,52,4.38462,0.365385,27.2708,3.89583,0.666667
900,5,1,52,4.34615,0.362179,27.4279,3.91827,0.666667
900,6,1,52,4.34615,0.362179,27.1138,3.8734,0.666667
900,7,1,52,4.32692,0.360577,25.7901,3.68429,0.666667
900,8,1,52,3.90385,0.325321,22.5144,3.21635,0.666667
900,9,1,52,3.46154,0.288462,20.1138,2.8734,0.5
900,10,1,52,3.28846,0.274038,20.0577,2.86538,0.5
900,11,1,52,3.42308,0.285256,21.1683,3.02404,0.5
900,12,1,52,3.59615,0.299679,22.6603,3.23718,0.666667
900,13,1,52,3.82692,0.31891,23.109,3.30128,0.666667
900,14,1,52,3.57692,0.298077,22.2452,3.17788,0.666667
900,15,1,52,3.59615,0.299679,22.4471,3.20673,0.583333
900,16,1,52,3.67308,0.30609,22.649,3.23558,0.666667
900,17,1,52,3.69231,0.307692,22.2228,3.17468,0.666667
900,18,1,52,3.73077,0.310897,23.2436,3.32051,0.583333
900,19,1,52,4.01923,0.334936,25.0946,3.58494,0.583333
900,20,1,52,4.17308,0.347756,26.8446,3.83494,0.583333
900,21,1,52,4.40385,0.366987,27.5849,3.94071,0.583333
900,22,1,52,4.51923,0.376603,27.0016,3.85737,1
900,23,1,52,4.26923,0.355769,26.7324,3.81891,0.583333
901,0,0,129,1.13178,0.0665755,6.87791,0.982558,0.176471
901,1,0,129,1.17054,0.0688554,7.21705,1.03101,0.176471
901,2,0,129,1.17054,0.0688554,7.21705,1.03101,0.235294
901,3,0,129,1.21705,0.0715914,7.16731,1.0239,0.176471
901,4,0,129,1.15504,0.0679435,7.1447,1.02067,0.176471
901,5,0,129,1.20155,0.0706794,7.28036,1.04005,0.235294
901,6,0,129,1.20155,0.0706794,7.47481,1.06783,0.235294
901,7,0,129,1.23256,0.0725034,7.51098,1.073,0.235294
901,8,0,129,1.31783,0.0775194,13.6744,1.95349,0.294118
901,9,0,129,2.74419,0.161423,19.6705,2.81008,0.352941
901,10,0,129,3.10853,0.182855,21.0814,3.01163,0.352941
901,11,0,129,3.14341,0.184907,21.1357,3.01938,0.352941
901,12,0,129,3.00388,0.176699,20.0504,2.86434,0.352941
901,13,0,129,2.95736,0.173963,20.385,2.91214,0.352941
901,14,0,129,3.09302,0.181943,20.9819,2.99742,0.352941
901,15,0,129,3.10078,0.182399,20.7151,2.9593,0.352941
901,16,0,129,3.10465,0.182627,19.8831,2.84044,0.352941
901,17,0,129,2.9031,0.170771,16.9257,2.41796,0.352941
901,18,0,129,1.71318,0.100775,8.92636,1.27519,0.294118
901,19,0,129,1.24031,0.0729594,7.15375,1.02196,0.235294
901,20,0,129,1.13178,0.0665755,6.46189,0.923127,0.235294
901,21,0,129,1.10853,0.0652075,5.89664,0.842377,0.176471
901,22,0,129,0.976744,0.0574555,6.01873,0.859819,0.176471
901,23,0,129,1.06977,0.0629275,6.24483,0.892119,0.176471
901,0,1,52,0.846154,0.0497738,5.11538,0.730769,0.176471
901,1,1,52,0.884615,0.0520362,5.30609,0.758013,0.176471
901,2,1,52,0.865385,0.050905,5.32853,0.761218,0.176471
901,3,1,52,0.942308,0.0554299,5.64263,0.80609,0.176471
901,4,1,52,0.923077,0.0542986,5.55288,0.793269,0.176471
901,5,1,52,0.923077,0.0542986,5.54167,0.791667,0.176471
901,6,1,52,0.980769,0.0576923,5.69872,0.814103,0.176471
901,7,1,52,0.942308,0.0554299,5.51923,0.788462,0.176471
901,8,1,52,0.942308,0.0554299,6.80929,0.972756,0.176471
901,9,1,52,1.17308,0.0690045,7.79647,1.11378,0.235294
901,10,1,52,1.28846,0.0757919,8.09936,1.15705,0.235294
901,11,1,52,1.25,0.0735294,7.7516,1.10737,0.235294
901,12,1,52,1.23077,0.0723982,7.61699,1.08814,0.235294
901,13,1,52,1.17308,0.0690045,7.35897,1.05128,0.235294
901,14,1,52,1.23077,0.0723982,7.24679,1.03526,0.235294
901,15,1,52,1.09615,0.0644796,6.77564,0.967949,0.235294
901,16,1,52,1.13462,0.0667421,6.97756,0.996795,0.235294
901,17,1,52,1.09615,0.0644796,6.39423,0.913462,0.235294
901,18,1,52,0.903846,0.0531674,5.00321,0.714744,0.294118
901,19,1,52,0.846154,0.0497738,4.82372,0.689103,0.176471
901,20,1,52,0.826923,0.0486425,5.09295,0.727564,0.117647
901,21,1,52,0.923077,0.0542986,5.51923,0.788462,0.176471
901,22,1,52,1,0.0588235,5.95673,0.850962,0.176471
901,23,1,52,1.05769,0.0622172,6.08013,0.86859,0.176471
902,0,0,129,7.14341,0.102049,38.699,5.52842,0.214286
902,1,0,129,7.18605,0.102658,39.3999,5.62855,0.228571
902,2,0,129,7.17829,0.102547,39.7255,5.67506,0.228571
902,3,0,129,7.39535,0.105648,39.9787,5.71124,0.228571
902,4,0,129,7.4031,0.105759,39.8475,5.69251,0.228571
902,5,0,129,7.27132,0.103876,39.8702,5.69574,0.228571
902,6,0,129,7.37209,0.105316,40.2952,5.75646,0.228571
902,7,0,129,7.28682,0.104097,36.1848,5.16925,0.228571
902,8,0,129,6.04651,0.0863787,35.4748,5.06783,0.228571
902,9,0,129,7.84109,0.112016,41.8689,5.98127,0.228571
902,10,0,129,7.74419,0.110631,42.4251,6.06072,0.228571
902,11,0,129,7.93798,0.1134,44.2836,6.32623,0.214286
902,12,0,129,8.16667,0.116667,45.7849,6.5407,0.214286
902,13,0,129,8.16279,0.116611,45.8753,6.55362,0.214286
902,14,0,129,8.25581,0.11794,45.803,6.54328,0.242857
902,15,0,129,8.1938,0.117054,45.8211,6.54587,0.242857
902,16,0,129,8.0814,0.115449,45.3146,6.47351,0.257143
902,17,0,129,7.79845,0.111406,41.385,5.91214,0.242857
902,18,0,129,6.58915,0.0941307,32.7661,4.68088,0.2
902,19,0,129,5.82171,0.0831672,30.5233,4.36047,0.2
902,20,0,129,6.0155,0.0859358,32.5401,4.64858,0.214286
902,21,0,129,6.27132,0.0895903,33.7972,4.82817,0.214286
902,22,0,129,6.54264,0.0934662,34.593,4.94186,0.214286
902,23,0,129,6.56589,0.0937985,35.8682,5.12403,0.2
902,0,1,52,6.45192,0.0921703,35.3029,5.04327,0.207143
902,1,1,52,6.68269,0.095467,36.4583,5.20833,0.207143
902,2,1,52,6.75962,0.0965659,36.7612,5.2516,0.207143
902,3,1,52,6.77885,0.0968407,36.9519,5.27885,0.207143
902,4,1,52,6.84615,0.0978022,36.9183,5.27404,0.214286
902,5,1,52,6.68269,0.095467,36.5032,5.21474,0.221429
902,6,1,52,6.78846,0.096978,37.5016,5.35737,0.228571
902,7,1,52,6.78846,0.096978,35.774,5.11058,0.214286
902,8,1,52,6.30769,0.0901099,34.4615,4.92308,0.228571
902,9,1,52,6.67308,0.0953297,37.2772,5.32532,0.228571
902,10,1,52,7.01923,0.100275,39.4199,5.63141,0.228571
902,11,1,52,7.40385,0.105769,41.7981,5.97115,0.271429
902,12,1,52,7.92308,0.113187,43.3349,6.19071,0.257143
902,13,1,52,7.63462,0.109066,44.2548,6.32212,0.257143
902,14,1,52,8.25,0.117857,48.2147,6.88782,0.3
902,15,1,52,9.01923,0.128846,53.5881,7.65545,0.285714
902,16,1,52,9.26923,0.132418,57.5817,8.22596,0.342857
902,17,1,52,9.67308,0.138187,51.8494,7.40705,0.328571
902,18,1,52,8.15385,0.116484,43.4135,6.20192,0.285714
902,19,1,52,7.34615,0.104945,39.9247,5.70353,0.242857
902,20,1,52,7.15385,0.102198,38.5224,5.50321,0.271429
902,21,1,52,7.03846,0.100549,37.6699,5.38141,0.228571
902,22,1,52,6.99038,0.0998626,35.5721,5.08173,0.214286
902,23,1,52,6.65385,0.0950549,36.6266,5.23237,0.2
903,0,0,129,17.9225,0.314429,101.859,14.9994,1
903,1,0,129,17.3411,0.30423,102.554,15.0937,0.438596
903,2,0,129,17.6279,0.309262,102.913,15.1499,0.438596
903,3,0,129,17.3953,0.305182,101.31,14.9044,0.438596
903,4,0,129,17.2326,0.302326,100.928,14.8585,0.438596
903,5,0,129,17.2248,0.30219,99.8744,14.7009,0.438596
903,6,0,129,17.0853,0.299742,97.5862,14.3424,0.438596
903,7,0,129,14.9845,0.262886,71.1395,10.4238,0.385965
903,8,0,129,9.62016,0.168775,41.8395,6.1053,0.385965
903,9,0,129,7.18605,0.126071,32.2778,4.68411,0.385965
903,10,0,129,7.06202,0.123895,29.2141,4.2416,1
903,11,0,129,6.3876,0.112063,28.0904,4.08656,0.385965
903,12,0,129,6.35659,0.111519,28.0859,4.1053,0.385965
903,13,0,129,6.90698,0.121175,28.6941,4.20155,1
903,14,0,129,6.48062,0.113695,28.9632,4.22028,0.385965
903,15,0,129,6.48837,0.113831,28.7235,4.177,0.385965
903,16,0,129,6.3876,0.112063,27.896,4.04328,0.385965
903,17,0,129,6.37209,0.111791,28.9202,4.18475,0.385965
903,18,0,129,6.72093,0.117911,42.4092,6.1686,0.385965
903,19,0,129,10.7752,0.189038,67.843,10.0484,0.385965
903,20,0,129,14.1008,0.247382,83.7671,12.4096,0.385965
903,21,0,129,15.2868,0.26819,90.5953,13.3941,0.403509
903,22,0,129,16.5891,0.291038,99.0514,14.6098,0.491228
903,23,0,129,17.3798,0.30491,102.438,15.0853,0.421053
903,0,1,52,17.6538,0.309717,103.716,15.2772,0.438596
903,1,1,52,17.7885,0.312078,103.306,15.2131,0.438596
903,2,1,52,17.8462,0.31309,103.581,15.2516,0.45614
903,3,1,52,17.8269,0.312753,103.059,15.1843,0.45614
903,4,1,52,17.5385,0.307692,102.599,15.1122,0.438596
903,5,1,52,17.4615,0.306343,103.132,15.1763,0.438596
903,6,1,52,17.4615,0.306343,101.674,14.9647,0.438596
903,7,1,52,17.25,0.302632,92.2228,13.5865,0.45614
903,8,1,52,14.7692,0.259109,80.8085,11.9135,0.385965
903,9,1,52,13.2692,0.232794,68.5921,10.101,0.385965
903,10,1,52,11.9423,0.209514,60.2684,8.85897,0.385965
903,11,1,52,10.6538,0.18691,56.0056,8.22596,0.385965
903,12,1,52,10.5,0.184211,57.851,8.51442,0.385965
903,13,1,52,11.2308,0.197031,59.6346,8.77244,0.385965
903,14,1,52,10.9038,0.191296,56.8189,8.38622,0.385965
903,15,1,52,10.4808,0.183873,55.3325,8.15865,0.385965
903,16,1,52,10.6154,0.186235,57.8622,8.50801,0.385965
903,17,1,52,11.6154,0.203779,62.7756,9.23077,0.385965
903,18,1,52,12,0.210526,69.3662,10.2532,0.385965
903,19,1,52,13.6538,0.239541,79.0697,11.6747,0.385965
903,20,1,52,14.8462,0.260459,85.3966,12.5625,0.385965
903,21,1,52,15.4038,0.270243,90.5008,13.3061,0.385965
903,22,1,52,16.9423,0.297233,95.5938,14.0401,1
903,23,1,52,16.8269,0.295209,97.6803,14.3542,0.385965
904,0,0,129,14.3295,0.26536,85.3204,12.1886,0.407407
904,1,0,129,14.6667,0.271605,86.1796,12.3114,0.444444
904,2,0,129,14.6279,0.270887,87.3236,12.4748,0.444444
904,3,0,129,14.7054,0.272323,86.5368,12.3624,0.444444
904,4,0,129,14.876,0.275481,86.6725,12.3818,0.444444
904,5,0,129,14.8915,0.275768,86.6363,12.3766,0.462963
904,6,0,129,14.8372,0.274763,84.9044,12.1292,0.462963
904,7,0,129,13.2713,0.245765,71.3068,10.1867,0.425926
904,8,0,129,11.3953,0.211025,56.4748,8.06783,0.425926
904,9,0,129,9.27907,0.171835,46.1919,6.59884,0.388889
904,10,0,129,8.68605,0.160853,42.0769,6.01098,0.388889
904,11,0,129,8.26357,0.153029,40.5982,5.79974,0.388889
904,12,0,129,8.75969,0.162216,43.1893,6.1699,0.62963
904,13,0,129,8.85271,0.163939,42.3798,6.05426,0.388889
904,14,0,129,8.09302,0.149871,38.7216,5.53165,0.388889
904,15,0,129,7.65116,0.141688,36.9987,5.28553,0.388889
904,16,0,129,8.02326,0.148579,35.8094,5.11563,0.796296
904,17,0,129,7.54264,0.139678,34.5523,4.93605,0.796296
904,18,0,129,7.49612,0.138817,40.0963,5.72804,0.388889
904,19,0,129,8.81395,0.163221,50.343,7.19186,0.388889
904,20,0,129,10.4729,0.193942,60.8566,8.6938,0.388889
904,21,0,129,11.7674,0.217916,70.5698,10.0814,0.388889
904,22,0,129,13.031,0.241315,78.7817,11.2545,0.407407
904,23,0,129,14.3411,0.265576,86.0439,12.292,0.425926
904,0,1,52,15.4615,0.286325,94.7692,13.5385,0.462963
904,1,1,52,16.0385,0.297009,95.6891,13.6699,0.481481
904,2,1,52,16.0769,0.297721,95.7788,13.6827,0.481481
904,3,1,52,16.1731,0.299501,96.4183,13.774,0.481481
904,4,1,52,16.0577,0.297365,96.0032,13.7147,0.481481
904,5,1,52,16,0.296296,95.2853,13.6122,0.481481
904,6,1,52,16,0.296296,94.5897,13.5128,0.462963
904,7,1,52,15.6538,0.289886,91.0449,13.0064,0.462963
904,8,1,52,14.8846,0.275641,82.9679,11.8526,0.425926
904,9,1,52,13.6923,0.253561,73.5897,10.5128,0.388889
904,10,1,52,12.2308,0.226496,64.8958,9.27083,0.37037
904,11,1,52,10.9615,0.202991,58.625,8.375,0.37037
904,12,1,52,10.5385,0.195157,56.8413,8.12019,0.37037
904,13,1,52,10.7885,0.199786,57.0433,8.14904,0.37037
904,14,1,52,10.1923,0.188746,53.1506,7.59295,0.37037
904,15,1,52,9.76923,0.180912,51.4119,7.34455,0.37037
904,16,1,52,9.73077,0.180199,51.2324,7.31891,0.37037
904,17,1,52,9.67308,0.179131,51.4006,7.34295,0.37037
904,18,1,52,10.3654,0.191952,55.8205,7.97436,0.37037
904,19,1,52,10.6154,0.196581,60.0497,8.57853,0.37037
904,20,1,52,11.3846,0.210826,63.6394,9.09135,0.37037
904,21,1,52,11.7692,0.217949,68.6763,9.8109,0.37037
904,22,1,52,12.875,0.238426,75.149,10.7356,0.37037
904,23,1,52,13.8269,0.256054,81.1955,11.5994,0.37037
937,0,0,129,3.73643,0.169838,2.41021,0.344315,0.636364
937,1,0,129,3.76744,0.171247,2.41925,0.345607,0.636364
937,2,0,129,3.72868,0.169486,2.41021,0.344315,0.681818
937,3,0,129,3.72093,0.169133,2.22028,0.317183,0.636364
937,4,0,129,3.63566,0.165257,1.8947,0.270672,0.681818
937,5,0,129,3.60465,0.163848,1.68217,0.24031,0.681818
937,6,0,129,3.58915,0.163143,1.63695,0.23385,0.681818
937,7,0,129,3.6124,0.1642,1.54199,0.220284,0.636364
937,8,0,129,3.66667,0.166667,4.60788,0.658269,0.636364
937,9,0,129,4.4031,0.200141,7.91344,1.13049,0.681818
937,10,0,129,4.86822,0.221283,8.86983,1.26712,0.727273
937,11,0,129,4.76744,0.216702,8.90375,1.27196,0.681818
937,12,0,129,4.81395,0.218816,7.93605,1.13372,0.681818
937,13,0,129,4.54264,0.206483,7.36176,1.05168,0.681818
937,14,0,129,4.4031,0.200141,7.61047,1.08721,0.727273
937,15,0,129,4.37209,0.198732,6.4845,0.926357,0.772727
937,16,0,129,4.17829,0.189922,5.0646,0.723514,0.772727
937,17,0,129,4.10078,0.186399,3.15633,0.450904,0.681818
937,18,0,129,3.63566,0.165257,2.17506,0.310724,0.636364
937,19,0,129,3.56589,0.162086,2.2022,0.314599,0.636364
937,20,0,129,3.5814,0.162791,2.26098,0.322997,0.636364
937,21,0,129,3.56589,0.162086,1.98966,0.284238,0.636364
937,22,0,129,3.66667,0.166667,2.15245,0.307494,0.636364
937,23,0,129,3.67442,0.167019,2.13889,0.305556,0.636364
937,0,1,52,3.59615,0.163462,3.04006,0.434295,0.636364
937,1,1,52,3.80769,0.173077,2.72596,0.389423,0.636364
937,2,1,52,3.65385,0.166084,2.59135,0.370192,0.636364
937,3,1,52,3.84615,0.174825,2.23237,0.31891,0.636364
937,4,1,52,3.78846,0.172203,1.86218,0.266026,0.636364
937,5,1,52,3.84615,0.174825,2.00801,0.286859,0.636364
937,6,1,52,3.73077,0.16958,1.75,0.25,0.636364
937,7,1,52,3.73077,0.16958,1.68269,0.240385,0.636364
937,8,1,52,3.78846,0.172203,2.28846,0.326923,0.636364
937,9,1,52,4,0.181818,4.13942,0.591346,0.636364
937,10,1,52,4.15385,0.188811,4.71154,0.673077,0.681818
937,11,1,52,4.32692,0.196678,4.22917,0.604167,0.727273
937,12,1,52,4.17308,0.189685,4.46474,0.637821,0.727273
937,13,1,52,4.11538,0.187063,4.24038,0.605769,0.727273
937,14,1,52,4.36538,0.198427,4.8125,0.6875,0.681818
937,15,1,52,4.11538,0.187063,4.375,0.625,0.681818
937,16,1,52,3.98077,0.180944,3.79167,0.541667,0.681818
937,17,1,52,4.23077,0.192308,2.72596,0.389423,0.636364
937,18,1,52,3.82692,0.173951,2.58013,0.36859,0.636364
937,19,1,52,3.90385,0.177448,2.73718,0.391026,0.681818
937,20,1,52,3.90385,0.177448,2.58013,0.36859,0.681818
937,21,1,52,3.94231,0.179196,2.69231,0.384615,0.681818
937,22,1,52,4.125,0.1875,4.02724,0.575321,0.681818
937,23,1,52,4.11538,0.187063,3.60096,0.514423,0.681818
943,0,0,129,10.3953,0.495017,64.6505,9.23579,1
943,1,0,129,11.5349,0.54928,67.4089,9.62984,0.857143
943,2,0,129,11.6744,0.555925,68.1822,9.74031,0.857143
943,3,0,129,11.7209,0.55814,68.042,9.72028,0.857143
943,4,0,129,11.7287,0.558509,68.1415,9.7345,0.857143
943,5,0,129,11.7984,0.561831,68.2183,9.74548,0.857143
943,6,0,129,11.8062,0.5622,67.7707,9.68152,0.857143
943,7,0,129,11.2946,0.537837,57.4968,8.21382,0.857143
943,8,0,129,7.89922,0.376154,35.823,5.11757,0.761905
943,9,0,129,6.27132,0.298634,28.2804,4.04005,0.761905
943,10,0,129,5.79845,0.276117,25.6214,3.66021,1
943,11,0,129,5.44961,0.259505,24.4955,3.49935,0.761905
943,12,0,129,5.69767,0.271318,26.8831,3.84044,0.761905
943,13,0,129,5.96899,0.284238,25.5898,3.65568,1
943,14,0,129,5.44961,0.259505,23.677,3.38243,0.761905
943,15,0,129,5.27907,0.251384,23.1932,3.31331,0.761905
943,16,0,129,5.22481,0.2488,23.1163,3.30233,0.761905
943,17,0,129,5.35659,0.255076,25.5672,3.65245,0.761905
943,18,0,129,5.93798,0.282761,31.5317,4.50452,0.761905
943,19,0,129,7.13178,0.339609,42.3075,6.04393,0.761905
943,20,0,129,8.84496,0.421189,51.3605,7.33721,0.761905
943,21,0,129,9.56589,0.455519,53.8068,7.68669,0.761905
943,22,0,129,9.78295,0.465855,55.6428,7.94897,0.761905
943,23,0,129,9.94574,0.473607,56.7371,8.1053,0.809524
943,0,1,52,10.2308,0.48718,63.9984,9.14263,0.857143
943,1,1,52,11.4231,0.543956,66.7244,9.53205,0.952381
943,2,1,52,11.5385,0.549451,67.3189,9.61699,0.952381
943,3,1,52,11.6731,0.555861,68.0705,9.72436,0.952381
943,4,1,52,11.6538,0.554945,67.8798,9.69712,0.952381
943,5,1,52,11.6538,0.554945,68.5192,9.78846,0.952381
943,6,1,52,11.8077,0.562271,67.9135,9.70192,0.952381
943,7,1,52,11.4231,0.543956,64.0096,9.14423,0.904762
943,8,1,52,10.5962,0.504579,56.9199,8.13141,0.809524
943,9,1,52,9.48077,0.451465,50.7949,7.25641,0.761905
943,10,1,52,8.94231,0.425824,47.867,6.83814,0.761905
943,11,1,52,8.5,0.404762,44.8494,6.40705,0.761905
943,12,1,52,8.46154,0.40293,44.9728,6.42468,0.761905
943,13,1,52,8.5,0.404762,44.9167,6.41667,0.761905
943,14,1,52,8.07692,0.384615,42.6731,6.09615,0.761905
943,15,1,52,7.80769,0.371795,40.7548,5.82212,0.761905
943,16,1,52,7.76923,0.369963,41.0353,5.86218,0.761905
943,17,1,52,8.05769,0.3837,43.1106,6.15865,0.761905
943,18,1,52,8.34615,0.397436,45.8253,6.54647,0.761905
943,19,1,52,8.80769,0.419414,50.1442,7.16346,0.761905
943,20,1,52,9.46154,0.450549,52.1074,7.44391,0.761905
943,21,1,52,9.57692,0.456044,52.3766,7.48237,0.809524
943,22,1,52,9.82692,0.467949,53.4199,7.63141,1
943,23,1,52,9.90385,0.471612,55.4503,7.92147,0.761905
958,0,0,129,10.4651,0.232558,58.3831,8.34044,0.466667
958,1,0,129,10.4961,0.233247,59.292,8.47028,0.444444
958,2,0,129,10.5969,0.235487,59.7532,8.53618,0.444444
958,3,0,129,10.6047,0.235659,59.5633,8.50904,0.444444
958,4,0,129,10.6279,0.236176,59.4322,8.49031,0.444444
958,5,0,129,10.5116,0.233592,59.1789,8.45413,0.444444
958,6,0,129,10.6899,0.237554,60.5988,8.65698,0.444444
958,7,0,129,10.7054,0.237898,63.0045,9.00065,0.444444
958,8,0,129,11.8837,0.264083,84.8727,12.1247,0.444444
958,9,0,129,16.5504,0.367786,103.16,14.7371,0.666667
958,10,0,129,17.4341,0.387425,102.549,14.6499,0.777778
958,11,0,129,16.7597,0.372438,98.2035,14.0291,0.644444
958,12,0,129,16.3721,0.363824,95.2642,13.6092,0.755556
958,13,0,129,15.7752,0.35056,91.4251,13.0607,0.577778
958,14,0,129,15.1395,0.336434,88.7119,12.6731,0.533333
958,15,0,129,14.7674,0.328165,85.3837,12.1977,0.555556
958,16,0,129,14.4961,0.322136,82.8288,11.8327,0.622222
958,17,0,129,14.4496,0.321103,82.1505,11.7358,0.577778
958,18,0,129,13.155,0.292334,65.3469,9.33527,0.466667
958,19,0,129,10.4186,0.231525,55.6337,7.94767,0.4
958,20,0,129,10.062,0.2236,53.2235,7.60336,0.377778
958,21,0,129,9.70543,0.215676,53.1105,7.58721,0.377778
958,22,0,129,9.86822,0.219294,54.0827,7.7261,0.4
958,23,0,129,10.1473,0.225495,57.0762,8.15375,0.4
958,0,1,52,10.5385,0.234188,59.2083,8.45833,0.422222
958,1,1,52,10.5577,0.234615,59.6795,8.52564,0.444444
958,2,1,52,10.75,0.238889,61.3173,8.75962,0.444444
958,3,1,52,10.7115,0.238034,61.1827,8.74038,0.444444
958,4,1,52,10.6923,0.237607,60.9359,8.70513,0.444444
958,5,1,52,10.6923,0.237607,61.0593,8.72276,0.444444
958,6,1,52,10.6538,0.236752,60.1619,8.59455,0.444444
958,7,1,52,10.5962,0.23547,59.6234,8.51763,0.444444
958,8,1,52,10.5962,0.23547,61.4744,8.78205,0.444444
958,9,1,52,11.0769,0.246154,65.9279,9.41827,0.466667
958,10,1,52,11.6538,0.258974,65.6362,9.3766,0.466667
958,11,1,52,11.5385,0.25641,65.3333,9.33333,0.488889
958,12,1,52,11.5577,0.256838,63.1795,9.02564,0.466667
958,13,1,52,11.3846,0.252991,62.8093,8.97276,0.444444
958,14,1,52,10.9423,0.243162,61.0032,8.71474,0.444444
958,15,1,52,10.6731,0.237179,58.0304,8.29006,0.466667
958,16,1,52,10.4038,0.231197,57.234,8.17628,0.466667
958,17,1,52,10.1538,0.225641,55.3606,7.90865,0.466667
958,18,1,52,9.98077,0.221795,52.3093,7.47276,0.4
958,19,1,52,9.36538,0.20812,51.7147,7.38782,0.355556
958,20,1,52,9.69231,0.215385,53.5096,7.64423,0.377778
958,21,1,52,9.5,0.211111,53.8462,7.69231,0.377778
958,22,1,52,9.96154,0.221368,56.0897,8.01282,0.511111
958,23,1,52,10.2692,0.228205,57.6378,8.23397,0.377778
965,0,0,129,66.9922,0.51932,458.389,60.8695,1
965,1,0,129,67.9845,0.527012,466.929,62.051,0.666667
965,2,0,129,68.031,0.527372,470.178,62.5724,0.658915
965,3,0,129,68.2481,0.529055,464.887,62.0136,0.658915
965,4,0,129,68.3101,0.529535,463.452,61.874,0.666667
965,5,0,129,68.2326,0.528935,463.381,61.8547,0.666667
965,6,0,129,68.3643,0.529956,452.836,60.6208,0.658915
965,7,0,129,63.4574,0.491918,386.142,51.4703,0.643411
965,8,0,129,50.1395,0.388679,280.482,37.3366,0.565891
965,9,0,129,38.0233,0.294754,224.516,29.3669,0.635659
965,10,0,129,34.5116,0.267532,199.735,25.9961,0.806202
965,11,0,129,31.3566,0.243074,185.131,24.0614,0.51938
965,12,0,129,30.8992,0.239529,183.128,23.9432,0.51938
965,13,0,129,31.3333,0.242894,180.992,23.728,1
965,14,0,129,29.814,0.231116,170.419,22.2875,0.51938
965,15,0,129,27.5891,0.213869,162.149,21.082,0.51938
965,16,0,129,27.4806,0.213028,163.428,21.1731,0.635659
965,17,0,129,28.4729,0.22072,175.545,22.8353,0.635659
965,18,0,129,31.9147,0.247401,214.26,27.8204,0.534884
965,19,0,129,37.7209,0.29241,272.026,35.1079,0.565891
965,20,0,129,46.5039,0.360495,335.702,43.3941,0.550388
965,21,0,129,53.3333,0.413437,381.541,49.6047,0.565891
965,22,0,129,59.4186,0.460609,422.116,55.4025,0.596899
965,23,0,129,64.6977,0.501532,451.174,59.7326,0.627907
965,0,1,52,65.8654,0.510584,464.765,61.5689,0.651163
965,1,1,52,68.2692,0.529219,471.513,62.6474,0.658915
965,2,1,52,68.9231,0.534287,471.541,62.766,0.682171
965,3,1,52,69.0192,0.535033,474.014,63.149,0.689922
965,4,1,52,68.75,0.532946,474.211,63.2051,0.689922
965,5,1,52,69.0769,0.53548,473.616,63.1538,0.682171
965,6,1,52,68.5962,0.531753,466.487,62.3173,0.682171
965,7,1,52,67.2885,0.521616,447.293,59.7115,0.666667
965,8,1,52,62.6538,0.485689,406.701,54.3429,0.635659
965,9,1,52,56.9808,0.441711,366.384,48.6058,0.581395
965,10,1,52,51.6538,0.400417,327.284,43.3189,0.55814
965,11,1,52,47.3269,0.366875,299.222,39.5689,0.542636
965,12,1,52,44.7885,0.347197,293.708,38.8397,0.542636
965,13,1,52,44.1538,0.342278,288.677,38.1779,0.542636
965,14,1,52,42.8654,0.33229,269.371,35.7596,0.550388
965,15,1,52,40.2308,0.311866,257.216,34.2628,0.550388
965,16,1,52,39.4423,0.305754,256.067,34.0016,0.542636
965,17,1,52,40.8846,0.316935,265.759,35.266,0.542636
965,18,1,52,41.9423,0.325134,287.331,37.8654,0.550388
965,19,1,52,46.3846,0.359571,328.248,43.1122,0.550388
965,20,1,52,51.5192,0.399374,362.059,47.4151,0.550388
965,21,1,52,54.7885,0.424717,391.972,51.4728,0.565891
965,22,1,52,61.2885,0.475104,422.675,55.6955,1
965,23,1,52,63.5962,0.492993,442.312,58.4359,0.612403
966,0,0,129,67.4574,0.364634,450.161,62.7203,1
966,1,0,129,67.3256,0.363922,457.899,63.7235,0.481081
966,2,0,129,67.8217,0.366604,462.4,64.3185,0.502703
966,3,0,129,67.876,0.366897,462.69,64.3592,0.464865
966,4,0,129,67.938,0.367232,461.713,64.2028,0.475676
966,5,0,129,67.845,0.36673,459.63,63.9399,0.475676
966,6,0,129,67.8062,0.36652,455.222,63.5168,0.464865
966,7,0,129,63.4884,0.34318,390.481,54.2397,0.437838
966,8,0,129,50.6124,0.273581,303.349,41.7222,0.416216
966,9,0,129,40.2481,0.217557,246.849,33.6466,0.589189
966,10,0,129,36.7752,0.198785,222.424,30.3585,0.908108
966,11,0,129,33.3566,0.180306,211.544,28.9121,0.356757
966,12,0,129,33.4264,0.180683,207.355,28.332,0.416216
966,13,0,129,32.9767,0.178253,198.516,27.239,1
966,14,0,129,30.2326,0.163419,189.459,26.0459,0.351351
966,15,0,129,29.0155,0.156841,184.458,25.2629,0.345946
966,16,0,129,29.6202,0.160109,187.924,25.6796,0.621622
966,17,0,129,29.8992,0.161617,194.356,26.5995,0.621622
966,18,0,129,32.155,0.173811,225.947,31.0937,0.340541
966,19,0,129,38.5581,0.208422,286.091,39.6408,0.362162
966,20,0,129,48.4496,0.26189,341.768,47.8307,0.378378
966,21,0,129,54.1705,0.292814,379.282,53.1428,0.394595
966,22,0,129,60.3798,0.326378,414.619,58.0103,0.621622
966,23,0,129,63.9147,0.345485,437.679,61.0788,0.427027
966,0,1,52,65.0577,0.351663,450.255,62.6971,0.427027
966,1,1,52,66.6923,0.360499,457.905,63.6378,0.454054
966,2,1,52,67.4038,0.364345,460.469,63.9311,0.459459
966,3,1,52,68.3269,0.369335,464.115,64.4135,0.459459
966,4,1,52,67.8846,0.366944,463.357,64.2981,0.459459
966,5,1,52,68.1923,0.368607,462.937,64.2532,0.459459
966,6,1,52,67.75,0.366216,458.831,63.7468,0.464865
966,7,1,52,66.6923,0.360499,442.896,61.5272,0.459459
966,8,1,52,63.1538,0.341372,411.946,57.1635,0.443243
966,9,1,52,58.2115,0.314657,379.733,52.6362,0.410811
966,10,1,52,53.5962,0.289709,348.609,48.2067,0.383784
966,11,1,52,50.1154,0.270894,327.828,45.4167,0.378378
966,12,1,52,48.2115,0.260603,321.4,44.5913,0.356757
966,13,1,52,47.9038,0.25894,312.196,43.4984,0.351351
966,14,1,52,45.5577,0.246258,294.925,41.1795,0.351351
966,15,1,52,43.75,0.236486,283.696,39.5881,0.345946
966,16,1,52,42.3462,0.228898,278.171,38.9439,0.340541
966,17,1,52,43.4231,0.234719,287.14,40.1218,0.335135
966,18,1,52,44.4038,0.240021,308.869,42.9647,0.345946
966,19,1,52,48.7115,0.263306,341.329,47.5321,0.362162
966,20,1,52,53.9038,0.291372,370.905,51.7404,0.372973
966,21,1,52,57.0962,0.308628,392.6,54.7821,0.394595
966,22,1,52,61.9808,0.335031,410.566,57.258,0.891892
966,23,1,52,62.1154,0.335759,425.884,59.3269,0.410811
967,0,0,129,8.17829,0.340762,53.228,7.60401,0.708333
967,1,0,129,8.06977,0.33624,53.1557,7.59367,0.5
967,2,0,129,8.17054,0.340439,53.4813,7.64018,0.5
967,3,0,129,8.16279,0.340116,52.9703,7.56718,0.5
967,4,0,129,8.09302,0.337209,52.8482,7.54974,0.5
967,5,0,129,8.09302,0.337209,52.9793,7.56848,0.541667
967,6,0,129,8.13178,0.338824,50.8314,7.26163,0.541667
967,7,0,129,6.96124,0.290052,41.0368,5.8624,0.5
967,8,0,129,5.36434,0.223514,32.9018,4.70026,0.416667
967,9,0,129,5.24031,0.218346,30.1796,4.31137,0.375
967,10,0,129,4.50388,0.187661,28,4,0.416667
967,11,0,129,4.66667,0.194444,29.5917,4.22739,0.458333
967,12,0,129,5.06202,0.210917,31.6311,4.51873,0.666667
967,13,0,129,5.18217,0.215924,32.9154,4.7022,0.479167
967,14,0,129,5.18605,0.216085,30.573,4.36757,0.416667
967,15,0,129,4.84496,0.201873,30.2384,4.31977,0.416667
967,16,0,129,4.96124,0.206718,30.0032,4.28618,0.708333
967,17,0,129,5.07752,0.211563,33.354,4.76486,0.708333
967,18,0,129,5.74419,0.239341,39.9063,5.7009,0.5
967,19,0,129,6.76744,0.281977,46.2823,6.61176,0.541667
967,20,0,129,7.45736,0.310724,49.6828,7.09755,0.541667
967,21,0,129,7.90698,0.329457,53.0019,7.57171,0.583333
967,22,0,129,8.16279,0.340116,53.9063,7.7009,0.583333
967,23,0,129,8.17829,0.340762,53.635,7.66214,0.541667
967,0,1,52,7.90385,0.329327,52.3205,7.47436,0.5
967,1,1,52,8,0.333333,51.7484,7.39263,0.5
967,2,1,52,7.86538,0.327724,51.5801,7.36859,0.458333
967,3,1,52,7.92308,0.330128,51.5128,7.35897,0.458333
967,4,1,52,7.80769,0.325321,51.5465,7.36378,0.458333
967,5,1,52,7.92308,0.330128,51.9503,7.42147,0.458333
967,6,1,52,8.01923,0.334135,51.2212,7.31731,0.458333
967,7,1,52,7.69231,0.320513,46.9808,6.71154,0.458333
967,8,1,52,6.78846,0.282853,41.5513,5.9359,0.416667
967,9,1,52,6.09615,0.254006,36.4135,5.20192,0.375
967,10,1,52,5.36538,0.223558,34.6186,4.94551,0.375
967,11,1,52,5.38462,0.224359,34.1587,4.87981,0.333333
967,12,1,52,5.42308,0.225962,35.0112,5.0016,0.375
967,13,1,52,5.90385,0.245994,38.2196,5.45994,0.416667
967,14,1,52,5.92308,0.246795,37.4119,5.34455,0.375
967,15,1,52,5.90385,0.245994,37.7372,5.39103,0.375
967,16,1,52,5.98077,0.249199,38.2644,5.46635,0.375
967,17,1,52,6,0.25,39.9471,5.70673,0.416667
967,18,1,52,6.34615,0.264423,40.9567,5.85096,0.458333
967,19,1,52,6.71154,0.279647,43.2452,6.17788,0.458333
967,20,1,52,6.78846,0.282853,45.6346,6.51923,0.458333
967,21,1,52,7.30769,0.304487,48.7756,6.96795,0.5
967,22,1,52,7.76923,0.323718,49.9423,7.13462,0.5
967,23,1,52,7.75,0.322917,49.6394,7.09135,0.5
969,0,0,129,14.8992,0.297984,106.999,15.2855,0.48
969,1,0,129,15.9302,0.318605,109.047,15.5782,0.48
969,2,0,129,15.9225,0.31845,109.594,15.6563,0.48
969,3,0,129,15.9225,0.31845,108.735,15.5336,0.48
969,4,0,129,15.7287,0.314574,107.401,15.343,0.48
969,5,0,129,15.6744,0.313488,106.497,15.2138,0.48
969,6,0,129,15.6047,0.312093,106.908,15.2726,0.52
969,7,0,129,14.8837,0.297674,91.1492,13.0213,0.52
969,8,0,129,11.3721,0.227442,68.5258,9.78941,0.48
969,9,0,129,8.34884,0.166977,52.9386,7.56266,0.48
969,10,0,129,7.4845,0.14969,48.2946,6.89922,0.48
969,11,0,129,7,0.14,47.1686,6.73837,0.48
969,12,0,129,7.31783,0.146357,49.1628,7.02326,0.48
969,13,0,129,7.76744,0.155349,51.5549,7.36499,0.48
969,14,0,129,7.4031,0.148062,48.2087,6.88695,0.48
969,15,0,129,6.90698,0.13814,46.3366,6.61951,0.48
969,16,0,129,7.4186,0.148372,46.1964,6.59948,0.76
969,17,0,129,7.42636,0.148527,49.1492,7.02132,0.74
969,18,0,129,7.57364,0.151473,56.3934,8.0562,0.48
969,19,0,129,9.71318,0.194264,73.9115,10.5588,0.48
969,20,0,129,12.2016,0.244031,86.6001,12.3714,0.48
969,21,0,129,13.2791,0.265581,92.1712,13.1673,0.48
969,22,0,129,13.8062,0.276124,96.0917,13.7274,0.48
969,23,0,129,14.4264,0.288527,99.6505,14.2358,0.48
969,0,1,52,14.2308,0.284615,102.308,14.6154,0.46
969,1,1,52,15.3077,0.306154,104.821,14.9744,0.46
969,2,1,52,15.3462,0.306923,104.742,14.9631,0.46
969,3,1,52,15.3269,0.306538,104.551,14.9359,0.46
969,4,1,52,15.0577,0.301154,102.7,14.6715,0.46
969,5,1,52,15.0962,0.301923,104.035,14.8622,0.46
969,6,1,52,14.9423,0.298846,103.34,14.7628,0.46
969,7,1,52,14.9231,0.298462,99.851,14.2644,0.46
969,8,1,52,13.75,0.275,91.1122,13.016,0.44
969,9,1,52,12.25,0.245,80.6458,11.5208,0.34
969,10,1,52,11.3269,0.226538,74.7676,10.6811,0.34
969,11,1,52,10.8077,0.216154,72.0753,10.2965,0.32
969,12,1,52,10.3269,0.206538,71.851,10.2644,0.32
969,13,1,52,10.5192,0.210385,70.2131,10.0304,0.32
969,14,1,52,9.78846,0.195769,66.1298,9.44712,0.36
969,15,1,52,9.34615,0.186923,65.6362,9.3766,0.3
969,16,1,52,9.67308,0.193462,67.0497,9.57853,0.34
969,17,1,52,10.3077,0.206154,70.7179,10.1026,0.38
969,18,1,52,10.4808,0.209615,74.7228,10.6747,0.42
969,19,1,52,11.3654,0.227308,79.8157,11.4022,0.42
969,20,1,52,12.2115,0.244231,84.3926,12.0561,0.44
969,21,1,52,12.6731,0.253462,87.6571,12.5224,0.38
969,22,1,52,13.0769,0.261538,91.1458,13.0208,0.38
969,23,1,52,13.5577,0.271154,94.3317,13.476,0.44
972,0,0,129,33.4031,0.445375,194.151,27.7358,1
972,1,0,129,33.2791,0.443721,195.141,27.8773,0.6
972,2,0,129,33.5504,0.447339,197.094,28.1563,0.586667
972,3,0,129,33.5194,0.446925,195.055,27.865,0.6
972,4,0,129,33.3023,0.444031,193.811,27.6873,0.6
972,5,0,129,33.2093,0.442791,192.744,27.5349,0.586667
972,6,0,129,32.9922,0.439897,191.247,27.3211,0.586667
972,7,0,129,31.6047,0.421395,160.34,22.9057,0.586667
972,8,0,129,23.8217,0.317623,119.28,17.0401,0.546667
972,9,0,129,21.3488,0.284651,104.81,14.9729,0.546667
972,10,0,129,20.0078,0.26677,97.0097,13.8585,1
972,11,0,129,19.5736,0.260982,100.039,14.2913,0.546667
972,12,0,129,19.6667,0.262222,101.785,14.5407,0.546667
972,13,0,129,20.7829,0.277106,103.255,14.7506,1
972,14,0,129,20.0388,0.267183,100.243,14.3204,0.546667
972,15,0,129,19.2481,0.256641,97.9548,13.9935,0.546667
972,16,0,129,19.4884,0.259845,101.098,14.4425,0.546667
972,17,0,129,20.2016,0.269354,111.494,15.9276,0.546667
972,18,0,129,23.0078,0.30677,132.806,18.9722,0.546667
972,19,0,129,26.5194,0.353592,160.326,22.9037,0.546667
972,20,0,129,30.1085,0.401447,178.984,25.5691,0.546667
972,21,0,129,31.938,0.42584,190.185,27.1693,0.573333
972,22,0,129,33.0775,0.441034,194.738,27.8198,0.6
972,23,0,129,33.2326,0.443101,194.304,27.7578,0.6
972,0,1,52,32.9615,0.439487,195.854,27.9792,0.56
972,1,1,52,33.2308,0.443077,195.293,27.899,0.573333
972,2,1,52,33.5385,0.447179,196.796,28.1138,0.573333
972,3,1,52,33.5769,0.447692,196.83,28.1186,0.586667
972,4,1,52,33.5192,0.446923,195.899,27.9856,0.586667
972,5,1,52,33.1731,0.442308,194.575,27.7965,0.586667
972,6,1,52,33.1346,0.441795,192.421,27.4888,0.586667
972,7,1,52,32.5,0.433333,182.011,26.0016,0.56
972,8,1,52,30.2692,0.40359,168.034,24.0048,0.52
972,9,1,52,28.8269,0.384359,156.401,22.3429,0.506667
972,10,1,52,26.5962,0.354615,148.885,21.2692,0.48
972,11,1,52,26.5577,0.354103,149.064,21.2949,0.506667
972,12,1,52,26.8077,0.357436,151.667,21.6667,0.453333
972,13,1,52,27.5962,0.367949,154.213,22.0304,0.493333
972,14,1,52,27.0962,0.361282,149.367,21.3381,0.506667
972,15,1,52,26.3654,0.351538,144.51,20.6442,0.466667
972,16,1,52,25.9423,0.345897,143.881,20.5545,0.44
972,17,1,52,26.25,0.35,153.103,21.8718,0.453333
972,18,1,52,28.9038,0.385385,168.325,24.0465,0.493333
972,19,1,52,30.2692,0.40359,176.043,25.149,0.506667
972,20,1,52,31.0769,0.414359,180.048,25.7212,0.52
972,21,1,52,31.8077,0.424103,184.03,26.2901,0.533333
972,22,1,52,32.8077,0.437436,186.442,26.6346,1
972,23,1,52,32.5769,0.434359,186.723,26.6747,0.573333
974,0,0,129,60.5659,0.492406,389.318,55.6169,1
974,1,0,129,60.0775,0.488435,388.857,55.551,0.626016
974,2,0,129,59.9845,0.487679,390.413,55.7733,0.626016
974,3,0,129,60.1473,0.489002,388.893,55.5562,0.617886
974,4,0,129,59.9535,0.487427,387.813,55.4018,0.617886
974,5,0,129,60.0078,0.487868,387.763,55.3947,0.617886
974,6,0,129,59.9302,0.487238,382.603,54.6576,0.626016
974,7,0,129,54.8527,0.445957,329.724,47.1034,0.577236
974,8,0,129,44.3876,0.360875,257.119,36.7313,0.528455
974,9,0,129,37.5891,0.305603,231.086,33.0123,0.504065
974,10,0,129,37.5039,0.30491,223.005,31.8579,1
974,11,0,129,35.9225,0.292053,220.495,31.4994,0.487805
974,12,0,129,37.1163,0.301758,225.026,32.1466,0.837398
974,13,0,129,37.8837,0.307998,226.148,32.3068,0.95935
974,14,0,129,36.0233,0.292872,217.497,31.0711,0.487805
974,15,0,129,34.3876,0.279574,210.724,30.1034,0.487805
974,16,0,129,35.1395,0.285687,210.755,30.1079,0.902439
974,17,0,129,35.8217,0.291233,226.641,32.3773,0.902439
974,18,0,129,39.1085,0.317956,260.972,37.2817,0.512195
974,19,0,129,45.2403,0.367807,318.147,45.4496,0.520325
974,20,0,129,54.3256,0.441671,362.833,51.8333,0.560976
974,21,0,129,57.0543,0.463856,374.907,53.5581,0.609756
974,22,0,129,58.6434,0.476776,383.833,54.8333,0.609756
974,23,0,129,59.5659,0.484276,387.849,55.407,0.626016
974,0,1,52,59.0385,0.479987,391.518,55.9311,0.593496
974,1,1,52,60.0192,0.487961,392.505,56.0721,0.593496
974,2,1,52,60.4423,0.491401,392.46,56.0657,0.601626
974,3,1,52,59.9808,0.487649,391.652,55.9503,0.593496
974,4,1,52,59.8846,0.486867,391.215,55.8878,0.593496
974,5,1,52,59.8654,0.48671,391.349,55.9071,0.593496
974,6,1,52,59.7308,0.485616,387.771,55.3958,0.593496
974,7,1,52,58.8462,0.478424,370.607,52.9439,0.593496
974,8,1,52,54.9038,0.446373,343.595,49.0849,0.560976
974,9,1,52,51.1154,0.415572,320.62,45.8029,0.544715
974,10,1,52,48.3269,0.392902,305.779,43.6827,0.520325
974,11,1,52,46.5769,0.378674,300.271,42.8958,0.487805
974,12,1,52,46.8269,0.380707,306.856,43.8365,0.528455
974,13,1,52,48.3846,0.393371,312.779,44.6827,0.520325
974,14,1,52,47.4231,0.385553,301.135,43.0192,0.528455
974,15,1,52,46.1731,0.375391,296.098,42.2997,0.528455
974,16,1,52,46.1923,0.375547,296.748,42.3926,0.520325
974,17,1,52,46.3654,0.376954,304.141,43.4487,0.495935
974,18,1,52,48.6923,0.395872,324.3,46.3285,0.487805
974,19,1,52,52.3077,0.425266,343.55,49.0785,0.520325
974,20,1,52,54.4615,0.442777,356.966,50.9952,0.520325
974,21,1,52,55.5769,0.451845,366.479,52.3542,0.544715
974,22,1,52,57.5,0.46748,372.66,53.2372,0.886179
974,23,1,52,58.0962,0.472326,377.091,53.8702,0.577236
975,0,0,129,5.39535,0.299742,33.6118,4.80168,1
975,1,0,129,5.4186,0.301034,33.8695,4.8385,0.611111
975,2,0,129,5.37984,0.29888,33.7429,4.82041,0.611111
975,3,0,129,5.37209,0.29845,32.9787,4.71124,0.611111
975,4,0,129,5.34884,0.297158,32.7888,4.68411,0.611111
975,5,0,129,5.27132,0.292851,32.8656,4.69509,0.611111
975,6,0,129,5.31008,0.295004,32.8611,4.69444,0.611111
975,7,0,129,5.14729,0.28596,29.0536,4.15052,0.555556
975,8,0,129,4.18605,0.232558,22.0627,3.15181,0.5
975,9,0,129,3.37984,0.187769,19.1143,2.73062,0.5
975,10,0,129,3.50388,0.19466,18.9968,2.71382,1
975,11,0,129,3.35659,0.186477,18.8656,2.69509,0.5
975,12,0,129,3.45736,0.192076,19.874,2.83915,0.555556
975,13,0,129,3.68217,0.204565,19.5213,2.78876,1
975,14,0,129,3.28682,0.182601,17.3824,2.4832,0.5
975,15,0,129,3.05426,0.169681,16.7901,2.39858,0.5
975,16,0,129,3.02326,0.167959,16.6273,2.37532,0.5
975,17,0,129,2.97674,0.165375,17.6673,2.5239,0.5
975,18,0,129,3.25581,0.180879,20.8779,2.98256,0.5
975,19,0,129,3.88372,0.215762,25.8114,3.68734,0.5
975,20,0,129,4.52713,0.251507,27.3353,3.90504,0.5
975,21,0,129,4.46512,0.248062,27.4664,3.92377,0.5
975,22,0,129,4.65116,0.258398,29.1214,4.16021,0.5
975,23,0,129,5.03876,0.279931,32.0245,4.57494,0.555556
975,0,1,52,4.96154,0.275641,33.1042,4.72917,0.5
975,1,1,52,5.59615,0.310897,33.8894,4.84135,0.5
975,2,1,52,5.55769,0.308761,33.6651,4.80929,0.5
975,3,1,52,5.53846,0.307692,33.8558,4.83654,0.5
975,4,1,52,5.5,0.305556,33.8446,4.83494,0.5
975,5,1,52,5.51923,0.306624,33.867,4.83814,0.5
975,6,1,52,5.5,0.305556,33.5304,4.79006,0.5
975,7,1,52,5.44231,0.30235,32.2965,4.61378,0.5
975,8,1,52,5.05769,0.280983,29.5369,4.21955,0.5
975,9,1,52,4.69231,0.260684,28.1234,4.01763,0.5
975,10,1,52,4.5,0.25,26.766,3.82372,0.5
975,11,1,52,4.53846,0.252137,26.25,3.75,0.555556
975,12,1,52,4.40385,0.244658,27.226,3.88942,0.555556
975,13,1,52,4.80769,0.267094,27.6522,3.95032,0.555556
975,14,1,52,4.21154,0.233974,25.3301,3.61859,0.5
975,15,1,52,4.25,0.236111,24.4439,3.49199,0.5
975,16,1,52,4,0.222222,23.5577,3.36538,0.5
975,17,1,52,4.05769,0.225427,23.2099,3.31571,0.5
975,18,1,52,3.86538,0.214744,22.2115,3.17308,0.5
975,19,1,52,3.90385,0.21688,22.6939,3.24199,0.5
975,20,1,52,4.07692,0.226496,22.7163,3.24519,0.5
975,21,1,52,3.84615,0.213675,22.1442,3.16346,0.5
975,22,1,52,4.17308,0.231838,23.1314,3.30449,1
975,23,1,52,4.26923,0.237179,25.2404,3.60577,0.5
977,0,0,129,5.83721,0.201283,31.9047,4.88695,0.413793
977,1,0,129,5.86822,0.202352,31.7125,4.85271,0.413793
977,2,0,129,5.93023,0.204491,31.6718,4.83592,0.413793
977,3,0,129,5.8062,0.200214,31.1202,4.75517,0.413793
977,4,0,129,5.84496,0.20155,31.3146,4.78295,0.413793
977,5,0,129,5.78295,0.199412,28.3301,4.36305,0.413793
977,6,0,129,5.22481,0.180166,26.7022,4.13307,0.37931
977,7,0,129,5.08527,0.175354,24.552,3.80943,0.37931
977,8,0,129,4.31008,0.148623,19.3043,2.96964,0.344828
977,9,0,129,3.45736,0.119219,13.8915,2.14858,0.310345
977,10,0,129,2.7907,0.096231,10.5565,1.65181,0.62069
977,11,0,129,2.48837,0.0858059,10.5565,1.64987,0.241379
977,12,0,129,2.91473,0.100508,11.3275,1.76034,0.62069
977,13,0,129,2.86047,0.0986367,11.1873,1.74096,0.62069
977,14,0,129,2.52713,0.0871425,9.76292,1.54328,0.241379
977,15,0,129,2.41085,0.0831329,9.29037,1.47545,0.241379
977,16,0,129,2.44961,0.0844694,9.85788,1.54974,0.275862
977,17,0,129,2.50388,0.0863406,11.1806,1.73514,0.275862
977,18,0,129,2.88372,0.0994387,14.7145,2.28424,0.275862
977,19,0,129,3.51163,0.121091,18.4654,2.89212,0.310345
977,20,0,129,4.26357,0.14702,22.3498,3.49354,0.344828
977,21,0,129,4.77519,0.164662,26.5078,4.10853,0.310345
977,22,0,129,5.51938,0.190323,30.3356,4.67313,0.310345
977,23,0,129,5.8062,0.200214,31.3892,4.82623,0.344828
977,0,1,52,5.84615,0.201592,31.7748,4.8109,0.344828
977,1,1,52,5.88462,0.202918,32.274,4.89744,0.344828
977,2,1,52,5.96154,0.20557,32.6947,4.93269,0.344828
977,3,1,52,5.86538,0.202255,31.9543,4.83013,0.344828
977,4,1,52,5.92308,0.204244,32.6218,4.91667,0.344828
977,5,1,52,5.86538,0.202255,30.1146,4.5625,0.344828
977,6,1,52,5.38462,0.185676,28.2917,4.3141,0.310345
977,7,1,52,5.15385,0.177719,26.4912,4.04968,0.310345
977,8,1,52,4.96154,0.171088,25.403,3.83974,0.310345
977,9,1,52,4.67308,0.161141,22.3069,3.33814,0.310345
977,10,1,52,4.07692,0.140584,20.3718,3.04167,0.310345
977,11,1,52,4.11538,0.14191,19.0425,2.85256,0.517241
977,12,1,52,3.84615,0.132626,19.121,2.86378,0.310345
977,13,1,52,3.76923,0.129973,17.7917,2.67468,0.310345
977,14,1,52,3.40385,0.117374,16.0753,2.4375,0.310345
977,15,1,52,3.34615,0.115385,14.7628,2.24199,0.310345
977,16,1,52,3.09615,0.106764,15.234,2.29647,0.310345
977,17,1,52,3.40385,0.117374,16.4343,2.48397,0.310345
977,18,1,52,3.63462,0.125332,18.6611,2.85897,0.310345
977,19,1,52,4.13462,0.142573,21.4487,3.28205,0.310345
977,20,1,52,4.44231,0.153183,24.0681,3.6891,0.310345
977,21,1,52,4.90385,0.169098,26.9679,4.10096,0.310345
977,22,1,52,5.39423,0.186008,30.4287,4.58494,0.344828
977,23,1,52,5.76923,0.198939,31.6514,4.77724,0.37931
979,0,0,129,2.70543,0.169089,15.845,2.26357,0.375
979,1,0,129,2.58915,0.161822,15.646,2.23514,0.375
979,2,0,129,2.64341,0.165213,15.9535,2.27907,0.375
979,3,0,129,2.64341,0.165213,15.7319,2.24742,0.375
979,4,0,129,2.64341,0.165213,15.6053,2.22933,0.375
979,5,0,129,2.58915,0.161822,15.3973,2.19961,0.375
979,6,0,129,2.5814,0.161337,15.5691,2.22416,0.375
979,7,0,129,2.6124,0.163275,15.2435,2.17765,0.375
979,8,0,129,2.49612,0.156008,15.3747,2.19638,0.375
979,9,0,129,2.71318,0.169574,17.613,2.51615,0.4375
979,10,0,129,3.31008,0.20688,20.7242,2.96059,0.5
979,11,0,129,3.4031,0.212694,21.104,3.01486,0.5
979,12,0,129,3.48062,0.217539,22.1214,3.16021,0.5625
979,13,0,129,3.53876,0.221172,21.9677,3.13824,0.5625
979,14,0,129,3.51163,0.219477,21.2939,3.04199,0.5625
979,15,0,129,3.29457,0.205911,19.8831,2.84044,0.5625
979,16,0,129,3.21705,0.201066,18.6395,2.66279,0.5
979,17,0,129,3,0.1875,17.6764,2.52519,0.4375
979,18,0,129,2.7907,0.174419,15.2707,2.18152,0.4375
979,19,0,129,2.42636,0.151647,14.8592,2.12274,0.375
979,20,0,129,2.73643,0.171027,16.8488,2.40698,0.375
979,21,0,129,2.86047,0.178779,17.699,2.52842,0.4375
979,22,0,129,2.92248,0.182655,17.8889,2.55556,0.4375
979,23,0,129,3.0155,0.188469,17.6718,2.52455,0.4375
979,0,1,52,3.01923,0.188702,17.1074,2.44391,0.375
979,1,1,52,2.82692,0.176683,16.0417,2.29167,0.375
979,2,1,52,2.82692,0.176683,15.9968,2.28526,0.375
979,3,1,52,2.80769,0.175481,15.6939,2.24199,0.375
979,4,1,52,2.69231,0.168269,15.492,2.21314,0.375
979,5,1,52,2.75,0.171875,15.7949,2.25641,0.375
979,6,1,52,2.75,0.171875,15.6266,2.23237,0.375
979,7,1,52,2.76923,0.173077,15.492,2.21314,0.375
979,8,1,52,2.75,0.171875,15.4135,2.20192,0.375
979,9,1,52,2.67308,0.167067,15.0321,2.14744,0.375
979,10,1,52,2.69231,0.168269,16.008,2.28686,0.3125
979,11,1,52,2.86538,0.179087,16.5913,2.37019,0.375
979,12,1,52,2.59615,0.16226,16.4567,2.35096,0.375
979,13,1,52,3,0.1875,17.5112,2.5016,0.4375
979,14,1,52,3.07692,0.192308,17.2981,2.47115,0.4375
979,15,1,52,2.92308,0.182692,15.8285,2.26122,0.375
979,16,1,52,2.80769,0.175481,15.3349,2.19071,0.375
979,17,1,52,2.69231,0.168269,15.4247,2.20353,0.375
979,18,1,52,2.71154,0.169471,15.2676,2.18109,0.375
979,19,1,52,2.71154,0.169471,15.2788,2.18269,0.375
979,20,1,52,2.78846,0.174279,16.4343,2.34776,0.375
979,21,1,52,2.88462,0.180288,16.6362,2.3766,0.5
979,22,1,52,2.76923,0.173077,16.0753,2.29647,0.4375
979,23,1,52,2.73077,0.170673,15.7163,2.24519,0.375
981,0,0,129,26.0465,0.531561,298.744,24.7713,1
981,1,0,129,26.4109,0.538997,300.781,24.989,0.714286
981,2,0,129,26.3566,0.53789,300.506,25.0084,0.714286
981,3,0,129,26.4806,0.540421,299.257,24.9767,0.714286
981,4,0,129,26.4729,0.540263,299.317,25.0097,0.714286
981,5,0,129,26.3643,0.538048,296.994,24.8979,0.714286
981,6,0,129,26,0.530612,265.919,23.4961,0.714286
981,7,0,129,23.3798,0.47714,220.95,20.2022,0.693878
981,8,0,129,20.3643,0.415599,180.507,16.4839,0.693878
981,9,0,129,15.7287,0.320994,139.572,13.2429,0.877551
981,10,0,129,14.3566,0.292992,125.141,12.1499,1
981,11,0,129,13.0775,0.266888,115.656,11.4845,0.571429
981,12,0,129,13.4651,0.274798,119.844,11.5594,0.897959
981,13,0,129,13.0698,0.26673,114.684,11.1402,1
981,14,0,129,12.3023,0.251068,107.876,10.8915,0.469388
981,15,0,129,12.3256,0.251542,102.726,10.6253,0.469388
981,16,0,129,12.2946,0.25091,98.7597,10.8559,0.877551
981,17,0,129,13.1318,0.267996,106.128,11.9819,0.877551
981,18,0,129,14.1783,0.289353,122.747,13.9696,0.530612
981,19,0,129,17.0155,0.347255,156.973,17.4309,0.55102
981,20,0,129,20.7674,0.423825,206.272,20.5607,0.632653
981,21,0,129,23.0155,0.469704,239.408,22.301,0.632653
981,22,0,129,24.2791,0.495491,262.78,23.3411,0.673469
981,23,0,129,25.0388,0.510995,285.722,24.0556,0.673469
981,0,1,52,25.2115,0.514521,281.258,24.1875,0.632653
981,1,1,52,25.6538,0.523548,284.202,24.3654,0.632653
981,2,1,52,25.9038,0.52865,287.277,24.3558,0.632653
981,3,1,52,25.8654,0.527865,285.853,24.3221,0.632653
981,4,1,52,25.6538,0.523548,282.623,24.1763,0.632653
981,5,1,52,25.6923,0.524333,282.242,24.1218,0.632653
981,6,1,52,25.4038,0.518446,270.063,23.4375,0.632653
981,7,1,52,24.3846,0.497645,249.192,21.8878,0.612245
981,8,1,52,22.5385,0.459969,229.812,20.2356,0.612245
981,9,1,52,20.1538,0.411303,197.761,17.8894,0.55102
981,10,1,52,18.5385,0.378336,191.21,16.7837,0.489796
981,11,1,52,17.7308,0.361852,183.114,16.0881,0.510204
981,12,1,52,17.6731,0.360675,184.075,16.4439,0.489796
981,13,1,52,18.3269,0.374019,178.365,16.2228,0.530612
981,14,1,52,17.4615,0.356358,168.974,15.5849,0.55102
981,15,1,52,16.0962,0.328493,145.99,14.6554,0.489796
981,16,1,52,16,0.326531,140.671,14.6843,0.469388
981,17,1,52,16.7308,0.341444,147.071,15.6106,0.530612
981,18,1,52,17.7115,0.36146,164.966,17.4391,0.55102
981,19,1,52,20.0385,0.408948,204.84,19.5801,0.571429
981,20,1,52,22.3269,0.455651,240.33,21.0465,0.653061
981,21,1,52,22.9615,0.468603,260.617,22.0881,0.653061
981,22,1,52,24.6731,0.503532,266.287,22.7404,1
981,23,1,52,25.0577,0.511381,273.942,23.2516,0.77551
982,0,0,129,7.26357,0.403531,45.5497,6.50711,1
982,1,0,129,7.18605,0.399225,46.1557,6.59367,0.666667
982,2,0,129,7.27907,0.404393,47.0239,6.7177,0.722222
982,3,0,129,7.39535,0.410853,47.2093,6.74419,0.722222
982,4,0,129,7.35659,0.408699,47.1008,6.72868,0.722222
982,5,0,129,7.47287,0.415159,47.3857,6.76938,0.722222
982,6,0,129,7.48837,0.416021,46.011,6.573,0.722222
982,7,0,129,6.55039,0.36391,42.416,6.05943,0.722222
982,8,0,129,6.62791,0.368217,40.6977,5.81395,0.722222
982,9,0,129,6.37984,0.354436,38.9205,5.56008,0.666667
982,10,0,129,5.93023,0.329457,33.7158,4.81654,1
982,11,0,129,5.34884,0.297158,31.5362,4.50517,0.611111
982,12,0,129,5.2093,0.289406,31.5633,4.50904,0.555556
982,13,0,129,5.34109,0.296727,31.6673,4.5239,1
982,14,0,129,5.3876,0.299311,32.5174,4.64535,0.666667
982,15,0,129,5.17054,0.287252,31.7532,4.53618,0.666667
982,16,0,129,5.29457,0.294143,32.1873,4.59819,0.888889
982,17,0,129,5.1938,0.288544,33.1008,4.72868,0.833333
982,18,0,129,5.66667,0.314815,36.3928,5.19897,0.722222
982,19,0,129,6.03876,0.335487,39.2371,5.6053,0.666667
982,20,0,129,6.43411,0.35745,43.2119,6.17313,0.722222
982,21,0,129,6.91473,0.384152,44.7946,6.39922,0.722222
982,22,0,129,7,0.388889,44.6453,6.37791,0.722222
982,23,0,129,6.96899,0.387166,44.7448,6.39212,0.722222
982,0,1,52,6.78846,0.377137,45.2196,6.45994,0.666667
982,1,1,52,7.15385,0.397436,46.2965,6.61378,0.666667
982,2,1,52,7.03846,0.391026,46.4087,6.62981,0.722222
982,3,1,52,7.15385,0.397436,46.7003,6.67147,0.722222
982,4,1,52,7.07692,0.393162,46.6891,6.66987,0.555556
982,5,1,52,7.15385,0.397436,46.9247,6.70353,0.722222
982,6,1,52,7.11538,0.395299,46.0833,6.58333,0.722222
982,7,1,52,6.88462,0.382479,44.8718,6.41026,0.722222
982,8,1,52,7.09615,0.394231,45.4327,6.49038,0.666667
982,9,1,52,6.90385,0.383547,43.133,6.16186,0.611111
982,10,1,52,6.51923,0.362179,40.6763,5.8109,0.666667
982,11,1,52,6.28846,0.349359,40.9567,5.85096,0.555556
982,12,1,52,6.42308,0.356838,41.7196,5.95994,0.555556
982,13,1,52,6.44231,0.357906,40.508,5.78686,0.666667
982,14,1,52,5.90385,0.327991,37.5801,5.36859,0.611111
982,15,1,52,5.76923,0.320513,36.5481,5.22115,0.555556
982,16,1,52,5.61538,0.311966,35.8974,5.12821,0.5
982,17,1,52,5.63462,0.313034,35.875,5.125,0.555556
982,18,1,52,5.46154,0.303419,36.4583,5.20833,0.5
982,19,1,52,6.03846,0.33547,39.2516,5.60737,0.666667
982,20,1,52,6.48077,0.360043,41.8429,5.97756,0.722222
982,21,1,52,6.69231,0.371795,41.1138,5.8734,0.722222
982,22,1,52,6.80769,0.378205,41.1138,5.8734,1
982,23,1,52,6.75,0.375,42.2356,6.03365,0.611111
983,0,0,129,6.88372,0.404925,43.7455,6.24935,1
983,1,0,129,6.74419,0.396717,44.0937,6.2991,0.647059
983,2,0,129,6.7907,0.399453,44.3198,6.3314,0.647059
983,3,0,129,6.84496,0.402645,44.0123,6.28747,0.647059
983,4,0,129,6.81395,0.400821,43.8676,6.2668,0.647059
983,5,0,129,6.74419,0.396717,43.7636,6.25194,0.647059
983,6,0,129,6.82171,0.401277,43.3792,6.19703,0.647059
983,7,0,129,6.51938,0.383493,36.3837,5.19767,0.647059
983,8,0,129,4.71318,0.277246,24.1066,3.4438,0.588235
983,9,0,129,3.3876,0.19927,18.3547,2.62209,0.588235
983,10,0,129,3.10078,0.182399,16.6589,2.37984,1
983,11,0,129,2.84496,0.167351,15.759,2.25129,0.588235
983,12,0,129,2.81395,0.165527,16.2881,2.32687,0.588235
983,13,0,129,3.10078,0.182399,17.0614,2.43734,1
983,14,0,129,2.9845,0.175559,16.9121,2.41602,0.588235
983,15,0,129,3.0155,0.177383,17.0433,2.43475,0.588235
983,16,0,129,2.89922,0.170543,17.2242,2.46059,0.588235
983,17,0,129,3.05426,0.179663,18.8159,2.68798,0.588235
983,18,0,129,3.60465,0.212038,25.5174,3.64535,0.588235
983,19,0,129,4.64341,0.273142,32.3049,4.61499,0.588235
983,20,0,129,5.85271,0.344277,39.1964,5.59948,0.588235
983,21,0,129,6.33333,0.372549,42.1944,6.02778,0.647059
983,22,0,129,6.78295,0.398997,44.0349,6.2907,0.647059
983,23,0,129,6.87597,0.404469,44.677,6.38243,0.647059
983,0,1,52,6.51923,0.383484,41.5962,5.94231,0.647059
983,1,1,52,6.48077,0.381222,42.1571,6.02244,0.647059
983,2,1,52,6.59615,0.388009,42.1907,6.02724,0.647059
983,3,1,52,6.5,0.382353,41.3494,5.90705,0.647059
983,4,1,52,6.40385,0.376697,40.9904,5.85577,0.647059
983,5,1,52,6.55769,0.385747,40.9231,5.84615,0.647059
983,6,1,52,6.5,0.382353,40.25,5.75,0.647059
983,7,1,52,6.21154,0.365385,38.601,5.51442,0.647059
983,8,1,52,6,0.352941,34.7308,4.96154,0.647059
983,9,1,52,5.09615,0.299774,30.4567,4.35096,0.588235
983,10,1,52,4.88462,0.28733,30.2548,4.32212,0.588235
983,11,1,52,5.05769,0.297511,31.0401,4.43429,0.588235
983,12,1,52,4.88462,0.28733,30.3558,4.33654,0.588235
983,13,1,52,5,0.294118,29.8061,4.25801,0.588235
983,14,1,52,4.73077,0.278281,28.9311,4.13301,0.588235
983,15,1,52,4.69231,0.276018,26.5304,3.79006,0.588235
983,16,1,52,4.21154,0.247738,25.375,3.625,0.588235
983,17,1,52,4.46154,0.262443,27.7532,3.96474,0.588235
983,18,1,52,4.59615,0.270362,28.6282,4.08974,0.588235
983,19,1,52,4.86538,0.286199,30.6587,4.37981,0.588235
983,20,1,52,5.19231,0.30543,32.3638,4.6234,0.588235
983,21,1,52,5.26923,0.309955,34.4279,4.91827,0.647059
983,22,1,52,5.90385,0.347285,36.7276,5.24679,1
983,23,1,52,5.98077,0.35181,37.6362,5.3766,0.647059
984,0,0,129,2.77519,0.17345,17.5136,2.50194,0.4375
984,1,0,129,2.75969,0.172481,17.4729,2.49612,0.4375
984,2,0,129,2.83721,0.177326,17.7894,2.54134,0.4375
984,3,0,129,2.82946,0.176841,17.3734,2.48191,0.4375
984,4,0,129,2.82946,0.176841,17.4322,2.49031,0.4375
984,5,0,129,2.82171,0.176357,17.604,2.51486,0.5
984,6,0,129,2.79845,0.174903,17.6899,2.52713,0.5
984,7,0,129,2.72093,0.170058,15.5239,2.2177,0.5
984,8,0,129,2.26357,0.141473,13.7875,1.96964,0.4375
984,9,0,129,2.24031,0.140019,13.2539,1.89341,0.4375
984,10,0,129,2.25581,0.140988,13.1951,1.88501,0.75
984,11,0,129,2.29457,0.143411,14.832,2.11886,0.4375
984,12,0,129,2.5814,0.161337,16.8217,2.4031,0.4375
984,13,0,129,2.72868,0.170543,16.8805,2.4115,0.5
984,14,0,129,2.68217,0.167636,15.9671,2.28101,0.4375
984,15,0,129,2.52713,0.157946,15.6731,2.23902,0.4375
984,16,0,129,2.72868,0.170543,16.2158,2.31654,0.75
984,17,0,129,2.74419,0.171512,17.0523,2.43605,0.75
984,18,0,129,2.82171,0.176357,18.6848,2.66925,0.4375
984,19,0,129,3.0155,0.188469,18.8792,2.69703,0.4375
984,20,0,129,2.93798,0.183624,18.2054,2.60078,0.4375
984,21,0,129,2.87597,0.179748,18.0336,2.57623,0.4375
984,22,0,129,2.85271,0.178295,17.8165,2.54522,0.4375
984,23,0,129,2.8062,0.175388,17.5769,2.51098,0.4375
984,0,1,52,2.51923,0.157452,15.3349,2.19071,0.375
984,1,1,52,2.42308,0.151442,14.9087,2.12981,0.375
984,2,1,52,2.30769,0.144231,14.6955,2.09936,0.375
984,3,1,52,2.34615,0.146635,14.8862,2.1266,0.375
984,4,1,52,2.32692,0.145433,14.9423,2.13462,0.375
984,5,1,52,2.28846,0.143029,14.7292,2.10417,0.375
984,6,1,52,2.34615,0.146635,14.8189,2.11699,0.375
984,7,1,52,2.30769,0.144231,14.5721,2.08173,0.375
984,8,1,52,2.32692,0.145433,14.1683,2.02404,0.375
984,9,1,52,2.21154,0.138221,14.2131,2.03045,0.4375
984,10,1,52,2.28846,0.143029,15.0769,2.15385,0.5
984,11,1,52,2.59615,0.16226,17.3317,2.47596,0.375
984,12,1,52,2.86538,0.179087,18.7676,2.68109,0.375
984,13,1,52,2.80769,0.175481,17.5897,2.51282,0.375
984,14,1,52,2.82692,0.176683,18.891,2.69872,0.375
984,15,1,52,2.98077,0.186298,18.8013,2.6859,0.4375
984,16,1,52,2.92308,0.182692,19.0705,2.72436,0.4375
984,17,1,52,3.05769,0.191106,19.2051,2.74359,0.4375
984,18,1,52,2.82692,0.176683,18.0497,2.57853,0.4375
984,19,1,52,2.73077,0.170673,16.6699,2.38141,0.375
984,20,1,52,2.69231,0.168269,16.367,2.33814,0.4375
984,21,1,52,2.51923,0.157452,15.3686,2.19551,0.4375
984,22,1,52,2.29808,0.14363,14.7404,2.10577,0.375
984,23,1,52,2.40385,0.15024,14.4712,2.06731,0.375
986,0,0,129,61.2171,0.489736,422.628,56.7364,1
986,1,0,129,63.1008,0.504806,442.22,59.2125,0.632
986,2,0,129,64.9225,0.51938,457.333,60.7455,0.664
986,3,0,129,66.3178,0.530543,469.902,61.5872,0.672
986,4,0,129,66.876,0.535008,472.829,61.6776,0.68
986,5,0,129,66.7752,0.534202,474.82,61.7959,0.68
986,6,0,129,66.5891,0.532713,466.786,60.7752,0.68
986,7,0,129,62.2171,0.497736,397.143,51.2274,0.632
986,8,0,129,48.6434,0.389147,322.211,41.1292,0.576
986,9,0,129,43.6124,0.348899,283.521,35.7636,0.888
986,10,0,129,39.5349,0.316279,263.395,32.6047,1
986,11,0,129,36.6667,0.293333,250.182,30.854,0.576
986,12,0,129,36.1705,0.289364,244.629,29.9483,0.888
986,13,0,129,34.8915,0.279132,239.032,28.6841,1
986,14,0,129,31.9302,0.255442,213.355,26.4832,0.488
986,15,0,129,29.7597,0.238078,203.567,25.3295,0.488
986,16,0,129,30.7364,0.245891,199.375,25.2003,0.888
986,17,0,129,30.5736,0.244589,214.696,26.1906,0.888
986,18,0,129,31.6822,0.253457,236.791,29.1318,0.488
986,19,0,129,35.8682,0.286946,275.745,34.6331,0.488
986,20,0,129,41.5426,0.332341,311.344,39.885,0.488
986,21,0,129,46.6047,0.372837,342.098,44.073,0.488
986,22,0,129,50.4496,0.403597,370.574,48.6008,0.536
986,23,0,129,55.6899,0.445519,406.84,53.8256,0.584
986,0,1,52,63.9231,0.511385,468.415,59.6362,0.656
986,1,1,52,67.0769,0.536615,483.506,62.1683,0.672
986,2,1,52,70.6538,0.565231,503.636,64.8862,0.688
986,3,1,52,71.5,0.572,522.335,65.9679,0.704
986,4,1,52,72.5962,0.580769,530.085,66.0801,0.704
986,5,1,52,72.3846,0.579077,532.849,66.3173,0.696
986,6,1,52,72.3654,0.578923,529.385,65.7131,0.696
986,7,1,52,70.7115,0.565692,499.635,61.8878,0.672
986,8,1,52,64.7115,0.517692,457.498,56.742,0.648
986,9,1,52,59.9038,0.479231,418.712,50.7885,0.64
986,10,1,52,53.75,0.43,390.216,45.9776,0.608
986,11,1,52,49.2692,0.394154,364.814,42.4215,0.56
986,12,1,52,46.8654,0.374923,339.204,40.3766,0.584
986,13,1,52,44.2308,0.353846,318.037,37.9231,0.536
986,14,1,52,41.9038,0.335231,298.567,35.7484,0.52
986,15,1,52,39.8077,0.318462,283.603,34.0353,0.488
986,16,1,52,39.1538,0.313231,280.899,34.0737,0.488
986,17,1,52,39.9808,0.319846,293.178,34.7965,0.488
986,18,1,52,41.0577,0.328462,304.937,36.1731,0.488
986,19,1,52,43.7308,0.349846,327.33,39.2628,0.488
986,20,1,52,46.8462,0.374769,341.112,41.984,0.52
986,21,1,52,49.4038,0.395231,357.912,45.2212,0.504
986,22,1,52,54.0769,0.432615,387.33,49.4359,1
986,23,1,52,57.5577,0.460462,417.264,53.7244,0.592
987,0,0,129,11.845,0.263221,7.86951,1.43346,1
987,1,0,129,11.7132,0.260293,7.95704,1.43605,0.688889
987,2,0,129,11.7984,0.262188,7.6418,1.39858,0.688889
987,3,0,129,12.1628,0.270284,7.63986,1.40568,0.688889
987,4,0,129,11.6512,0.258915,7.23288,1.36305,0.688889
987,5,0,129,11.969,0.265978,7.49903,1.40439,0.688889
987,6,0,129,11.907,0.264599,7.65116,1.41602,0.688889
987,7,0,129,11.6667,0.259259,7.34593,1.37403,0.688889
987,8,0,129,11.2946,0.250991,6.18766,1.1363,0.688889
987,9,0,129,11.6589,0.259087,11.8172,1.87532,0.688889
987,10,0,129,12.5969,0.279931,14.688,2.18023,1
987,11,0,129,12.4884,0.277519,14.8059,2.19251,0.733333
987,12,0,129,12.8372,0.285271,14.4134,2.14341,0.933333
987,13,0,129,12.4341,0.276314,13.699,2.07752,1
987,14,0,129,12.1473,0.26994,13.1718,1.97028,0.711111
987,15,0,129,12.1628,0.270284,12.9189,1.91731,0.688889
987,16,0,129,12.6667,0.281481,12.6143,1.88437,1
987,17,0,129,12.3721,0.274935,12.0888,1.77261,1
987,18,0,129,12.5659,0.279242,8.8259,1.3624,0.688889
987,19,0,129,11.7519,0.261154,6.95381,1.1686,0.688889
987,20,0,129,11.9225,0.264944,7.27229,1.21641,0.688889
987,21,0,129,11.3566,0.252369,7.06977,1.26809,0.666667
987,22,0,129,11.7364,0.26081,6.98837,1.31912,0.688889
987,23,0,129,11.7054,0.260121,7.53101,1.38501,0.688889
987,0,1,52,13.2885,0.295299,11.3974,2.04006,0.688889
987,1,1,52,13.9423,0.309829,12.1354,2.16026,0.688889
987,2,1,52,14,0.311111,12.1226,2.1234,0.688889
987,3,1,52,13.5385,0.300855,12.1787,2.13942,0.688889
987,4,1,52,13.5192,0.300427,11.8638,2.10577,0.711111
987,5,1,52,13,0.288889,11.0817,2.00481,0.711111
987,6,1,52,13.3269,0.296154,10.9784,1.98878,0.711111
987,7,1,52,13.3462,0.296581,10.5505,1.91506,0.711111
987,8,1,52,12.8077,0.284615,9.45753,1.66827,0.711111
987,9,1,52,12.4038,0.275641,10.355,1.70032,0.666667
987,10,1,52,12.3846,0.275214,10.3293,1.72115,0.666667
987,11,1,52,11.9808,0.266239,10.1402,1.6859,0.666667
987,12,1,52,11.7692,0.261538,9.54087,1.6266,0.666667
987,13,1,52,12.8269,0.285043,10.1186,1.63301,0.688889
987,14,1,52,12.5192,0.278205,9.42147,1.54808,0.666667
987,15,1,52,12.25,0.272222,8.90224,1.45353,0.666667
987,16,1,52,12.0769,0.268376,8.65785,1.41346,0.666667
987,17,1,52,11.9038,0.26453,8.23798,1.33654,0.666667
987,18,1,52,12.4423,0.276496,7.41587,1.21795,0.666667
987,19,1,52,11.5,0.255556,6.80449,1.13782,0.644444
987,20,1,52,11.4808,0.255128,7.21154,1.19071,0.644444
987,21,1,52,11.6923,0.259829,8.39824,1.34615,0.666667
987,22,1,52,12.7692,0.283761,9.73798,1.70513,1
987,23,1,52,12.7692,0.283761,11.0929,1.9359,0.688889
988,0,0,129,12.6395,0.22981,66.543,12.1195,0.363636
988,1,0,129,13.3721,0.243129,68.5462,12.4748,0.363636
988,2,0,129,13.4574,0.244679,67.8114,12.2978,0.363636
988,3,0,129,13.3333,0.242424,67.7571,12.2642,0.363636
988,4,0,129,13.3798,0.24327,68.1483,12.334,0.363636
988,5,0,129,13.4264,0.244116,67.8702,12.2849,0.363636
988,6,0,129,13.3721,0.243129,64.9942,11.7804,0.363636
988,7,0,129,11.2403,0.204369,48.688,8.92442,0.363636
988,8,0,129,7.70543,0.140099,32.1376,5.52196,0.345455
988,9,0,129,5.45736,0.0992248,24.6492,4.08786,0.454545
988,10,0,129,4.9845,0.0906272,21.9587,3.62209,0.581818
988,11,0,129,4.82171,0.0876674,20.6563,3.46059,0.563636
988,12,0,129,4.42636,0.0804792,20.5659,3.49612,0.345455
988,13,0,129,4.38372,0.079704,20.9412,3.55943,0.3
988,14,0,129,4.15504,0.0755462,19.6705,3.32687,0.236364
988,15,0,129,3.7907,0.0689218,18.8001,3.19509,0.236364
988,16,0,129,3.77907,0.0687104,18.2981,3.15375,0.254545
988,17,0,129,3.7907,0.0689218,18.1783,3.17506,0.236364
988,18,0,129,4.10078,0.0745595,22.7749,4.08656,0.254545
988,19,0,129,5.87597,0.106836,32.6961,6.02261,0.272727
988,20,0,129,7.50388,0.136434,39.7978,7.3624,0.290909
988,21,0,129,8.57364,0.155884,45.751,8.5155,0.272727
988,22,0,129,9.87597,0.179563,53.332,9.89083,0.309091
988,23,0,129,11.5116,0.209302,61.1121,11.1899,0.327273
988,0,1,52,12.1538,0.220979,65.3277,11.8926,0.327273
988,1,1,52,13.5,0.245455,69.1082,12.5913,0.363636
988,2,1,52,13.7308,0.24965,68.7099,12.4359,0.363636
988,3,1,52,13.6538,0.248252,69.1194,12.5064,0.345455
988,4,1,52,13.6923,0.248951,68.9231,12.5032,0.345455
988,5,1,52,13.7308,0.24965,69.6298,12.5465,0.345455
988,6,1,52,13.3846,0.243357,66.8814,12.0256,0.345455
988,7,1,52,12.2885,0.223427,59.1859,10.6042,0.345455
988,8,1,52,10.5,0.190909,50.2284,8.85417,0.345455
988,9,1,52,9.01923,0.163986,42.2412,7.38301,0.327273
988,10,1,52,7.55769,0.137413,37.0865,6.42468,0.290909
988,11,1,52,8.05769,0.146503,34.8373,6.05769,0.6
988,12,1,52,6.94231,0.126224,35.0393,6.07372,0.254545
988,13,1,52,7.38462,0.134266,35.0224,6.04647,0.254545
988,14,1,52,6.73077,0.122378,31.7356,5.44231,0.254545
988,15,1,52,6.17308,0.112238,28.488,4.93109,0.254545
988,16,1,52,5.69231,0.103497,26.8277,4.64744,0.254545
988,17,1,52,5.75,0.104545,28.1458,4.91346,0.254545
988,18,1,52,6.34615,0.115385,32.2067,5.69391,0.272727
988,19,1,52,7.23077,0.131469,36.5369,6.63462,0.272727
988,20,1,52,8.07692,0.146853,39.2516,7.27564,0.272727
988,21,1,52,8.75,0.159091,43.9631,8.14423,0.272727
988,22,1,52,10.4808,0.190559,51.1034,9.44551,0.709091
988,23,1,52,11.0577,0.201049,55.1979,10.2179,0.327273
989,0,0,129,32.4535,0.24586,199.814,30.8714,0.333333
989,1,0,129,34.8605,0.264094,204.734,31.595,0.356061
989,2,0,129,35.1705,0.266444,206.43,31.8469,0.356061
989,3,0,129,35.2248,0.266855,204.73,31.595,0.348485
989,4,0,129,35.0698,0.26568,204.454,31.5446,0.356061
989,5,0,129,35,0.265152,204.725,31.5891,0.356061
989,6,0,129,35.0698,0.26568,202.446,31.2422,0.356061
989,7,0,129,32.4651,0.245948,161.568,25.0401,0.325758
989,8,0,129,23.4961,0.178001,117.148,18.2558,0.280303
989,9,0,129,19.6202,0.148638,100.225,15.646,0.272727
989,10,0,129,18.2984,0.138625,91.7009,14.3411,0.348485
989,11,0,129,17.2016,0.130315,87.6221,13.7571,0.272727
989,12,0,129,17.4419,0.132135,86.3517,13.5995,0.363636
989,13,0,129,17.1628,0.130021,85.8272,13.5317,0.272727
989,14,0,129,16.6124,0.125852,81.6011,12.9147,0.272727
989,15,0,129,15.7674,0.11945,77.7099,12.3863,0.272727
989,16,0,129,16.093,0.121917,75.9034,12.2035,0.439394
989,17,0,129,15.814,0.119803,78.3928,12.6137,0.439394
989,18,0,129,16.6977,0.126498,88.0788,14.3295,0.272727
989,19,0,129,19.2171,0.145584,107.202,17.3714,0.272727
989,20,0,129,21.8217,0.165316,122.061,19.5879,0.272727
989,21,0,129,23.9922,0.181759,137.493,21.8547,0.272727
989,22,0,129,26.6434,0.201844,157.703,24.812,0.272727
989,23,0,129,29.8527,0.226157,179.144,27.9257,0.30303
989,0,1,52,31.7885,0.240822,200.964,30.8494,0.340909
989,1,1,52,35.1538,0.266317,210.101,32.1571,0.401515
989,2,1,52,35.4808,0.268794,211.256,32.2788,0.424242
989,3,1,52,35.6154,0.269814,211.879,32.3702,0.409091
989,4,1,52,35.5769,0.269522,211.077,32.266,0.424242
989,5,1,52,35.6154,0.269814,213.612,32.6282,0.424242
989,6,1,52,36.0577,0.273164,212.642,32.4872,0.431818
989,7,1,52,35.1154,0.266026,200.639,30.5641,0.409091
989,8,1,52,32.2692,0.244464,182.595,27.6987,0.378788
989,9,1,52,29.5192,0.223631,163.328,24.8141,0.333333
989,10,1,52,26.3269,0.199446,143.382,21.8446,0.318182
989,11,1,52,24.1346,0.182838,129.651,19.9038,0.333333
989,12,1,52,22.75,0.172348,125.669,19.3285,0.287879
989,13,1,52,22.4231,0.169872,122.696,18.9295,0.265152
989,14,1,52,21.4615,0.162587,118.131,18.1987,0.272727
989,15,1,52,20.9615,0.1588,111.882,17.1843,0.242424
989,16,1,52,20.0192,0.151661,107.339,16.5865,0.242424
989,17,1,52,19.7308,0.149476,107.732,16.8494,0.242424
989,18,1,52,20.6538,0.156469,113.009,17.8814,0.242424
989,19,1,52,21.4038,0.16215,116.958,18.5673,0.257576
989,20,1,52,22.0769,0.167249,119.589,18.9151,0.257576
989,21,1,52,22.8846,0.173368,130.913,20.5929,0.265152
989,22,1,52,25.375,0.192235,149.227,23.2837,0.30303
989,23,1,52,28.1923,0.213578,168.331,26.0561,0.348485
991,0,0,129,6.86047,0.403557,23.0371,3.76615,1
991,1,0,129,6.78295,0.398997,23.0236,3.76292,0.647059
991,2,0,129,6.81395,0.400821,23.1796,3.78682,0.647059
991,3,0,129,6.79845,0.399909,22.9829,3.75129,0.647059
991,4,0,129,6.77519,0.398541,22.8879,3.73579,0.647059
991,5,0,129,6.78295,0.398997,22.9444,3.73966,0.647059
991,6,0,129,6.7907,0.399453,22.8088,3.72545,0.647059
991,7,0,129,6.65116,0.391245,20.8101,3.39083,0.647059
991,8,0,129,5.92248,0.348381,17.0501,2.72868,0.588235
991,9,0,129,5.64341,0.331965,15.3769,2.47868,0.529412
991,10,0,129,5.49612,0.323301,14.4364,2.33786,1
991,11,0,129,5.42636,0.319197,14.7009,2.43734,0.588235
991,12,0,129,5.57364,0.327861,15.5284,2.58075,0.588235
991,13,0,129,5.71318,0.336069,15.4222,2.57429,1
991,14,0,129,5.65116,0.332421,15.4787,2.57623,0.588235
991,15,0,129,5.60465,0.329685,15.2413,2.53618,0.529412
991,16,0,129,5.48837,0.322845,15.1441,2.51486,0.588235
991,17,0,129,5.56589,0.327405,16.0191,2.63566,0.529412
991,18,0,129,5.83721,0.343365,18.6983,3.10724,0.588235
991,19,0,129,6.37209,0.374829,20.5003,3.39599,0.647059
991,20,0,129,6.54264,0.384861,21.866,3.61628,0.647059
991,21,0,129,6.68217,0.393069,22.6844,3.73062,0.647059
991,22,0,129,6.86047,0.403557,23.573,3.85659,0.647059
991,23,0,129,6.89147,0.405381,23.6453,3.86111,0.647059
991,0,1,52,7.03846,0.414027,24.4607,3.97596,0.588235
991,1,1,52,7.05769,0.415158,24.4495,3.96795,0.588235
991,2,1,52,7.15385,0.420814,24.4271,3.96314,0.588235
991,3,1,52,7.09615,0.417421,24.4663,3.96795,0.588235
991,4,1,52,7.03846,0.414027,24.2532,3.93109,0.588235
991,5,1,52,7.01923,0.412896,24.2588,3.9391,0.588235
991,6,1,52,7,0.411765,23.7933,3.86378,0.588235
991,7,1,52,7,0.411765,23.238,3.77083,0.588235
991,8,1,52,6.69231,0.393665,21.6338,3.4984,0.588235
991,9,1,52,6.44231,0.378959,20.226,3.23718,0.588235
991,10,1,52,6.23077,0.366516,19.6875,3.12179,0.588235
991,11,1,52,6.23077,0.366516,20.0184,3.21635,0.588235
991,12,1,52,6.26923,0.368778,19.9343,3.22115,0.588235
991,13,1,52,6.59615,0.388009,20.7532,3.34455,0.588235
991,14,1,52,6.36538,0.374434,20.6635,3.3109,0.588235
991,15,1,52,6.69231,0.393665,21.3814,3.44551,0.588235
991,16,1,52,6.63462,0.390272,21.6282,3.49359,0.588235
991,17,1,52,6.65385,0.391403,21.8077,3.52404,0.588235
991,18,1,52,6.75,0.397059,22.9856,3.73397,0.588235
991,19,1,52,6.96154,0.409502,23.1651,3.78045,0.588235
991,20,1,52,6.98077,0.410633,23.5633,3.8125,0.588235
991,21,1,52,6.84615,0.402715,22.1611,3.61218,0.588235
991,22,1,52,6.90385,0.406109,22.0208,3.59776,1
991,23,1,52,6.80769,0.400452,21.9311,3.58494,0.588235
996,0,0,129,64.6434,0.543222,421.372,60.6395,1
996,1,0,129,64.2481,0.5399,419.462,60.365,0.697479
996,2,0,129,64.0388,0.538141,419.577,60.3857,0.697479
996,3,0,129,63.969,0.537555,418.643,60.2487,0.697479
996,4,0,129,63.814,0.536252,417.578,60.0963,0.697479
996,5,0,129,63.814,0.536252,416.914,60.0071,0.697479
996,6,0,129,63.6667,0.535014,409.425,58.9412,0.697479
996,7,0,129,57.7132,0.484985,329.038,47.4561,0.697479
996,8,0,129,40.8372,0.34317,226.227,32.761,0.697479
996,9,0,129,31.8062,0.267279,185.12,26.8818,0.697479
996,10,0,129,29.1783,0.245196,166.399,24.2054,1
996,11,0,129,27.2558,0.22904,163.155,23.7494,0.697479
996,12,0,129,28.3953,0.238616,167.769,24.4044,0.764706
996,13,0,129,29.1473,0.244935,169.431,24.6363,1
996,14,0,129,27.5969,0.231907,163.7,23.814,0.697479
996,15,0,129,26.8992,0.226044,161.369,23.4832,0.697479
996,16,0,129,28.1473,0.236532,165.943,24.1337,0.806723
996,17,0,129,28.4264,0.238877,176.929,25.7028,0.806723
996,18,0,129,30.4341,0.255749,211.409,30.6331,0.697479
996,19,0,129,41.1628,0.345906,307.564,44.3753,0.697479
996,20,0,129,54.2016,0.455475,371.884,53.5678,0.697479
996,21,0,129,59.5039,0.500033,403.601,58.1001,0.697479
996,22,0,129,63.969,0.537555,425.001,61.1583,0.697479
996,23,0,129,64.9922,0.546153,427.482,61.5103,0.697479
996,0,1,52,62.3269,0.523756,418.951,60.3253,0.680672
996,1,1,52,63.4808,0.533452,417.947,60.1779,0.680672
996,2,1,52,63.0577,0.529897,414.868,59.7356,0.680672
996,3,1,52,63.1923,0.531028,415.804,59.8686,0.680672
996,4,1,52,62.9231,0.528765,414.89,59.7372,0.680672
996,5,1,52,62.9231,0.528765,414.329,59.6587,0.672269
996,6,1,52,62.6731,0.526665,409.281,58.9263,0.672269
996,7,1,52,61.1346,0.513736,387.395,55.8013,0.672269
996,8,1,52,55.2308,0.464124,344.638,49.6843,0.613445
996,9,1,52,50.3654,0.423239,310.692,44.8429,0.613445
996,10,1,52,45.2115,0.379929,281.941,40.7276,0.613445
996,11,1,52,42.8462,0.360052,270.392,39.0657,0.613445
996,12,1,52,42.0577,0.353426,270.089,39.0224,0.613445
996,13,1,52,43.0385,0.361668,274.47,39.6571,0.613445
996,14,1,52,42.0769,0.353588,266.544,38.524,0.613445
996,15,1,52,40.6731,0.341791,257.867,37.2869,0.613445
996,16,1,52,40.2308,0.338074,257.334,37.2196,0.613445
996,17,1,52,42.0192,0.353103,269.034,38.891,0.613445
996,18,1,52,43.3846,0.364577,291.375,42.0833,0.613445
996,19,1,52,48.6154,0.408533,334.788,48.2788,0.613445
996,20,1,52,53.9038,0.452974,357.129,51.4696,0.613445
996,21,1,52,55.7692,0.468649,372.907,53.7244,0.630252
996,22,1,52,59.3269,0.498546,387.569,55.8317,1
996,23,1,52,60.2115,0.505979,392.073,56.4776,0.663866
998,0,0,129,27.3178,0.231507,165.047,24.8721,0.338983
998,1,0,129,27.3953,0.232164,164.798,24.8191,0.322034
998,2,0,129,27.3256,0.231573,164.611,24.7558,0.322034
998,3,0,129,27.2636,0.231047,163.207,24.5491,0.313559
998,4,0,129,26.9922,0.228748,162.14,24.3811,0.313559
998,5,0,129,27,0.228814,161.33,24.2558,0.313559
998,6,0,129,26.7984,0.227106,157.805,23.6996,0.305085
998,7,0,129,24.6744,0.209105,133.005,19.8857,0.29661
998,8,0,129,18.6124,0.157732,101.753,15.1912,0.271186
998,9,0,129,17.031,0.144331,93.3266,13.989,0.271186
998,10,0,129,16.4961,0.139798,90.48,13.6189,0.271186
998,11,0,129,16.5194,0.139995,91.2057,13.7506,0.271186
998,12,0,129,17.2248,0.145973,94.7148,14.2829,0.516949
998,13,0,129,17.6667,0.149718,97.2267,14.6583,0.347458
998,14,0,129,17.4031,0.147484,97.2561,14.6615,0.271186
998,15,0,129,16.7209,0.141703,92.3408,13.8695,0.271186
998,16,0,129,16.4419,0.139338,89.2884,13.3928,0.516949
998,17,0,129,16.155,0.136907,91.8953,13.8185,0.516949
998,18,0,129,17.3178,0.146761,107.853,16.301,0.271186
998,19,0,129,20.6512,0.17501,132.962,19.9877,0.271186
998,20,0,129,24.1705,0.204835,151.601,22.7758,0.288136
998,21,0,129,26.0078,0.220405,158.074,23.7972,0.313559
998,22,0,129,26.6434,0.225792,163.686,24.6376,0.313559
998,23,0,129,27.4729,0.232821,167.098,25.1802,0.338983
998,0,1,52,27.5577,0.23354,171.59,25.9631,0.305085
998,1,1,52,28.1923,0.238918,172.689,26.1122,0.322034
998,2,1,52,28.1923,0.238918,170.995,25.8397,0.322034
998,3,1,52,27.8269,0.235821,169.413,25.6106,0.313559
998,4,1,52,27.5192,0.233214,168.858,25.508,0.313559
998,5,1,52,27.4615,0.232725,168.359,25.4327,0.313559
998,6,1,52,27.4231,0.232399,165.919,25.0593,0.313559
998,7,1,52,26.75,0.226695,157.079,23.6907,0.313559
998,8,1,52,24.3077,0.205997,140.987,21.2612,0.29661
998,9,1,52,22.0577,0.18693,126.701,19.2035,0.288136
998,10,1,52,20.5385,0.174055,118.748,18.0192,0.288136
998,11,1,52,20.1538,0.170795,118.125,17.9247,0.288136
998,12,1,52,20.1731,0.170958,121.468,18.4279,0.288136
998,13,1,52,20.75,0.175847,125.433,18.9856,0.288136
998,14,1,52,21.4615,0.181877,125.338,18.9696,0.288136
998,15,1,52,21.1346,0.179107,120.296,18.2179,0.288136
998,16,1,52,20.1154,0.170469,120.363,18.2821,0.288136
998,17,1,52,20.1923,0.171121,122.141,18.5,0.288136
998,18,1,52,21.1923,0.179596,130.762,19.7692,0.288136
998,19,1,52,22.7308,0.192634,139.91,21.0946,0.288136
998,20,1,52,23.5962,0.199967,144.756,21.8894,0.29661
998,21,1,52,24.6154,0.208605,148.795,22.5176,0.29661
998,22,1,52,24.9808,0.211701,153.024,23.1843,0.29661
998,23,1,52,26.1154,0.221317,156.754,23.758,0.29661
1000,0,0,129,60.5233,0.311976,290.796,54.0226,0.417526
1000,1,0,129,61.7674,0.318389,296.281,54.907,0.427835
1000,2,0,129,62.4264,0.321785,297.443,55.188,0.42268
1000,3,0,129,62.4496,0.321905,295.169,54.8404,0.42268
1000,4,0,129,61.8372,0.318748,293.43,54.5924,0.42268
1000,5,0,129,61.8372,0.318748,292.562,54.416,0.417526
1000,6,0,129,61.8372,0.318748,286.756,53.2171,0.417526
1000,7,0,129,57.4729,0.296252,243.858,44.9296,0.386598
1000,8,0,129,45.7752,0.235955,190.309,34.9193,0.329897
1000,9,0,129,38.0388,0.196076,157.993,28.6169,0.561856
1000,10,0,129,34.6667,0.178694,143.025,25.801,0.675258
1000,11,0,129,32.4884,0.167466,140.057,25.0562,0.309278
1000,12,0,129,33.7907,0.174179,144.459,25.7649,0.489691
1000,13,0,129,33.438,0.172361,145.397,25.8469,0.332474
1000,14,0,129,32.6047,0.168065,139.618,24.8165,0.314433
1000,15,0,129,30.8837,0.159194,133.771,23.6912,0.309278
1000,16,0,129,31.814,0.163989,135.236,23.9457,0.747423
1000,17,0,129,32.0155,0.165028,144.644,25.6382,0.747423
1000,18,0,129,34.5116,0.177895,171.107,30.5543,0.319588
1000,19,0,129,41.3256,0.213018,211.28,38.4839,0.335052
1000,20,0,129,49.938,0.257412,244.462,45.2578,0.350515
1000,21,0,129,54.9767,0.283385,264.196,49.1466,0.386598
1000,22,0,129,58.1008,0.299489,277.545,51.8572,0.386598
1000,23,0,129,59.9225,0.308879,285.413,53.272,0.417526
1000,0,1,52,62,0.319588,300.658,56.149,0.386598
1000,1,1,52,64.0962,0.330393,305.936,56.9888,0.412371
1000,2,1,52,64.3462,0.331681,306.828,57.1939,0.402062
1000,3,1,52,64.5,0.332474,306.682,57.2035,0.402062
1000,4,1,52,64.3462,0.331681,306.104,57.133,0.396907
1000,5,1,52,64.5,0.332474,305.089,56.8301,0.396907
1000,6,1,52,64.3077,0.331483,302.761,56.359,0.396907
1000,7,1,52,62.2115,0.320678,284.863,53.1234,0.391753
1000,8,1,52,57.0962,0.29431,255.949,47.7051,0.376289
1000,9,1,52,52.6154,0.271213,230.086,42.6635,0.35567
1000,10,1,52,47.3654,0.244151,209.63,38.7933,0.324742
1000,11,1,52,46.3654,0.238997,201.026,36.9696,0.474227
1000,12,1,52,44.9038,0.231463,202.119,36.8413,0.360825
1000,13,1,52,44.0385,0.227002,200.667,36.5577,0.329897
1000,14,1,52,42.5769,0.219469,190.217,34.8846,0.329897
1000,15,1,52,41.2885,0.212827,184.776,33.8462,0.329897
1000,16,1,52,40.9615,0.211142,184.642,33.5913,0.335052
1000,17,1,52,40.0962,0.206681,187.329,34.1827,0.319588
1000,18,1,52,43.1731,0.222542,203.903,37.2901,0.335052
1000,19,1,52,46.3077,0.238699,221.863,40.9503,0.35567
1000,20,1,52,50.0192,0.257831,235.672,43.7548,0.365979
1000,21,1,52,52.3462,0.269826,247.305,46.1106,0.376289
1000,22,1,52,54.9615,0.283307,261.171,48.9615,0.386598
1000,23,1,52,57.4808,0.296293,270.695,50.8365,0.396907
1009,0,0,129,61.3798,0.296521,333.147,50.8366,0.381643
1009,1,0,129,63.3178,0.305883,339.213,51.6848,0.405797
1009,2,0,129,63.5504,0.307007,342.145,52.1311,0.391304
1009,3,0,129,63.8295,0.308355,339.719,51.7791,0.386473
1009,4,0,129,63.4961,0.306745,339.147,51.6428,0.386473
1009,5,0,129,63.4109,0.306333,337.311,51.3805,0.386473
1009,6,0,129,62.9147,0.303936,331.668,50.5375,0.386473
1009,7,0,129,58.9457,0.284762,274.02,41.9289,0.371981
1009,8,0,129,47.2946,0.228476,212.087,32.0317,0.342995
1009,9,0,129,39.3256,0.189979,182.552,27.1744,0.391304
1009,10,0,129,37.845,0.182826,175.642,26.02,0.342995
1009,11,0,129,37.2558,0.17998,172.956,25.6221,0.342995
1009,12,0,129,38.0698,0.183912,172.617,25.6053,0.512077
1009,13,0,129,37.0891,0.179175,172.343,25.5788,0.342995
1009,14,0,129,36.1473,0.174625,167.837,24.8534,0.338164
1009,15,0,129,35.3411,0.17073,163.982,24.2132,0.338164
1009,16,0,129,35.4496,0.171254,164.116,24.2442,0.439614
1009,17,0,129,35.8062,0.172977,172.443,25.5155,0.439614
1009,18,0,129,39.0775,0.18878,212.496,31.5381,0.338164
1009,19,0,129,48.0078,0.231922,269.796,40.5614,0.342995
1009,20,0,129,55.5194,0.26821,297.326,45.0142,0.352657
1009,21,0,129,58.3256,0.281766,310.682,47.2041,0.386473
1009,22,0,129,60.4264,0.291915,322.662,49.051,0.371981
1009,23,0,129,61.3721,0.296484,327.693,49.9018,0.381643
1009,0,1,52,60.2692,0.291156,332.865,50.7372,0.352657
1009,1,1,52,62.2885,0.30091,336.606,51.242,0.36715
1009,2,1,52,62.5769,0.302304,338.883,51.5994,0.376812
1009,3,1,52,62.8846,0.30379,339.926,51.726,0.376812
1009,4,1,52,62.3846,0.301375,338.423,51.4776,0.371981
1009,5,1,52,62.5385,0.302118,338.126,51.399,0.376812
1009,6,1,52,62.1923,0.300446,335.753,51.0529,0.376812
1009,7,1,52,60.8077,0.293757,314.86,47.8894,0.36715
1009,8,1,52,56.1346,0.271182,287.376,43.6122,0.352657
1009,9,1,52,51.8462,0.250465,256.583,38.7644,0.352657
1009,10,1,52,47.3462,0.228725,241.752,36.4215,0.352657
1009,11,1,52,47.6923,0.230398,238.034,35.6907,0.362319
1009,12,1,52,46.3462,0.223894,241.702,36.3205,0.352657
1009,13,1,52,48.7308,0.235414,253.795,38.1587,0.352657
1009,14,1,52,48.5192,0.234392,249.016,37.4423,0.362319
1009,15,1,52,48.2115,0.232906,244.232,36.6891,0.347826
1009,16,1,52,46.7115,0.22566,236.659,35.6122,0.347826
1009,17,1,52,46.5962,0.225102,242.482,36.5689,0.347826
1009,18,1,52,49.6346,0.239781,265.288,40.1218,0.347826
1009,19,1,52,53.7308,0.259569,282.973,42.8974,0.347826
1009,20,1,52,55.9808,0.270438,290.584,44.25,0.347826
1009,21,1,52,55.4231,0.267744,291.633,44.5353,0.352657
1009,22,1,52,57.0385,0.275548,299.833,45.8413,0.357488
1009,23,1,52,58.25,0.281401,305.364,46.6923,0.352657
1011,0,0,129,91.4147,0.275346,426.806,65.0704,0.346386
1011,1,0,129,92.8527,0.279677,430.532,65.5866,0.35241
1011,2,0,129,92.814,0.27956,432.413,65.8734,0.355422
1011,3,0,129,93.3023,0.281031,429.675,65.447,0.355422
1011,4,0,129,93.2248,0.280798,429.005,65.3605,0.35241
1011,5,0,129,93.1318,0.280517,428.395,65.2836,0.35241
1011,6,0,129,92.8527,0.279677,421.357,64.2881,0.35241
1011,7,0,129,87.186,0.262609,346.459,52.803,0.340361
1011,8,0,129,72.2713,0.217685,279.444,42.4432,0.328313
1011,9,0,129,68.0465,0.204959,262.197,39.7358,0.328313
1011,10,0,129,67.0698,0.202017,258.38,39.1822,0.319277
1011,11,0,129,67.5736,0.203535,263.872,40.0879,0.322289
1011,12,0,129,69.5891,0.209606,274.237,41.8534,0.433735
1011,13,0,129,71.0194,0.213914,278.453,42.5497,0.319277
1011,14,0,129,68.9225,0.207598,264.912,40.3979,0.316265
1011,15,0,129,66.031,0.198889,253.68,38.6557,0.316265
1011,16,0,129,66.8217,0.20127,254.824,38.885,0.509036
1011,17,0,129,67.4341,0.203115,272.964,41.7513,0.509036
1011,18,0,129,72.2791,0.217708,318.443,48.865,0.322289
1011,19,0,129,81.5349,0.245587,376.623,57.9276,0.328313
1011,20,0,129,87.4496,0.263402,400.119,61.4412,0.331325
1011,21,0,129,89.1783,0.268609,409.471,62.7345,0.343374
1011,22,0,129,90.7519,0.273349,421.519,64.4897,0.343374
1011,23,0,129,92.6822,0.279163,428.223,65.4671,0.35241
1011,0,1,52,91.4231,0.275371,428.795,65.484,0.328313
1011,1,1,52,92.9038,0.279831,433.08,66.0801,0.334337
1011,2,1,52,93.2308,0.280816,434.05,66.1811,0.334337
1011,3,1,52,93.1923,0.2807,433.944,66.1907,0.334337
1011,4,1,52,92.9231,0.279889,432.901,66.0369,0.337349
1011,5,1,52,93.0962,0.28041,433.013,66.0625,0.331325
1011,6,1,52,93.1346,0.280526,428.677,65.4183,0.343374
1011,7,1,52,91.0577,0.27427,405.046,61.8718,0.337349
1011,8,1,52,85.8846,0.258689,378.258,57.7035,0.325301
1011,9,1,52,83.4808,0.251448,360.455,54.9231,0.313253
1011,10,1,52,80.9038,0.243686,349.86,53.3718,0.313253
1011,11,1,52,80.1538,0.241427,345.176,52.7276,0.310241
1011,12,1,52,80.6731,0.242991,349.764,53.4343,0.307229
1011,13,1,52,82.2692,0.247799,355.166,54.2083,0.313253
1011,14,1,52,80.3077,0.241891,340.796,51.9615,0.316265
1011,15,1,52,78.5577,0.23662,330.29,50.367,0.310241
1011,16,1,52,77.5577,0.233608,329.409,50.1731,0.307229
1011,17,1,52,77.75,0.234187,335.972,51.2997,0.313253
1011,18,1,52,80.0962,0.241253,347.358,53.0353,0.316265
1011,19,1,52,82.0962,0.247278,361.93,55.4503,0.316265
1011,20,1,52,83.8654,0.252607,368.784,56.4359,0.325301
1011,21,1,52,84.7115,0.255155,377.955,57.726,0.325301
1011,22,1,52,86.2692,0.259847,388.315,59.1971,0.328313
1011,23,1,52,88,0.26506,395.416,60.1426,0.328313
1015,0,0,129,22.0155,0.229328,137.594,19.6563,0.333333
1015,1,0,129,22.4806,0.234173,138.169,19.7384,0.34375
1015,2,0,129,22.4264,0.233608,138.196,19.7422,0.34375
1015,3,0,129,22.3953,0.233285,137.287,19.6124,0.34375
1015,4,0,129,22.3798,0.233123,136.83,19.5472,0.34375
1015,5,0,129,22.2248,0.231508,135.157,19.3081,0.34375
1015,6,0,129,22.0853,0.230055,134.334,19.1906,0.34375
1015,7,0,129,20.8837,0.217539,119.416,17.0594,0.333333
1015,8,0,129,17.4574,0.181848,87.699,12.5284,0.270833
1015,9,0,129,12.6434,0.131702,65.9483,9.42119,0.28125
1015,10,0,129,11.438,0.119146,58.7177,8.38824,0.25
1015,11,0,129,10.6434,0.110869,57.0446,8.14922,0.291667
1015,12,0,129,11.1473,0.116118,56.5833,8.08333,0.427083
1015,13,0,129,10.9457,0.114018,57.7997,8.25711,0.291667
1015,14,0,129,10.7519,0.111999,56.3211,8.04587,0.260417
1015,15,0,129,10.3333,0.107639,52.0252,7.43217,0.270833
1015,16,0,129,9.89147,0.103036,52.2558,7.46512,0.229167
1015,17,0,129,10.1008,0.105216,53.7164,7.67377,0.229167
1015,18,0,129,10.8837,0.113372,67.3908,9.62726,0.229167
1015,19,0,129,13.907,0.144864,86.5459,12.3637,0.260417
1015,20,0,129,16.3488,0.1703,105.778,15.1111,0.270833
1015,21,0,129,19.0078,0.197997,122.428,17.4897,0.302083
1015,22,0,129,21.2946,0.221818,135.442,19.3488,0.322917
1015,23,0,129,22.3101,0.232397,138.349,19.7642,0.364583
1015,0,1,52,23.1346,0.240986,146.529,20.9327,0.333333
1015,1,1,52,23.8462,0.248397,148.324,21.1891,0.34375
1015,2,1,52,23.6538,0.246394,148.189,21.1699,0.333333
1015,3,1,52,23.7885,0.247796,148.077,21.1538,0.333333
1015,4,1,52,23.5385,0.245192,147.359,21.0513,0.333333
1015,5,1,52,23.5962,0.245793,146.024,20.8606,0.333333
1015,6,1,52,23.3654,0.243389,143.691,20.5272,0.333333
1015,7,1,52,22.4808,0.234175,134.245,19.1779,0.34375
1015,8,1,52,21.0577,0.219351,121.883,17.4119,0.333333
1015,9,1,52,19.4231,0.202324,111.978,15.9968,0.333333
1015,10,1,52,17.8269,0.185697,100.894,14.4135,0.333333
1015,11,1,52,16.5,0.171875,92.2003,13.1715,0.333333
1015,12,1,52,15.9038,0.165665,89.867,12.8381,0.333333
1015,13,1,52,15.4423,0.160857,88.5433,12.649,0.333333
1015,14,1,52,14.75,0.153646,85.2115,12.1731,0.333333
1015,15,1,52,14.1538,0.147436,80.9151,11.5593,0.333333
1015,16,1,52,14.1154,0.147035,80.9487,11.5641,0.333333
1015,17,1,52,14.0192,0.146034,81.9022,11.7003,0.333333
1015,18,1,52,14.4615,0.150641,90.1138,12.8734,0.333333
1015,19,1,52,16.1346,0.168069,97.9103,13.9872,0.333333
1015,20,1,52,17.5962,0.183293,108.107,15.4439,0.333333
1015,21,1,52,18.7308,0.195112,118.607,16.9439,0.333333
1015,22,1,52,20.4808,0.213341,127.38,18.1971,0.354167
1015,23,1,52,21.1923,0.220753,131.53,18.7901,0.333333
1026,0,0,129,27.1318,0.352361,4483.55,35.6428,1
1026,1,0,129,43.7674,0.568408,5039.04,38.8333,0.844156
1026,2,0,129,37.8217,0.491191,4138.68,33.7939,0.831169
1026,3,0,129,36.186,0.469949,4566.43,36.2875,0.87013
1026,4,0,129,41.3876,0.537501,4761.22,37.3107,0.818182
1026,5,0,129,38.0775,0.494513,4881.23,37.9322,0.922078
1026,6,0,129,49.093,0.637572,7359.7,51.887,0.844156
1026,7,0,129,55.5194,0.721031,6686.03,46.7125,0.87013
1026,8,0,129,33.186,0.430988,2041.38,16.7668,0.675325
1026,9,0,129,11.7054,0.152019,885.521,8.04199,0.896104
1026,10,0,129,11.3798,0.14779,828.966,7.50258,0.896104
1026,11,0,129,11.031,0.14326,828.084,7.37662,0.896104
1026,12,0,129,15.3798,0.199738,3222.09,20.7377,0.415584
1026,13,0,129,29.9147,0.388503,3566.07,23.0161,1
1026,14,0,129,25.4806,0.330917,2643.54,17.6654,0.74026
1026,15,0,129,25.0078,0.324776,2611.19,17.3346,0.753247
1026,16,0,129,25.0775,0.325682,2611.96,17.4457,0.766234
1026,17,0,129,25.1163,0.326185,2612.48,17.52,0.74026
1026,18,0,129,25.4109,0.330011,2617.77,18.2752,0.727273
1026,19,0,129,14.6124,0.189771,1734.34,15.8857,0.519481
1026,20,0,129,22.4574,0.291654,2346.22,21.3928,0.506494
1026,21,0,129,25.4341,0.330313,2315.1,22.6867,0.896104
1026,22,0,129,24.8915,0.323266,1992.01,21.4851,0.532468
1026,23,0,129,22.4574,0.291654,1684.44,19.7661,0.454545
1026,0,1,52,26.4038,0.342907,4557.82,36.75,0.532468
1026,1,1,52,47.0192,0.610639,5528.95,42.2051,0.87013
1026,2,1,52,41.9808,0.545205,4569.85,36.8157,0.805195
1026,3,1,52,38.4615,0.4995,4736.2,37.8478,0.753247
1026,4,1,52,44.7115,0.580669,5272.32,40.8798,0.909091
1026,5,1,52,42.0192,0.545704,5084.3,39.7981,0.883117
1026,6,1,52,45.7308,0.593906,6730.33,48.9359,0.805195
1026,7,1,52,56.1154,0.728771,7533.38,53.0337,0.922078
1026,8,1,52,44.4808,0.577672,2842.53,25.2115,0.831169
1026,9,1,52,17.2692,0.224276,1077.52,14.0096,0.376623
1026,10,1,52,15.7885,0.205045,856.337,12.0529,0.298701
1026,11,1,52,14.8269,0.192557,773.825,11.1715,0.324675
1026,12,1,52,16.0962,0.209041,2299.11,19.8606,0.350649
1026,13,1,52,28.6154,0.371628,2956.09,23.9311,0.558442
1026,14,1,52,26.4808,0.343906,2363.87,20.3798,0.545455
1026,15,1,52,26.0385,0.338162,2339.92,19.9087,0.506494
1026,16,1,52,25.9423,0.336913,2339.91,19.9071,0.506494
1026,17,1,52,25.9038,0.336414,2342.21,20.2356,0.506494
1026,18,1,52,26.8077,0.348152,2346.75,20.8846,0.558442
1026,19,1,52,18.25,0.237013,1620.65,17.8125,0.441558
1026,20,1,52,22.6923,0.294705,2036.62,21.0048,0.454545
1026,21,1,52,22.4808,0.291958,1825.81,20.2837,0.506494
1026,22,1,52,24.9808,0.324426,1486.25,18.7292,1
1026,23,1,52,20.5962,0.267483,1344.48,17.8846,0.428571
1029,0,0,129,30.0543,0.834841,1003.64,8.3637,1
1029,1,0,129,30.4806,0.846684,818.837,6.82364,1
1029,2,0,129,27.6124,0.767011,581.55,4.84625,0.944444
1029,3,0,129,26.4419,0.734496,499.922,4.16602,1
1029,4,0,129,26.0543,0.72373,446.977,3.72481,1
1029,5,0,129,26.6822,0.741171,633.721,5.28101,1
1029,6,0,129,28.3643,0.787898,872.248,7.26873,1
1029,7,0,129,30.7209,0.853359,1062.25,8.85207,1
1029,8,0,129,30.3798,0.843885,731.318,6.09432,1
1029,9,0,129,26.969,0.749139,603.101,5.02584,1
1029,10,0,129,27.0078,0.750215,451.705,3.76421,1
1029,11,0,129,27.0078,0.750215,443.721,3.69767,1
1029,12,0,129,29.1318,0.809216,987.287,8.22739,1
1029,13,0,129,32.6667,0.907407,1138.22,9.48514,1
1029,14,0,129,31.7519,0.881998,862.946,7.19121,1
1029,15,0,129,31.7364,0.881568,856.667,7.13889,1
1029,16,0,129,31.7364,0.881568,856.667,7.13889,1
1029,17,0,129,31.7364,0.881568,856.667,7.13889,1
1029,18,0,129,31.7364,0.881568,856.667,7.13889,1
1029,19,0,129,30.4186,0.844961,974.961,8.12468,1
1029,20,0,129,32.2868,0.896856,1218.06,10.1505,1
1029,21,0,129,31.8992,0.88609,1132.48,9.43734,1
1029,22,0,129,30.6434,0.851206,980.465,8.17054,1
1029,23,0,129,29.814,0.828165,915.659,7.63049,1
1029,0,1,52,29.6731,0.824252,1032.31,8.60256,0.972222
1029,1,1,52,30.4615,0.846154,904.808,7.54006,1
1029,2,1,52,27.9808,0.777244,698.269,5.81891,0.944444
1029,3,1,52,27.25,0.756944,595.577,4.96314,0.916667
1029,4,1,52,25.7308,0.714744,478.654,3.98878,0.888889
1029,5,1,52,26.6538,0.740385,628.846,5.24038,0.944444
1029,6,1,52,27.1154,0.753205,735,6.125,0.888889
1029,7,1,52,30.1154,0.836538,1095.58,9.12981,1
1029,8,1,52,30.4231,0.845085,781.923,6.51603,1
1029,9,1,52,27.0577,0.751603,577.692,4.8141,0.888889
1029,10,1,52,27.1731,0.754808,451.923,3.76603,0.916667
1029,11,1,52,27.0192,0.750534,436.923,3.64103,0.916667
1029,12,1,52,27.8269,0.77297,817.308,6.8109,1
1029,13,1,52,31.2885,0.869124,958.654,7.98878,1
1029,14,1,52,30.8654,0.857372,756.154,6.30128,1
1029,15,1,52,30.8654,0.857372,756.154,6.30128,1
1029,16,1,52,30.8654,0.857372,756.154,6.30128,1
1029,17,1,52,30.8654,0.857372,756.154,6.30128,1
1029,18,1,52,30.8654,0.857372,756.154,6.30128,1
1029,19,1,52,29.0769,0.807692,810.962,6.75801,1
1029,20,1,52,31,0.861111,1020.77,8.50641,1
1029,21,1,52,30.0769,0.83547,917.692,7.64744,1
1029,22,1,52,29.8077,0.827991,811.346,6.76122,1
1029,23,1,52,29.0192,0.80609,797.115,6.64263,1
1031,0,0,129,43.4612,0.287823,422.576,36.3928,0.490066
1031,1,0,129,45.2016,0.299348,443.451,37.1441,0.490066
1031,2,0,129,45.5814,0.301864,442.278,37.4341,0.470199
1031,3,0,129,45.9535,0.304328,424.333,37.2972,0.490066
1031,4,0,129,45.5194,0.301453,420.193,36.9276,0.463576
1031,5,0,129,45.5426,0.301607,444.503,36.9076,0.470199
1031,6,0,129,45.2713,0.29981,442.88,36.759,0.476821
1031,7,0,129,44.2636,0.293136,428.62,32.2248,0.470199
1031,8,0,129,36.4186,0.241183,372.727,29.5556,0.417219
1031,9,0,129,42.345,0.28043,469.666,33.9025,0.437086
1031,10,0,129,42.9419,0.284383,445.335,33.4832,0.470199
1031,11,0,129,41.8837,0.277376,422.824,32.7552,0.476821
1031,12,0,129,40.8876,0.270779,420.544,32.9367,0.496689
1031,13,0,129,40.3915,0.267493,423.977,31.7087,0.503311
1031,14,0,129,39.2481,0.259921,391.754,30.5846,0.503311
1031,15,0,129,37.4961,0.248319,357.654,29.2506,0.423841
1031,16,0,129,37.4457,0.247985,351.357,28.8908,0.417219
1031,17,0,129,37.6163,0.249114,346.339,29.3928,0.423841
1031,18,0,129,38.9457,0.257919,351.806,30.1738,0.417219
1031,19,0,129,37.4419,0.247959,399.359,30.9199,0.417219
1031,20,0,129,38.845,0.257251,405.302,31.8592,0.450331
1031,21,0,129,39.5814,0.262128,405.024,32.2332,0.476821
1031,22,0,129,39.9225,0.264387,375.121,32.6557,0.437086
1031,23,0,129,41.7752,0.276657,371.684,33.9186,0.463576
1031,0,1,52,41.4808,0.274707,403.929,34.6779,0.496689
1031,1,1,52,43.0385,0.285023,449.446,35.5112,0.357616
1031,2,1,52,43.4231,0.28757,442.434,35.4984,0.384106
1031,3,1,52,43.8269,0.290245,444.819,35.5417,0.384106
1031,4,1,52,43.5192,0.288207,431.659,35.1939,0.377483
1031,5,1,52,43.6538,0.289098,443.21,35.1522,0.377483
1031,6,1,52,43.1346,0.28566,435.792,34.7276,0.370861
1031,7,1,52,42.8462,0.283749,486.171,33.2019,0.364238
1031,8,1,52,39.25,0.259934,368.687,30.1987,0.337748
1031,9,1,52,37.7692,0.250127,340.107,29.5545,0.370861
1031,10,1,52,37.2692,0.246816,303.575,28.1859,0.344371
1031,11,1,52,37.1923,0.246307,291.636,27.4375,0.549669
1031,12,1,52,36.9423,0.244651,302.138,27.5304,0.543046
1031,13,1,52,37.6923,0.249618,347.527,27.6122,0.596026
1031,14,1,52,36.8846,0.244269,324.463,25.984,0.529801
1031,15,1,52,34.9038,0.231151,293.591,24.6266,0.589404
1031,16,1,52,34.0962,0.225802,286.248,24.2484,0.596026
1031,17,1,52,34.0962,0.225802,277.226,24.7212,0.596026
1031,18,1,52,36.0577,0.238793,283.587,25.6298,0.549669
1031,19,1,52,35.8846,0.237646,319.277,26.9071,0.582781
1031,20,1,52,38.0288,0.251847,369.654,28.742,0.539735
1031,21,1,52,39.0288,0.258469,330.385,29.0817,0.539735
1031,22,1,52,39.4904,0.261526,325.768,29.9904,0.539735
1031,23,1,52,40.4712,0.268021,320.293,31.4968,0.539735
1043,0,0,129,23.5853,0.346842,83.2222,15.7248,0.514706
1043,1,0,129,23.4651,0.345075,83.2878,15.7306,0.514706
1043,2,0,129,23.4574,0.344961,83.5026,15.7829,0.5
1043,3,0,129,23.6279,0.347469,83.0594,15.6822,0.5
1043,4,0,129,23.5039,0.345645,82.9373,15.668,0.5
1043,5,0,129,23.5116,0.345759,82.0646,15.5252,0.632353
1043,6,0,129,23.5504,0.346329,80.2355,15.1835,0.632353
1043,7,0,129,21.8372,0.321135,66.0139,12.4264,0.5
1043,8,0,129,17.6744,0.259918,45.2264,8.37339,0.441176
1043,9,0,129,15.4729,0.227542,39.2823,7.1686,0.823529
1043,10,0,129,15.2016,0.223552,39.739,7.23514,0.544118
1043,11,0,129,15.5349,0.228454,42.1379,7.70736,0.397059
1043,12,0,129,16.5504,0.243388,43.1508,8.02907,0.661765
1043,13,0,129,16.2403,0.238828,42.1944,7.92506,0.544118
1043,14,0,129,15.4109,0.22663,40.1618,7.50194,0.397059
1043,15,0,129,15.0775,0.221728,38.2739,7.17571,0.382353
1043,16,0,129,15.5736,0.229024,39.6961,7.42248,0.823529
1043,17,0,129,15.4961,0.227884,42.9519,8.00129,0.823529
1043,18,0,129,16.2713,0.239284,53.947,10.022,0.397059
1043,19,0,129,19.7364,0.290242,71.7726,13.3346,0.441176
1043,20,0,129,21.8372,0.321135,77.936,14.5381,0.514706
1043,21,0,129,22.4496,0.330141,81.2936,15.2061,0.514706
1043,22,0,129,23.4031,0.344163,85.897,16.0807,0.529412
1043,23,0,129,23.7442,0.349179,85.7545,16.0484,0.514706
1043,0,1,52,21.8269,0.320984,76.1082,14.2516,0.426471
1043,1,1,52,21.8846,0.321833,76.1643,14.2196,0.426471
1043,2,1,52,21.6923,0.319005,75.5473,14.1426,0.426471
1043,3,1,52,21.8269,0.320984,75.9006,14.2051,0.441176
1043,4,1,52,21.8462,0.321267,76.3269,14.2997,0.441176
1043,5,1,52,21.9038,0.322115,75.7885,14.1763,0.588235
1043,6,1,52,21.7692,0.320136,75.2107,14.0689,0.441176
1043,7,1,52,21.4231,0.315045,71.5705,13.3606,0.441176
1043,8,1,52,20.2308,0.297511,64.6995,12.0272,0.441176
1043,9,1,52,19.0577,0.28026,59.8646,11.0272,0.426471
1043,10,1,52,18.25,0.268382,56.6899,10.6458,0.426471
1043,11,1,52,18.9615,0.278846,55.5401,10.6442,0.705882
1043,12,1,52,18.4038,0.270645,57.1162,11.0385,0.382353
1043,13,1,52,19.25,0.283088,58.8157,11.3702,0.411765
1043,14,1,52,18.6346,0.274038,57.8454,11.1074,0.397059
1043,15,1,52,18.7692,0.276018,56.516,10.7997,0.397059
1043,16,1,52,18.6731,0.274604,58.1482,11.0465,0.397059
1043,17,1,52,18.5577,0.272907,57.7837,11.0064,0.397059
1043,18,1,52,19.1154,0.281109,62.4503,11.9199,0.382353
1043,19,1,52,20.3846,0.299774,67.1843,12.7788,0.426471
1043,20,1,52,20.7885,0.305713,68.3678,13.0545,0.441176
1043,21,1,52,20.7692,0.30543,68.5473,13.1378,0.455882
1043,22,1,52,21.0192,0.309106,70.5216,13.508,0.455882
1043,23,1,52,21.6923,0.319005,70.1458,13.4968,0.455882
1049,0,0,129,103.806,0.519031,739.11,98.6634,1
1049,1,0,129,102.326,0.511628,732.775,97.7959,0.68
1049,2,0,129,101.643,0.508217,731.532,97.5879,0.68
1049,3,0,129,101.264,0.506318,721.963,96.3204,0.67
1049,4,0,129,100.736,0.503682,720.29,96.1047,0.67
1049,5,0,129,100.992,0.504961,718.079,95.8159,0.67
1049,6,0,129,100.225,0.501124,697.02,93.1402,0.655
1049,7,0,129,90.9612,0.454806,567.249,76.2364,0.62
1049,8,0,129,62.1318,0.310659,375.513,50.7629,0.62
1049,9,0,129,47.6279,0.23814,303.261,40.5252,0.62
1049,10,0,129,42.8837,0.214419,271.2,35.9625,1
1049,11,0,129,39.5504,0.197752,266.818,35.2578,0.62
1049,12,0,129,40.8527,0.204264,274.691,36.199,0.62
1049,13,0,129,41.5426,0.207713,268.067,35.2946,1
1049,14,0,129,38.3411,0.191705,254.899,33.4625,0.62
1049,15,0,129,36.1085,0.180543,245.751,32.2771,0.62
1049,16,0,129,37.3101,0.18655,246.348,32.5304,0.77
1049,17,0,129,37.7364,0.188682,263.671,35.0853,0.77
1049,18,0,129,42.3023,0.211512,334.87,44.562,0.62
1049,19,0,129,58.5736,0.292868,483.547,63.9664,0.62
1049,20,0,129,78.6589,0.393295,610.112,81.0827,0.62
1049,21,0,129,91.155,0.455775,692.308,92.3611,0.655
1049,22,0,129,101.868,0.509341,748.575,100.088,0.705
1049,23,0,129,105.372,0.52686,751.419,100.526,0.695
1049,0,1,52,102.769,0.513846,748.271,100.186,0.65
1049,1,1,52,102.885,0.514423,741.304,99.1554,0.635
1049,2,1,52,102.231,0.511154,736.212,98.4471,0.625
1049,3,1,52,101.981,0.509904,735.976,98.3942,0.62
1049,4,1,52,101.885,0.509423,736.391,98.3942,0.62
1049,5,1,52,101.654,0.508269,733.441,97.9567,0.62
1049,6,1,52,100.269,0.501346,716.95,96.0529,0.62
1049,7,1,52,97.7308,0.488654,670.755,90.1603,0.585
1049,8,1,52,86.9423,0.434712,595.796,80.1587,0.565
1049,9,1,52,78.6154,0.393077,534.726,71.6699,0.565
1049,10,1,52,71.1731,0.355865,491.223,65.6442,0.565
1049,11,1,52,67.1731,0.335865,472.635,63.1234,0.565
1049,12,1,52,67.4231,0.337115,487.274,64.9647,0.565
1049,13,1,52,69.0769,0.345385,482.72,64.3109,0.565
1049,14,1,52,64.5,0.3225,447.764,59.7131,0.565
1049,15,1,52,61.5,0.3075,425.059,56.758,0.565
1049,16,1,52,59.6923,0.298462,418.261,55.7997,0.565
1049,17,1,52,61.1731,0.305865,437.814,58.4792,0.565
1049,18,1,52,65.7115,0.328558,487.33,65.1795,0.565
1049,19,1,52,75.2885,0.376442,560.247,74.8558,0.565
1049,20,1,52,83.4615,0.417308,622.72,83.1811,0.565
1049,21,1,52,91.1923,0.455962,674.232,89.9615,0.59
1049,22,1,52,97.3654,0.486827,703.713,93.8814,0.885
1049,23,1,52,99.1346,0.495673,713.316,95.1522,0.605
1060,0,0,129,2.33333,0.0583333,14.0724,2.01034,0.15
1060,1,0,129,2.35659,0.0589147,13.9457,1.99225,0.15
1060,2,0,129,2.35659,0.0589147,13.8463,1.97804,0.15
1060,3,0,129,2.34109,0.0585271,13.6292,1.94703,0.15
1060,4,0,129,2.34109,0.0585271,13.6202,1.94574,0.15
1060,5,0,129,2.31008,0.0577519,13.5252,1.93217,0.15
1060,6,0,129,2.28682,0.0571705,13.7875,1.96964,0.15
1060,7,0,129,2.27907,0.0569767,13.4981,1.92829,0.15
1060,8,0,129,2.24031,0.0560078,13.8101,1.97287,0.15
1060,9,0,129,2.42636,0.0606589,14.3618,2.05168,0.2
1060,10,0,129,2.43023,0.0607558,14.9089,2.12984,0.2
1060,11,0,129,2.55814,0.0639535,16.0665,2.29522,0.2
1060,12,0,129,2.79845,0.0699612,17.0433,2.43475,0.2
1060,13,0,129,2.8062,0.070155,16.3786,2.33979,0.175
1060,14,0,129,2.60465,0.0651163,15.2707,2.18152,0.2
1060,15,0,129,2.48062,0.0620155,14.4658,2.06654,0.225
1060,16,0,129,2.4031,0.0600775,14.3482,2.04974,0.225
1060,17,0,129,2.44961,0.0612403,14.6014,2.08592,0.225
1060,18,0,129,2.43411,0.0608527,14.3618,2.05168,0.175
1060,19,0,129,2.36434,0.0591085,14.2261,2.0323,0.2
1060,20,0,129,2.37984,0.0594961,14.4612,2.06589,0.2
1060,21,0,129,2.37209,0.0593023,14.416,2.05943,0.225
1060,22,0,129,2.34884,0.0587209,13.9503,1.99289,0.225
1060,23,0,129,2.32558,0.0581395,13.792,1.97028,0.2
1060,0,1,52,2.07692,0.0519231,12.7548,1.82212,0.125
1060,1,1,52,2.25,0.05625,13.2933,1.89904,0.125
1060,2,1,52,2.25,0.05625,13.1699,1.88141,0.125
1060,3,1,52,2.28846,0.0572115,13.0689,1.86699,0.125
1060,4,1,52,2.23077,0.0557692,13.0913,1.87019,0.125
1060,5,1,52,2.23077,0.0557692,12.9567,1.85096,0.125
1060,6,1,52,2.28846,0.0572115,12.7772,1.82532,0.125
1060,7,1,52,2.23077,0.0557692,12.5192,1.78846,0.125
1060,8,1,52,2.17308,0.0543269,12.3285,1.76122,0.125
1060,9,1,52,2.17308,0.0543269,13.0465,1.86378,0.125
1060,10,1,52,2.28846,0.0572115,13.641,1.94872,0.15
1060,11,1,52,2.30769,0.0576923,14.2692,2.03846,0.15
1060,12,1,52,2.55769,0.0639423,14.9087,2.12981,0.125
1060,13,1,52,2.57692,0.0644231,14.6731,2.09615,0.175
1060,14,1,52,2.5,0.0625,14.3814,2.05449,0.175
1060,15,1,52,2.42308,0.0605769,14.1795,2.02564,0.15
1060,16,1,52,2.5,0.0625,13.641,1.94872,0.15
1060,17,1,52,2.34615,0.0586538,13.3494,1.90705,0.125
1060,18,1,52,2.17308,0.0543269,12.8221,1.83173,0.125
1060,19,1,52,2.21154,0.0552885,12.9567,1.85096,0.15
1060,20,1,52,2.30769,0.0576923,13.4728,1.92468,0.175
1060,21,1,52,2.32692,0.0581731,13.5737,1.9391,0.175
1060,22,1,52,2.26923,0.0567308,13.2035,1.88622,0.15
1060,23,1,52,2.25,0.05625,13.0016,1.85737,0.125
1061,0,0,129,17.9574,0.181388,100.899,14.7875,0.313131
1061,1,0,129,18.2403,0.184246,101.403,14.8811,0.30303
1061,2,0,129,18.1318,0.183149,101.579,14.9283,0.30303
1061,3,0,129,18.0078,0.181896,100.327,14.7435,0.30303
1061,4,0,129,18.1008,0.182836,100.281,14.7384,0.30303
1061,5,0,129,18.0388,0.18221,100.304,14.7416,0.30303
1061,6,0,129,18,0.181818,100.7,14.8056,0.30303
1061,7,0,129,17.8372,0.180174,97.385,14.2771,0.30303
1061,8,0,129,17.2403,0.174145,92.5036,13.5149,0.292929
1061,9,0,129,16.3488,0.16514,88.9199,12.9935,0.313131
1061,10,0,129,16.6202,0.16788,87.3643,12.7597,0.414141
1061,11,0,129,16.062,0.162243,85.9444,12.5355,0.262626
1061,12,0,129,15.8682,0.160285,84.3233,12.2933,0.262626
1061,13,0,129,15.8217,0.159815,84.4047,12.3004,0.272727
1061,14,0,129,15.6124,0.157701,83.116,12.1163,0.272727
1061,15,0,129,15.2558,0.154099,80.9296,11.7965,0.272727
1061,16,0,129,14.9845,0.151359,80.1111,11.6621,0.30303
1061,17,0,129,15.031,0.151828,80.8776,11.7972,0.30303
1061,18,0,129,14.9612,0.151124,81.0675,11.8695,0.262626
1061,19,0,129,15.4961,0.156527,85.8947,12.5853,0.262626
1061,20,0,129,16.0698,0.162321,89.4422,13.1072,0.262626
1061,21,0,129,16.7597,0.16929,93.5979,13.7145,0.262626
1061,22,0,129,17.5116,0.176885,98.6534,14.4535,0.272727
1061,23,0,129,18.1318,0.183149,100.607,14.7364,0.30303
1061,0,1,52,18.5962,0.18784,104.994,15.2788,0.282828
1061,1,1,52,18.4231,0.186092,103.732,15.0897,0.272727
1061,2,1,52,18.25,0.184343,102.925,14.9647,0.272727
1061,3,1,52,18.2885,0.184732,103.127,14.9872,0.272727
1061,4,1,52,18.1346,0.183178,102.212,14.8622,0.262626
1061,5,1,52,18.3077,0.184926,101.674,14.7949,0.262626
1061,6,1,52,18.1923,0.183761,101.859,14.8526,0.262626
1061,7,1,52,18.0769,0.182595,100.451,14.6635,0.252525
1061,8,1,52,17.6731,0.178516,95.1282,13.9119,0.242424
1061,9,1,52,16.8846,0.170552,91.1907,13.3638,0.232323
1061,10,1,52,16.3269,0.164918,85.9519,12.6042,0.242424
1061,11,1,52,16.0385,0.162005,84.2356,12.3718,0.242424
1061,12,1,52,15.4231,0.155789,84.1402,12.367,0.242424
1061,13,1,52,15.9808,0.161422,85.778,12.5994,0.262626
1061,14,1,52,16.1923,0.163559,84.9423,12.5016,0.262626
1061,15,1,52,15.7308,0.158897,84.3365,12.3814,0.242424
1061,16,1,52,15.6154,0.157731,84.4992,12.3782,0.242424
1061,17,1,52,15.9615,0.161228,85.5256,12.5769,0.242424
1061,18,1,52,16.1538,0.16317,89.4407,13.1811,0.252525
1061,19,1,52,17.0192,0.171911,92.0545,13.5657,0.262626
1061,20,1,52,16.9231,0.17094,94.2813,13.867,0.282828
1061,21,1,52,17.5577,0.17735,98.9255,14.5304,0.282828
1061,22,1,52,18.375,0.185606,102.796,15.0353,0.282828
1061,23,1,52,18.6731,0.188617,104.562,15.2676,0.30303
1062,0,0,129,12.3837,0.121409,43.8269,6.37468,0.205882
1062,1,0,129,12.1628,0.119243,43.2164,6.29264,0.205882
1062,2,0,129,12.1628,0.119243,43.1689,6.2823,0.205882
1062,3,0,129,12.1628,0.119243,42.8366,6.23837,0.205882
1062,4,0,129,12.2868,0.120459,42.7348,6.22287,0.382353
1062,5,0,129,12.2791,0.120383,42.2691,6.14276,0.382353
1062,6,0,129,12.2636,0.120231,43.0966,6.25904,0.382353
1062,7,0,129,12.4806,0.122359,47.1776,6.85207,0.392157
1062,8,0,129,13.8217,0.135507,67.999,9.90116,0.401961
1062,9,0,129,19.5155,0.191328,104.867,15.3514,0.460784
1062,10,0,129,23.814,0.23347,123.714,18.1421,0.539216
1062,11,0,129,24.7364,0.242514,128.521,18.9761,0.362745
1062,12,0,129,25.2016,0.247074,129.866,19.2506,0.382353
1062,13,0,129,24.7907,0.243046,127.682,18.887,0.372549
1062,14,0,129,24.7674,0.242818,128.055,18.8372,0.480392
1062,15,0,129,24.4806,0.240006,124.781,18.385,0.372549
1062,16,0,129,24.1047,0.23632,118.627,17.4851,0.362745
1062,17,0,129,22.7209,0.222754,105.988,15.7093,0.323529
1062,18,0,129,20.2481,0.19851,85.4832,12.7694,0.313726
1062,19,0,129,16.7132,0.163855,68.2364,10.2978,0.264706
1062,20,0,129,15.3256,0.150251,60.167,9.03359,0.254902
1062,21,0,129,13.9922,0.137179,54.2161,8.06137,0.254902
1062,22,0,129,13.4651,0.132011,50.5036,7.39083,0.22549
1062,23,0,129,12.8605,0.126083,47.3924,6.89858,0.215686
1062,0,1,52,12.0577,0.118213,44.597,6.50641,0.215686
1062,1,1,52,11.7692,0.115385,42.9423,6.27724,0.205882
1062,2,1,52,11.5769,0.113499,42.6787,6.24359,0.205882
1062,3,1,52,11.6154,0.113876,42.028,6.13462,0.205882
1062,4,1,52,11.5385,0.113122,41.8598,6.10737,0.205882
1062,5,1,52,11.5192,0.112934,41.9103,6.12179,0.205882
1062,6,1,52,11.5769,0.113499,42.2131,6.15224,0.205882
1062,7,1,52,11.6731,0.114442,43.6883,6.36699,0.215686
1062,8,1,52,12.0962,0.11859,48.9551,7.13622,0.205882
1062,9,1,52,13.1154,0.128582,57.1947,8.36859,0.215686
1062,10,1,52,14.6538,0.143665,65.524,9.64744,0.254902
1062,11,1,52,16.2788,0.159597,74.8013,11.125,0.352941
1062,12,1,52,17.1923,0.168552,78.4191,11.8686,0.362745
1062,13,1,52,17.9615,0.176094,82.2163,12.4183,0.343137
1062,14,1,52,18.4231,0.180618,80.6571,12.0817,0.313726
1062,15,1,52,17.6923,0.173454,77.7348,11.625,0.323529
1062,16,1,52,17.3077,0.169683,75.1322,11.2596,0.323529
1062,17,1,52,16.5962,0.162707,70.4655,10.5721,0.27451
1062,18,1,52,16.0385,0.15724,64.621,9.66827,0.27451
1062,19,1,52,14.8269,0.145362,57.6603,8.61699,0.245098
1062,20,1,52,13.9615,0.136878,51.984,7.78045,0.22549
1062,21,1,52,13.25,0.129902,48.3886,7.21955,0.22549
1062,22,1,52,12.8942,0.126414,45.2196,6.69551,0.196078
1062,23,1,52,12.3462,0.121041,43.6995,6.4359,0.205882
1066,0,0,129,8.71318,0.217829,49.9315,7.86951,0.425
1066,1,0,129,8.85271,0.221318,49.9519,7.88824,0.425
1066,2,0,129,8.84496,0.221124,49.823,7.86176,0.425
1066,3,0,129,8.71318,0.217829,49.2962,7.77842,0.425
1066,4,0,129,8.75194,0.218798,49.2871,7.77067,0.425
1066,5,0,129,8.75969,0.218992,48.9593,7.72804,0.425
1066,6,0,129,8.75194,0.218798,49.3211,7.77326,0.425
1066,7,0,129,8.49612,0.212403,44.9234,7.04651,0.4
1066,8,0,129,6.76744,0.169186,34.5591,5.44509,0.325
1066,9,0,129,6.17829,0.154457,31.0568,4.92248,0.325
1066,10,0,129,5.5969,0.139922,28.104,4.48902,0.3
1066,11,0,129,5.46512,0.136628,28.6986,4.56008,0.3
1066,12,0,129,5.84496,0.146124,30.4893,4.83398,0.375
1066,13,0,129,5.92636,0.148159,31.0975,4.94897,0.3
1066,14,0,129,5.93023,0.148256,30.7177,4.89599,0.3
1066,15,0,129,5.7907,0.144767,30.2429,4.85659,0.3
1066,16,0,129,6.00775,0.150194,29.2548,4.73127,0.725
1066,17,0,129,5.96899,0.149225,31.6967,5.11628,0.725
1066,18,0,129,6.33333,0.158333,36.2842,5.90116,0.3
1066,19,0,129,7.62016,0.190504,45.1202,7.32687,0.35
1066,20,0,129,9.07752,0.226938,51.6634,8.26227,0.425
1066,21,0,129,9.07752,0.226938,51.6227,8.21641,0.4
1066,22,0,129,9.13178,0.228295,52.0252,8.26873,0.425
1066,23,0,129,9.08527,0.227132,51.4441,8.16021,0.425
1066,0,1,52,8.96154,0.224038,51.2324,8.10417,0.4
1066,1,1,52,9.05769,0.226442,51.1034,8.08974,0.4
1066,2,1,52,8.75,0.21875,50.75,8.02083,0.4
1066,3,1,52,8.80769,0.220192,50.6883,8.01282,0.4
1066,4,1,52,8.90385,0.222596,50.649,8.00641,0.4
1066,5,1,52,8.90385,0.222596,50.262,7.96795,0.4
1066,6,1,52,8.80769,0.220192,50.3293,7.95353,0.4
1066,7,1,52,8.69231,0.217308,49.0729,7.74519,0.4
1066,8,1,52,8.25,0.20625,45.988,7.23397,0.4
1066,9,1,52,7.84615,0.196154,41.2877,6.51763,0.4
1066,10,1,52,7.03846,0.175962,37.5128,5.94551,0.375
1066,11,1,52,6.69231,0.167308,34.9776,5.50321,0.325
1066,12,1,52,6.63462,0.165865,37.1426,5.86218,0.325
1066,13,1,52,7.03846,0.175962,37.8381,5.99359,0.35
1066,14,1,52,6.76923,0.169231,36.4135,5.74199,0.35
1066,15,1,52,6.57692,0.164423,36.7893,5.79808,0.35
1066,16,1,52,6.82692,0.170673,37.7764,5.94872,0.35
1066,17,1,52,7.03846,0.175962,38.8702,6.13141,0.325
1066,18,1,52,7.25,0.18125,41.5401,6.59455,0.325
1066,19,1,52,7.71154,0.192788,45.399,7.1859,0.35
1066,20,1,52,8.32692,0.208173,47.2837,7.40545,0.35
1066,21,1,52,8.28846,0.207212,47.609,7.42468,0.35
1066,22,1,52,8.46154,0.211538,48.4391,7.52083,0.375
1066,23,1,52,8.53846,0.213462,48.1138,7.46955,0.375
1067,0,0,129,18.8488,0.38467,109.474,15.8004,0.612245
1067,1,0,129,19.186,0.391552,110.169,15.9109,0.530612
1067,2,0,129,19.155,0.390919,110.476,15.9599,0.530612
1067,3,0,129,19.031,0.388388,109.255,15.7836,0.530612
1067,4,0,129,19.0465,0.388704,109.129,15.7674,0.530612
1067,5,0,129,19.1163,0.390128,109.757,15.8559,0.530612
1067,6,0,129,18.8837,0.385382,108.796,15.7216,0.510204
1067,7,0,129,18.031,0.36798,97.9977,14.1492,0.510204
1067,8,0,129,15.3953,0.314191,75.9373,11.0084,0.469388
1067,9,0,129,13.1705,0.268787,65.0846,9.43152,0.428571
1067,10,0,129,11.9574,0.244028,60.3162,8.7416,0.428571
1067,11,0,129,11.814,0.241101,60.4383,8.75,0.44898
1067,12,0,129,12.2171,0.249328,63.5652,9.18863,0.44898
1067,13,0,129,12.7248,0.25969,65.6657,9.49742,0.44898
1067,14,0,129,12.7132,0.259453,64.5782,9.32494,0.44898
1067,15,0,129,12.4264,0.253599,64.4583,9.29845,0.44898
1067,16,0,129,12.8062,0.261351,66.5362,9.59755,0.591837
1067,17,0,129,13.2171,0.269736,71.3521,10.3088,0.591837
1067,18,0,129,14.7209,0.300427,86.3492,12.4793,0.489796
1067,19,0,129,17.0078,0.347097,99.1011,14.3056,0.489796
1067,20,0,129,18.3721,0.374941,106.443,15.3559,0.510204
1067,21,0,129,19.1163,0.390128,109.814,15.834,0.530612
1067,22,0,129,19.1783,0.391394,111.096,16.0116,0.530612
1067,23,0,129,19.2791,0.39345,111.356,16.064,0.530612
1067,0,1,52,18.7885,0.383438,110.8,16.0353,0.489796
1067,1,1,52,19.2885,0.393642,111.764,16.1731,0.489796
1067,2,1,52,19.3077,0.394035,112.067,16.2196,0.469388
1067,3,1,52,19.25,0.392857,112.314,16.258,0.489796
1067,4,1,52,19.2115,0.392072,112.6,16.2981,0.469388
1067,5,1,52,19.1923,0.39168,112.202,16.2372,0.469388
1067,6,1,52,19.1154,0.39011,111.075,16.0785,0.469388
1067,7,1,52,18.5769,0.379121,105.157,15.2083,0.469388
1067,8,1,52,17.4808,0.35675,98.3197,14.2276,0.469388
1067,9,1,52,16.3269,0.333203,89.867,13.008,0.428571
1067,10,1,52,15.4808,0.315934,83.1362,12.0304,0.408163
1067,11,1,52,14.7692,0.301413,81.5938,11.7965,0.428571
1067,12,1,52,14.9038,0.30416,83.5849,12.0753,0.428571
1067,13,1,52,15.3077,0.312402,86.9784,12.5577,0.469388
1067,14,1,52,15.8269,0.322998,85.4864,12.3397,0.44898
1067,15,1,52,15.6538,0.319466,84.2468,12.1378,0.44898
1067,16,1,52,15.4231,0.314757,86.1819,12.4087,0.469388
1067,17,1,52,16.25,0.331633,89.02,12.8542,0.44898
1067,18,1,52,16.4808,0.336342,93.137,13.4567,0.428571
1067,19,1,52,17.3077,0.353218,97.4335,14.0769,0.44898
1067,20,1,52,17.7308,0.361852,98.875,14.2821,0.469388
1067,21,1,52,17.6154,0.359498,99.1667,14.3173,0.44898
1067,22,1,52,17.7788,0.362834,101.309,14.6346,0.469388
1067,23,1,52,18.25,0.372449,103.143,14.9022,0.489796
1068,0,0,129,67.4225,0.297015,327.681,48.6867,0.418502
1068,1,0,129,68.845,0.303282,334.687,49.5149,0.414097
1068,2,0,129,69.5116,0.306219,338.288,50.2758,0.422908
1068,3,0,129,69.5504,0.306389,336.773,50.4063,0.427313
1068,4,0,129,69.9225,0.308029,334.874,50.332,0.427313
1068,5,0,129,69.7752,0.30738,335.253,50.3178,0.427313
1068,6,0,129,69.5426,0.306355,333.189,50.0607,0.427313
1068,7,0,129,68.7054,0.302667,311.437,46.8508,0.414097
1068,8,0,129,63.7209,0.280709,302.886,45.0329,0.387665
1068,9,0,129,64.9496,0.286122,312.347,45.1751,0.396476
1068,10,0,129,63.6395,0.28035,306.995,43.812,0.409692
1068,11,0,129,62.8295,0.276782,288.549,41.7487,0.38326
1068,12,0,129,62.3992,0.274886,292.652,42.2242,0.497797
1068,13,0,129,61.6512,0.271591,290.534,41.6428,0.374449
1068,14,0,129,60.2636,0.265478,284.924,40.7868,0.378855
1068,15,0,129,59.2326,0.260936,272.138,39.1654,0.374449
1068,16,0,129,58.4225,0.257368,270.573,38.8721,0.370044
1068,17,0,129,57.9767,0.255404,269.747,38.823,0.374449
1068,18,0,129,58.0155,0.255575,264.311,38.2733,0.378855
1068,19,0,129,56.3721,0.248335,262.756,38.5814,0.356828
1068,20,0,129,59.4031,0.261688,279.083,41.2261,0.352423
1068,21,0,129,62.1163,0.27364,296.52,43.4916,0.361233
1068,22,0,129,64.3488,0.283475,311.154,45.6686,0.414097
1068,23,0,129,65.7209,0.28952,318.975,47.3256,0.378855
1068,0,1,52,68.3462,0.301084,340.403,50.5849,0.387665
1068,1,1,52,70,0.30837,346.042,51.3958,0.396476
1068,2,1,52,70.7885,0.311843,346.308,51.758,0.396476
1068,3,1,52,71.2308,0.313792,345.475,51.9615,0.400881
1068,4,1,52,70.9423,0.312521,346.843,52.101,0.400881
1068,5,1,52,71.5,0.314978,344.408,51.8189,0.396476
1068,6,1,52,70.9038,0.312352,342.672,51.5769,0.39207
1068,7,1,52,70.9038,0.312352,335.472,50.4744,0.39207
1068,8,1,52,68.8462,0.303287,327.321,48.9551,0.396476
1068,9,1,52,67.4038,0.296933,320.742,47.883,0.400881
1068,10,1,52,66.3846,0.292443,309.241,46.109,0.396476
1068,11,1,52,65.4231,0.288207,300.899,44.4936,0.54185
1068,12,1,52,63.5,0.279736,298.821,43.7532,0.370044
1068,13,1,52,62.7885,0.276601,290.938,42.3814,0.387665
1068,14,1,52,60.1923,0.265164,279.54,40.7067,0.370044
1068,15,1,52,59,0.259912,267.256,39.0994,0.365639
1068,16,1,52,58.1346,0.2561,261.754,38.4728,0.361233
1068,17,1,52,57.1731,0.251864,254.7,37.7933,0.370044
1068,18,1,52,56.9808,0.251017,245.86,36.6234,0.352423
1068,19,1,52,56.5385,0.249068,254.963,38.1378,0.334802
1068,20,1,52,58.8846,0.259404,275.379,40.2532,0.356828
1068,21,1,52,60.5962,0.266943,292.627,42.3317,0.370044
1068,22,1,52,63.4423,0.279482,306.885,44.7516,0.396476
1068,23,1,52,66.0577,0.291003,318.513,47.0321,0.409692
1071,0,0,129,33.5426,0.46587,190.051,28.4877,1
1071,1,0,129,34.4109,0.477929,193.373,28.991,0.625
1071,2,0,129,34.4341,0.478252,195.007,29.2196,0.638889
1071,3,0,129,34.7287,0.482343,195.986,29.3656,0.625
1071,4,0,129,34.6512,0.481266,195.663,29.3133,0.625
1071,5,0,129,34.4496,0.478467,194.329,29.0937,0.638889
1071,6,0,129,34.1163,0.473837,191.236,28.6324,0.625
1071,7,0,129,33.7597,0.468885,180.429,27.1111,0.611111
1071,8,0,129,30.4884,0.42345,154.527,23.4612,0.597222
1071,9,0,129,27.3876,0.380383,135.245,20.6512,1
1071,10,0,129,25.9535,0.360465,126.764,19.3514,0.958333
1071,11,0,129,25.186,0.349806,117.736,18.0698,0.944444
1071,12,0,129,25.0388,0.347761,115.382,17.6344,1
1071,13,0,129,23.1473,0.32149,113.282,17.2306,0.472222
1071,14,0,129,22.6434,0.314492,110.485,16.8107,0.444444
1071,15,0,129,21.7907,0.302649,105.457,16.0523,0.430556
1071,16,0,129,21.9845,0.30534,104.118,15.8469,1
1071,17,0,129,21.5039,0.298665,105.05,15.8876,1
1071,18,0,129,21.6744,0.301034,113.795,17.166,0.444444
1071,19,0,129,23.1628,0.321705,124.661,18.8198,0.513889
1071,20,0,129,25.2946,0.351314,140.185,21.0898,0.513889
1071,21,0,129,27.4419,0.381137,155.388,23.4367,0.541667
1071,22,0,129,30.3101,0.420973,172.796,25.9987,0.583333
1071,23,0,129,32.4109,0.450151,185.102,27.7855,0.583333
1071,0,1,52,33.4231,0.464209,194.149,29.2436,0.638889
1071,1,1,52,34.5769,0.480235,198.154,29.8093,0.638889
1071,2,1,52,34.8654,0.484241,202.529,30.4231,0.638889
1071,3,1,52,35.4808,0.492788,204.217,30.6731,0.638889
1071,4,1,52,35.2308,0.489316,203.757,30.5946,0.638889
1071,5,1,52,35.7308,0.496261,204.408,30.6843,0.638889
1071,6,1,52,35.2885,0.490118,202.557,30.4022,0.625
1071,7,1,52,35.0962,0.487447,197.778,29.6859,0.625
1071,8,1,52,34,0.472222,187.665,28.226,0.583333
1071,9,1,52,31.8077,0.441774,172.683,25.9824,0.569444
1071,10,1,52,30,0.416667,150.466,22.7436,0.888889
1071,11,1,52,27.8077,0.386218,134.52,20.4311,1
1071,12,1,52,24.3654,0.338408,121.833,18.5577,0.527778
1071,13,1,52,22.9038,0.318109,113.514,17.3205,0.486111
1071,14,1,52,21.7115,0.301549,107.036,16.3253,0.472222
1071,15,1,52,20.3077,0.282051,98.3534,14.9952,0.472222
1071,16,1,52,19.5769,0.271902,93.3277,14.3349,0.444444
1071,17,1,52,18.8846,0.262286,90.0409,13.8141,0.416667
1071,18,1,52,19.3846,0.269231,94.8421,14.4824,0.444444
1071,19,1,52,19.9615,0.277244,103.429,15.7163,0.444444
1071,20,1,52,21.5962,0.299947,117.239,17.8189,0.472222
1071,21,1,52,24.5,0.340278,135.552,20.5641,0.486111
1071,22,1,52,27.5192,0.382212,154.208,23.3766,0.527778
1071,23,1,52,29.9231,0.415598,168.55,25.5304,0.569444
1072,0,0,129,10.1085,0.150874,23.105,4.61693,0.313433
1072,1,0,129,9.92248,0.148097,23.1027,4.60465,0.313433
1072,2,0,129,9.94574,0.148444,23.0371,4.60013,0.313433
1072,3,0,129,10.0233,0.149601,22.8495,4.54845,0.313433
1072,4,0,129,9.82946,0.146708,22.2571,4.4199,0.313433
1072,5,0,129,9.7907,0.14613,21.7167,4.31525,0.313433
1072,6,0,129,9.62791,0.1437,21.3437,4.20478,0.298507
1072,7,0,129,9.62791,0.1437,25.6961,4.78747,0.298507
1072,8,0,129,11.1628,0.166609,50.499,8.34238,0.313433
1072,9,0,129,18.5426,0.276756,97.4302,15.6854,0.447761
1072,10,0,129,23.8682,0.356242,113.366,18.2242,0.656716
1072,11,0,129,24.062,0.359135,111.842,18.0788,0.552239
1072,12,0,129,23.686,0.353523,109.108,17.7468,0.731343
1072,13,0,129,23.1628,0.345713,106.669,17.3379,0.537313
1072,14,0,129,22.5659,0.336804,103.691,16.8068,0.552239
1072,15,0,129,22.155,0.330672,99.5669,16.1886,0.552239
1072,16,0,129,21.907,0.32697,96.6932,15.7623,0.522388
1072,17,0,129,20.9574,0.312796,90.3511,14.6919,0.507463
1072,18,0,129,18.7674,0.280111,69.1702,11.5407,0.492537
1072,19,0,129,14.7907,0.220757,49.4793,8.72804,0.38806
1072,20,0,129,12.8837,0.192294,37.27,6.94444,0.343284
1072,21,0,129,11.2093,0.167303,30.0394,5.8385,0.343284
1072,22,0,129,10.6977,0.159667,26.9554,5.323,0.313433
1072,23,0,129,10.2326,0.152725,24.2897,4.84044,0.268657
1072,0,1,52,9.71154,0.144948,22.7556,4.63301,0.253731
1072,1,1,52,9.46154,0.141217,23.0417,4.66346,0.238806
1072,2,1,52,9.53846,0.142365,23.2043,4.68269,0.238806
1072,3,1,52,9.65385,0.144087,22.9239,4.64103,0.238806
1072,4,1,52,9.73077,0.145235,21.976,4.47115,0.283582
1072,5,1,52,9.67308,0.144374,21.2188,4.33333,0.268657
1072,6,1,52,9.38462,0.140069,20.8766,4.24359,0.268657
1072,7,1,52,9.53846,0.142365,21.1514,4.24038,0.268657
1072,8,1,52,9.55769,0.142652,27.2204,5.01923,0.268657
1072,9,1,52,11.1923,0.167049,41.5176,7.21955,0.38806
1072,10,1,52,13.5,0.201493,47.5136,8.26763,0.432836
1072,11,1,52,14.8462,0.221584,48.3269,8.42628,0.626866
1072,12,1,52,13.9038,0.20752,47.3285,8.28846,0.432836
1072,13,1,52,13.7692,0.205511,47.6146,8.32692,0.41791
1072,14,1,52,13.9231,0.207807,48.0016,8.41987,0.402985
1072,15,1,52,13.9808,0.208668,45.5561,8.0625,0.41791
1072,16,1,52,13.25,0.197761,43.6378,7.71314,0.373134
1072,17,1,52,12.5192,0.186854,39.0946,6.90705,0.358209
1072,18,1,52,11.4038,0.170207,31.3429,5.75801,0.328358
1072,19,1,52,10.0577,0.150115,24.8758,4.86218,0.268657
1072,20,1,52,9.94231,0.148393,23.625,4.70032,0.223881
1072,21,1,52,10.25,0.152985,23.5521,4.70032,0.432836
1072,22,1,52,10.1923,0.152124,24.1466,4.83654,0.343284
1072,23,1,52,10.0577,0.150115,23.0697,4.64263,0.238806
1074,0,0,129,13.5814,0.219055,85.126,12.2067,0.5
1074,1,0,129,13.5969,0.219305,84.7416,12.1531,0.33871
1074,2,0,129,13.6744,0.220555,84.9858,12.1886,0.419355
1074,3,0,129,13.5426,0.21843,84.0791,12.0562,0.33871
1074,4,0,129,13.4729,0.217304,83.8983,12.0317,0.33871
1074,5,0,129,13.5039,0.217804,83.9276,12.0355,0.33871
1074,6,0,129,13.6357,0.21993,84.1537,12.0659,0.33871
1074,7,0,129,13.3101,0.214679,75.9645,10.8831,0.354839
1074,8,0,129,10.8837,0.175544,58.6047,8.39276,0.33871
1074,9,0,129,8.48837,0.136909,45.9906,6.59302,0.451613
1074,10,0,129,7.62791,0.123031,42.5788,6.10594,0.274194
1074,11,0,129,7.5814,0.122281,42.3369,6.07171,0.419355
1074,12,0,129,7.76744,0.125281,44.0462,6.31912,0.314516
1074,13,0,129,7.97287,0.128595,44.8421,6.44444,0.314516
1074,14,0,129,7.83721,0.126407,43.8902,6.30879,0.274194
1074,15,0,129,7.72093,0.124531,42.7665,6.15245,0.274194
1074,16,0,129,7.45349,0.120218,43.7183,6.27455,0.274194
1074,17,0,129,7.62403,0.122968,44.5323,6.38372,0.274194
1074,18,0,129,7.79845,0.125781,49.3911,7.08398,0.274194
1074,19,0,129,9.04651,0.145911,59.2852,8.49871,0.306452
1074,20,0,129,10.845,0.174919,72.2045,10.3469,0.354839
1074,21,0,129,12.3566,0.1993,81.6441,11.7048,0.322581
1074,22,0,129,13.7209,0.221305,87.8143,12.5859,0.387097
1074,23,0,129,14.1163,0.227682,89.3133,12.7984,0.354839
1074,0,1,52,14.3077,0.230769,91.7404,13.1266,0.354839
1074,1,1,52,14.4038,0.23232,92.4808,13.2324,0.354839
1074,2,1,52,14.4808,0.233561,92.52,13.2388,0.435484
1074,3,1,52,14.2308,0.229529,92.3462,13.2131,0.354839
1074,4,1,52,14.25,0.229839,92.1835,13.1891,0.354839
1074,5,1,52,14.5,0.233871,91.3982,13.0769,0.354839
1074,6,1,52,14.3077,0.230769,90.5345,12.9535,0.354839
1074,7,1,52,14,0.225806,87.3429,12.4968,0.322581
1074,8,1,52,13.4038,0.216191,81.3413,11.6394,0.306452
1074,9,1,52,12.3269,0.198821,75.0088,10.7372,0.33871
1074,10,1,52,11.7692,0.189826,69.9776,10.0192,0.322581
1074,11,1,52,11.1731,0.180211,65.5577,9.375,0.322581
1074,12,1,52,10.6731,0.172146,64.2788,9.19231,0.370968
1074,13,1,52,10.4808,0.169045,63.6058,9.09615,0.370968
1074,14,1,52,10.2885,0.165943,60.8349,8.70032,0.354839
1074,15,1,52,10.0385,0.161911,60.0946,8.60417,0.322581
1074,16,1,52,10.25,0.165323,60.4704,8.65865,0.322581
1074,17,1,52,9.88462,0.159429,61.1378,8.75481,0.322581
1074,18,1,52,10.6731,0.172146,65.4792,9.3734,0.33871
1074,19,1,52,11.0769,0.17866,68.2051,9.76282,0.354839
1074,20,1,52,11.7308,0.189206,74.3301,10.6394,0.370968
1074,21,1,52,11.9615,0.192928,76.512,10.9551,0.306452
1074,22,1,52,12.4038,0.200062,77.7965,11.1458,0.322581
1074,23,1,52,12.3077,0.198511,77.6787,11.1298,0.322581
1075,0,0,129,6.34109,0.396318,43.3702,6.19574,1
1075,1,0,129,6.41085,0.400678,43.8224,6.26034,0.6875
1075,2,0,129,6.41085,0.400678,44.365,6.33786,0.6875
1075,3,0,129,6.50388,0.406492,44.5278,6.36111,0.6875
1075,4,0,129,6.54264,0.408915,44.8714,6.41021,0.6875
1075,5,0,129,6.70543,0.419089,45.3463,6.47804,0.6875
1075,6,0,129,6.69767,0.418605,45.7532,6.53618,0.75
1075,7,0,129,6.55814,0.409884,42.2713,6.03876,0.6875
1075,8,0,129,5.11628,0.319767,32.2145,4.60207,0.625
1075,9,0,129,4.33333,0.270833,28.6512,4.09302,0.625
1075,10,0,129,4.14729,0.259205,26.0239,3.7177,1
1075,11,0,129,3.52713,0.220446,23.3198,3.3314,0.5
1075,12,0,129,3.35659,0.209787,23.0484,3.29264,0.5
1075,13,0,129,3.53488,0.22093,23.1525,3.30749,1
1075,14,0,129,3.4186,0.213663,22.2571,3.17959,0.5
1075,15,0,129,3.17829,0.198643,21.4567,3.06525,0.5
1075,16,0,129,3.10078,0.193798,20.8779,2.98256,0.5
1075,17,0,129,3.04651,0.190407,21.095,3.01357,0.5
1075,18,0,129,3.31783,0.207364,22.8676,3.2668,0.5
1075,19,0,129,3.48837,0.218023,25.4225,3.63178,0.5625
1075,20,0,129,4.05426,0.253391,29.447,4.20672,0.5625
1075,21,0,129,4.72093,0.295058,33.9509,4.85013,0.625
1075,22,0,129,5.50388,0.343992,38.8527,5.55039,0.6875
1075,23,0,129,5.94574,0.371609,41.7694,5.96705,0.75
1075,0,1,52,6.61538,0.413462,47.9231,6.84615,0.875
1075,1,1,52,7.15385,0.447115,49.1122,7.01603,0.875
1075,2,1,52,7.05769,0.441106,48.8093,6.97276,0.875
1075,3,1,52,7.30769,0.456731,50.0096,7.14423,0.875
1075,4,1,52,7.34615,0.459135,50.3686,7.19551,0.8125
1075,5,1,52,7.38462,0.461538,50.5481,7.22115,0.8125
1075,6,1,52,7.25,0.453125,49.9984,7.14263,0.8125
1075,7,1,52,7.30769,0.456731,49.1122,7.01603,0.8125
1075,8,1,52,6.84615,0.427885,45.399,6.48558,0.75
1075,9,1,52,6.25,0.390625,41.6522,5.95032,0.6875
1075,10,1,52,5.98077,0.373798,38.4551,5.49359,0.6875
1075,11,1,52,5.44231,0.340144,35.9984,5.14263,0.625
1075,12,1,52,5.23077,0.326923,35.4487,5.0641,0.625
1075,13,1,52,5.15385,0.322115,33.5417,4.79167,0.625
1075,14,1,52,4.55769,0.284856,30.5577,4.36538,0.5
1075,15,1,52,4.26923,0.266827,28.3141,4.04487,0.5625
1075,16,1,52,4.03846,0.252404,26.5753,3.79647,0.5625
1075,17,1,52,4,0.25,27.5401,3.93429,0.5625
1075,18,1,52,4.19231,0.262019,28.5272,4.07532,0.5625
1075,19,1,52,4.57692,0.286058,31.5112,4.5016,0.5
1075,20,1,52,5.01923,0.313702,34.2596,4.89423,0.5
1075,21,1,52,5.21154,0.325721,37.4343,5.34776,0.5625
1075,22,1,52,6,0.375,42.0561,6.00801,1
1075,23,1,52,6.53846,0.408654,44.9279,6.41827,0.75
1076,0,0,129,6.82558,0.162514,43.2752,6.18217,0.285714
1076,1,0,129,6.82171,0.162422,43.5556,6.22222,0.309524
1076,2,0,129,6.90698,0.164452,43.9264,6.27519,0.309524
1076,3,0,129,6.89922,0.164267,43.447,6.20672,0.309524
1076,4,0,129,6.76744,0.16113,43.1214,6.16021,0.309524
1076,5,0,129,6.82171,0.162422,43.1395,6.16279,0.309524
1076,6,0,129,6.77519,0.161314,42.7733,6.11047,0.309524
1076,7,0,129,6.65891,0.158546,39.1421,5.59173,0.285714
1076,8,0,129,5.25581,0.125138,31.7216,4.53165,0.261905
1076,9,0,129,5.93798,0.141381,39.3004,5.61434,0.261905
1076,10,0,129,6.52326,0.155316,41.5523,5.93605,0.357143
1076,11,0,129,6.68217,0.159099,41.3805,5.9115,0.357143
1076,12,0,129,6.48062,0.1543,40.5304,5.79005,0.309524
1076,13,0,129,6.34884,0.151163,40.0239,5.7177,0.357143
1076,14,0,129,6.37209,0.151717,39.3818,5.62597,0.380952
1076,15,0,129,6.10078,0.145257,37.9393,5.4199,0.309524
1076,16,0,129,6.34884,0.151163,37.1615,5.30879,0.428571
1076,17,0,129,5.94574,0.141565,38.5588,5.5084,0.404762
1076,18,0,129,6.31783,0.150425,38.5497,5.50711,0.285714
1076,19,0,129,6.44186,0.153378,44.9076,6.41537,0.285714
1076,20,0,129,7.53488,0.179402,48.3488,6.90698,0.309524
1076,21,0,129,7.5814,0.180509,48.0504,6.86434,0.309524
1076,22,0,129,7.48837,0.178295,46.938,6.70543,0.309524
1076,23,0,129,7.31783,0.174234,45.4819,6.49742,0.285714
1076,0,1,52,6.57692,0.156593,40.3397,5.76282,0.261905
1076,1,1,52,6.51923,0.15522,39.9247,5.70353,0.261905
1076,2,1,52,6.32692,0.150641,38.8253,5.54647,0.261905
1076,3,1,52,6.42308,0.15293,38.9151,5.55929,0.261905
1076,4,1,52,6.34615,0.151099,38.8253,5.54647,0.261905
1076,5,1,52,6.32692,0.150641,38.9599,5.56571,0.261905
1076,6,1,52,6.21154,0.147894,38.1522,5.45032,0.261905
1076,7,1,52,6.28846,0.149725,37.3446,5.33494,0.261905
1076,8,1,52,5.96154,0.141941,35.3029,5.04327,0.261905
1076,9,1,52,5.73077,0.136447,34.1923,4.88462,0.238095
1076,10,1,52,5.57692,0.132784,33.5865,4.79808,0.238095
1076,11,1,52,5.69231,0.135531,35.1683,5.02404,0.261905
1076,12,1,52,6.01923,0.143315,35.9647,5.13782,0.261905
1076,13,1,52,5.98077,0.142399,37.3558,5.33654,0.261905
1076,14,1,52,6.28846,0.149725,39.0609,5.58013,0.309524
1076,15,1,52,6.40385,0.152473,39.5208,5.64583,0.333333
1076,16,1,52,6.42308,0.15293,39.4872,5.64103,0.309524
1076,17,1,52,6.28846,0.149725,38.3654,5.48077,0.261905
1076,18,1,52,6.15385,0.14652,38.0288,5.43269,0.261905
1076,19,1,52,6.32692,0.150641,39.3974,5.62821,0.285714
1076,20,1,52,6.46154,0.153846,39.0497,5.57853,0.261905
1076,21,1,52,6.25,0.14881,38.7019,5.52885,0.261905
1076,22,1,52,6.23077,0.148352,38.2981,5.47115,0.261905
1076,23,1,52,6.34615,0.151099,37.3558,5.33654,0.285714
1081,0,0,129,8.73643,0.185882,51.2791,7.32558,0.319149
1081,1,0,129,8.66667,0.184397,51.1118,7.30168,0.319149
1081,2,0,129,8.57364,0.182418,50.9535,7.27907,0.319149
1081,3,0,129,8.62791,0.183572,50.5284,7.21835,0.319149
1081,4,0,129,8.63566,0.183737,50.6234,7.23191,0.319149
1081,5,0,129,8.65116,0.184067,50.5013,7.21447,0.319149
1081,6,0,129,8.66667,0.184397,50.7138,7.24483,0.319149
1081,7,0,129,8.54264,0.181758,47.3585,6.7655,0.319149
1081,8,0,129,7.73643,0.164605,45.6854,6.52649,0.319149
1081,9,0,129,8.74419,0.186047,51.4464,7.34948,0.404255
1081,10,0,129,9.00775,0.191654,51.166,7.30943,0.319149
1081,11,0,129,8.62791,0.183572,49.5969,7.08527,0.319149
1081,12,0,129,8.66667,0.184397,48.792,6.97028,0.446809
1081,13,0,129,8.43411,0.179449,47.8107,6.8301,0.319149
1081,14,0,129,8.17829,0.174006,46.6169,6.65956,0.404255
1081,15,0,129,8.10853,0.172522,46.0833,6.58333,0.340426
1081,16,0,129,8.05426,0.171367,46.115,6.58786,0.297872
1081,17,0,129,7.92248,0.168563,45.1337,6.44767,0.319149
1081,18,0,129,7.82946,0.166584,44.8217,6.4031,0.340426
1081,19,0,129,8.00775,0.170378,47.1776,6.73966,0.319149
1081,20,0,129,8.29457,0.17648,48.991,6.99871,0.297872
1081,21,0,129,8.43411,0.179449,49.1266,7.01809,0.297872
1081,22,0,129,8.48837,0.180604,49.9406,7.13437,0.297872
1081,23,0,129,8.72868,0.185717,51.6363,7.37661,0.319149
1081,0,1,52,8.84615,0.188216,51.4904,7.35577,0.276596
1081,1,1,52,9.07692,0.193126,52.5337,7.50481,0.276596
1081,2,1,52,9.40385,0.200082,52.6234,7.51763,0.425532
1081,3,1,52,9.03846,0.192308,52.4776,7.49679,0.276596
1081,4,1,52,8.86538,0.188625,52.1298,7.44712,0.276596
1081,5,1,52,8.96154,0.190671,52.5112,7.5016,0.276596
1081,6,1,52,8.98077,0.19108,51.8045,7.40064,0.276596
1081,7,1,52,8.88462,0.189034,51.6923,7.38462,0.276596
1081,8,1,52,8.90385,0.189444,52.3766,7.48237,0.276596
1081,9,1,52,9.01923,0.191899,52.8702,7.55288,0.340426
1081,10,1,52,8.71154,0.185352,49.7853,7.11218,0.319149
1081,11,1,52,8.34615,0.177578,47.508,6.78686,0.276596
1081,12,1,52,8.23077,0.175123,46.6442,6.66346,0.276596
1081,13,1,52,8.03846,0.171031,43.9519,6.27885,0.276596
1081,14,1,52,7.46154,0.158756,42.2804,6.04006,0.297872
1081,15,1,52,7.53846,0.160393,42.9647,6.13782,0.297872
1081,16,1,52,7.55769,0.160802,44.8269,6.40385,0.297872
1081,17,1,52,8.07692,0.171849,46.8125,6.6875,0.319149
1081,18,1,52,8.21154,0.174714,44.7821,6.39744,0.319149
1081,19,1,52,7.78846,0.165712,44.625,6.375,0.297872
1081,20,1,52,8.13462,0.173077,47.1266,6.73237,0.319149
1081,21,1,52,8.15385,0.173486,47.25,6.75,0.297872
1081,22,1,52,8.42308,0.179214,48.5625,6.9375,0.319149
1081,23,1,52,8.53846,0.181669,48.899,6.98558,0.319149
1082,0,0,129,4.39147,0.209118,10.3598,2.2655,0.428571
1082,1,0,129,4.34109,0.206718,10.1812,2.24289,0.428571
1082,2,0,129,4.36434,0.207826,10.2129,2.2584,0.380952
1082,3,0,129,4.34884,0.207087,10.2694,2.26486,0.380952
1082,4,0,129,4.30233,0.204873,10.3146,2.26938,0.380952
1082,5,0,129,4.37984,0.208564,10.3666,2.27972,0.380952
1082,6,0,129,4.3876,0.208933,10.3779,2.28101,0.380952
1082,7,0,129,4.36434,0.207826,10.2332,2.23256,0.380952
1082,8,0,129,4.18605,0.199336,11.1647,2.17119,0.380952
1082,9,0,129,5.41085,0.25766,26.397,4.25904,0.619048
1082,10,0,129,7.18605,0.342193,31.5769,4.98385,0.714286
1082,11,0,129,7.28682,0.346992,31.4548,4.95026,0.714286
1082,12,0,129,7.0969,0.337948,30.7494,4.85142,0.666667
1082,13,0,129,7.09302,0.337763,29.8676,4.74225,0.714286
1082,14,0,129,6.87597,0.327427,30.0462,4.73708,0.714286
1082,15,0,129,6.95349,0.331119,29.7839,4.68605,0.571429
1082,16,0,129,6.89535,0.32835,29.0401,4.58398,0.714286
1082,17,0,129,6.81008,0.324289,28.511,4.56977,0.571429
1082,18,0,129,6.78295,0.322997,24.5384,4.07494,0.619048
1082,19,0,129,5.68992,0.270949,18.9289,3.35013,0.52381
1082,20,0,129,5.1938,0.247324,16.3243,3.05233,0.52381
1082,21,0,129,5.00775,0.238464,14.5178,2.82364,0.47619
1082,22,0,129,4.84496,0.230712,12.7248,2.61628,0.47619
1082,23,0,129,4.63566,0.220746,11.8453,2.49225,0.428571
1082,0,1,52,4.48077,0.21337,11.5881,2.36058,0.428571
1082,1,1,52,4.44231,0.211538,11.2796,2.3125,0.428571
1082,2,1,52,4.5,0.214286,11.3694,2.32212,0.428571
1082,3,1,52,4.44231,0.211538,11.3918,2.32692,0.428571
1082,4,1,52,4.42308,0.210623,11.1506,2.29968,0.428571
1082,5,1,52,4.48077,0.21337,10.9824,2.26923,0.428571
1082,6,1,52,4.46154,0.212454,11.1114,2.28205,0.428571
1082,7,1,52,4.36538,0.207875,10.9824,2.24038,0.428571
1082,8,1,52,4.30769,0.205128,11.8293,2.34776,0.428571
1082,9,1,52,4.82692,0.229853,18.3133,3.24038,0.428571
1082,10,1,52,5.53846,0.263736,19.6931,3.31891,0.428571
1082,11,1,52,5.65385,0.269231,20.1643,3.36699,0.571429
1082,12,1,52,5.40385,0.257326,19.0088,3.21635,0.47619
1082,13,1,52,5.25,0.25,17.2644,2.99199,0.428571
1082,14,1,52,5.07692,0.241758,16.3614,2.86538,0.428571
1082,15,1,52,5.11538,0.24359,15.8454,2.79808,0.47619
1082,16,1,52,4.73077,0.225275,15.3349,2.66667,0.47619
1082,17,1,52,4.69231,0.223443,14.7123,2.58814,0.52381
1082,18,1,52,4.65385,0.221612,13.2147,2.42147,0.52381
1082,19,1,52,4.28846,0.204212,11.9247,2.27244,0.428571
1082,20,1,52,4.36538,0.207875,11.7564,2.28205,0.380952
1082,21,1,52,4.34615,0.20696,11.7228,2.30929,0.380952
1082,22,1,52,4.34615,0.20696,11.6779,2.29808,0.428571
1082,23,1,52,4.48077,0.21337,11.4591,2.28686,0.428571
1083,0,0,129,18.124,0.41191,120.29,17.051,1
1083,1,0,129,18.093,0.411205,120.989,17.1298,0.659091
1083,2,0,129,18.1163,0.411734,121.017,17.1479,0.659091
1083,3,0,129,18.0698,0.410677,119.736,16.9755,0.636364
1083,4,0,129,17.876,0.406272,119.064,16.8689,0.636364
1083,5,0,129,17.969,0.408386,118.171,16.7377,0.636364
1083,6,0,129,17.7674,0.403805,117.519,16.6447,0.636364
1083,7,0,129,17.3566,0.394468,107.842,15.2552,0.590909
1083,8,0,129,14.6047,0.331924,88.3417,12.4554,0.568182
1083,9,0,129,12.8915,0.292988,79.5627,11.2539,0.522727
1083,10,0,129,11.938,0.271318,75.8934,10.4141,0.818182
1083,11,0,129,11.2326,0.255285,77.8863,10.0711,0.545455
1083,12,0,129,11.0233,0.250529,79.5103,9.91731,0.5
1083,13,0,129,11.2946,0.256695,78.2267,9.71641,0.840909
1083,14,0,129,10.6744,0.2426,76.2726,9.40568,0.840909
1083,15,0,129,10.1395,0.230444,73.2707,9.0084,0.5
1083,16,0,129,10.093,0.229387,72.1783,9.04522,0.522727
1083,17,0,129,10.0698,0.228858,67.8605,9.22093,0.522727
1083,18,0,129,10.4264,0.236963,72.5065,10.1266,0.5
1083,19,0,129,12.1318,0.275722,87.4128,12.3262,0.522727
1083,20,0,129,14.6667,0.333333,101.139,14.2836,0.590909
1083,21,0,129,15.9845,0.363284,110.019,15.5381,0.590909
1083,22,0,129,17.2171,0.391297,118.457,16.7016,0.636364
1083,23,0,129,18.1783,0.413143,122.309,17.2203,0.659091
1083,0,1,52,18.2885,0.415647,124.274,17.4054,0.636364
1083,1,1,52,18.3462,0.416958,123.088,17.2708,0.613636
1083,2,1,52,18.3654,0.417395,122.538,17.1923,0.613636
1083,3,1,52,18.5577,0.421766,122.987,17.2564,0.613636
1083,4,1,52,18.3077,0.416084,122.683,17.1955,0.613636
1083,5,1,52,18.3846,0.417832,122.902,17.2356,0.590909
1083,6,1,52,17.9038,0.406906,120.168,16.8189,0.590909
1083,7,1,52,17.7692,0.403846,116.663,16.3269,0.568182
1083,8,1,52,16.9423,0.385052,111.181,15.5176,0.568182
1083,9,1,52,15.6923,0.356643,101.029,14.1282,0.568182
1083,10,1,52,14.5192,0.329983,90.4022,12.758,0.568182
1083,11,1,52,13.1538,0.298951,83.2708,11.8349,0.590909
1083,12,1,52,12.75,0.289773,82.5609,11.7596,0.590909
1083,13,1,52,12.7885,0.290647,82.3301,11.6571,0.590909
1083,14,1,52,12.1346,0.275787,79.4054,11.2131,0.590909
1083,15,1,52,12.1154,0.27535,78.774,11.0272,0.568182
1083,16,1,52,12.0962,0.274913,79.1042,11.1875,0.568182
1083,17,1,52,12.4038,0.281906,83.0705,11.5801,0.568182
1083,18,1,52,12.75,0.289773,87.0865,12.2756,0.568182
1083,19,1,52,13.8654,0.315122,92.726,13.1074,0.568182
1083,20,1,52,14.5769,0.331294,99.3766,13.9792,0.568182
1083,21,1,52,15.5,0.352273,107.691,15.1234,0.568182
1083,22,1,52,17.4808,0.39729,115.212,16.25,1
1083,23,1,52,17.75,0.403409,117.404,16.5545,0.590909
1085,0,0,129,18.4651,0.312968,79.8217,15.8592,0.525424
1085,1,0,129,19.155,0.324662,82.666,16.2881,0.525424
1085,2,0,129,19.2326,0.325976,83.1634,16.3514,0.508475
1085,3,0,129,19.4419,0.329523,83.3488,16.3947,0.508475
1085,4,0,129,19.3411,0.327815,83.22,16.3721,0.525424
1085,5,0,129,19.3101,0.327289,82.9893,16.3307,0.525424
1085,6,0,129,19.0775,0.323348,82.2477,16.1654,0.525424
1085,7,0,129,18.5504,0.314413,75.0646,14.9541,0.508475
1085,8,0,129,17.0853,0.289581,68.6818,13.741,0.508475
1085,9,0,129,16.6744,0.282617,66.3734,13.1835,0.576271
1085,10,0,129,16.0775,0.2725,63.4522,12.6447,0.491525
1085,11,0,129,15.5116,0.262909,61.2477,12.1776,0.40678
1085,12,0,129,15.3992,0.261004,60.1602,12.0665,0.483051
1085,13,0,129,15.155,0.256865,58.0959,11.6996,0.627119
1085,14,0,129,14.5271,0.246223,55.3828,11.2119,0.40678
1085,15,0,129,13.6899,0.232033,50.689,10.3269,0.38983
1085,16,0,129,13.0775,0.221653,49.8185,10.1673,0.40678
1085,17,0,129,13.2558,0.224675,51.1411,10.3863,0.40678
1085,18,0,129,13.4806,0.228485,53.2529,10.7274,0.38983
1085,19,0,129,14.1628,0.240047,58.7697,11.8508,0.38983
1085,20,0,129,15.4341,0.261595,62.7739,12.8269,0.423729
1085,21,0,129,16.031,0.271712,65.4238,13.3605,0.40678
1085,22,0,129,16.7829,0.284457,71.3408,14.4134,0.457627
1085,23,0,129,17.9612,0.304428,75.2771,15.1402,0.508475
1085,0,1,52,18.1731,0.308018,79.754,15.9744,0.440678
1085,1,1,52,18.75,0.317797,83.0184,16.4631,0.457627
1085,2,1,52,18.9423,0.321056,82.7885,16.3734,0.440678
1085,3,1,52,18.8654,0.319752,83.3494,16.4583,0.457627
1085,4,1,52,18.7692,0.318123,83.1362,16.3702,0.440678
1085,5,1,52,19,0.322034,82.7941,16.3093,0.457627
1085,6,1,52,18.9615,0.321382,82.6202,16.2837,0.440678
1085,7,1,52,18.6731,0.316493,79.984,15.7965,0.440678
1085,8,1,52,17.9038,0.303455,75.3622,14.7163,0.440678
1085,9,1,52,17.0577,0.289113,72.855,14.2885,0.440678
1085,10,1,52,16.4423,0.278683,68.4351,13.4824,0.457627
1085,11,1,52,15.5192,0.263038,62.2933,12.3942,0.474576
1085,12,1,52,15.0577,0.255215,60.5208,12.0721,0.440678
1085,13,1,52,14.4038,0.244133,59.8085,11.9487,0.40678
1085,14,1,52,14.6923,0.249022,59.2252,11.8734,0.38983
1085,15,1,52,13.9615,0.236636,56.2131,11.266,0.372881
1085,16,1,52,14.0577,0.238266,55.3213,11.0994,0.372881
1085,17,1,52,13.5769,0.230117,55.2316,11.0978,0.355932
1085,18,1,52,13.6731,0.231747,56.5441,11.3814,0.355932
1085,19,1,52,14.3462,0.243155,58.9223,11.9423,0.355932
1085,20,1,52,15.0385,0.254889,63.0561,12.8045,0.372881
1085,21,1,52,15.6154,0.264668,68.2163,13.7516,0.40678
1085,22,1,52,16.8269,0.285202,74.7452,14.8189,0.423729
1085,23,1,52,17.9808,0.304759,78.262,15.4728,0.423729
1087,0,0,129,14.0349,0.200498,67.9855,11.9645,0.342857
1087,1,0,129,14.1318,0.201883,68.3811,12.0336,0.357143
1087,2,0,129,14.186,0.202658,68.3721,12.0478,0.342857
1087,3,0,129,14.2248,0.203212,67.9131,11.9677,0.342857
1087,4,0,129,14.0078,0.200111,67.4722,11.9063,0.342857
1087,5,0,129,14.031,0.200443,67.6282,11.9302,0.342857
1087,6,0,129,14.0233,0.200332,65.7607,11.5575,0.342857
1087,7,0,129,12.7597,0.182281,57.9083,10.0724,0.3
1087,8,0,129,11.5039,0.164341,56.8908,9.90116,0.285714
1087,9,0,129,12.062,0.172315,57.9128,10.0349,0.357143
1087,10,0,129,12.3411,0.176301,56.9315,9.84302,0.328571
1087,11,0,129,11.6822,0.166888,55.3579,9.57429,0.3
1087,12,0,129,11.969,0.170986,55.5659,9.63049,0.328571
1087,13,0,129,12.0349,0.171927,57.2322,9.87984,0.342857
1087,14,0,129,11.9612,0.170875,57.2752,9.90116,0.342857
1087,15,0,129,11.9457,0.170653,55.9842,9.71705,0.314286
1087,16,0,129,11.876,0.169657,56.5743,9.8947,0.342857
1087,17,0,129,12.1318,0.173311,55.3737,9.78424,0.342857
1087,18,0,129,11.9845,0.171207,51.6499,9.38824,0.342857
1087,19,0,129,11.6434,0.166334,55.939,10.1311,0.3
1087,20,0,129,13.0388,0.186268,61.8469,11.1163,0.328571
1087,21,0,129,13.4806,0.19258,64.7568,11.5775,0.342857
1087,22,0,129,14.2713,0.203876,68.1799,12.1105,0.357143
1087,23,0,129,14.4574,0.206534,69.688,12.3172,0.357143
1087,0,1,52,14.7115,0.210165,72.0136,12.5208,0.371429
1087,1,1,52,14.5769,0.208242,72.2492,12.5978,0.371429
1087,2,1,52,14.5385,0.207692,71.8846,12.5497,0.357143
1087,3,1,52,14.8077,0.211538,71.7724,12.5321,0.357143
1087,4,1,52,14.8269,0.211813,71.4527,12.4776,0.357143
1087,5,1,52,14.7692,0.210989,71.5481,12.4984,0.357143
1087,6,1,52,14.4808,0.206868,69.5569,12.1202,0.342857
1087,7,1,52,14.0385,0.200549,64.1611,11.1298,0.328571
1087,8,1,52,12.4231,0.177473,59.8646,10.4583,0.3
1087,9,1,52,12.1154,0.173077,56.8021,9.90545,0.314286
1087,10,1,52,12.0192,0.171703,54.0593,9.46795,0.314286
1087,11,1,52,11.5962,0.165659,52.6458,9.27564,0.3
1087,12,1,52,11.7115,0.167308,54.1939,9.5641,0.328571
1087,13,1,52,11.7115,0.167308,53.5769,9.40064,0.257143
1087,14,1,52,11.5,0.164286,52.6122,9.21635,0.314286
1087,15,1,52,11.5577,0.16511,52.5,9.21154,0.257143
1087,16,1,52,11.0962,0.158516,52.3822,9.24519,0.328571
1087,17,1,52,11.2692,0.160989,54.0313,9.55769,0.257143
1087,18,1,52,12.0769,0.172527,57.8173,10.1538,0.314286
1087,19,1,52,12.6346,0.180495,59.9263,10.5096,0.314286
1087,20,1,52,12.8462,0.183516,61.9848,10.774,0.3
1087,21,1,52,13.0385,0.186264,64.3013,11.0753,0.3
1087,22,1,52,13.2596,0.189423,64.2957,11.0433,0.3
1087,23,1,52,13.2885,0.189835,64.7612,11.133,0.3
1088,0,0,129,9.9845,0.144703,29.2413,6.62984,0.608696
1088,1,0,129,9.44186,0.136839,28.8298,6.52584,0.434783
1088,2,0,129,9.21705,0.13358,28.7439,6.49096,0.26087
1088,3,0,129,9.08527,0.131671,28.4929,6.43992,0.26087
1088,4,0,129,9.09302,0.131783,28.3889,6.41021,0.246377
1088,5,0,129,9.44961,0.136951,28.5698,6.44121,0.536232
1088,6,0,129,9.09302,0.131783,28.3188,6.39406,0.246377
1088,7,0,129,9.18605,0.133131,28.407,6.55749,0.289855
1088,8,0,129,10.0775,0.146051,33.1189,8.1447,0.275362
1088,9,0,129,12.2713,0.177845,42.9948,10.7739,0.536232
1088,10,0,129,14.845,0.215144,49.009,12.3146,0.608696
1088,11,0,129,15.969,0.231435,53.5672,13.3844,0.550725
1088,12,0,129,16.7132,0.24222,56.8388,14.1822,0.550725
1088,13,0,129,16.8915,0.244804,57.2933,14.2959,0.405797
1088,14,0,129,16.9147,0.245141,57.6234,14.3753,0.42029
1088,15,0,129,16.8062,0.243568,57.6686,14.396,0.42029
1088,16,0,129,17.3682,0.251713,57.75,14.4147,0.623188
1088,17,0,129,17.2093,0.24941,54.5552,13.6492,0.623188
1088,18,0,129,15.3178,0.221998,48.2584,12.0846,0.376812
1088,19,0,129,13.7597,0.199416,41.2923,10.0194,0.347826
1088,20,0,129,11.5659,0.167622,36.0875,8.51292,0.333333
1088,21,0,129,10.3178,0.149534,32.1014,7.42829,0.318841
1088,22,0,129,9.73643,0.141108,30.3266,6.89599,0.275362
1088,23,0,129,9.44961,0.136951,29.3679,6.63178,0.304348
1088,0,1,52,9.11538,0.132107,29.9968,6.72917,0.275362
1088,1,1,52,9.09615,0.131828,29.9127,6.66827,0.275362
1088,2,1,52,9.13462,0.132386,29.7893,6.66987,0.275362
1088,3,1,52,9.13462,0.132386,29.8678,6.68429,0.26087
1088,4,1,52,9.13462,0.132386,29.9351,6.6891,0.26087
1088,5,1,52,9.09615,0.131828,29.3742,6.53365,0.26087
1088,6,1,52,8.90385,0.129041,28.9591,6.45353,0.26087
1088,7,1,52,8.92308,0.12932,29.1106,6.47917,0.246377
1088,8,1,52,9.32692,0.135173,30.5353,7.01282,0.246377
1088,9,1,52,9.75,0.141304,33.2388,7.85096,0.246377
1088,10,1,52,10.8462,0.157191,35.2804,8.44071,0.275362
1088,11,1,52,11.5577,0.167503,36.7444,8.72917,0.565217
1088,12,1,52,11.6346,0.168618,37.9952,8.98878,0.333333
1088,13,1,52,11.5,0.166667,38.2869,9.02564,0.333333
1088,14,1,52,11.7885,0.170847,38.6627,9.14103,0.304348
1088,15,1,52,11.9423,0.173077,38.3373,9.11859,0.289855
1088,16,1,52,11.8846,0.172241,39.7508,9.44071,0.289855
1088,17,1,52,12.2308,0.177258,39.4311,9.375,0.304348
1088,18,1,52,11.8269,0.171405,37.2099,8.8141,0.304348
1088,19,1,52,11.3846,0.164994,35.2692,8.2516,0.289855
1088,20,1,52,10.7885,0.156355,33.6202,7.78365,0.275362
1088,21,1,52,10.2115,0.147993,30.8325,7.06891,0.26087
1088,22,1,52,9.42308,0.136566,29.7276,6.79167,0.231884
1088,23,1,52,9.65385,0.139911,30.2155,6.91987,0.275362
1090,0,0,129,6.63566,0.195166,32.3275,5.08204,0.352941
1090,1,0,129,6.87597,0.202234,33.6072,5.27907,0.352941
1090,2,0,129,6.9845,0.205426,33.4897,5.26873,0.352941
1090,3,0,129,7.00775,0.20611,33.7112,5.30168,0.352941
1090,4,0,129,6.9845,0.205426,33.4105,5.2668,0.352941
1090,5,0,129,6.9845,0.205426,33.7632,5.3146,0.352941
1090,6,0,129,6.93023,0.20383,32.0291,5.05879,0.5
1090,7,0,129,6.27132,0.184451,29.8879,4.70543,0.323529
1090,8,0,129,6.44961,0.189694,30.0055,4.66602,0.352941
1090,9,0,129,5.71705,0.168149,24.9861,3.90116,0.294118
1090,10,0,129,5.39535,0.158687,23.4554,3.677,0.5
1090,11,0,129,5.2093,0.153215,22.2255,3.47674,0.294118
1090,12,0,129,4.94186,0.145349,19.6796,3.12726,0.470588
1090,13,0,129,4.66667,0.137255,18.9357,3.00517,0.294118
1090,14,0,129,4.50775,0.132581,17.5317,2.79845,0.323529
1090,15,0,129,4.24806,0.124943,17.6424,2.84432,0.323529
1090,16,0,129,4.46124,0.131213,17.9567,2.91408,0.323529
1090,17,0,129,4.54264,0.133607,18.687,3.04328,0.323529
1090,18,0,129,4.5969,0.135203,20.2652,3.31008,0.323529
1090,19,0,129,5.13953,0.151163,23.2135,3.76227,0.294118
1090,20,0,129,5.51938,0.162335,25.7277,4.11434,0.294118
1090,21,0,129,5.82171,0.171227,27.0911,4.29328,0.323529
1090,22,0,129,5.97674,0.175787,28.4725,4.50904,0.323529
1090,23,0,129,6.24806,0.183767,30.2655,4.7655,0.411765
1090,0,1,52,6.90385,0.203054,34.5849,5.54808,0.382353
1090,1,1,52,7.15385,0.210407,37.266,5.95833,0.382353
1090,2,1,52,7.42308,0.218326,36.9575,5.92788,0.382353
1090,3,1,52,7.48077,0.220023,37.524,6.00321,0.411765
1090,4,1,52,7.53846,0.221719,36.8902,5.92147,0.411765
1090,5,1,52,7.46154,0.219457,38.2252,6.13782,0.411765
1090,6,1,52,7.48077,0.220023,37.754,6.05929,0.411765
1090,7,1,52,6.98077,0.205317,33.9231,5.51603,0.382353
1090,8,1,52,7.03846,0.207014,34.7252,5.57372,0.323529
1090,9,1,52,6.59615,0.194005,31.9768,5.12821,0.323529
1090,10,1,52,6.5,0.191176,31.4551,5.02083,0.323529
1090,11,1,52,6.63462,0.195136,30.7652,4.92628,0.676471
1090,12,1,52,5.94231,0.174774,27.4671,4.45833,0.323529
1090,13,1,52,5.80769,0.170814,25.8462,4.20994,0.323529
1090,14,1,52,5.42308,0.159502,24.8814,4.06571,0.264706
1090,15,1,52,5.30769,0.156109,24.2252,3.9391,0.264706
1090,16,1,52,5.34615,0.15724,24.7187,3.95994,0.294118
1090,17,1,52,5.23077,0.153846,23.9111,3.84455,0.264706
1090,18,1,52,5.07692,0.149321,24.5337,4.00321,0.235294
1090,19,1,52,5.59615,0.164593,25.0609,4.10096,0.235294
1090,20,1,52,5.51923,0.16233,25.0553,4.09135,0.264706
1090,21,1,52,5.5,0.161765,26.2893,4.28526,0.235294
1090,22,1,52,5.88462,0.173077,28.8918,4.67308,0.264706
1090,23,1,52,6.32692,0.186086,32.0441,5.1875,0.352941
1092,0,0,129,3.25194,0.135497,11.5016,2.78876,0.25
1092,1,0,129,3.33333,0.138889,11.5084,2.79005,0.25
1092,2,0,129,3.27907,0.136628,11.4745,2.78876,0.375
1092,3,0,129,3.30233,0.137597,11.3976,2.77067,0.375
1092,4,0,129,3.32558,0.138566,11.4835,2.78618,0.25
1092,5,0,129,3.25581,0.135659,11.3569,2.75388,0.25
1092,6,0,129,3.2093,0.133721,11.2167,2.71382,0.25
1092,7,0,129,3.17054,0.132106,10.2287,2.4761,0.25
1092,8,0,129,2.74419,0.114341,8.4719,2.01809,0.25
1092,9,0,129,2.27519,0.0947997,7.16505,1.69832,0.25
1092,10,0,129,2.2093,0.0920543,7.15827,1.69186,0.208333
1092,11,0,129,2.25581,0.0939922,7.25775,1.71059,0.208333
1092,12,0,129,2.27907,0.0949612,7.35045,1.73837,0.208333
1092,13,0,129,2.33333,0.0972222,7.74612,1.83979,0.208333
1092,14,0,129,2.4186,0.100775,8.2051,1.94832,0.208333
1092,15,0,129,2.44186,0.101744,8.30911,1.9832,0.291667
1092,16,0,129,2.46512,0.102713,8.43798,2.02842,0.25
1092,17,0,129,2.50775,0.10449,8.78618,2.11886,0.25
1092,18,0,129,2.8062,0.116925,9.74031,2.37403,0.25
1092,19,0,129,3,0.125,10.3779,2.53165,0.25
1092,20,0,129,3.06977,0.127907,10.8776,2.65375,0.291667
1092,21,0,129,3.15504,0.13146,11.167,2.70284,0.291667
1092,22,0,129,3.17054,0.132106,11.3953,2.75452,0.291667
1092,23,0,129,3.25581,0.135659,11.5039,2.77584,0.291667
1092,0,1,52,3.28846,0.137019,12.3341,2.85096,0.291667
1092,1,1,52,3.46154,0.144231,12.3454,2.84295,0.291667
1092,2,1,52,3.28846,0.137019,12.0929,2.78846,0.291667
1092,3,1,52,3.36538,0.140224,12.2724,2.82853,0.291667
1092,4,1,52,3.32692,0.138622,12.3117,2.83654,0.291667
1092,5,1,52,3.26923,0.136218,12.1322,2.79487,0.291667
1092,6,1,52,3.32692,0.138622,12.3454,2.83814,0.291667
1092,7,1,52,3.36538,0.140224,11.8349,2.70192,0.291667
1092,8,1,52,3.11538,0.129808,11.6835,2.65705,0.291667
1092,9,1,52,3.15385,0.13141,11.246,2.58013,0.291667
1092,10,1,52,3.07692,0.128205,11.0216,2.53526,0.291667
1092,11,1,52,2.98077,0.124199,10.399,2.42788,0.333333
1092,12,1,52,3.05769,0.127404,10.6627,2.48878,0.25
1092,13,1,52,3.11538,0.129808,11.0497,2.61058,0.291667
1092,14,1,52,3.01923,0.125801,10.0401,2.46795,0.291667
1092,15,1,52,2.94231,0.122596,10.1186,2.48718,0.291667
1092,16,1,52,2.94231,0.122596,10.7019,2.5641,0.291667
1092,17,1,52,2.96154,0.123397,11.0385,2.59615,0.291667
1092,18,1,52,3.15385,0.13141,11.1394,2.59776,0.291667
1092,19,1,52,3.11538,0.129808,11.7396,2.69551,0.291667
1092,20,1,52,3.15385,0.13141,11.8237,2.76603,0.291667
1092,21,1,52,3.28846,0.137019,12.0425,2.79647,0.333333
1092,22,1,52,3.27885,0.136619,12.2388,2.83013,0.291667
1092,23,1,52,3.38462,0.141026,12.1546,2.82212,0.25
1094,0,0,129,5.86047,0.325581,39.7481,5.67829,1
1094,1,0,129,5.75969,0.319983,40.0465,5.72093,0.611111
1094,2,0,129,5.85271,0.325151,40.7519,5.82171,0.611111
1094,3,0,129,5.94574,0.330319,40.6615,5.80879,0.611111
1094,4,0,129,5.86047,0.325581,40.4354,5.77649,0.611111
1094,5,0,129,5.84496,0.32472,40.1098,5.72997,0.611111
1094,6,0,129,5.77519,0.320844,40.2183,5.74548,0.611111
1094,7,0,129,5.76744,0.320413,36.2074,5.17248,0.611111
1094,8,0,129,4.35659,0.242033,27.7694,3.96705,0.555556
1094,9,0,129,3.63566,0.201981,23.4193,3.34561,0.5
1094,10,0,129,3.27907,0.182171,21.7778,3.11111,1
1094,11,0,129,3.10853,0.172696,21.5245,3.07494,0.444444
1094,12,0,129,3.30233,0.183463,22.7545,3.25065,0.555556
1094,13,0,129,3.58915,0.199397,23.8805,3.4115,1
1094,14,0,129,3.45736,0.192076,24.2106,3.45866,0.388889
1094,15,0,129,3.51938,0.195521,24.7171,3.53101,0.388889
1094,16,0,129,3.92248,0.217916,25.4451,3.63501,1
1094,17,0,129,3.88372,0.215762,27.1544,3.8792,1
1094,18,0,129,4.31008,0.239449,33.0465,4.72093,0.444444
1094,19,0,129,5.31008,0.295004,39.2371,5.6053,0.555556
1094,20,0,129,6.13178,0.340655,42.918,6.13114,0.611111
1094,21,0,129,6.17054,0.342808,42.5155,6.07364,0.666667
1094,22,0,129,6.0155,0.334195,41.2358,5.89083,0.666667
1094,23,0,129,5.92248,0.329027,40.8966,5.84238,0.611111
1094,0,1,52,5.84615,0.324786,40.8558,5.83654,0.555556
1094,1,1,52,5.96154,0.331197,41.4054,5.91506,0.555556
1094,2,1,52,6,0.333333,41.5064,5.92949,0.555556
1094,3,1,52,5.90385,0.327991,41.2035,5.88622,0.555556
1094,4,1,52,5.88462,0.326923,41.0577,5.86538,0.555556
1094,5,1,52,5.92308,0.32906,41.2596,5.89423,0.555556
1094,6,1,52,5.88462,0.326923,40.9455,5.84936,0.555556
1094,7,1,52,5.84615,0.324786,40.3285,5.76122,0.555556
1094,8,1,52,5.44231,0.30235,37.7372,5.39103,0.555556
1094,9,1,52,5.11538,0.284188,34.1138,4.8734,0.555556
1094,10,1,52,4.71154,0.261752,31.7468,4.53526,0.5
1094,11,1,52,4.61538,0.25641,32.5208,4.64583,0.5
1094,12,1,52,4.65385,0.258547,34.0465,4.86378,0.555556
1094,13,1,52,5.05769,0.280983,34.8317,4.97596,0.555556
1094,14,1,52,4.88462,0.271368,34.2708,4.89583,0.555556
1094,15,1,52,4.80769,0.267094,34.2484,4.89263,0.555556
1094,16,1,52,4.90385,0.272436,34.484,4.92628,0.611111
1094,17,1,52,5.07692,0.282051,36.2452,5.17788,0.555556
1094,18,1,52,5.32692,0.29594,37.5689,5.36699,0.555556
1094,19,1,52,5.59615,0.310897,38.3766,5.48237,0.5
1094,20,1,52,5.44231,0.30235,38.7692,5.53846,0.555556
1094,21,1,52,5.51923,0.306624,38.5449,5.50641,0.555556
1094,22,1,52,5.61538,0.311966,38.0401,5.43429,1
1094,23,1,52,5.53846,0.307692,39.117,5.58814,0.5
1095,0,0,129,8.75581,0.301925,54.7203,7.81718,0.517241
1095,1,0,129,8.93798,0.308206,55.3081,7.90116,0.517241
1095,2,0,129,9,0.310345,55.5795,7.93992,0.517241
1095,3,0,129,8.96124,0.309008,55.1092,7.87274,0.517241
1095,4,0,129,8.95349,0.308741,55.0504,7.86434,0.517241
1095,5,0,129,9,0.310345,54.8514,7.83592,0.517241
1095,6,0,129,8.90698,0.307137,54.4218,7.77455,0.517241
1095,7,0,129,8.5814,0.29591,46.0472,6.57817,0.517241
1095,8,0,129,6.34109,0.218658,34.5568,4.93669,0.448276
1095,9,0,129,5.5814,0.192462,29.3837,4.19767,0.482759
1095,10,0,129,4.99612,0.17228,27.4212,3.91731,0.37931
1095,11,0,129,4.97674,0.171612,26.7519,3.82171,0.37931
1095,12,0,129,5.18605,0.178829,29.0446,4.14922,0.37931
1095,13,0,129,5.55039,0.191393,30.1253,4.30362,0.758621
1095,14,0,129,5.4031,0.186314,28.8953,4.12791,0.37931
1095,15,0,129,5.05426,0.174285,27.6609,3.95155,0.37931
1095,16,0,129,5.44186,0.18765,29.1667,4.16667,0.827586
1095,17,0,129,5.53488,0.190858,30.4871,4.3553,0.827586
1095,18,0,129,5.52713,0.190591,33.8424,4.83463,0.37931
1095,19,0,129,6.34884,0.218925,41.2313,5.89018,0.37931
1095,20,0,129,7.67442,0.264635,47.1957,6.74225,0.448276
1095,21,0,129,7.96124,0.274526,49.9089,7.12984,0.517241
1095,22,0,129,8.60465,0.296712,53.8249,7.68928,0.517241
1095,23,0,129,8.99225,0.310078,55.6156,7.94509,0.517241
1095,0,1,52,8.59615,0.296419,54.2388,7.7484,0.482759
1095,1,1,52,8.84615,0.30504,54.9679,7.85256,0.517241
1095,2,1,52,9,0.310345,54.9904,7.85577,0.482759
1095,3,1,52,9,0.310345,55.0353,7.86218,0.517241
1095,4,1,52,8.86538,0.305703,55.0913,7.87019,0.517241
1095,5,1,52,9.07692,0.312997,55.1699,7.88141,0.517241
1095,6,1,52,8.86538,0.305703,53.6106,7.65865,0.517241
1095,7,1,52,8.57692,0.295756,50.9295,7.27564,0.482759
1095,8,1,52,8.05769,0.277851,46.7228,6.67468,0.448276
1095,9,1,52,7.30769,0.251989,42.617,6.08814,0.448276
1095,10,1,52,7.05769,0.243369,39.9022,5.70032,0.448276
1095,11,1,52,6.86538,0.236737,37.8606,5.40865,0.448276
1095,12,1,52,6.40385,0.220822,37.7821,5.39744,0.482759
1095,13,1,52,6.57692,0.22679,36.7388,5.2484,0.448276
1095,14,1,52,6.15385,0.212202,35.9647,5.13782,0.413793
1095,15,1,52,6.30769,0.217507,35.3365,5.04808,0.413793
1095,16,1,52,6.17308,0.212865,35.6843,5.09776,0.413793
1095,17,1,52,6.21154,0.214191,36.7612,5.2516,0.413793
1095,18,1,52,6.28846,0.216844,38.3093,5.47276,0.413793
1095,19,1,52,6.92308,0.238727,41.2035,5.88622,0.37931
1095,20,1,52,7,0.241379,40.8221,5.83173,0.448276
1095,21,1,52,6.96154,0.240053,43.2003,6.17147,0.448276
1095,22,1,52,7.28846,0.251326,45.5561,6.50801,0.482759
1095,23,1,52,7.65385,0.263926,46.5657,6.65224,0.482759
1096,0,0,129,10.1705,0.145293,58.0756,7.82881,0.257143
1096,1,0,129,10.2481,0.146401,58.0846,7.83398,0.257143
1096,2,0,129,10.1783,0.145404,57.7161,7.79393,0.257143
1096,3,0,129,10.2016,0.145736,57.5013,7.76744,0.257143
1096,4,0,129,10.1783,0.145404,57.6121,7.7668,0.257143
1096,5,0,129,10.1163,0.144518,57.5329,7.73643,0.257143
1096,6,0,129,10.2868,0.146955,58.8692,7.84948,0.257143
1096,7,0,129,10.2713,0.146733,57.083,7.54845,0.257143
1096,8,0,129,9.44186,0.134884,50.1531,6.48127,0.242857
1096,9,0,129,8.73643,0.124806,49.3889,6.25065,0.3
1096,10,0,129,8.5969,0.122813,47.6705,5.99483,0.214286
1096,11,0,129,8.52713,0.121816,46.626,5.8553,0.285714
1096,12,0,129,8.49612,0.121373,47.0669,5.94186,0.257143
1096,13,0,129,8.60078,0.122868,48.2335,6.08592,0.242857
1096,14,0,129,8.39535,0.119934,46.9719,5.85659,0.214286
1096,15,0,129,8.14729,0.11639,46.7322,5.74742,0.257143
1096,16,0,129,8.08527,0.115504,47.0578,5.72868,0.271429
1096,17,0,129,8.18605,0.116944,47.8469,5.86305,0.257143
1096,18,0,129,8.43411,0.120487,51.6725,6.44251,0.3
1096,19,0,129,9.02326,0.128904,55.8824,7.1699,0.285714
1096,20,0,129,9.8062,0.140089,58.0078,7.67248,0.271429
1096,21,0,129,10.1395,0.144851,58.5481,7.8385,0.271429
1096,22,0,129,10.186,0.145515,58.6205,7.90245,0.271429
1096,23,0,129,10.2403,0.14629,58.4486,7.86628,0.285714
1096,0,1,52,10.2308,0.146154,58.3053,7.82051,0.228571
1096,1,1,52,10.3077,0.147253,58.6026,7.83494,0.228571
1096,2,1,52,10.25,0.146429,58.8886,7.8109,0.228571
1096,3,1,52,10.3654,0.148077,58.6194,7.79647,0.228571
1096,4,1,52,10.5,0.15,59.2083,7.84615,0.228571
1096,5,1,52,10.4615,0.149451,60.1394,7.90064,0.228571
1096,6,1,52,10.3269,0.147527,60.2684,7.86699,0.228571
1096,7,1,52,10.4038,0.148626,59.2532,7.6891,0.228571
1096,8,1,52,10.0192,0.143132,55.9046,7.21314,0.228571
1096,9,1,52,9.32692,0.133242,52.7917,6.73397,0.228571
1096,10,1,52,9.05769,0.129396,50.9295,6.49519,0.214286
1096,11,1,52,9.42308,0.134615,51.984,6.61699,0.257143
1096,12,1,52,9.26923,0.132418,52.399,6.75641,0.228571
1096,13,1,52,9.75,0.139286,53.7957,7.00321,0.242857
1096,14,1,52,9.51923,0.135989,52.8029,6.88622,0.228571
1096,15,1,52,9.42308,0.134615,50.7332,6.65385,0.214286
1096,16,1,52,9.23077,0.131868,49.5665,6.57051,0.2
1096,17,1,52,9.25,0.132143,50.4583,6.74519,0.2
1096,18,1,52,9.38462,0.134066,53.1675,7.19071,0.2
1096,19,1,52,10.0962,0.144231,54.379,7.43269,0.242857
1096,20,1,52,10.2308,0.146154,54.6202,7.57853,0.257143
1096,21,1,52,10.0962,0.144231,56.028,7.73397,0.228571
1096,22,1,52,10.4231,0.148901,55.9944,7.66987,0.228571
1096,23,1,52,10.25,0.146429,55.5737,7.60417,0.228571
1098,0,0,129,23.9457,0.399096,949.207,13.8889,1
1098,1,0,129,29.8605,0.497674,1226.7,17.1822,0.7
1098,2,0,129,31.7132,0.528553,1315.45,18.2862,0.716667
1098,3,0,129,33,0.55,1472.72,20.1247,0.7
1098,4,0,129,34.5349,0.575581,1555.7,21.1195,0.7
1098,5,0,129,35.0233,0.583721,1576.49,21.3566,0.733333
1098,6,0,129,35.3876,0.589793,1552.9,20.989,0.716667
1098,7,0,129,33.3256,0.555426,1120.43,15.4102,0.7
1098,8,0,129,23.155,0.385917,492.353,7.46705,0.683333
1098,9,0,129,20.2713,0.337855,388.974,6.14535,0.666667
1098,10,0,129,19.3411,0.322351,324.272,5.31654,1
1098,11,0,129,18.9922,0.316537,296.903,4.98191,0.666667
1098,12,0,129,23.2946,0.388243,1204.91,15.8062,0.666667
1098,13,0,129,33.2248,0.553747,1300.01,17.0433,1
1098,14,0,129,24.031,0.400517,480.994,7.35078,0.666667
1098,15,0,129,21,0.35,400.476,6.30039,0.666667
1098,16,0,129,21.3876,0.35646,427.236,6.58915,0.7
1098,17,0,129,21.5504,0.359173,393.416,6.31202,0.716667
1098,18,0,129,21.9612,0.366021,395.91,6.75194,0.7
1098,19,0,129,24.4264,0.407106,636.697,10.2177,0.7
1098,20,0,129,23.8062,0.39677,553.898,9.44961,0.716667
1098,21,0,129,21.9767,0.366279,450.59,8.16731,0.733333
1098,22,0,129,21.5271,0.358786,415.075,7.71835,0.733333
1098,23,0,129,21.2713,0.354522,453.776,8.10336,0.733333
1098,0,1,52,22.2885,0.371474,912.546,13.5561,0.666667
1098,1,1,52,29.0192,0.483654,1203.4,17.0016,0.666667
1098,2,1,52,30.8654,0.514423,1353.86,18.8365,0.65
1098,3,1,52,33.2692,0.554487,1565.79,21.391,0.7
1098,4,1,52,35.4615,0.591026,1685.25,22.7949,0.7
1098,5,1,52,36.0192,0.600321,1682.91,22.7981,0.683333
1098,6,1,52,36,0.6,1670.58,22.5865,0.716667
1098,7,1,52,34.5385,0.575641,1339.63,18.5801,0.7
1098,8,1,52,25.9615,0.432692,645.255,10.1683,0.583333
1098,9,1,52,21.7885,0.363141,471.754,8.0625,0.666667
1098,10,1,52,20.5577,0.342628,381.991,6.98718,0.45
1098,11,1,52,20.1923,0.336538,345.803,6.42147,0.45
1098,12,1,52,24.0962,0.401603,1131.4,15.7035,0.7
1098,13,1,52,31.4038,0.523397,1196.36,16.4439,0.666667
1098,14,1,52,25.6731,0.427885,536.867,8.60577,0.666667
1098,15,1,52,21.6731,0.361218,411.675,7.0641,0.666667
1098,16,1,52,22.0577,0.367628,463.294,7.53045,0.7
1098,17,1,52,21.8654,0.364423,434.633,7.29006,0.666667
1098,18,1,52,21.8462,0.364103,435.009,7.36859,0.666667
1098,19,1,52,24.1923,0.403205,650.853,10.1202,0.516667
1098,20,1,52,22.75,0.379167,537.625,8.90064,0.5
1098,21,1,52,21.7885,0.363141,464.316,8.06571,0.483333
1098,22,1,52,21.7308,0.362179,408.955,7.3766,1
1098,23,1,52,20.8462,0.347436,446.115,7.83974,0.483333
1099,0,0,129,5.21705,0.289836,32.0155,4.57364,1
1099,1,0,129,5.16279,0.286822,32.418,4.63114,0.555556
1099,2,0,129,5.2093,0.289406,32.5129,4.6447,0.555556
1099,3,0,129,5.22481,0.290267,32.4089,4.62984,0.555556
1099,4,0,129,5.25581,0.29199,32.1557,4.59367,0.555556
1099,5,0,129,5.15504,0.286391,32.2868,4.6124,0.555556
1099,6,0,129,5.2093,0.289406,30.8443,4.40633,0.555556
1099,7,0,129,4.84496,0.269165,28.4432,4.06331,0.555556
1099,8,0,129,4.17829,0.232127,22.3837,3.19767,0.5
1099,9,0,129,3.43411,0.190784,18.9335,2.70478,0.5
1099,10,0,129,3.24806,0.180448,17.1654,2.4522,1
1099,11,0,129,3,0.166667,16.4645,2.35207,0.5
1099,12,0,129,2.93798,0.163221,16.2112,2.31589,0.5
1099,13,0,129,2.94574,0.163652,16.1389,2.30556,0.5
1099,14,0,129,2.9845,0.165805,16.1977,2.31395,1
1099,15,0,129,2.90698,0.161499,15.7138,2.24483,0.5
1099,16,0,129,2.82171,0.156761,14.918,2.13114,0.5
1099,17,0,129,2.60465,0.144703,15.0491,2.14987,0.5
1099,18,0,129,2.88372,0.160207,17.4367,2.49096,0.5
1099,19,0,129,3.2093,0.178295,19.9464,2.84948,0.5
1099,20,0,129,3.68217,0.204565,23.1479,3.30685,0.5
1099,21,0,129,4.13178,0.229544,26.259,3.75129,0.5
1099,22,0,129,4.62791,0.257106,29.1395,4.16279,0.555556
1099,23,0,129,4.97674,0.276486,31.197,4.45672,0.555556
1099,0,1,52,5.23077,0.290598,33.4856,4.78365,0.555556
1099,1,1,52,5.42308,0.301282,33.609,4.80128,0.555556
1099,2,1,52,5.44231,0.30235,33.3285,4.76122,0.555556
1099,3,1,52,5.38462,0.299145,33.2724,4.75321,0.555556
1099,4,1,52,5.32692,0.29594,33.4183,4.77404,0.555556
1099,5,1,52,5.42308,0.301282,33.3846,4.76923,0.555556
1099,6,1,52,5.26923,0.292735,33.0032,4.71474,0.555556
1099,7,1,52,5.26923,0.292735,32.2179,4.60256,0.555556
1099,8,1,52,5.07692,0.282051,30.1987,4.3141,0.555556
1099,9,1,52,4.57692,0.254274,25.7901,3.68429,0.5
1099,10,1,52,4.01923,0.223291,23.0978,3.29968,0.5
1099,11,1,52,3.63462,0.201923,20.6186,2.94551,0.5
1099,12,1,52,3.36538,0.186966,20.0801,2.86859,0.5
1099,13,1,52,3.59615,0.199786,20.4167,2.91667,0.5
1099,14,1,52,3.40385,0.189103,19.3846,2.76923,0.5
1099,15,1,52,3.34615,0.185897,18.9471,2.70673,0.5
1099,16,1,52,3.46154,0.192308,19.25,2.75,0.5
1099,17,1,52,3.30769,0.183761,19.4295,2.77564,0.5
1099,18,1,52,3.51923,0.195513,22.3574,3.19391,0.5
1099,19,1,52,3.96154,0.220085,23.0865,3.29808,0.5
1099,20,1,52,4.05769,0.225427,25.6106,3.65865,0.5
1099,21,1,52,4.59615,0.255342,28.6282,4.08974,0.5
1099,22,1,52,5.34615,0.297009,31.4663,4.49519,1
1099,23,1,52,5.26923,0.292735,32.3413,4.62019,0.5
1100,0,0,129,19.1744,0.27789,122.624,17.7733,0.434783
1100,1,0,129,19.3798,0.280867,123.836,17.9457,0.405797
1100,2,0,129,19.6977,0.285474,123.931,17.958,0.42029
1100,3,0,129,19.6047,0.284125,123.115,17.8411,0.405797
1100,4,0,129,19.4341,0.281654,122.769,17.7926,0.405797
1100,5,0,129,19.2868,0.279519,122.611,17.7642,0.405797
1100,6,0,129,19.2481,0.278957,121.901,17.6634,0.42029
1100,7,0,129,18.7132,0.271205,116.04,16.8224,0.405797
1100,8,0,129,17.186,0.249073,97.0323,14.1085,0.376812
1100,9,0,129,14.7519,0.213796,88.2145,12.8572,0.347826
1100,10,0,129,14.0659,0.203853,84.8976,12.3857,0.333333
1100,11,0,129,13.907,0.20155,84.2238,12.3211,0.318841
1100,12,0,129,13.969,0.202449,84.3911,12.363,0.347826
1100,13,0,129,14.0426,0.203516,83.9548,12.2991,0.333333
1100,14,0,129,13.5504,0.196382,80.4548,11.7946,0.333333
1100,15,0,129,12.9845,0.188181,78.8834,11.5401,0.333333
1100,16,0,129,13.186,0.191102,78.2051,11.4406,0.550725
1100,17,0,129,13.1395,0.190428,79.6114,11.6473,0.521739
1100,18,0,129,13.7597,0.199416,84.3572,12.3282,0.289855
1100,19,0,129,14.5504,0.210875,98.884,14.4128,0.347826
1100,20,0,129,16.8295,0.243905,107.932,15.708,0.42029
1100,21,0,129,17.6977,0.256488,114.731,16.668,0.42029
1100,22,0,129,18.6977,0.270981,121.338,17.6034,0.42029
1100,23,0,129,19.5116,0.282777,123.361,17.8773,0.42029
1100,0,1,52,19.75,0.286232,129.236,18.6939,0.42029
1100,1,1,52,20.1923,0.292642,128.838,18.641,0.449275
1100,2,1,52,20.25,0.293478,128.07,18.5304,0.434783
1100,3,1,52,20.1731,0.292363,128.384,18.5753,0.434783
1100,4,1,52,20.0769,0.29097,128.159,18.5433,0.434783
1100,5,1,52,19.9615,0.289298,128.008,18.5208,0.434783
1100,6,1,52,19.7692,0.286511,127.251,18.4247,0.434783
1100,7,1,52,19.9615,0.289298,124.587,18.0417,0.434783
1100,8,1,52,19.0769,0.276477,118.265,17.1362,0.42029
1100,9,1,52,17.9231,0.259755,111.871,16.2147,0.362319
1100,10,1,52,17.4423,0.252787,105.437,15.3077,0.347826
1100,11,1,52,16.2308,0.235229,100.468,14.6218,0.318841
1100,12,1,52,15.5192,0.224916,99.3574,14.4519,0.347826
1100,13,1,52,16.1346,0.233835,98.8862,14.3942,0.318841
1100,14,1,52,15.3077,0.221851,94.6346,13.7804,0.333333
1100,15,1,52,15,0.217391,92.1667,13.3958,0.318841
1100,16,1,52,15.0192,0.21767,92.2564,13.4022,0.318841
1100,17,1,52,14.9808,0.217113,92.3237,13.4359,0.318841
1100,18,1,52,15.25,0.221014,95.6218,13.9215,0.333333
1100,19,1,52,15.7115,0.227703,101.87,14.8157,0.318841
1100,20,1,52,16.6538,0.24136,106.565,15.4792,0.347826
1100,21,1,52,17.2885,0.250557,112.09,16.258,0.376812
1100,22,1,52,17.9808,0.260591,118.069,17.1122,0.391304
1100,23,1,52,19.2115,0.278428,121.889,17.6571,0.376812
1102,0,0,129,19.2326,0.184928,106.901,16.2532,0.307692
1102,1,0,129,19.4264,0.186792,106.779,16.2384,0.307692
1102,2,0,129,19.4109,0.186643,107.085,16.2991,0.307692
1102,3,0,129,19.3023,0.185599,106.461,16.1996,0.307692
1102,4,0,129,19.2946,0.185525,106.359,16.1848,0.307692
1102,5,0,129,19.3721,0.18627,106.024,16.1382,0.307692
1102,6,0,129,19.3953,0.186494,106.648,16.2054,0.307692
1102,7,0,129,19.124,0.183885,103.928,15.7351,0.307692
1102,8,0,129,18.2713,0.175686,96.7067,14.4425,0.288462
1102,9,0,129,17.3488,0.166816,90.4483,13.52,0.307692
1102,10,0,129,16.4457,0.158132,88.1806,13.1906,0.288462
1102,11,0,129,16.5116,0.158766,88.895,13.2952,0.269231
1102,12,0,129,16.7558,0.161114,89.4196,13.4025,0.317308
1102,13,0,129,16.5194,0.15884,88.0856,13.1996,0.25
1102,14,0,129,16.124,0.155039,85.793,12.8598,0.240385
1102,15,0,129,15.8527,0.15243,83.7603,12.5775,0.25
1102,16,0,129,15.3837,0.14792,83.3669,12.5698,0.269231
1102,17,0,129,16.0349,0.154182,85.5827,12.9593,0.259615
1102,18,0,129,15.8062,0.151983,86.5526,13.1867,0.259615
1102,19,0,129,17.4186,0.167487,97.6586,14.8185,0.269231
1102,20,0,129,18.2791,0.17576,100.713,15.2661,0.278846
1102,21,0,129,18.4419,0.177326,101.927,15.4535,0.278846
1102,22,0,129,18.8295,0.181052,104.31,15.7997,0.288462
1102,23,0,129,18.9457,0.182171,104.455,15.8178,0.307692
1102,0,1,52,19.0385,0.183062,106.492,15.8494,0.298077
1102,1,1,52,19.1923,0.184541,106.155,15.8157,0.307692
1102,2,1,52,18.8846,0.181583,105.993,15.7676,0.298077
1102,3,1,52,18.7692,0.180473,105.78,15.7452,0.298077
1102,4,1,52,19.0769,0.183432,106.284,15.8365,0.298077
1102,5,1,52,18.9231,0.181953,105.589,15.7308,0.298077
1102,6,1,52,18.8269,0.181028,105.415,15.6955,0.298077
1102,7,1,52,18.6731,0.179549,103.637,15.4295,0.298077
1102,8,1,52,18.4038,0.17696,98.7404,14.7003,0.288462
1102,9,1,52,17.2885,0.166235,93.0304,13.8654,0.259615
1102,10,1,52,16.9038,0.162537,88.5881,13.2292,0.25
1102,11,1,52,16.6154,0.159763,85.8678,12.8269,0.365385
1102,12,1,52,16.3846,0.157544,86.4343,12.9391,0.259615
1102,13,1,52,16.25,0.15625,85.4471,12.8365,0.259615
1102,14,1,52,16.1346,0.155141,85.9351,12.9311,0.269231
1102,15,1,52,16.1923,0.155695,86.2436,12.9936,0.259615
1102,16,1,52,16.2308,0.156065,87.7244,13.2708,0.25
1102,17,1,52,17,0.163462,92.234,14.0048,0.25
1102,18,1,52,17.8077,0.171228,96.0817,14.6619,0.269231
1102,19,1,52,18.1346,0.174371,98.8638,15.0609,0.25
1102,20,1,52,18.6154,0.178994,100.782,15.3349,0.25
1102,21,1,52,18.7885,0.180658,103.082,15.649,0.259615
1102,22,1,52,19.3269,0.185836,106.094,16.1042,0.259615
1102,23,1,52,19.7115,0.189534,109.179,16.5481,0.259615
1104,0,0,129,3.25581,0.120586,16.6544,2.427,0.296296
1104,1,0,129,3.48062,0.128912,17.5837,2.56008,0.296296
1104,2,0,129,3.51163,0.13006,17.9092,2.60659,0.296296
1104,3,0,129,3.55814,0.131783,17.7329,2.57946,0.296296
1104,4,0,129,3.52713,0.130635,17.6831,2.57364,0.296296
1104,5,0,129,3.51938,0.130347,17.7419,2.57687,0.296296
1104,6,0,129,3.51938,0.130347,17.8753,2.59561,0.296296
1104,7,0,129,3.44186,0.127476,16.3333,2.37597,0.296296
1104,8,0,129,2.86822,0.10623,13.2923,1.93992,0.259259
1104,9,0,129,2.86822,0.10623,13.9276,2.02196,0.259259
1104,10,0,129,3.13566,0.116136,15.2277,2.20995,0.259259
1104,11,0,129,3.16279,0.11714,14.875,2.15052,0.259259
1104,12,0,129,3.14729,0.116566,14.8795,2.14922,0.259259
1104,13,0,129,3.13953,0.116279,14.4771,2.09238,0.259259
1104,14,0,129,3.06202,0.113408,14.5042,2.10401,0.259259
1104,15,0,129,3.03876,0.112547,13.8598,2.01227,0.296296
1104,16,0,129,2.97287,0.110106,13.9435,2.02713,0.296296
1104,17,0,129,2.86434,0.106087,12.9667,1.88824,0.259259
1104,18,0,129,2.82946,0.104795,13.1476,1.91537,0.259259
1104,19,0,129,2.89922,0.107379,13.3963,1.95866,0.259259
1104,20,0,129,2.92248,0.10824,13.8327,2.02067,0.259259
1104,21,0,129,2.97674,0.11025,14.2691,2.09302,0.259259
1104,22,0,129,3.10853,0.115131,14.8637,2.18217,0.259259
1104,23,0,129,3.14729,0.116566,15.3769,2.25452,0.259259
1104,0,1,52,3.42308,0.126781,17.3037,2.55609,0.259259
1104,1,1,52,3.53846,0.131054,18.0721,2.66506,0.259259
1104,2,1,52,3.40385,0.126068,17.8814,2.63622,0.259259
1104,3,1,52,3.51923,0.130342,17.8758,2.63141,0.259259
1104,4,1,52,3.5,0.12963,17.9207,2.64423,0.259259
1104,5,1,52,3.48077,0.128917,18.1002,2.66667,0.259259
1104,6,1,52,3.5,0.12963,18.0104,2.64423,0.259259
1104,7,1,52,3.5,0.12963,17.5,2.56731,0.259259
1104,8,1,52,3.28846,0.121795,15.5986,2.28846,0.259259
1104,9,1,52,2.96154,0.109687,15.0994,2.21154,0.259259
1104,10,1,52,3.13462,0.116097,15.3125,2.23878,0.222222
1104,11,1,52,3.19231,0.118234,15.6603,2.29327,0.259259
1104,12,1,52,3.25,0.12037,15.4583,2.2516,0.259259
1104,13,1,52,3.21154,0.118946,16.137,2.35737,0.259259
1104,14,1,52,3.21154,0.118946,16.3109,2.38622,0.222222
1104,15,1,52,3.13462,0.116097,16.6755,2.44231,0.222222
1104,16,1,52,3.44231,0.127493,17.6178,2.57212,0.259259
1104,17,1,52,3.42308,0.126781,17.5337,2.54487,0.296296
1104,18,1,52,3.38462,0.125356,16.9896,2.46154,0.296296
1104,19,1,52,3.32692,0.123219,16.367,2.37821,0.259259
1104,20,1,52,3.36538,0.124644,16.8381,2.45673,0.259259
1104,21,1,52,3.42308,0.126781,18.375,2.67468,0.259259
1104,22,1,52,3.65385,0.135328,18.4535,2.69231,0.259259
1104,23,1,52,3.53846,0.131054,17.9207,2.61218,0.259259
1106,0,0,129,3.67829,0.167195,15.845,2.32817,0.318182
1106,1,0,129,3.75194,0.170543,15.897,2.33979,0.318182
1106,2,0,129,3.78295,0.171952,15.9399,2.34625,0.363636
1106,3,0,129,3.78295,0.171952,15.8563,2.33463,0.409091
1106,4,0,129,3.73643,0.169838,15.9105,2.34884,0.318182
1106,5,0,129,3.71318,0.168781,15.802,2.32817,0.318182
1106,6,0,129,3.72093,0.169133,15.7749,2.32558,0.318182
1106,7,0,129,3.68217,0.167371,15.0762,2.21705,0.318182
1106,8,0,129,3.52713,0.160324,12.5643,1.8469,0.318182
1106,9,0,129,3.14729,0.143058,11.5197,1.69251,0.363636
1106,10,0,129,3.10078,0.140944,11.7684,1.72287,0.318182
1106,11,0,129,3.21705,0.14623,11.9787,1.76357,0.409091
1106,12,0,129,3.36434,0.152925,12.8062,1.90568,0.454545
1106,13,0,129,3.41085,0.155039,13.1205,1.96059,0.318182
1106,14,0,129,3.27907,0.149049,12.666,1.85788,0.272727
1106,15,0,129,3.29457,0.149753,12.6909,1.85207,0.318182
1106,16,0,129,3.35659,0.152572,12.8853,1.88953,0.590909
1106,17,0,129,3.43411,0.156096,13.4393,1.98966,0.590909
1106,18,0,129,3.52713,0.160324,14.5132,2.15633,0.272727
1106,19,0,129,3.65116,0.165962,16.2384,2.40698,0.318182
1106,20,0,129,4.05426,0.184285,17.0139,2.50388,0.545455
1106,21,0,129,4.00775,0.182171,17.1789,2.51744,0.545455
1106,22,0,129,3.89922,0.177237,16.7787,2.46576,0.363636
1106,23,0,129,3.74419,0.17019,15.9648,2.34367,0.318182
1106,0,1,52,3.86538,0.175699,16.3165,2.42468,0.363636
1106,1,1,52,3.92308,0.178322,16.5689,2.45833,0.363636
1106,2,1,52,3.96154,0.18007,16.6082,2.48237,0.363636
1106,3,1,52,3.94231,0.179196,16.3782,2.44551,0.363636
1106,4,1,52,3.86538,0.175699,16.109,2.39904,0.363636
1106,5,1,52,3.82692,0.173951,15.8117,2.34455,0.363636
1106,6,1,52,3.76923,0.171329,15.3966,2.28045,0.363636
1106,7,1,52,3.71154,0.168706,14.645,2.17147,0.318182
1106,8,1,52,3.61538,0.164336,14.1683,2.10417,0.318182
1106,9,1,52,3.59615,0.163462,14.0617,2.09615,0.272727
1106,10,1,52,3.59615,0.163462,14.4936,2.14583,0.318182
1106,11,1,52,3.71154,0.168706,13.8205,2.03686,0.363636
1106,12,1,52,3.51923,0.159965,14.1402,2.10737,0.318182
1106,13,1,52,3.73077,0.16958,14.746,2.19872,0.318182
1106,14,1,52,3.71154,0.168706,14.4655,2.16987,0.363636
1106,15,1,52,3.86538,0.175699,14.5609,2.1875,0.363636
1106,16,1,52,3.76923,0.171329,15.6098,2.33974,0.363636
1106,17,1,52,3.78846,0.172203,16.5353,2.47756,0.363636
1106,18,1,52,3.94231,0.179196,16.984,2.51282,0.363636
1106,19,1,52,4.01923,0.182692,17.0681,2.49679,0.363636
1106,20,1,52,3.98077,0.180944,16.4904,2.42147,0.363636
1106,21,1,52,3.90385,0.177448,16.5128,2.42949,0.318182
1106,22,1,52,3.86538,0.175699,16.2212,2.39263,0.363636
1106,23,1,52,3.82692,0.173951,16.0697,2.3734,0.363636
1107,0,0,129,1.43411,0.119509,7.03844,1.29716,0.416667
1107,1,0,129,1.46512,0.122093,6.97287,1.28941,0.416667
1107,2,0,129,1.43411,0.119509,6.86434,1.27455,0.416667
1107,3,0,129,1.4031,0.116925,6.7739,1.25775,0.416667
1107,4,0,129,1.39535,0.116279,6.74451,1.25194,0.416667
1107,5,0,129,1.4031,0.116925,6.7332,1.24806,0.416667
1107,6,0,129,1.42636,0.118863,6.85982,1.27455,0.416667
1107,7,0,129,1.39535,0.116279,6.86886,1.24419,0.416667
1107,8,0,129,1.44961,0.120801,8.06266,1.50323,0.416667
1107,9,0,129,1.67442,0.139535,7.99031,1.55879,0.416667
1107,10,0,129,1.70543,0.142119,7.82752,1.55749,0.416667
1107,11,0,129,1.75969,0.146641,8.05814,1.59238,0.416667
1107,12,0,129,1.82171,0.151809,8.38372,1.66214,0.416667
1107,13,0,129,1.81395,0.151163,8.51034,1.69509,0.416667
1107,14,0,129,1.78295,0.148579,8.6686,1.71059,0.416667
1107,15,0,129,1.86047,0.155039,8.51712,1.677,0.416667
1107,16,0,129,1.75194,0.145995,8.01066,1.57494,0.416667
1107,17,0,129,1.75969,0.146641,7.87048,1.53876,0.5
1107,18,0,129,1.45736,0.121447,6.80329,1.27196,0.333333
1107,19,0,129,1.44961,0.120801,7.59012,1.37339,0.416667
1107,20,0,129,1.56589,0.130491,7.52907,1.35982,0.416667
1107,21,0,129,1.48062,0.123385,7.3301,1.33333,0.416667
1107,22,0,129,1.4186,0.118217,7.09496,1.28553,0.416667
1107,23,0,129,1.41085,0.117571,6.92991,1.2584,0.416667
1107,0,1,52,1.23077,0.102564,5.80529,1.07051,0.333333
1107,1,1,52,1.21154,0.100962,5.54167,1.02404,0.333333
1107,2,1,52,1.19231,0.099359,5.49119,1.01122,0.333333
1107,3,1,52,1.13462,0.0945513,5.35657,0.988782,0.333333
1107,4,1,52,1.15385,0.0961538,5.44071,1.0016,0.333333
1107,5,1,52,1.15385,0.0961538,5.44071,1.0016,0.333333
1107,6,1,52,1.15385,0.0961538,5.53606,1.03365,0.333333
1107,7,1,52,1.15385,0.0961538,5.30048,0.974359,0.333333
1107,8,1,52,1.11538,0.0929487,5.3734,0.985577,0.333333
1107,9,1,52,1.11538,0.0929487,4.90785,0.907051,0.25
1107,10,1,52,1.03846,0.0865385,4.43109,0.820513,0.25
1107,11,1,52,0.884615,0.073718,4.24599,0.791667,0.25
1107,12,1,52,1,0.0833333,4.48718,0.854167,0.25
1107,13,1,52,1.03846,0.0865385,5.00321,0.956731,0.25
1107,14,1,52,1.15385,0.0961538,5.32292,0.99359,0.25
1107,15,1,52,1.26923,0.105769,6.42228,1.18109,0.333333
1107,16,1,52,1.42308,0.11859,7.05048,1.29327,0.333333
1107,17,1,52,1.42308,0.11859,6.54567,1.1859,0.333333
1107,18,1,52,1.30769,0.108974,6.30449,1.16186,0.333333
1107,19,1,52,1.36538,0.113782,6.44471,1.20833,0.25
1107,20,1,52,1.40385,0.116987,6.73077,1.28526,0.333333
1107,21,1,52,1.42308,0.11859,6.36058,1.20353,0.333333
1107,22,1,52,1.34615,0.112179,6.36619,1.21154,0.333333
1107,23,1,52,1.40385,0.116987,6.29327,1.19071,0.333333
1109,0,0,129,4.86822,0.0869324,24.6922,3.5646,0.178571
1109,1,0,129,5.0155,0.0895626,24.7374,3.56912,0.178571
1109,2,0,129,4.96124,0.0885936,24.8844,3.58721,0.178571
1109,3,0,129,4.99225,0.0891473,24.6696,3.5562,0.178571
1109,4,0,129,4.90698,0.0876246,24.509,3.53424,0.178571
1109,5,0,129,4.95349,0.0884552,24.4344,3.52326,0.178571
1109,6,0,129,4.8062,0.085825,24.3146,3.50581,0.178571
1109,7,0,129,4.81395,0.0859635,23.3672,3.37274,0.178571
1109,8,0,129,4.51938,0.0807032,20.8621,3.04845,0.178571
1109,9,0,129,4.36434,0.0779347,20.6993,3.04393,0.178571
1109,10,0,129,4.48837,0.0801495,21.2645,3.1208,0.178571
1109,11,0,129,4.50388,0.0804264,21.6625,3.18152,0.178571
1109,12,0,129,4.73643,0.0845792,23.2994,3.41925,0.178571
1109,13,0,129,4.94186,0.0882475,23.6996,3.46964,0.178571
1109,14,0,129,4.68217,0.0836102,22.5081,3.28811,0.178571
1109,15,0,129,4.62791,0.0826412,21.8275,3.19121,0.178571
1109,16,0,129,4.67442,0.0834718,21.9632,3.21899,0.178571
1109,17,0,129,4.70543,0.0840255,23.0462,3.37726,0.178571
1109,18,0,129,4.85271,0.0866556,23.9415,3.50323,0.178571
1109,19,0,129,5.00775,0.0894241,25.6554,3.73256,0.178571
1109,20,0,129,5.17054,0.0923311,25.6757,3.71318,0.178571
1109,21,0,129,5.09302,0.0909468,25.4406,3.67183,0.178571
1109,22,0,129,4.96124,0.0885936,25.1353,3.62403,0.178571
1109,23,0,129,4.96899,0.088732,25.0698,3.6137,0.178571
1109,0,1,52,5.11538,0.0913462,26.2332,3.82212,0.196429
1109,1,1,52,5.19231,0.0927198,25.8742,3.76763,0.196429
1109,2,1,52,5.11538,0.0913462,25.5152,3.71474,0.214286
1109,3,1,52,5.01923,0.0896291,25.5713,3.71795,0.196429
1109,4,1,52,5.15385,0.092033,25.7788,3.74359,0.196429
1109,5,1,52,5.05769,0.0903159,25.9359,3.76442,0.214286
1109,6,1,52,5.01923,0.0896291,25.7228,3.73718,0.196429
1109,7,1,52,5.05769,0.0903159,25.0721,3.63782,0.178571
1109,8,1,52,4.84615,0.0865385,24.1186,3.48718,0.178571
1109,9,1,52,4.86538,0.0868819,24.5561,3.55128,0.160714
1109,10,1,52,5,0.0892857,23.9223,3.44551,0.160714
1109,11,1,52,4.84615,0.0865385,23.8606,3.44712,0.160714
1109,12,1,52,4.88462,0.0872253,24.399,3.53846,0.178571
1109,13,1,52,5.19231,0.0927198,24.8421,3.61699,0.178571
1109,14,1,52,4.84615,0.0865385,24.1579,3.52885,0.178571
1109,15,1,52,5,0.0892857,23.8269,3.48718,0.178571
1109,16,1,52,4.71154,0.0841346,23.6138,3.48878,0.178571
1109,17,1,52,4.71154,0.0841346,23.5521,3.48237,0.160714
1109,18,1,52,4.82692,0.0861951,24.73,3.65224,0.178571
1109,19,1,52,5.07692,0.0906593,25.3189,3.74679,0.178571
1109,20,1,52,5.03846,0.0899725,24.5561,3.64423,0.178571
1109,21,1,52,4.96154,0.0885989,24.3598,3.59936,0.178571
1109,22,1,52,5.10577,0.0911745,24.6402,3.62981,0.178571
1109,23,1,52,5.17308,0.0923764,24.5729,3.61378,0.178571
1110,0,0,129,7.76744,0.235377,25.0788,3.58269,1
1110,1,0,129,7.35659,0.222927,24.9703,3.56718,0.424242
1110,2,0,129,7.46512,0.226216,25.2235,3.60336,0.424242
1110,3,0,129,7.37984,0.223632,24.7804,3.54005,0.393939
1110,4,0,129,7.4031,0.224336,24.8527,3.55039,0.393939
1110,5,0,129,7.43411,0.225276,25.0652,3.58075,0.393939
1110,6,0,129,7.53488,0.22833,25.3456,3.6208,0.393939
1110,7,0,129,7.53488,0.22833,25.6621,3.66602,0.393939
1110,8,0,129,7.34884,0.222692,23.2384,3.31977,0.393939
1110,9,0,129,6.90698,0.209302,18.6486,2.66408,0.363636
1110,10,0,129,6.27132,0.19004,14.3165,2.04522,1
1110,11,0,129,5.71318,0.173127,12.8152,1.83075,0.363636
1110,12,0,129,5.71318,0.173127,13.073,1.86757,0.333333
1110,13,0,129,5.97674,0.181113,13.8553,1.97933,1
1110,14,0,129,5.81395,0.17618,14.1628,2.02326,0.393939
1110,15,0,129,5.95349,0.180409,14.0678,2.00969,0.393939
1110,16,0,129,5.94574,0.180174,14.1266,2.01809,0.393939
1110,17,0,129,6.02326,0.182523,14.814,2.11628,0.363636
1110,18,0,129,6.09302,0.184637,15.7817,2.25452,0.363636
1110,19,0,129,6.37984,0.193329,18.9787,2.71124,0.363636
1110,20,0,129,6.81395,0.206483,21.823,3.11757,0.393939
1110,21,0,129,7.26357,0.220108,23.8669,3.40956,0.424242
1110,22,0,129,7.44961,0.225746,24.7668,3.53811,0.424242
1110,23,0,129,7.41085,0.224571,24.8482,3.54974,0.393939
1110,0,1,52,7.44231,0.225524,23.5913,3.37019,0.393939
1110,1,1,52,7.59615,0.230186,24.0401,3.43429,0.393939
1110,2,1,52,7.78846,0.236014,23.6362,3.3766,0.393939
1110,3,1,52,7.67308,0.232517,23.9054,3.41506,0.393939
1110,4,1,52,7.75,0.234848,23.8942,3.41346,0.393939
1110,5,1,52,7.55769,0.229021,23.8381,3.40545,0.393939
1110,6,1,52,7.59615,0.230186,23.8494,3.40705,0.393939
1110,7,1,52,7.67308,0.232517,23.9728,3.42468,0.393939
1110,8,1,52,7.51923,0.227855,23.1875,3.3125,0.393939
1110,9,1,52,7.25,0.219697,19.6202,2.80288,0.393939
1110,10,1,52,6.84615,0.207459,18.2853,2.61218,0.363636
1110,11,1,52,6.86538,0.208042,16.9391,2.41987,0.333333
1110,12,1,52,6.48077,0.196387,15.9744,2.28205,0.333333
1110,13,1,52,6.71154,0.20338,16.9279,2.41827,0.363636
1110,14,1,52,6.69231,0.202797,17.2532,2.46474,0.333333
1110,15,1,52,7,0.212121,16.7708,2.39583,0.363636
1110,16,1,52,6.44231,0.195221,15.9407,2.27724,0.363636
1110,17,1,52,6.67308,0.202214,16.7035,2.38622,0.363636
1110,18,1,52,6.98077,0.211538,18.734,2.67628,0.363636
1110,19,1,52,6.96154,0.210956,20.1474,2.87821,0.363636
1110,20,1,52,7.17308,0.217366,20.4279,2.91827,0.363636
1110,21,1,52,7.30769,0.221445,21.1122,3.01603,0.363636
1110,22,1,52,7.98077,0.241841,21.9535,3.13622,1
1110,23,1,52,7.63462,0.231352,22.3237,3.1891,0.363636
1111,0,0,129,14.0465,0.238076,86.8782,12.8876,0.38983
1111,1,0,129,15.1628,0.256996,89.978,13.3307,0.40678
1111,2,0,129,15.1628,0.256996,90.5975,13.4205,0.40678
1111,3,0,129,15.2713,0.258836,89.8582,13.3114,0.40678
1111,4,0,129,15.3101,0.259493,89.6457,13.281,0.40678
1111,5,0,129,15.2558,0.258573,89.7271,13.2926,0.40678
1111,6,0,129,15.2248,0.258048,89.8198,13.3094,0.40678
1111,7,0,129,15.0233,0.254631,83.4664,12.4018,0.40678
1111,8,0,129,12.9922,0.220208,71.7681,10.7306,0.38983
1111,9,0,129,12.5969,0.213507,72.781,10.8734,0.372881
1111,10,0,129,12.7016,0.215281,70.2871,10.5155,0.372881
1111,11,0,129,12.5271,0.212324,68.9803,10.3295,0.355932
1111,12,0,129,12.4884,0.211667,69.9819,10.4729,0.355932
1111,13,0,129,12.5775,0.213178,69.8417,10.4522,0.372881
1111,14,0,129,12.5271,0.212324,69.0685,10.345,0.355932
1111,15,0,129,11.9845,0.203127,67.739,10.1544,0.355932
1111,16,0,129,12.031,0.203915,68.0194,10.1951,0.440678
1111,17,0,129,12.1628,0.206149,68.198,10.2203,0.440678
1111,18,0,129,11.9147,0.201945,67.5898,10.1331,0.338983
1111,19,0,129,12.3488,0.209302,71.7794,10.7319,0.355932
1111,20,0,129,12.6899,0.215083,74.4044,11.1072,0.38983
1111,21,0,129,13.1318,0.222573,76.2539,11.3708,0.40678
1111,22,0,129,13.5271,0.229273,79.0507,11.7707,0.38983
1111,23,0,129,13.8295,0.234398,81.8114,12.1628,0.38983
1111,0,1,52,15.6923,0.265971,97.9103,14.4696,0.40678
1111,1,1,52,16.6154,0.281617,99.4359,14.6875,0.440678
1111,2,1,52,16.7115,0.283246,99.1274,14.6426,0.440678
1111,3,1,52,16.7115,0.283246,99.0433,14.6314,0.440678
1111,4,1,52,16.5192,0.279987,98.9423,14.617,0.440678
1111,5,1,52,16.8462,0.285528,98.875,14.6074,0.440678
1111,6,1,52,16.5962,0.281291,97.1474,14.3606,0.440678
1111,7,1,52,16.3462,0.277053,95.117,14.0705,0.440678
1111,8,1,52,15.6923,0.265971,89.0593,13.2051,0.423729
1111,9,1,52,14.9231,0.252934,83.2091,12.3686,0.40678
1111,10,1,52,14.1346,0.23957,79.1651,11.7917,0.423729
1111,11,1,52,13.5769,0.230117,77.4263,11.5433,0.38983
1111,12,1,52,13.75,0.233051,77.5272,11.5577,0.423729
1111,13,1,52,13.5,0.228814,75.8446,11.3173,0.40678
1111,14,1,52,13.4231,0.22751,73.1466,10.9311,0.40678
1111,15,1,52,12.6923,0.215124,70.7236,10.5849,0.40678
1111,16,1,52,12.4808,0.211538,70.7965,10.5962,0.40678
1111,17,1,52,12.5385,0.212516,72.726,10.8718,0.38983
1111,18,1,52,12.9808,0.220013,74.633,11.1442,0.355932
1111,19,1,52,13.1346,0.222621,76.0689,11.3494,0.372881
1111,20,1,52,13.3462,0.226206,78.3349,11.6731,0.38983
1111,21,1,52,13.6923,0.232073,81.2067,12.0833,0.38983
1111,22,1,52,14.1923,0.240548,84.2075,12.5112,0.40678
1111,23,1,52,14.5385,0.246415,85.8173,12.7404,0.40678
1112,0,0,129,4.25969,0.236649,22.3611,3.19444,0.527778
1112,1,0,129,4.21705,0.234281,22.7862,3.25517,0.555556
1112,2,0,129,4.20155,0.233419,23.1977,3.31395,0.555556
1112,3,0,129,4.09302,0.22739,23.2474,3.32106,0.555556
1112,4,0,129,4.14729,0.230405,23.3559,3.33656,0.5
1112,5,0,129,4.2093,0.23385,22.6867,3.24096,0.5
1112,6,0,129,4.31008,0.239449,22.8585,3.2655,0.5
1112,7,0,129,4.25581,0.236434,20.6156,2.94509,0.5
1112,8,0,129,3.29457,0.183032,14.927,2.13243,0.5
1112,9,0,129,2.52713,0.140396,12.5349,1.7907,0.388889
1112,10,0,129,2.32171,0.128984,10.3463,1.47804,0.388889
1112,11,0,129,2.27132,0.126184,9.64535,1.37791,0.333333
1112,12,0,129,2.17054,0.120586,9.36951,1.3385,0.333333
1112,13,0,129,2.18605,0.121447,9.13889,1.30556,0.333333
1112,14,0,129,2.17829,0.121016,8.98966,1.28424,0.333333
1112,15,0,129,2.17054,0.120586,8.84496,1.26357,0.333333
1112,16,0,129,2.13178,0.118432,8.30233,1.18605,0.333333
1112,17,0,129,1.89922,0.105512,8.75,1.25,0.388889
1112,18,0,129,2.10853,0.11714,10.1156,1.44509,0.333333
1112,19,0,129,2.41085,0.133936,13.064,1.86628,0.388889
1112,20,0,129,3.34884,0.186047,16.8895,2.41279,0.444444
1112,21,0,129,3.94574,0.219208,20.0459,2.8637,0.611111
1112,22,0,129,4.11628,0.228682,21.8094,3.11563,0.611111
1112,23,0,129,4.31008,0.239449,22.1395,3.16279,0.611111
1112,0,1,52,4.34615,0.241453,23.3894,3.34135,0.611111
1112,1,1,52,4.30769,0.239316,23.8045,3.40064,0.666667
1112,2,1,52,4.53846,0.252137,24.0176,3.43109,0.722222
1112,3,1,52,4.51923,0.251068,24.3878,3.48397,0.722222
1112,4,1,52,4.42308,0.245727,24.0176,3.43109,0.722222
1112,5,1,52,4.44231,0.246795,23.9167,3.41667,0.666667
1112,6,1,52,4.42308,0.245727,23.8606,3.40865,0.666667
1112,7,1,52,4.5,0.25,23.4567,3.35096,0.666667
1112,8,1,52,4.40385,0.244658,22.9071,3.27244,0.666667
1112,9,1,52,3.86538,0.214744,21.7516,3.10737,0.666667
1112,10,1,52,3.53846,0.196581,19.9343,2.84776,0.666667
1112,11,1,52,3.13462,0.174145,16.6699,2.38141,0.5
1112,12,1,52,2.69231,0.149573,15.1554,2.16506,0.5
1112,13,1,52,2.80769,0.155983,14.8413,2.12019,0.444444
1112,14,1,52,2.69231,0.149573,13.8878,1.98397,0.333333
1112,15,1,52,2.90385,0.161325,14.4599,2.06571,0.333333
1112,16,1,52,2.88462,0.160256,14.2131,2.03045,0.388889
1112,17,1,52,2.86538,0.159188,14.5946,2.08494,0.388889
1112,18,1,52,2.92308,0.162393,15.4022,2.20032,0.388889
1112,19,1,52,3.05769,0.169872,16.9279,2.41827,0.388889
1112,20,1,52,3.34615,0.185897,18.7228,2.67468,0.444444
1112,21,1,52,3.57692,0.198718,20.9439,2.99199,0.444444
1112,22,1,52,3.80769,0.211538,22.3237,3.1891,0.388889
1112,23,1,52,4.28846,0.238248,22.8734,3.26763,0.5
1113,0,0,129,5.96512,0.108457,24.7464,3.76034,0.218182
1113,1,0,129,6.00775,0.109232,24.8482,3.7739,0.218182
1113,2,0,129,6.10853,0.111064,24.9386,3.77907,0.218182
1113,3,0,129,6.10078,0.110923,24.9025,3.77132,0.218182
1113,4,0,129,6.04651,0.109937,24.6877,3.74096,0.218182
1113,5,0,129,6.04651,0.109937,24.8233,3.75775,0.218182
1113,6,0,129,6.04651,0.109937,24.8685,3.77261,0.218182
1113,7,0,129,6.04651,0.109937,24.4073,3.68605,0.218182
1113,8,0,129,5.68217,0.103312,21.4318,3.25969,0.2
1113,9,0,129,5.56589,0.101198,21.0475,3.23643,0.2
1113,10,0,129,5.49612,0.0999295,20.7649,3.19638,0.236364
1113,11,0,129,5.44186,0.0989429,20.6518,3.15633,0.218182
1113,12,0,129,5.52713,0.100493,21.0452,3.21124,0.218182
1113,13,0,129,5.49612,0.0999295,20.584,3.14083,0.218182
1113,14,0,129,5.46512,0.0993657,20.6518,3.14922,0.218182
1113,15,0,129,5.44961,0.0990839,20.3963,3.08075,0.218182
1113,16,0,129,5.44186,0.0989429,20.0165,3.00452,0.218182
1113,17,0,129,5.35659,0.0973925,20.7151,3.12468,0.218182
1113,18,0,129,5.58915,0.101621,22.4583,3.40633,0.2
1113,19,0,129,5.96124,0.108386,24.6108,3.74806,0.218182
1113,20,0,129,6.16279,0.112051,24.6718,3.78359,0.218182
1113,21,0,129,6.03876,0.109796,24.249,3.7177,0.218182
1113,22,0,129,6.0155,0.109373,24.3056,3.71835,0.218182
1113,23,0,129,6.05426,0.110078,24.1156,3.69251,0.218182
1113,0,1,52,6.05769,0.11014,23.9559,3.70673,0.2
1113,1,1,52,6.03846,0.10979,23.8494,3.6859,0.181818
1113,2,1,52,6.05769,0.11014,23.9728,3.70513,0.181818
1113,3,1,52,6.13462,0.111538,24.2083,3.73558,0.2
1113,4,1,52,6.15385,0.111888,24.012,3.71154,0.2
1113,5,1,52,6.07692,0.11049,24.3261,3.75481,0.2
1113,6,1,52,6.13462,0.111538,24.242,3.75,0.2
1113,7,1,52,6.17308,0.112238,24.4888,3.78686,0.2
1113,8,1,52,6.09615,0.110839,23.0529,3.55929,0.2
1113,9,1,52,5.78846,0.105245,22.6266,3.47917,0.2
1113,10,1,52,5.82692,0.105944,21.9199,3.35737,0.163636
1113,11,1,52,5.71154,0.103846,21.7796,3.34295,0.181818
1113,12,1,52,5.59615,0.101748,22.3405,3.46474,0.181818
1113,13,1,52,5.92308,0.107692,22.1218,3.41667,0.181818
1113,14,1,52,5.51923,0.10035,21.5329,3.30769,0.181818
1113,15,1,52,5.94231,0.108042,22.5873,3.45833,0.181818
1113,16,1,52,5.88462,0.106993,22.8734,3.48878,0.2
1113,17,1,52,5.78846,0.105245,22.6266,3.45673,0.2
1113,18,1,52,6,0.109091,23.7091,3.62179,0.2
1113,19,1,52,5.82692,0.105944,23.5072,3.58013,0.2
1113,20,1,52,6,0.109091,24.0905,3.67468,0.2
1113,21,1,52,6,0.109091,24.3037,3.70353,0.2
1113,22,1,52,5.94231,0.108042,23.3558,3.5641,0.2
1113,23,1,52,5.96154,0.108392,23.5857,3.60256,0.2
1114,0,0,129,2.23643,0.0496985,14.199,2.14212,0.333333
1114,1,0,129,2.17054,0.0482343,14.2306,2.14535,0.133333
1114,2,0,129,2.10078,0.0466839,14.156,2.13437,0.133333
1114,3,0,129,2.13953,0.0475452,14.1447,2.1376,0.133333
1114,4,0,129,2.13178,0.047373,14.1651,2.14018,0.133333
1114,5,0,129,2.17829,0.0484065,14.0769,2.12209,0.133333
1114,6,0,129,2.20155,0.0489233,15.0604,2.26486,0.133333
1114,7,0,129,2.30233,0.0511628,14.511,2.14793,0.133333
1114,8,0,129,2.43411,0.0540913,20.4483,2.96641,0.133333
1114,9,0,129,3.6124,0.0802756,24.9906,3.60788,0.177778
1114,10,0,129,3.68605,0.0819121,25.2032,3.63372,0.155556
1114,11,0,129,3.72093,0.0826873,24.6944,3.56008,0.155556
1114,12,0,129,3.58527,0.0796727,24.0795,3.48902,0.155556
1114,13,0,129,3.5,0.0777778,24.0252,3.4916,0.155556
1114,14,0,129,3.62791,0.0806202,24.7374,3.59884,0.155556
1114,15,0,129,3.65116,0.081137,24.0184,3.50904,0.177778
1114,16,0,129,3.54651,0.0788114,23.8036,3.47416,0.155556
1114,17,0,129,3.54651,0.0788114,21.4186,3.12403,0.133333
1114,18,0,129,2.32558,0.0516796,13.9532,2.05814,0.133333
1114,19,0,129,2.00775,0.0446167,13.3601,1.99548,0.133333
1114,20,0,129,2.00775,0.0446167,13.6586,2.02907,0.155556
1114,21,0,129,2.04651,0.045478,13.7784,2.05039,0.155556
1114,22,0,129,2.09302,0.0465116,14.1334,2.12209,0.111111
1114,23,0,129,2.23256,0.0496124,14.6399,2.20413,0.133333
1114,0,1,52,2.40385,0.0534188,17.012,2.54327,0.133333
1114,1,1,52,2.57692,0.057265,17.2476,2.57692,0.133333
1114,2,1,52,2.59615,0.0576923,17.2869,2.58333,0.133333
1114,3,1,52,2.61538,0.0581197,17.2476,2.57532,0.133333
1114,4,1,52,2.59615,0.0576923,17.3934,2.59455,0.133333
1114,5,1,52,2.57692,0.057265,17.2083,2.56891,0.133333
1114,6,1,52,2.61538,0.0581197,17.3766,2.60096,0.133333
1114,7,1,52,2.55769,0.0568376,16.3109,2.44712,0.133333
1114,8,1,52,2.34615,0.0521368,16.3782,2.44071,0.133333
1114,9,1,52,2.42308,0.0538462,15.5593,2.33013,0.133333
1114,10,1,52,2.40385,0.0534188,16.2716,2.44391,0.133333
1114,11,1,52,2.32692,0.0517094,15.5369,2.33013,0.133333
1114,12,1,52,2.28846,0.0508547,15.0208,2.2484,0.111111
1114,13,1,52,2.36538,0.0525641,15.6154,2.33494,0.111111
1114,14,1,52,2.28846,0.0508547,15.5986,2.31571,0.133333
1114,15,1,52,2.46154,0.0547009,15.9912,2.41186,0.133333
1114,16,1,52,2.48077,0.0551282,15.6266,2.36538,0.133333
1114,17,1,52,2.17308,0.0482906,14.5104,2.19551,0.133333
1114,18,1,52,1.90385,0.0423077,12.8558,1.92147,0.133333
1114,19,1,52,2.01923,0.0448718,12.7772,1.90385,0.133333
1114,20,1,52,1.88462,0.0418803,13.0184,1.95673,0.133333
1114,21,1,52,1.96154,0.0435897,13.254,1.98878,0.133333
1114,22,1,52,2.04808,0.0455128,14.0393,2.11378,0.133333
1114,23,1,52,2.25,0.05,15.2228,2.28205,0.133333
1115,0,0,129,15.3682,0.247874,81.635,12.186,0.403226
1115,1,0,129,15.4729,0.249562,82.094,12.2565,0.403226
1115,2,0,129,15.5194,0.250313,82.6366,12.343,0.403226
1115,3,0,129,15.4729,0.249562,82.3156,12.2907,0.403226
1115,4,0,129,15.6589,0.252563,82.4693,12.3146,0.403226
1115,5,0,129,15.5116,0.250188,82.0488,12.2571,0.403226
1115,6,0,129,15.5039,0.250063,82.4625,12.3217,0.403226
1115,7,0,129,15.4884,0.249812,78.3611,11.7261,0.403226
1115,8,0,129,14.1395,0.228057,74.8498,11.1764,0.370968
1115,9,0,129,15.031,0.242436,79.9325,11.8023,0.370968
1115,10,0,129,14.7752,0.23831,75.8582,11.1544,0.370968
1115,11,0,129,14.2636,0.230058,75.4716,11.093,0.354839
1115,12,0,129,14.3411,0.231308,75.8672,11.1563,0.370968
1115,13,0,129,14.5349,0.234434,77.4228,11.3721,0.354839
1115,14,0,129,14.5969,0.235434,78.0514,11.4444,0.387097
1115,15,0,129,14.5116,0.234059,77.5494,11.363,0.370968
1115,16,0,129,14.907,0.240435,77.2736,11.3379,0.596774
1115,17,0,129,14.7984,0.238685,79.2723,11.6531,0.564516
1115,18,0,129,14.9302,0.24081,76.4981,11.3004,0.403226
1115,19,0,129,13.6589,0.220305,70.936,10.5685,0.354839
1115,20,0,129,13.4574,0.217054,70.6647,10.5627,0.33871
1115,21,0,129,13.9225,0.224556,74.436,11.1428,0.33871
1115,22,0,129,14.7597,0.23806,79.2565,11.845,0.354839
1115,23,0,129,15.2558,0.246062,81.9335,12.2248,0.370968
1115,0,1,52,15.4615,0.24938,84.5497,12.5753,0.370968
1115,1,1,52,15.8462,0.255583,84.9311,12.6362,0.370968
1115,2,1,52,15.7308,0.253722,84.8413,12.6154,0.370968
1115,3,1,52,15.75,0.254032,85.4471,12.6987,0.370968
1115,4,1,52,15.6154,0.251861,85.0264,12.6378,0.370968
1115,5,1,52,15.75,0.254032,85.6378,12.7324,0.370968
1115,6,1,52,15.8077,0.254963,84.7909,12.6154,0.354839
1115,7,1,52,15.5962,0.251551,83.7925,12.4647,0.354839
1115,8,1,52,15.0962,0.243486,80.2308,11.9263,0.33871
1115,9,1,52,15,0.241935,78.2957,11.601,0.370968
1115,10,1,52,13.9423,0.224876,71.2508,10.5192,0.403226
1115,11,1,52,13.2885,0.21433,67.1899,9.92468,0.403226
1115,12,1,52,12.9423,0.208747,63.0729,9.375,0.387097
1115,13,1,52,12.1346,0.19572,62.0184,9.19872,0.370968
1115,14,1,52,12.0577,0.194479,59.7524,8.86218,0.354839
1115,15,1,52,12.0962,0.195099,59.5954,8.86699,0.33871
1115,16,1,52,11.9231,0.192308,59.7524,8.91346,0.322581
1115,17,1,52,12.0962,0.195099,60.145,9.00962,0.33871
1115,18,1,52,12.1346,0.19572,61.9623,9.29968,0.290323
1115,19,1,52,12.8846,0.207816,64.6827,9.70032,0.306452
1115,20,1,52,13.0577,0.210608,68.4968,10.2468,0.33871
1115,21,1,52,13.7692,0.222084,73.6234,10.9744,0.370968
1115,22,1,52,14.5385,0.234491,77.976,11.6234,0.387097
1115,23,1,52,15.1923,0.245037,80.012,11.9135,0.403226
1119,0,0,129,14.093,0.151538,82.1279,11.7326,0.290323
1119,1,0,129,14.4031,0.154872,83.3262,11.9037,0.27957
1119,2,0,129,14.4806,0.155706,84.4793,12.0685,0.27957
1119,3,0,129,14.5581,0.156539,83.8824,11.9832,0.27957
1119,4,0,129,14.6202,0.157206,83.7784,11.9683,0.268817
1119,5,0,129,14.5659,0.156622,83.9186,11.9884,0.268817
1119,6,0,129,14.5271,0.156206,84.2984,12.0426,0.268817
1119,7,0,129,14.4806,0.155706,87.7713,12.5388,0.258065
1119,8,0,129,15.907,0.171043,107.88,15.4115,0.27957
1119,9,0,129,21.6744,0.233058,137.793,19.6848,0.365591
1119,10,0,129,22.8721,0.245936,140.778,20.1111,0.387097
1119,11,0,129,23.1628,0.249062,140.529,20.0756,0.387097
1119,12,0,129,22.8488,0.245686,137.943,19.7061,0.408602
1119,13,0,129,21.5543,0.231766,130.097,18.5853,0.387097
1119,14,0,129,21.4264,0.230391,131.078,18.7255,0.376344
1119,15,0,129,21.2171,0.22814,127.262,18.1802,0.354839
1119,16,0,129,20.6085,0.221597,124.065,17.7235,0.354839
1119,17,0,129,20.2326,0.217554,118.127,16.8753,0.344086
1119,18,0,129,18.2946,0.196716,97.064,13.8663,0.301075
1119,19,0,129,14.6279,0.157289,82.137,11.7339,0.258065
1119,20,0,129,14,0.150538,80.2468,11.4638,0.236559
1119,21,0,129,14.0388,0.150954,79.2972,11.3282,0.236559
1119,22,0,129,13.845,0.148871,79.573,11.3676,0.236559
1119,23,0,129,13.8372,0.148787,80.0161,11.4309,0.27957
1119,0,1,52,14.1538,0.152192,79.1314,11.3045,0.322581
1119,1,1,52,14.25,0.153226,79.5353,11.3622,0.333333
1119,2,1,52,14.3077,0.153846,81.0609,11.5801,0.333333
1119,3,1,52,14.5,0.155914,81.633,11.6619,0.344086
1119,4,1,52,14.4423,0.155294,81.7676,11.6811,0.344086
1119,5,1,52,14.1346,0.151985,82.1266,11.7324,0.236559
1119,6,1,52,14.1731,0.152399,82.0481,11.7212,0.236559
1119,7,1,52,13.9808,0.150331,82.7885,11.8269,0.236559
1119,8,1,52,14.6538,0.157568,84.617,12.0881,0.236559
1119,9,1,52,14.5769,0.156741,85.6378,12.234,0.290323
1119,10,1,52,14.6538,0.157568,84.1683,12.024,0.290323
1119,11,1,52,15.0385,0.161704,83.2484,11.8926,0.397849
1119,12,1,52,14.1154,0.151778,81.7452,11.6779,0.27957
1119,13,1,52,14.1346,0.151985,82.3285,11.7612,0.27957
1119,14,1,52,14.5,0.155914,83.1474,11.8782,0.258065
1119,15,1,52,14.4615,0.1555,84.4487,12.0641,0.268817
1119,16,1,52,14.7308,0.158395,86.4006,12.3429,0.258065
1119,17,1,52,14.1923,0.152605,83.2708,11.8958,0.258065
1119,18,1,52,14.0769,0.151365,78.1442,11.1635,0.236559
1119,19,1,52,13.4615,0.144748,75.5865,10.7981,0.236559
1119,20,1,52,13.5,0.145161,75.7548,10.8221,0.236559
1119,21,1,52,13.4231,0.144334,75.351,10.7644,0.236559
1119,22,1,52,13.4135,0.144231,75.8894,10.8413,0.215054
1119,23,1,52,13.5577,0.145782,76.6635,10.9519,0.225806
1120,0,0,129,15.3217,0.16837,49.1221,9.08592,0.56044
1120,1,0,129,15.4264,0.16952,48.9706,9.06266,0.56044
1120,2,0,129,15.5116,0.170457,49.2668,9.12984,0.56044
1120,3,0,129,15.3566,0.168754,48.5433,8.97481,0.56044
1120,4,0,129,15.7752,0.173354,48.4415,8.96382,0.56044
1120,5,0,129,15.3488,0.168669,48.5184,8.98062,0.56044
1120,6,0,129,15.3178,0.168328,48.5998,8.99225,0.56044
1120,7,0,129,15.186,0.16688,51.0801,9.29845,0.56044
1120,8,0,129,16.4031,0.180254,56.0203,9.92442,0.604396
1120,9,0,129,16.7752,0.184343,57.9671,10.0827,0.626374
1120,10,0,129,17.1085,0.188006,60.0426,10.3521,0.637363
1120,11,0,129,17.2791,0.18988,63.2532,10.7713,0.626374
1120,12,0,129,18.1783,0.199761,65.105,11.0439,0.626374
1120,13,0,129,17.4419,0.191669,64.8676,10.8637,0.615385
1120,14,0,129,17.1163,0.188091,63.9474,10.6137,0.626374
1120,15,0,129,16.7519,0.184087,62.1612,10.2448,0.637363
1120,16,0,129,16.6085,0.182511,60.7051,10.031,0.626374
1120,17,0,129,16.4884,0.181191,54.8537,9.2416,0.615385
1120,18,0,129,14.9535,0.164324,49.5087,8.53876,0.571429
1120,19,0,129,14.8605,0.163302,49.1786,8.6363,0.571429
1120,20,0,129,15.4031,0.169265,50.0988,8.81589,0.571429
1120,21,0,129,14.9922,0.16475,48.0685,8.57623,0.56044
1120,22,0,129,14.9457,0.164239,48.1318,8.67636,0.549451
1120,23,0,129,15.2171,0.16722,48.3986,8.79587,0.56044
1120,0,1,52,14.9808,0.164624,51.109,9.36538,0.395604
1120,1,1,52,15.7308,0.172866,51.6194,9.48558,0.395604
1120,2,1,52,15.5769,0.171175,51.6082,9.45513,0.395604
1120,3,1,52,15.8269,0.173922,51.395,9.41506,0.395604
1120,4,1,52,15.5769,0.171175,50.9351,9.35256,0.395604
1120,5,1,52,15.7115,0.172654,50.9631,9.34455,0.395604
1120,6,1,52,15.8269,0.173922,50.8678,9.35577,0.395604
1120,7,1,52,15.6346,0.171809,50.2171,9.19391,0.395604
1120,8,1,52,15.6538,0.17202,50.391,9.125,0.373626
1120,9,1,52,15.3654,0.16885,48.6915,8.78686,0.384615
1120,10,1,52,14.8462,0.163145,47.6707,8.64904,0.373626
1120,11,1,52,15.75,0.173077,49.7909,8.9359,0.43956
1120,12,1,52,15.5,0.17033,51.9335,9.25,0.406593
1120,13,1,52,15.5962,0.171386,51.3109,9.08494,0.395604
1120,14,1,52,15.0962,0.165892,49.5048,8.64904,0.406593
1120,15,1,52,14.6346,0.16082,50.1218,8.66987,0.395604
1120,16,1,52,14.7885,0.162511,51.1595,8.88301,0.395604
1120,17,1,52,15.5769,0.171175,50.3574,8.86699,0.395604
1120,18,1,52,14.8462,0.163145,49.1795,8.83173,0.395604
1120,19,1,52,15.3846,0.169062,49.7965,8.97115,0.395604
1120,20,1,52,15.0385,0.165258,49.6787,8.98077,0.406593
1120,21,1,52,15.1731,0.166737,49.2804,9.05128,0.395604
1120,22,1,52,16.0577,0.176458,49.8638,9.16827,0.461538
1120,23,1,52,15.2115,0.16716,49.2412,9.13622,0.384615
1121,0,0,129,11.5426,0.311963,72.5685,10.677,0.432432
1121,1,0,129,11.4961,0.310706,72.5866,10.6686,0.459459
1121,2,0,129,11.5736,0.312801,73.2422,10.7726,0.432432
1121,3,0,129,11.6667,0.315315,73.2943,10.7758,0.459459
1121,4,0,129,11.6744,0.315525,72.8104,10.7099,0.486486
1121,5,0,129,11.5349,0.311754,71.7952,10.5607,0.486486
1121,6,0,129,11.4574,0.309658,70.9157,10.4373,0.486486
1121,7,0,129,10.8062,0.29206,61.8062,9.11628,0.432432
1121,8,0,129,9.44186,0.255185,63.1605,9.27713,0.432432
1121,9,0,129,11.3488,0.306725,70.9971,10.3798,0.486486
1121,10,0,129,11.2519,0.304106,69.5591,10.1641,0.486486
1121,11,0,129,11.1085,0.30023,70.0927,10.2422,0.513514
1121,12,0,129,11.2093,0.302954,70.0633,10.2442,0.513514
1121,13,0,129,10.8798,0.29405,67.0178,9.8146,0.486486
1121,14,0,129,10.5659,0.285565,64.655,9.47933,0.513514
1121,15,0,129,10.1705,0.27488,61.926,9.07687,0.486486
1121,16,0,129,9.96124,0.269223,60.3931,8.84496,0.459459
1121,17,0,129,9.42636,0.254766,57.6302,8.45543,0.432432
1121,18,0,129,9.06202,0.244919,55.9842,8.25388,0.459459
1121,19,0,129,9.66667,0.261261,61.9803,9.13566,0.405405
1121,20,0,129,10.4961,0.283679,65.7019,9.67894,0.432432
1121,21,0,129,10.5891,0.286193,67.1105,9.88889,0.459459
1121,22,0,129,11.1705,0.301907,70.7868,10.4238,0.432432
1121,23,0,129,11.5116,0.311125,72.2836,10.6331,0.432432
1121,0,1,52,11.8077,0.319127,74.2179,10.984,0.486486
1121,1,1,52,12.1154,0.327443,75.1266,11.1154,0.513514
1121,2,1,52,12.2885,0.332121,74.992,11.1074,0.540541
1121,3,1,52,12.1154,0.327443,75.1378,11.1234,0.513514
1121,4,1,52,12.1538,0.328482,74.8966,11.0913,0.513514
1121,5,1,52,12,0.324324,73.7412,10.9151,0.540541
1121,6,1,52,11.9808,0.323805,72.7372,10.7788,0.513514
1121,7,1,52,11.5577,0.31237,68.1603,10.1042,0.486486
1121,8,1,52,10.8269,0.29262,66.1747,9.79808,0.486486
1121,9,1,52,11.0192,0.297817,63.6394,9.44231,0.459459
1121,10,1,52,10.4231,0.281705,59.7524,8.88301,0.486486
1121,11,1,52,9.84615,0.266112,59.7131,8.86378,0.459459
1121,12,1,52,10.1154,0.273389,59.601,8.85096,0.459459
1121,13,1,52,10.0385,0.27131,59.7692,8.88622,0.486486
1121,14,1,52,9.90385,0.267672,57.6042,8.53526,0.459459
1121,15,1,52,9.44231,0.255198,54.9455,8.14583,0.459459
1121,16,1,52,9.25,0.25,53.8405,7.98878,0.432432
1121,17,1,52,8.90385,0.240644,55.1306,8.17788,0.405405
1121,18,1,52,9.57692,0.258836,58.4792,8.68109,0.405405
1121,19,1,52,9.88462,0.267152,62.4391,9.24199,0.486486
1121,20,1,52,10.5769,0.285863,65.3558,9.63622,0.486486
1121,21,1,52,10.7692,0.29106,66.887,9.85096,0.486486
1121,22,1,52,11.1635,0.301715,70.5497,10.4022,0.432432
1121,23,1,52,11.8077,0.319127,73.3766,10.8397,0.432432
1124,0,0,129,28.938,0.474393,1473.4,14.4257,1
1124,1,0,129,31.969,0.524082,1355.81,13.5084,0.688525
1124,2,0,129,30.2171,0.495362,1226.19,12.4373,0.688525
1124,3,0,129,29.4574,0.482908,1092.25,11.2817,0.688525
1124,4,0,129,29.2171,0.478968,1228.08,12.3947,0.688525
1124,5,0,129,30.0543,0.492693,1189.19,12.0749,0.688525
1124,6,0,129,29.2016,0.478714,1187.13,12.0407,0.688525
1124,7,0,129,30.3876,0.498157,1246.21,12.2326,0.688525
1124,8,0,129,28.8915,0.473631,1074.99,10.9961,0.688525
1124,9,0,129,27.7209,0.454441,780.953,8.32558,0.688525
1124,10,0,129,24.9147,0.408438,723.714,7.53165,1
1124,11,0,129,25.7132,0.421528,694.508,7.42636,0.672131
1124,12,0,129,26.1628,0.428898,829.58,8.59819,0.721311
1124,13,0,129,26.9225,0.441352,874.733,8.96899,1
1124,14,0,129,28.2403,0.462956,1135.72,11.0052,0.672131
1124,15,0,129,29.1783,0.478333,1217.36,11.5724,0.672131
1124,16,0,129,30.3488,0.497522,1116.49,10.75,0.721311
1124,17,0,129,27.814,0.455966,878.24,8.78165,0.704918
1124,18,0,129,26.3101,0.431313,784.698,8.20349,0.688525
1124,19,0,129,26.0155,0.426484,722.093,7.76938,0.672131
1124,20,0,129,25.938,0.425213,696.89,7.71447,0.688525
1124,21,0,129,25.9302,0.425086,662.528,7.46705,0.688525
1124,22,0,129,25.2093,0.413267,555.027,6.56331,0.688525
1124,23,0,129,23.8682,0.391282,447.572,5.80168,0.704918
1124,0,1,52,28.0577,0.459962,1503.53,14.8157,0.688525
1124,1,1,52,32.6346,0.534994,1381,13.867,0.688525
1124,2,1,52,30.8654,0.50599,1126.78,11.7244,0.688525
1124,3,1,52,29.1538,0.477932,990.25,10.5881,0.688525
1124,4,1,52,28.7115,0.470681,1147.45,11.8317,0.688525
1124,5,1,52,29.9231,0.490542,1101.84,11.4215,0.688525
1124,6,1,52,29.6154,0.485498,1154.22,11.8157,0.688525
1124,7,1,52,30.5385,0.500631,1197.43,12.0641,0.688525
1124,8,1,52,29.9615,0.491173,1072.35,11.1923,0.688525
1124,9,1,52,27.5962,0.452396,808.559,8.61378,0.704918
1124,10,1,52,25.8654,0.424023,734.692,7.96955,0.688525
1124,11,1,52,25.5962,0.419609,689.947,7.68269,0.688525
1124,12,1,52,25.9615,0.425599,742.84,8.17628,0.688525
1124,13,1,52,26.0769,0.427491,824.077,8.78686,0.688525
1124,14,1,52,28.6923,0.470366,1090.29,11.0128,0.704918
1124,15,1,52,29.8269,0.488966,1279.34,12.4872,0.704918
1124,16,1,52,30.9231,0.506936,1143.31,11.2917,0.704918
1124,17,1,52,27.4808,0.450504,842.082,8.82372,0.704918
1124,18,1,52,25.7885,0.422762,747.897,8.01923,0.672131
1124,19,1,52,25.7692,0.422446,738.345,8.02564,0.672131
1124,20,1,52,26.1923,0.429382,647.74,7.52564,0.688525
1124,21,1,52,25.0769,0.411097,622.776,7.29647,0.688525
1124,22,1,52,25.6731,0.42087,543.532,6.66026,0.721311
1124,23,1,52,24.2308,0.397226,475.572,6.03205,0.704918
1125,0,0,129,1.77519,0.177519,5.63889,0.805556,1
1125,1,0,129,1.62016,0.162016,5.55749,0.793928,0.6
1125,2,0,129,1.5969,0.15969,5.56654,0.79522,0.6
1125,3,0,129,1.5969,0.15969,5.56654,0.79522,0.6
1125,4,0,129,1.65116,0.165116,5.58915,0.79845,0.6
1125,5,0,129,1.5969,0.15969,5.46253,0.780362,0.6
1125,6,0,129,1.57364,0.157364,5.42636,0.775194,0.6
1125,7,0,129,1.58915,0.158915,5.41731,0.773902,0.6
1125,8,0,129,1.68217,0.168217,5.60271,0.800388,0.6
1125,9,0,129,1.56589,0.156589,4.94703,0.706718,0.5
1125,10,0,129,1.5969,0.15969,4.70736,0.672481,1
1125,11,0,129,1.53488,0.153488,4.95155,0.707364,0.5
1125,12,0,129,1.68992,0.168992,5.30426,0.757752,1
1125,13,0,129,1.65891,0.165891,5.29974,0.757106,1
1125,14,0,129,1.55039,0.155039,4.95607,0.70801,0.6
1125,15,0,129,1.51938,0.151938,4.99225,0.713178,0.6
1125,16,0,129,1.5969,0.15969,4.72545,0.675065,1
1125,17,0,129,1.50388,0.150388,4.56718,0.652455,1
1125,18,0,129,1.44186,0.144186,5.31783,0.75969,0.5
1125,19,0,129,1.68992,0.168992,6.62016,0.945736,0.6
1125,20,0,129,1.78295,0.178295,6.78295,0.968992,0.6
1125,21,0,129,1.76744,0.176744,6.55685,0.936693,0.6
1125,22,0,129,1.68217,0.168217,5.63889,0.805556,0.6
1125,23,0,129,1.6124,0.16124,5.38114,0.768734,0.6
1125,0,1,52,1.34615,0.134615,4.40865,0.629808,0.4
1125,1,1,52,1.36538,0.136538,4.375,0.625,0.4
1125,2,1,52,1.34615,0.134615,4.29647,0.613782,0.3
1125,3,1,52,1.40385,0.140385,4.41987,0.63141,0.3
1125,4,1,52,1.36538,0.136538,4.35256,0.621795,0.3
1125,5,1,52,1.40385,0.140385,4.52083,0.645833,0.4
1125,6,1,52,1.42308,0.142308,4.46474,0.637821,0.4
1125,7,1,52,1.40385,0.140385,4.26282,0.608974,0.4
1125,8,1,52,1.40385,0.140385,4.52083,0.645833,0.4
1125,9,1,52,1.44231,0.144231,4.43109,0.633013,0.4
1125,10,1,52,1.38462,0.138462,4.53205,0.647436,0.4
1125,11,1,52,1.32692,0.132692,4.9359,0.705128,0.4
1125,12,1,52,1.5,0.15,5.57532,0.796474,0.4
1125,13,1,52,1.55769,0.155769,5.79968,0.828526,0.4
1125,14,1,52,1.59615,0.159615,5.79968,0.828526,0.4
1125,15,1,52,1.61538,0.161538,5.63141,0.804487,0.4
1125,16,1,52,1.51923,0.151923,5.40705,0.772436,0.4
1125,17,1,52,1.42308,0.142308,5.19391,0.741987,0.3
1125,18,1,52,1.55769,0.155769,5.75481,0.822115,0.4
1125,19,1,52,1.67308,0.167308,5.91186,0.844551,0.4
1125,20,1,52,1.63462,0.163462,5.60897,0.801282,0.4
1125,21,1,52,1.5,0.15,5.03686,0.719551,0.4
1125,22,1,52,1.59615,0.159615,4.87981,0.697115,1
1125,23,1,52,1.40385,0.140385,4.70032,0.671474,0.4
1126,0,0,129,5.74806,0.239503,24.8391,4.10917,0.416667
1126,1,0,129,5.75969,0.239987,24.7713,4.09044,0.416667
1126,2,0,129,5.71318,0.238049,24.7736,4.08979,0.416667
1126,3,0,129,5.8062,0.241925,24.9635,4.11434,0.416667
1126,4,0,129,5.78295,0.240956,24.959,4.11563,0.416667
1126,5,0,129,5.75969,0.239987,24.6831,4.07752,0.416667
1126,6,0,129,5.97674,0.249031,29.3317,4.73708,0.458333
1126,7,0,129,6.30233,0.262597,27.6315,4.40181,0.458333
1126,8,0,129,5.81395,0.242248,32.6508,5.06525,0.458333
1126,9,0,129,7.81395,0.325581,39.6644,6.10594,0.75
1126,10,0,129,7.94574,0.331072,39.938,6.11176,0.583333
1126,11,0,129,7.89147,0.328811,38.9952,5.98385,0.541667
1126,12,0,129,7.71318,0.321382,36.6053,5.65568,0.708333
1126,13,0,129,7.2093,0.300388,33.0556,5.16214,0.5
1126,14,0,129,6.68217,0.278424,34.2855,5.3314,0.458333
1126,15,0,129,7.24806,0.302003,35.4612,5.50904,0.5
1126,16,0,129,7.4031,0.308463,35.5155,5.57558,0.75
1126,17,0,129,7.29457,0.303941,34.3036,5.41667,0.75
1126,18,0,129,6.62016,0.27584,22.7342,3.7907,0.458333
1126,19,0,129,5.14729,0.21447,21.1651,3.55749,0.375
1126,20,0,129,5.27132,0.219638,22.9015,3.83915,0.458333
1126,21,0,129,5.6124,0.23385,24.2106,4.05491,0.5
1126,22,0,129,5.75969,0.239987,25.1783,4.1938,0.541667
1126,23,0,129,5.82946,0.242894,25.4089,4.20801,0.541667
1126,0,1,52,6.69231,0.278846,30.1763,5.00641,0.5
1126,1,1,52,6.67308,0.278045,29.98,4.98558,0.541667
1126,2,1,52,6.67308,0.278045,30.266,5.03365,0.541667
1126,3,1,52,6.65385,0.277244,29.8958,4.97917,0.541667
1126,4,1,52,6.65385,0.277244,29.9407,4.98878,0.5
1126,5,1,52,6.75,0.28125,30.2324,5.02885,0.5
1126,6,1,52,6.71154,0.279647,30.0417,5.00641,0.5
1126,7,1,52,6.67308,0.278045,29.6883,4.92147,0.5
1126,8,1,52,6.53846,0.272436,29.1779,4.81731,0.5
1126,9,1,52,6.57692,0.274038,29.5312,4.85577,0.541667
1126,10,1,52,6.48077,0.270032,28.8189,4.76603,0.5
1126,11,1,52,6.57692,0.274038,27.7756,4.59455,0.666667
1126,12,1,52,6.30769,0.262821,26.5304,4.4375,0.541667
1126,13,1,52,6.13462,0.255609,25.2011,4.24679,0.5
1126,14,1,52,6.01923,0.250801,24.9151,4.23077,0.458333
1126,15,1,52,5.94231,0.247596,24.399,4.16346,0.5
1126,16,1,52,6.05769,0.252404,25.0497,4.26122,0.541667
1126,17,1,52,5.82692,0.242788,23.8886,4.13622,0.5
1126,18,1,52,6.13462,0.255609,23.4904,4.0641,0.416667
1126,19,1,52,5.65385,0.235577,22.7612,3.93429,0.375
1126,20,1,52,5.75,0.239583,23.8213,4.07372,0.375
1126,21,1,52,5.88462,0.245192,24.7692,4.21314,0.416667
1126,22,1,52,6.03846,0.251603,26.0256,4.39263,0.416667
1126,23,1,52,6.13462,0.255609,27.2372,4.55609,0.416667
1130,0,0,129,1.42636,0.101883,2.30168,0.328811,0.214286
1130,1,0,129,1.4186,0.101329,2.32881,0.332687,0.214286
1130,2,0,129,1.42636,0.101883,2.32429,0.332041,0.214286
1130,3,0,129,1.4186,0.101329,2.33333,0.333333,0.214286
1130,4,0,129,1.42636,0.101883,2.29264,0.327519,0.214286
1130,5,0,129,1.43411,0.102436,2.32429,0.332041,0.214286
1130,6,0,129,1.44961,0.103544,2.35594,0.336563,0.214286
1130,7,0,129,1.44961,0.103544,2.25646,0.322351,0.214286
1130,8,0,129,1.39535,0.0996678,1.67765,0.239664,0.214286
1130,9,0,129,1.31008,0.093577,2.00323,0.286176,0.214286
1130,10,0,129,1.43023,0.102159,2.52326,0.360465,0.214286
1130,11,0,129,1.51163,0.107973,3.00258,0.428941,0.214286
1130,12,0,129,1.52713,0.109081,2.90762,0.415375,0.214286
1130,13,0,129,1.49612,0.106866,2.85336,0.407623,0.214286
1130,14,0,129,1.49612,0.106866,2.7177,0.388243,0.214286
1130,15,0,129,1.52713,0.109081,2.88501,0.412145,0.214286
1130,16,0,129,1.55039,0.110742,3.06137,0.437339,0.214286
1130,17,0,129,1.55814,0.111296,3.1292,0.447028,0.285714
1130,18,0,129,1.57364,0.112403,3.4186,0.488372,0.285714
1130,19,0,129,1.5814,0.112957,3.48643,0.498062,0.285714
1130,20,0,129,1.6124,0.115172,3.44121,0.491602,0.285714
1130,21,0,129,1.55814,0.111296,3.23773,0.462532,0.214286
1130,22,0,129,1.55039,0.110742,2.88501,0.412145,0.214286
1130,23,0,129,1.48062,0.105759,2.40116,0.343023,0.214286
1130,0,1,52,1.26923,0.0906593,1.25641,0.179487,0.285714
1130,1,1,52,1.30769,0.0934066,1.23397,0.176282,0.285714
1130,2,1,52,1.23077,0.0879121,1.17788,0.168269,0.142857
1130,3,1,52,1.26923,0.0906593,1.37981,0.197115,0.285714
1130,4,1,52,1.26923,0.0906593,1.40224,0.200321,0.285714
1130,5,1,52,1.28846,0.092033,1.42468,0.203526,0.285714
1130,6,1,52,1.26923,0.0906593,1.32372,0.189103,0.285714
1130,7,1,52,1.25,0.0892857,1.25641,0.179487,0.285714
1130,8,1,52,1.23077,0.0879121,1.06571,0.152244,0.285714
1130,9,1,52,1.25,0.0892857,1.68269,0.240385,0.285714
1130,10,1,52,1.30769,0.0934066,1.72756,0.246795,0.214286
1130,11,1,52,1.42308,0.101648,2.25481,0.322115,0.214286
1130,12,1,52,1.44231,0.103022,2.52404,0.360577,0.214286
1130,13,1,52,1.44231,0.103022,2.56891,0.366987,0.214286
1130,14,1,52,1.36538,0.0975275,1.76122,0.251603,0.214286
1130,15,1,52,1.26923,0.0906593,1.57051,0.224359,0.285714
1130,16,1,52,1.32692,0.0947802,1.76122,0.251603,0.285714
1130,17,1,52,1.30769,0.0934066,2.07532,0.296474,0.285714
1130,18,1,52,1.40385,0.100275,2.1875,0.3125,0.285714
1130,19,1,52,1.38462,0.0989011,1.99679,0.285256,0.285714
1130,20,1,52,1.38462,0.0989011,2.12019,0.302885,0.285714
1130,21,1,52,1.42308,0.101648,2.09776,0.299679,0.285714
1130,22,1,52,1.40385,0.100275,1.8734,0.267628,0.285714
1130,23,1,52,1.38462,0.0989011,1.60417,0.229167,0.285714
1134,0,0,129,7.22868,0.124632,29.5736,4.22481,0.275862
1134,1,0,129,7.39535,0.127506,29.8224,4.26034,0.275862
1134,2,0,129,7.4186,0.127907,29.9128,4.27326,0.275862
1134,3,0,129,7.4186,0.127907,29.637,4.23385,0.275862
1134,4,0,129,7.4186,0.127907,29.3928,4.19897,0.275862
1134,5,0,129,7.29457,0.125769,29.3475,4.19251,0.275862
1134,6,0,129,7.30233,0.125902,29.5103,4.21576,0.275862
1134,7,0,129,7.22481,0.124566,27.792,3.97028,0.275862
1134,8,0,129,6.63566,0.114408,28.6105,4.08721,0.241379
1134,9,0,129,7.95349,0.137129,33.4942,4.78488,0.241379
1134,10,0,129,7.93411,0.136795,33.2817,4.75452,0.241379
1134,11,0,129,8.04651,0.138733,34.7422,4.96318,0.241379
1134,12,0,129,8.52713,0.14702,36.6143,5.23062,0.37931
1134,13,0,129,8.54264,0.147287,37.2022,5.3146,0.258621
1134,14,0,129,8.41085,0.145015,36.8404,5.26292,0.241379
1134,15,0,129,8.44186,0.145549,36.8766,5.26809,0.241379
1134,16,0,129,8.28682,0.142876,35.5517,5.07881,0.258621
1134,17,0,129,8.12791,0.140136,34.6609,4.95155,0.258621
1134,18,0,129,7.5969,0.130981,29.031,4.14729,0.258621
1134,19,0,129,7.03876,0.121358,28.1176,4.0168,0.224138
1134,20,0,129,7.06202,0.121759,28.416,4.05943,0.224138
1134,21,0,129,7.18605,0.123897,28.4839,4.06912,0.258621
1134,22,0,129,7.14729,0.123229,28.9406,4.13437,0.275862
1134,23,0,129,7.27132,0.125368,28.8411,4.12016,0.275862
1134,0,1,52,7.88462,0.135942,33.9119,4.84455,0.258621
1134,1,1,52,7.92308,0.136605,33.7436,4.82051,0.258621
1134,2,1,52,7.84615,0.135279,33.7997,4.82853,0.258621
1134,3,1,52,7.98077,0.137599,33.9455,4.84936,0.258621
1134,4,1,52,7.90385,0.136273,33.6538,4.80769,0.258621
1134,5,1,52,7.98077,0.137599,33.4968,4.78526,0.258621
1134,6,1,52,7.86538,0.13561,33.2163,4.74519,0.258621
1134,7,1,52,7.86538,0.13561,32.3638,4.6234,0.258621
1134,8,1,52,7.61538,0.1313,32.6891,4.66987,0.258621
1134,9,1,52,8.23077,0.14191,33.7885,4.82692,0.275862
1134,10,1,52,7.75,0.133621,33.9792,4.85417,0.275862
1134,11,1,52,8,0.137931,33.7772,4.82532,0.241379
1134,12,1,52,7.92308,0.136605,34.0128,4.85897,0.258621
1134,13,1,52,8,0.137931,35.1795,5.02564,0.258621
1134,14,1,52,8.28846,0.142905,36.0881,5.15545,0.275862
1134,15,1,52,8.36538,0.144231,36.0545,5.15064,0.275862
1134,16,1,52,8.19231,0.141247,34.5288,4.93269,0.310345
1134,17,1,52,8.17308,0.140915,34.8766,4.98237,0.327586
1134,18,1,52,8.07692,0.139257,32.3413,4.62019,0.293103
1134,19,1,52,7.63462,0.131631,31.6571,4.52244,0.275862
1134,20,1,52,7.67308,0.132294,31.4439,4.49199,0.275862
1134,21,1,52,7.5,0.12931,30.4119,4.34455,0.275862
1134,22,1,52,7.72115,0.133123,30.6587,4.37981,0.275862
1134,23,1,52,7.71154,0.132958,31.6234,4.51763,0.275862
1135,0,0,129,7.2907,0.15189,14.6693,2.09561,0.229167
1135,1,0,129,7.42636,0.154716,14.918,2.13114,0.229167
1135,2,0,129,7.35659,0.153262,14.8863,2.12661,0.229167
1135,3,0,129,7.3876,0.153908,14.728,2.10401,0.229167
1135,4,0,129,7.34109,0.152939,14.7913,2.11305,0.229167
1135,5,0,129,7.4031,0.154231,14.6331,2.09044,0.229167
1135,6,0,129,7.34884,0.153101,14.4839,2.06912,0.229167
1135,7,0,129,7.16279,0.149225,12.761,1.823,0.229167
1135,8,0,129,6.89922,0.143734,11.2009,1.60013,0.229167
1135,9,0,129,6.72093,0.140019,10.4231,1.48902,0.229167
1135,10,0,129,6.8062,0.141796,12.0194,1.71705,0.229167
1135,11,0,129,6.99225,0.145672,12.6977,1.81395,0.208333
1135,12,0,129,7.17054,0.149386,14.104,2.01486,0.229167
1135,13,0,129,7.44186,0.155039,14.927,2.13243,0.270833
1135,14,0,129,7.49612,0.156169,15.1757,2.16796,0.291667
1135,15,0,129,7.37984,0.153747,14.1447,2.02067,0.291667
1135,16,0,129,7.22868,0.150598,12.9464,1.84948,0.270833
1135,17,0,129,7.16279,0.149225,12.6072,1.80103,0.25
1135,18,0,129,7.09302,0.147771,12.9373,1.84819,0.229167
1135,19,0,129,7.20155,0.150032,13.9683,1.99548,0.229167
1135,20,0,129,7.34109,0.152939,14.7506,2.10724,0.229167
1135,21,0,129,7.31783,0.152455,14.2397,2.03424,0.229167
1135,22,0,129,7.28682,0.151809,14.728,2.10401,0.229167
1135,23,0,129,7.41085,0.154393,15.0943,2.15633,0.229167
1135,0,1,52,7.36538,0.153446,14.4038,2.05769,0.208333
1135,1,1,52,7.42308,0.154647,14.7067,2.10096,0.229167
1135,2,1,52,7.42308,0.154647,14.4151,2.05929,0.229167
1135,3,1,52,7.40385,0.154247,14.258,2.03686,0.229167
1135,4,1,52,7.38462,0.153846,14.1907,2.02724,0.229167
1135,5,1,52,7.28846,0.151843,13.6859,1.95513,0.229167
1135,6,1,52,7.19231,0.14984,13.6522,1.95032,0.229167
1135,7,1,52,7.23077,0.150641,12.9792,1.85417,0.229167
1135,8,1,52,7.07692,0.147436,11.4872,1.64103,0.229167
1135,9,1,52,6.76923,0.141026,10.3205,1.47436,0.229167
1135,10,1,52,6.82692,0.142228,10.7804,1.54006,0.229167
1135,11,1,52,6.86538,0.143029,11.7901,1.68429,0.208333
1135,12,1,52,6.98077,0.145433,12.7436,1.82051,0.208333
1135,13,1,52,7.34615,0.153045,14.1458,2.02083,0.208333
1135,14,1,52,7.51923,0.156651,14.8526,2.12179,0.208333
1135,15,1,52,7.57692,0.157853,14.1907,2.02724,0.25
1135,16,1,52,7.38462,0.153846,13.484,1.92628,0.229167
1135,17,1,52,7.11538,0.148237,12.8109,1.83013,0.229167
1135,18,1,52,7.32692,0.152644,13.7869,1.96955,0.229167
1135,19,1,52,7.32692,0.152644,13.3157,1.90224,0.229167
1135,20,1,52,7.26923,0.151442,12.7772,1.82532,0.229167
1135,21,1,52,7.17308,0.149439,12.508,1.78686,0.25
1135,22,1,52,7.10577,0.148037,12.0144,1.71635,0.208333
1135,23,1,52,7.23077,0.150641,12.0481,1.72115,0.208333
1137,0,0,129,39.9961,0.307663,210.045,30.0065,0.576923
1137,1,0,129,40.5116,0.311628,213.839,30.5484,0.415385
1137,2,0,129,40.8527,0.314252,215.87,30.8385,0.423077
1137,3,0,129,40.9612,0.315086,215.815,30.8307,0.423077
1137,4,0,129,41.3178,0.317829,216.475,30.9251,0.423077
1137,5,0,129,41.2868,0.317591,216.783,30.969,0.415385
1137,6,0,129,41.1783,0.316756,215.236,30.7481,0.423077
1137,7,0,129,39.4961,0.303816,187.472,26.7817,0.415385
1137,8,0,129,34.4496,0.264997,171.482,24.4974,0.361538
1137,9,0,129,37.7829,0.290638,197.026,28.1466,0.5
1137,10,0,129,38.314,0.294723,189.945,27.135,0.430769
1137,11,0,129,37.0388,0.284914,187.105,26.7293,0.407692
1137,12,0,129,37.5155,0.288581,192.378,27.4826,0.392308
1137,13,0,129,37.6589,0.289684,192.405,27.4864,0.407692
1137,14,0,129,36.9845,0.284496,187.919,26.8456,0.392308
1137,15,0,129,36.4961,0.280739,182.267,26.0381,0.476923
1137,16,0,129,36.4147,0.280113,182.439,26.0627,0.407692
1137,17,0,129,36.4496,0.280382,187.851,26.8359,0.423077
1137,18,0,129,37.8682,0.291294,192.455,27.4935,0.430769
1137,19,0,129,36.8915,0.283781,190.465,27.2093,0.392308
1137,20,0,129,37.3178,0.28706,191.121,27.303,0.392308
1137,21,0,129,37.0775,0.285212,190.384,27.1977,0.4
1137,22,0,129,37.4419,0.288014,195.457,27.9225,0.392308
1137,23,0,129,38.3643,0.29511,203.104,29.0149,0.4
1137,0,1,52,39.3269,0.302515,204.447,29.2067,0.546154
1137,1,1,52,39.6923,0.305325,207.454,29.6362,0.392308
1137,2,1,52,39.7885,0.306065,207.891,29.6987,0.4
1137,3,1,52,39.9038,0.306953,209.54,29.9343,0.4
1137,4,1,52,40,0.307692,210.348,30.0497,0.4
1137,5,1,52,39.8846,0.306805,209.865,29.9808,0.4
1137,6,1,52,39.9231,0.307101,209.462,29.9231,0.4
1137,7,1,52,39.6538,0.30503,197.638,28.234,0.4
1137,8,1,52,37.4808,0.288314,188.742,26.9631,0.392308
1137,9,1,52,36.7692,0.28284,181.304,25.9006,0.384615
1137,10,1,52,35.8462,0.27574,167.45,23.9215,0.569231
1137,11,1,52,34.0192,0.261686,161.729,23.1042,0.561538
1137,12,1,52,33.1154,0.254734,160.753,22.9647,0.392308
1137,13,1,52,33.2885,0.256065,158.128,22.5897,0.376923
1137,14,1,52,32.7308,0.251775,155.503,22.2147,0.338462
1137,15,1,52,32.3846,0.249112,151.397,21.6282,0.330769
1137,16,1,52,31.8846,0.245266,152.878,21.8397,0.330769
1137,17,1,52,32.5962,0.25074,156.098,22.2997,0.323077
1137,18,1,52,32.9231,0.253254,161.875,23.125,0.346154
1137,19,1,52,34.1154,0.262426,167.899,23.9856,0.353846
1137,20,1,52,35.25,0.271154,173.833,24.8333,0.376923
1137,21,1,52,35.75,0.275,178.747,25.5353,0.376923
1137,22,1,52,36.7596,0.282766,186.296,26.6138,0.384615
1137,23,1,52,37.9615,0.292012,193.913,27.7019,0.4
1138,0,0,129,1.84496,0.11531,7.40245,1.05749,0.3125
1138,1,0,129,1.89147,0.118217,7.65116,1.09302,0.3125
1138,2,0,129,1.86047,0.116279,7.44315,1.06331,0.3125
1138,3,0,129,1.85271,0.115795,7.10853,1.0155,0.3125
1138,4,0,129,1.7907,0.111919,7.05879,1.0084,0.375
1138,5,0,129,1.8062,0.112888,6.72868,0.96124,0.3125
1138,6,0,129,1.76744,0.110465,6.59302,0.94186,0.3125
1138,7,0,129,1.62791,0.101744,5.68863,0.812662,0.3125
1138,8,0,129,1.60465,0.100291,5.07364,0.724806,0.3125
1138,9,0,129,1.46512,0.0915698,4.74806,0.678295,0.3125
1138,10,0,129,1.46899,0.091812,4.82041,0.68863,0.375
1138,11,0,129,1.65116,0.103198,6.24483,0.892119,0.3125
1138,12,0,129,1.97674,0.123547,7.7416,1.10594,0.6875
1138,13,0,129,2.10078,0.131298,7.75517,1.10788,0.6875
1138,14,0,129,1.94574,0.121609,7.52455,1.07494,0.3125
1138,15,0,129,1.89922,0.118702,7.47933,1.06848,0.375
1138,16,0,129,2,0.125,8.07623,1.15375,0.625
1138,17,0,129,2.07752,0.129845,8.28424,1.18346,0.625
1138,18,0,129,2.00775,0.125484,8.30685,1.18669,0.4375
1138,19,0,129,2.03101,0.126938,7.70543,1.10078,0.375
1138,20,0,129,1.89147,0.118217,7.32558,1.04651,0.4375
1138,21,0,129,1.88372,0.117733,7.15827,1.02261,0.3125
1138,22,0,129,1.82171,0.113857,6.79199,0.970284,0.375
1138,23,0,129,1.78295,0.111434,6.69703,0.956718,0.375
1138,0,1,52,1.78846,0.111779,6.98878,0.998397,0.375
1138,1,1,52,1.78846,0.111779,7.14583,1.02083,0.375
1138,2,1,52,1.86538,0.116587,6.97756,0.996795,0.375
1138,3,1,52,1.82692,0.114183,7.10096,1.01442,0.375
1138,4,1,52,1.75,0.109375,7.01122,1.0016,0.375
1138,5,1,52,1.88462,0.117788,6.98878,0.998397,0.375
1138,6,1,52,1.84615,0.115385,6.73077,0.961538,0.375
1138,7,1,52,1.73077,0.108173,6.64103,0.948718,0.375
1138,8,1,52,1.92308,0.120192,6.95513,0.99359,0.375
1138,9,1,52,1.73077,0.108173,6.20353,0.886218,0.375
1138,10,1,52,1.65385,0.103365,5.47436,0.782051,0.375
1138,11,1,52,1.59615,0.0997596,6.22596,0.889423,0.375
1138,12,1,52,1.86538,0.116587,7.20192,1.02885,0.3125
1138,13,1,52,2.03846,0.127404,7.57212,1.08173,0.3125
1138,14,1,52,2.07692,0.129808,7.33654,1.04808,0.3125
1138,15,1,52,1.96154,0.122596,7.26923,1.03846,0.375
1138,16,1,52,1.98077,0.123798,7.76282,1.10897,0.375
1138,17,1,52,2.03846,0.127404,7.70673,1.10096,0.375
1138,18,1,52,2.11538,0.132212,8.41346,1.20192,0.375
1138,19,1,52,2.07692,0.129808,7.875,1.125,0.375
1138,20,1,52,2.01923,0.126202,7,1,0.375
1138,21,1,52,1.86538,0.116587,6.51763,0.93109,0.3125
1138,22,1,52,1.78846,0.111779,6.76442,0.966346,0.3125
1138,23,1,52,1.86538,0.116587,6.75321,0.964744,0.375
1143,0,0,129,3.23643,0.124478,21.2849,3.0407,0.269231
1143,1,0,129,4.44186,0.170841,24.509,3.50129,0.384615
1143,2,0,129,4.51938,0.173822,24.9251,3.56072,0.423077
1143,3,0,129,4.56589,0.175611,24.9296,3.56137,0.423077
1143,4,0,129,4.50388,0.173226,24.5136,3.50194,0.423077
1143,5,0,129,4.55814,0.175313,24.8075,3.54393,0.423077
1143,6,0,129,4.53488,0.174419,24.5633,3.50904,0.423077
1143,7,0,129,4.30233,0.165474,21.104,3.01486,0.423077
1143,8,0,129,3.3876,0.130292,15.4335,2.20478,0.346154
1143,9,0,129,2.89922,0.111509,12.1008,1.72868,0.346154
1143,10,0,129,2.61628,0.100626,11.3592,1.62274,0.346154
1143,11,0,129,2.65891,0.102266,11.115,1.58786,0.346154
1143,12,0,129,2.66667,0.102564,11.3456,1.6208,0.346154
1143,13,0,129,2.70543,0.104055,11.0879,1.58398,0.269231
1143,14,0,129,2.62791,0.101073,10.4638,1.49483,0.461538
1143,15,0,129,2.51938,0.0968992,10.4322,1.49031,0.192308
1143,16,0,129,2.55039,0.0980918,10.7532,1.53618,0.230769
1143,17,0,129,2.53488,0.0974955,10.4729,1.49612,0.192308
1143,18,0,129,2.50388,0.0963029,11.0788,1.58269,0.192308
1143,19,0,129,2.68217,0.10316,11.8747,1.69638,0.230769
1143,20,0,129,2.72093,0.104651,12.1957,1.74225,0.230769
1143,21,0,129,2.77519,0.106738,12.7429,1.82041,0.230769
1143,22,0,129,2.82946,0.108825,13.0866,1.86951,0.230769
1143,23,0,129,2.90698,0.111807,14.2216,2.03165,0.230769
1143,0,1,52,3,0.115385,19.9567,2.85096,0.230769
1143,1,1,52,4.32692,0.16642,22.9631,3.28045,0.346154
1143,2,1,52,4.55769,0.175296,23.7596,3.39423,0.346154
1143,3,1,52,4.40385,0.169379,23.367,3.33814,0.346154
1143,4,1,52,4.34615,0.16716,23.0978,3.29968,0.307692
1143,5,1,52,4.28846,0.164941,22.7388,3.2484,0.307692
1143,6,1,52,4.26923,0.164201,22.4808,3.21154,0.307692
1143,7,1,52,4.17308,0.160503,21.258,3.03686,0.346154
1143,8,1,52,3.88462,0.149408,18.4311,2.63301,0.346154
1143,9,1,52,3.51923,0.135355,15.7949,2.25641,0.269231
1143,10,1,52,3.05769,0.117604,13.7308,1.96154,0.269231
1143,11,1,52,2.82692,0.108728,13.0465,1.86378,0.269231
1143,12,1,52,2.92308,0.112426,13.0577,1.86538,0.269231
1143,13,1,52,2.92308,0.112426,11.9247,1.70353,0.269231
1143,14,1,52,2.65385,0.102071,11.117,1.58814,0.269231
1143,15,1,52,2.61538,0.100592,11.1731,1.59615,0.230769
1143,16,1,52,2.57692,0.0991124,10.7019,1.52885,0.230769
1143,17,1,52,2.53846,0.0976331,10.5561,1.50801,0.307692
1143,18,1,52,2.53846,0.0976331,11.1955,1.59936,0.269231
1143,19,1,52,2.73077,0.10503,11.3077,1.61538,0.269231
1143,20,1,52,2.61538,0.100592,10.9824,1.56891,0.269231
1143,21,1,52,2.67308,0.102811,11.3638,1.6234,0.230769
1143,22,1,52,2.67308,0.102811,12.3061,1.75801,0.230769
1143,23,1,52,2.94231,0.113166,13.5513,1.9359,0.269231
1144,0,0,129,16.5543,0.243445,81.5491,12.2636,0.485294
1144,1,0,129,16.8915,0.248404,82.8333,12.4677,0.382353
1144,2,0,129,17,0.25,83.4958,12.5807,0.367647
1144,3,0,129,17,0.25,83.1951,12.5497,0.382353
1144,4,0,129,17.0775,0.25114,83.012,12.5304,0.382353
1144,5,0,129,17.062,0.250912,83.8349,12.6589,0.382353
1144,6,0,129,16.9457,0.249202,83.541,12.6079,0.382353
1144,7,0,129,16.2481,0.238942,68.8198,10.4322,0.367647
1144,8,0,129,13.0155,0.191404,47.3427,7.26292,0.323529
1144,9,0,129,10.8992,0.160283,39.1964,5.94574,0.397059
1144,10,0,129,10.0659,0.148028,35.3165,5.30491,0.294118
1144,11,0,129,9.51938,0.139991,33.1776,4.94509,0.294118
1144,12,0,129,9.56589,0.140675,33.0307,4.9031,0.338235
1144,13,0,129,9.42248,0.138566,33.2432,4.92829,0.294118
1144,14,0,129,9.26357,0.136229,31.7329,4.69186,0.294118
1144,15,0,129,8.99225,0.132239,30.8285,4.5478,0.294118
1144,16,0,129,9.06977,0.133379,30.6273,4.52713,0.397059
1144,17,0,129,9.04651,0.133037,31.1495,4.64793,0.397059
1144,18,0,129,9.17054,0.134861,33.8695,5.10013,0.294118
1144,19,0,129,10.1473,0.149225,41.9593,6.34109,0.294118
1144,20,0,129,11.6124,0.170771,50.5307,7.64406,0.294118
1144,21,0,129,12.9922,0.191062,61.7339,9.3062,0.323529
1144,22,0,129,14.7752,0.217282,72.512,10.9399,0.352941
1144,23,0,129,16.1008,0.236776,78.5895,11.8921,0.382353
1144,0,1,52,16.7115,0.245758,82.4295,12.7179,0.397059
1144,1,1,52,17.6731,0.259898,83.3998,12.8638,0.411765
1144,2,1,52,17.5962,0.258767,82.7941,12.7821,0.411765
1144,3,1,52,17.6154,0.25905,82.8053,12.7612,0.411765
1144,4,1,52,17.5769,0.258484,82.9287,12.7869,0.426471
1144,5,1,52,17.6538,0.259615,82.9792,12.7869,0.426471
1144,6,1,52,17.5,0.257353,81.8518,12.6202,0.426471
1144,7,1,52,17.3846,0.255656,78.0321,12.0385,0.411765
1144,8,1,52,16.2308,0.238688,69.0857,10.7099,0.367647
1144,9,1,52,14.5385,0.213801,59.7131,9.1891,0.367647
1144,10,1,52,13.9038,0.204468,54.0649,8.25481,0.352941
1144,11,1,52,13.1154,0.192873,49.7011,7.53526,0.338235
1144,12,1,52,12.0385,0.177036,47.0705,7.12981,0.338235
1144,13,1,52,12.0192,0.176753,48.1643,7.25481,0.323529
1144,14,1,52,11.9808,0.176188,47.6258,7.12821,0.323529
1144,15,1,52,11.9038,0.175057,46.5601,6.94231,0.323529
1144,16,1,52,11.5385,0.169683,46.3245,6.92147,0.308824
1144,17,1,52,11.7692,0.173077,46.3806,6.97276,0.308824
1144,18,1,52,11.8654,0.174491,48.7476,7.29167,0.308824
1144,19,1,52,12.5769,0.184955,52.8534,7.93109,0.308824
1144,20,1,52,13.2115,0.194287,57.7668,8.71314,0.308824
1144,21,1,52,13.7692,0.202489,62.6915,9.52885,0.323529
1144,22,1,52,14.8558,0.218467,69.5513,10.5721,0.323529
1144,23,1,52,16.25,0.238971,76.3886,11.6683,0.338235
1149,0,0,129,13.4574,0.280362,74.1014,10.863,0.541667
1149,1,0,129,13.6977,0.285368,75.0827,11.009,0.541667
1149,2,0,129,13.8605,0.28876,76.1974,11.1822,0.541667
1149,3,0,129,14.0543,0.292797,75.7429,11.1143,0.541667
1149,4,0,129,13.8682,0.288921,75.2636,11.0394,0.541667
1149,5,0,129,13.7519,0.286499,74.8792,10.9845,0.541667
1149,6,0,129,13.7054,0.28553,74.1738,10.8798,0.541667
1149,7,0,129,13.0078,0.270995,68.6005,10.0659,0.541667
1149,8,0,129,13.0155,0.271156,81.6667,11.9037,0.5
1149,9,0,129,15.6899,0.326873,87.4412,12.7287,0.520833
1149,10,0,129,15.6163,0.325339,87.5904,12.739,0.479167
1149,11,0,129,15.6899,0.326873,88.0381,12.7991,0.479167
1149,12,0,129,15.876,0.330749,89.8469,13.0827,0.5625
1149,13,0,129,15.7558,0.328246,87.6221,12.7752,0.5
1149,14,0,129,15.3256,0.319283,85.031,12.405,0.479167
1149,15,0,129,14.876,0.309916,84.1786,12.2894,0.479167
1149,16,0,129,15.1163,0.314922,84.3753,12.3482,0.583333
1149,17,0,129,15.093,0.314438,80.5,11.8262,0.479167
1149,18,0,129,14.5039,0.302164,76.281,11.1964,0.520833
1149,19,0,129,13.6899,0.285207,74.9674,10.9599,0.520833
1149,20,0,129,13.6744,0.284884,74.1851,10.8236,0.520833
1149,21,0,129,13.3566,0.278262,72.322,10.5575,0.541667
1149,22,0,129,13.4109,0.279393,73.292,10.6996,0.541667
1149,23,0,129,13.5504,0.2823,74.7729,10.9315,0.541667
1149,0,1,52,14.2885,0.297676,75.7885,11.1667,0.541667
1149,1,1,52,14.2308,0.296474,76.7925,11.3237,0.541667
1149,2,1,52,14.6346,0.304888,78.6042,11.6042,0.541667
1149,3,1,52,14.7692,0.307692,79.2492,11.6923,0.541667
1149,4,1,52,14.7115,0.30649,79.0024,11.6522,0.541667
1149,5,1,52,14.5962,0.304087,79.2885,11.6923,0.541667
1149,6,1,52,14.8846,0.310096,79.1202,11.6747,0.541667
1149,7,1,52,14.5962,0.304087,77.2244,11.3878,0.541667
1149,8,1,52,14.5,0.302083,77.2356,11.375,0.541667
1149,9,1,52,14.2308,0.296474,77.516,11.4135,0.520833
1149,10,1,52,14.9038,0.310497,78.75,11.5337,0.520833
1149,11,1,52,14.6154,0.304487,79.2941,11.5881,0.520833
1149,12,1,52,14.9038,0.310497,79.0304,11.5689,0.520833
1149,13,1,52,14.8462,0.309295,77.8357,11.3926,0.520833
1149,14,1,52,14.3269,0.298478,75.0144,10.9856,0.520833
1149,15,1,52,14.1538,0.294872,73.5561,10.7708,0.479167
1149,16,1,52,14.1923,0.295673,73.601,10.8253,0.5
1149,17,1,52,13.7692,0.286859,72.2716,10.6619,0.458333
1149,18,1,52,13.4231,0.279647,67.9471,10.0064,0.479167
1149,19,1,52,12.7885,0.266426,66.1186,9.74038,0.479167
1149,20,1,52,12.7308,0.265224,65.6587,9.66987,0.479167
1149,21,1,52,12.7885,0.266426,65.0753,9.57853,0.5
1149,22,1,52,12.5577,0.261619,66.4046,9.77724,0.5
1149,23,1,52,12.8654,0.268029,69.2877,10.1923,0.5
1154,0,0,129,3.79457,0.172481,17.6673,2.5239,0.363636
1154,1,0,129,3.89922,0.177237,18.0607,2.5801,0.363636
1154,2,0,129,3.90698,0.17759,18.2461,2.60659,0.363636
1154,3,0,129,3.93023,0.178647,18.219,2.60271,0.363636
1154,4,0,129,3.94574,0.179352,18.2326,2.60465,0.363636
1154,5,0,129,3.90698,0.17759,18.3094,2.61563,0.363636
1154,6,0,129,3.94574,0.179352,18.124,2.58915,0.363636
1154,7,0,129,3.65116,0.165962,14.8049,2.11499,0.363636
1154,8,0,129,3.06977,0.139535,13.2946,1.89922,0.363636
1154,9,0,129,3.51163,0.159619,14.1311,2.01873,0.454545
1154,10,0,129,3.19767,0.145349,13.0368,1.8624,0.363636
1154,11,0,129,3.22481,0.146582,13.6021,1.94315,0.363636
1154,12,0,129,3.44961,0.156801,14.0859,2.01227,0.454545
1154,13,0,129,3.4031,0.154686,14.3753,2.05362,0.409091
1154,14,0,129,3.35659,0.152572,14.2758,2.03941,0.409091
1154,15,0,129,3.36434,0.152925,14.0588,2.0084,0.363636
1154,16,0,129,3.37209,0.153277,13.9367,1.99096,0.454545
1154,17,0,129,3.31783,0.15081,13.0187,1.85982,0.454545
1154,18,0,129,3.11628,0.141649,12.2681,1.75258,0.363636
1154,19,0,129,3.17054,0.144116,13.3579,1.90827,0.363636
1154,20,0,129,3.27132,0.148696,14.0995,2.01421,0.363636
1154,21,0,129,3.50388,0.159267,15.5375,2.21964,0.363636
1154,22,0,129,3.5969,0.163495,16.2384,2.31977,0.363636
1154,23,0,129,3.69767,0.168076,16.7855,2.39793,0.363636
1154,0,1,52,3.38462,0.153846,14.7179,2.10256,0.318182
1154,1,1,52,3.34615,0.152098,14.6731,2.09615,0.318182
1154,2,1,52,3.46154,0.157343,14.6394,2.09135,0.318182
1154,3,1,52,3.36538,0.152972,14.3814,2.05449,0.318182
1154,4,1,52,3.34615,0.152098,14.3029,2.04327,0.318182
1154,5,1,52,3.44231,0.156469,14.5946,2.08494,0.318182
1154,6,1,52,3.40385,0.15472,14.5497,2.07853,0.318182
1154,7,1,52,3.32692,0.151224,13.9551,1.99359,0.318182
1154,8,1,52,3.11538,0.141608,12.5641,1.79487,0.363636
1154,9,1,52,3.13462,0.142483,12.4407,1.77724,0.363636
1154,10,1,52,3.07692,0.13986,11.9359,1.70513,0.272727
1154,11,1,52,3.15385,0.143357,11.1394,1.59135,0.454545
1154,12,1,52,3,0.136364,11.633,1.66186,0.318182
1154,13,1,52,2.94231,0.133741,11.0721,1.58173,0.318182
1154,14,1,52,2.88462,0.131119,10.4215,1.48878,0.318182
1154,15,1,52,3.01923,0.137238,10.4888,1.4984,0.363636
1154,16,1,52,2.90385,0.131993,10.6683,1.52404,0.363636
1154,17,1,52,2.82692,0.128497,9.90545,1.41506,0.272727
1154,18,1,52,2.75,0.125,9.92788,1.41827,0.227273
1154,19,1,52,2.76923,0.125874,10.6234,1.51763,0.272727
1154,20,1,52,3,0.136364,11.633,1.66186,0.318182
1154,21,1,52,3.03846,0.138112,12.3061,1.75801,0.318182
1154,22,1,52,3.24038,0.14729,13.3942,1.91346,0.318182
1154,23,1,52,3.32692,0.151224,14.0897,2.01282,0.318182
1156,0,0,129,7.67054,0.255685,33.7112,4.81589,0.466667
1156,1,0,129,7.71318,0.257106,33.8379,4.83398,0.466667
1156,2,0,129,7.72093,0.257364,34.0233,4.86047,0.466667
1156,3,0,129,7.79845,0.259948,33.6796,4.81137,0.466667
1156,4,0,129,7.69767,0.256589,33.553,4.79328,0.466667
1156,5,0,129,7.77519,0.259173,33.8514,4.83592,0.466667
1156,6,0,129,7.76744,0.258915,33.7565,4.82235,0.466667
1156,7,0,129,7.52713,0.250904,30.1705,4.31008,0.433333
1156,8,0,129,6.96124,0.232041,26.0917,3.72739,0.4
1156,9,0,129,6.10853,0.203618,21.0045,3.00065,0.4
1156,10,0,129,5.80233,0.193411,19.7881,2.82687,0.4
1156,11,0,129,5.69767,0.189922,19.6751,2.81072,0.4
1156,12,0,129,5.91473,0.197158,20.7513,2.96447,0.4
1156,13,0,129,5.97287,0.199096,20.7875,2.96964,0.4
1156,14,0,129,5.7907,0.193023,20.2448,2.89212,0.4
1156,15,0,129,5.71318,0.190439,20.3307,2.90439,0.4
1156,16,0,129,5.88372,0.196124,20.3036,2.90052,0.5
1156,17,0,129,5.76744,0.192248,20.3669,2.90956,0.5
1156,18,0,129,5.93023,0.197674,21.9813,3.14018,0.4
1156,19,0,129,6.15504,0.205168,25.1195,3.5885,0.4
1156,20,0,129,6.86822,0.228941,28.832,4.11886,0.433333
1156,21,0,129,7.23256,0.241085,30.1027,4.30039,0.433333
1156,22,0,129,7.27132,0.242377,31.7171,4.53101,0.466667
1156,23,0,129,7.69767,0.256589,33.553,4.79328,0.466667
1156,0,1,52,7.75,0.258333,32.1282,4.58974,0.466667
1156,1,1,52,7.78846,0.259615,32.1506,4.59295,0.466667
1156,2,1,52,7.84615,0.261538,32.1282,4.58974,0.433333
1156,3,1,52,7.88462,0.262821,32.5208,4.64583,0.433333
1156,4,1,52,7.78846,0.259615,32.2067,4.60096,0.433333
1156,5,1,52,7.78846,0.259615,32.633,4.66186,0.433333
1156,6,1,52,7.88462,0.262821,32.3638,4.6234,0.433333
1156,7,1,52,7.82692,0.260897,31.0849,4.44071,0.433333
1156,8,1,52,7.51923,0.250641,29.3125,4.1875,0.4
1156,9,1,52,7.19231,0.239744,26.2837,3.75481,0.366667
1156,10,1,52,6.76923,0.225641,24.6458,3.52083,0.366667
1156,11,1,52,6.67308,0.222436,23.8606,3.40865,0.366667
1156,12,1,52,6.57692,0.219231,23.8269,3.40385,0.4
1156,13,1,52,6.63462,0.221154,23.7933,3.39904,0.4
1156,14,1,52,6.59615,0.219872,24.0737,3.4391,0.366667
1156,15,1,52,6.73077,0.224359,23.2548,3.32212,0.4
1156,16,1,52,6.46154,0.215385,22.0096,3.14423,0.4
1156,17,1,52,6.26923,0.208974,22.0994,3.15705,0.4
1156,18,1,52,6.51923,0.217308,22.9183,3.27404,0.4
1156,19,1,52,6.55769,0.21859,24.0176,3.43109,0.4
1156,20,1,52,6.80769,0.226923,25.5881,3.65545,0.4
1156,21,1,52,7.01923,0.233974,27.5849,3.94071,0.4
1156,22,1,52,7.20192,0.240064,28.9984,4.14263,0.4
1156,23,1,52,7.44231,0.248077,30.4006,4.34295,0.4
1159,0,0,129,30.8721,0.270808,134.015,21.365,0.377193
1159,1,0,129,31.6899,0.277982,135.372,21.6408,0.385965
1159,2,0,129,31.7752,0.27873,136.871,21.9096,0.385965
1159,3,0,129,31.9612,0.280362,135.849,21.7778,0.385965
1159,4,0,129,31.7984,0.278934,135.342,21.7242,0.385965
1159,5,0,129,31.7597,0.278594,135.901,21.7991,0.377193
1159,6,0,129,31.6279,0.277438,134.395,21.553,0.377193
1159,7,0,129,30.4884,0.267442,119.653,19.1977,0.377193
1159,8,0,129,26.2636,0.230382,96.1709,15.3611,0.333333
1159,9,0,129,25.0078,0.219366,92.3023,14.646,0.333333
1159,10,0,129,25.0233,0.219502,95.0132,14.9774,0.324561
1159,11,0,129,25.0853,0.220046,95.2145,14.9419,0.333333
1159,12,0,129,26.2248,0.230042,100.223,15.6305,0.508772
1159,13,0,129,25.8643,0.22688,97.6722,15.2571,0.342105
1159,14,0,129,24.8217,0.217734,90.991,14.2481,0.333333
1159,15,0,129,24.1318,0.211682,87.7329,13.6867,0.350877
1159,16,0,129,23.907,0.20971,86.8081,13.5724,0.333333
1159,17,0,129,23.9961,0.210492,87.8391,13.887,0.385965
1159,18,0,129,25.2171,0.221202,100.08,15.8714,0.333333
1159,19,0,129,26.9535,0.236434,111.57,17.5284,0.359649
1159,20,0,129,28.031,0.245886,117.022,18.3288,0.350877
1159,21,0,129,28.876,0.253298,121.537,19.0491,0.359649
1159,22,0,129,29.7054,0.260574,126.016,19.8036,0.359649
1159,23,0,129,30.2636,0.26547,129.165,20.3366,0.385965
1159,0,1,52,31.0577,0.272436,136.444,21.7212,0.368421
1159,1,1,52,31.7308,0.27834,138.121,22.0337,0.368421
1159,2,1,52,32.1923,0.282389,138.177,22.0481,0.368421
1159,3,1,52,31.9038,0.279858,137.695,22.0192,0.377193
1159,4,1,52,31.8654,0.279521,137.661,22.0513,0.377193
1159,5,1,52,32.1923,0.282389,137.515,22.0401,0.377193
1159,6,1,52,32.0577,0.281208,137.067,21.9471,0.377193
1159,7,1,52,31.5769,0.276991,131.699,21.0513,0.377193
1159,8,1,52,30.3077,0.265857,123.47,19.6987,0.359649
1159,9,1,52,29.2885,0.256916,118.938,18.8413,0.394737
1159,10,1,52,28.9808,0.254217,117.693,18.5897,0.350877
1159,11,1,52,29.0385,0.254723,116.392,18.3542,0.5
1159,12,1,52,28.3846,0.248988,118.921,18.649,0.333333
1159,13,1,52,29.2885,0.256916,120.862,18.9744,0.342105
1159,14,1,52,28.6731,0.251518,117.564,18.4359,0.333333
1159,15,1,52,28.0192,0.245783,112.645,17.6859,0.350877
1159,16,1,52,27.5385,0.241565,111.473,17.5673,0.333333
1159,17,1,52,27.2692,0.239204,112.23,17.7292,0.324561
1159,18,1,52,27.75,0.243421,116.953,18.5385,0.315789
1159,19,1,52,28.8654,0.253205,119.37,18.9407,0.324561
1159,20,1,52,29.1346,0.255567,122.051,19.3381,0.342105
1159,21,1,52,29.9808,0.262989,127.043,20.1442,0.333333
1159,22,1,52,30.375,0.266447,130.768,20.8157,0.346491
1159,23,1,52,31.5385,0.276653,133.97,21.3814,0.368421
1162,0,0,129,7.66667,0.348485,44.8534,7.16667,1
1162,1,0,129,7.5969,0.345314,45.0229,7.23191,0.772727
1162,2,0,129,7.62016,0.346371,44.8669,7.24031,0.772727
1162,3,0,129,7.65116,0.34778,44.4871,7.20349,0.772727
1162,4,0,129,7.72093,0.350951,44.4283,7.19251,0.772727
1162,5,0,129,7.58915,0.344961,44.1932,7.15956,0.772727
1162,6,0,129,7.52713,0.342142,44.3718,7.17959,0.772727
1162,7,0,129,7.41085,0.336857,39.6848,6.43217,0.772727
1162,8,0,129,5.56589,0.252995,25.1059,4.16667,0.727273
1162,9,0,129,4.10078,0.186399,20.6495,3.41537,0.863636
1162,10,0,129,3.60465,0.163848,17.9793,2.98062,0.636364
1162,11,0,129,3.25581,0.147992,16.9755,2.78811,0.636364
1162,12,0,129,3.39535,0.154334,17.1609,2.78941,0.863636
1162,13,0,129,3.27907,0.149049,16.9189,2.71253,0.863636
1162,14,0,129,3.02326,0.137421,16.6114,2.6447,0.863636
1162,15,0,129,3,0.136364,16.1344,2.56008,0.863636
1162,16,0,129,3.2093,0.145877,16.3514,2.5969,0.863636
1162,17,0,129,3.2093,0.145877,17.7555,2.82817,0.863636
1162,18,0,129,3.57364,0.162438,21.918,3.47545,0.863636
1162,19,0,129,4.66667,0.212121,29.6957,4.63889,0.863636
1162,20,0,129,5.70543,0.259338,36.3136,5.65439,0.863636
1162,21,0,129,6.67442,0.303383,40.9758,6.41796,0.863636
1162,22,0,129,7.1938,0.326991,42.8162,6.77132,0.863636
1162,23,0,129,7.44961,0.338619,43.7183,6.95607,0.863636
1162,0,1,52,7.51923,0.341783,44.3894,7.11699,0.863636
1162,1,1,52,7.55769,0.343531,45.0793,7.27724,0.545455
1162,2,1,52,7.44231,0.338287,44.5184,7.21314,0.545455
1162,3,1,52,7.57692,0.344406,44.496,7.21474,0.545455
1162,4,1,52,7.55769,0.343531,44.5016,7.20833,0.545455
1162,5,1,52,7.63462,0.347028,44.6138,7.23558,0.545455
1162,6,1,52,7.53846,0.342657,44.4399,7.20994,0.545455
1162,7,1,52,7.55769,0.343531,43.5761,7.04647,0.545455
1162,8,1,52,7.01923,0.319056,37.1819,6.05449,0.5
1162,9,1,52,5.94231,0.270105,32.4255,5.25801,0.454545
1162,10,1,52,5.21154,0.236888,28.8357,4.66987,0.454545
1162,11,1,52,4.84615,0.22028,27.8093,4.46314,0.818182
1162,12,1,52,4.90385,0.222902,27.5345,4.41026,0.409091
1162,13,1,52,4.71154,0.214161,26.867,4.29808,0.409091
1162,14,1,52,4.5,0.204545,26.1995,4.20032,0.454545
1162,15,1,52,4.36538,0.198427,25.7564,4.10897,0.409091
1162,16,1,52,4.25,0.193182,24.8029,4,0.409091
1162,17,1,52,4.36538,0.198427,25.734,4.16026,0.409091
1162,18,1,52,4.80769,0.218531,29.0208,4.63141,0.409091
1162,19,1,52,5.42308,0.246504,33.0425,5.20833,0.409091
1162,20,1,52,5.69231,0.258741,36.5761,5.74199,0.409091
1162,21,1,52,6.40385,0.291084,40.379,6.31891,0.454545
1162,22,1,52,7.19231,0.326923,43.4247,6.82853,1
1162,23,1,52,7.44231,0.338287,44.8269,7.09135,0.5
1163,0,0,129,1.8062,0.100345,11.124,1.58915,0.388889
1163,1,0,129,1.82171,0.101206,10.9477,1.56395,0.388889
1163,2,0,129,1.73643,0.0964686,10.8844,1.55491,0.388889
1163,3,0,129,1.78295,0.0990525,10.7758,1.53941,0.388889
1163,4,0,129,1.73643,0.0964686,10.699,1.52842,0.388889
1163,5,0,129,1.79845,0.0999139,10.9025,1.55749,0.388889
1163,6,0,129,1.81395,0.100775,10.8256,1.54651,0.388889
1163,7,0,129,1.68217,0.0934539,9.74935,1.39276,0.388889
1163,8,0,129,1.60465,0.0891473,10.1156,1.44509,0.333333
1163,9,0,129,1.72093,0.0956072,10.8075,1.54393,0.333333
1163,10,0,129,1.82946,0.101637,11.9787,1.71124,0.333333
1163,11,0,129,2.06977,0.114987,13.3669,1.90956,0.277778
1163,12,0,129,2.31783,0.128768,14.3256,2.04651,0.333333
1163,13,0,129,2.32946,0.129414,14.3437,2.0491,0.333333
1163,14,0,129,2.37209,0.131783,14.6286,2.08979,0.333333
1163,15,0,129,2.29457,0.127476,14.7099,2.10142,0.277778
1163,16,0,129,2.31783,0.128768,14.9406,2.13437,0.388889
1163,17,0,129,2.37984,0.132214,14.918,2.13114,0.388889
1163,18,0,129,2.34109,0.13006,15.1938,2.17054,0.388889
1163,19,0,129,2.36434,0.131352,15.1712,2.16731,0.388889
1163,20,0,129,2.31008,0.128338,14.2397,2.03424,0.388889
1163,21,0,129,2.10078,0.11671,12.9464,1.84948,0.333333
1163,22,0,129,1.99225,0.11068,12.2138,1.74483,0.333333
1163,23,0,129,1.95349,0.108527,12.1686,1.73837,0.333333
1163,0,1,52,2.11538,0.117521,13.5625,1.9375,0.333333
1163,1,1,52,2.30769,0.128205,13.7083,1.95833,0.333333
1163,2,1,52,2.19231,0.121795,13.2933,1.89904,0.333333
1163,3,1,52,2.17308,0.120726,13.5962,1.94231,0.333333
1163,4,1,52,2.11538,0.117521,13.4167,1.91667,0.333333
1163,5,1,52,2.17308,0.120726,13.6522,1.95032,0.333333
1163,6,1,52,2.21154,0.122863,13.5401,1.93429,0.333333
1163,7,1,52,2.17308,0.120726,13.3269,1.90385,0.333333
1163,8,1,52,2.23077,0.123932,14.5609,2.08013,0.333333
1163,9,1,52,2.44231,0.135684,15.4247,2.20353,0.333333
1163,10,1,52,2.65385,0.147436,15.9295,2.27564,0.277778
1163,11,1,52,2.40385,0.133547,14.6843,2.09776,0.333333
1163,12,1,52,2.40385,0.133547,14.5497,2.07853,0.388889
1163,13,1,52,2.38462,0.132479,14.4712,2.06731,0.388889
1163,14,1,52,2.5,0.138889,14.8526,2.12179,0.388889
1163,15,1,52,2.40385,0.133547,14.9199,2.13141,0.333333
1163,16,1,52,2.53846,0.141026,15.3349,2.19071,0.333333
1163,17,1,52,2.28846,0.127137,14.875,2.125,0.333333
1163,18,1,52,2.25,0.125,14.5497,2.07853,0.388889
1163,19,1,52,2.28846,0.127137,13.1923,1.88462,0.388889
1163,20,1,52,2.09615,0.116453,12.1603,1.73718,0.333333
1163,21,1,52,1.90385,0.105769,11.2965,1.61378,0.333333
1163,22,1,52,1.91346,0.106303,11.3974,1.62821,0.333333
1163,23,1,52,1.94231,0.107906,11.2067,1.60096,0.333333
1164,0,0,129,37.3411,0.424331,198.299,32.1021,0.556818
1164,1,0,129,38.7209,0.440011,201.603,32.5711,0.545455
1164,2,0,129,38.7829,0.440715,202.862,32.7603,0.545455
1164,3,0,129,38.7984,0.440891,201.413,32.4974,0.545455
1164,4,0,129,38.7132,0.439922,200.746,32.3928,0.545455
1164,5,0,129,38.6899,0.439658,200.318,32.3217,0.545455
1164,6,0,129,38.7132,0.439922,200.364,32.2984,0.545455
1164,7,0,129,36.6822,0.416843,169.207,27.5937,0.534091
1164,8,0,129,31.0853,0.353242,141.89,23.6673,0.534091
1164,9,0,129,28.6357,0.325405,125.39,21.2603,0.534091
1164,10,0,129,26.3643,0.299595,114.087,19.5594,0.534091
1164,11,0,129,25.3566,0.288143,109.981,18.865,0.534091
1164,12,0,129,25.0543,0.284708,110.666,18.9341,0.534091
1164,13,0,129,25.376,0.288363,112.066,19.1583,0.534091
1164,14,0,129,25.4109,0.28876,110.854,19.053,0.534091
1164,15,0,129,25.0543,0.284708,109.685,18.9696,0.534091
1164,16,0,129,25.3178,0.287703,111.428,19.405,0.534091
1164,17,0,129,25.7984,0.293164,114.182,19.9244,0.534091
1164,18,0,129,26.8682,0.305321,127.639,21.9974,0.534091
1164,19,0,129,29.7519,0.33809,148.069,24.9645,0.534091
1164,20,0,129,32.4729,0.36901,164.211,27.2358,0.534091
1164,21,0,129,34.124,0.387773,173.978,28.6047,0.534091
1164,22,0,129,35.7752,0.406536,184.358,30.0937,0.534091
1164,23,0,129,36.9922,0.420366,191.254,31.0568,0.545455
1164,0,1,52,37.6154,0.427448,200.386,32.2644,0.511364
1164,1,1,52,38.7692,0.440559,202.31,32.5144,0.545455
1164,2,1,52,38.7692,0.440559,201.682,32.4087,0.556818
1164,3,1,52,38.7308,0.440122,201.62,32.3894,0.556818
1164,4,1,52,38.4231,0.436626,201.424,32.3542,0.545455
1164,5,1,52,38.6923,0.439685,202.069,32.4423,0.545455
1164,6,1,52,38.5577,0.438156,199.853,32.0801,0.534091
1164,7,1,52,37.8654,0.430288,192.085,30.8622,0.534091
1164,8,1,52,36.4038,0.41368,179.728,29.0064,0.511364
1164,9,1,52,34.1346,0.387893,164.853,26.7997,0.511364
1164,10,1,52,31.9423,0.362981,153.591,25.1635,0.511364
1164,11,1,52,30.5577,0.347247,145.379,24.0016,0.511364
1164,12,1,52,30.1923,0.343094,142.507,23.6763,0.511364
1164,13,1,52,30.4038,0.345498,142.008,23.6587,0.511364
1164,14,1,52,29.4038,0.334135,136.393,22.8798,0.511364
1164,15,1,52,28.9423,0.32889,133.185,22.4006,0.511364
1164,16,1,52,29.0577,0.330201,133.527,22.524,0.511364
1164,17,1,52,29,0.329545,137.953,23.2516,0.511364
1164,18,1,52,30.1346,0.342439,144.74,24.3974,0.511364
1164,19,1,52,31.5769,0.358829,154.533,25.8301,0.511364
1164,20,1,52,33.0769,0.375874,163.793,27.1314,0.511364
1164,21,1,52,34.0192,0.386582,172.145,28.2837,0.511364
1164,22,1,52,35.6827,0.405485,181.046,29.5449,0.511364
1164,23,1,52,36.9231,0.41958,187.648,30.4487,0.511364
1166,0,0,129,26.9767,0.328985,141.739,20.5885,0.457317
1166,1,0,129,27.124,0.330781,141.291,20.5271,0.451219
1166,2,0,129,26.845,0.327378,140.88,20.4735,0.463415
1166,3,0,129,27.124,0.330781,141.004,20.4845,0.463415
1166,4,0,129,27.0698,0.330119,141.128,20.5065,0.463415
1166,5,0,129,26.8915,0.327945,140.016,20.3366,0.463415
1166,6,0,129,26.9225,0.328323,139.059,20.2022,0.463415
1166,7,0,129,25.6977,0.313386,119.409,17.3611,0.439024
1166,8,0,129,21.814,0.266024,101.557,14.6912,0.390244
1166,9,0,129,20.345,0.248109,93.062,13.4742,0.378049
1166,10,0,129,19.7364,0.240688,89.5371,12.9606,0.390244
1166,11,0,129,19.1783,0.233882,89.4919,12.936,0.365854
1166,12,0,129,19.6977,0.240216,90.0391,13.0181,0.402439
1166,13,0,129,19.3721,0.236245,88.6463,12.8088,0.378049
1166,14,0,129,19.1938,0.234071,87.1699,12.5872,0.365854
1166,15,0,129,18.6899,0.227926,85.1893,12.2997,0.353659
1166,16,0,129,18.4922,0.225515,84.061,12.1344,0.341463
1166,17,0,129,18.5426,0.22613,84.7371,12.2474,0.329268
1166,18,0,129,19.4031,0.236623,95.0381,13.7771,0.341463
1166,19,0,129,21.3101,0.259879,108.762,15.7752,0.378049
1166,20,0,129,23.3023,0.284175,121.593,17.6505,0.426829
1166,21,0,129,24.5736,0.299679,131.148,19.0484,0.439024
1166,22,0,129,26.4109,0.322084,139.342,20.2636,0.463415
1166,23,0,129,27.1783,0.331443,144,20.9257,0.47561
1166,0,1,52,27.0769,0.330206,142.619,20.6811,0.451219
1166,1,1,52,27.4038,0.334193,144.874,21.016,0.451219
1166,2,1,52,27.0962,0.330441,145.093,21.0272,0.451219
1166,3,1,52,27.3654,0.333724,143.977,20.8894,0.451219
1166,4,1,52,27.2308,0.332083,142.737,20.7067,0.451219
1166,5,1,52,27.2308,0.332083,141.643,20.5545,0.451219
1166,6,1,52,27.0385,0.329737,139.046,20.1699,0.451219
1166,7,1,52,26.4808,0.322936,135.249,19.6202,0.439024
1166,8,1,52,25.5577,0.311679,129.752,18.7933,0.439024
1166,9,1,52,24.4615,0.298311,119.746,17.3798,0.414634
1166,10,1,52,23.6538,0.288462,115.859,16.8205,0.390244
1166,11,1,52,23.3654,0.284944,112.578,16.3413,0.426829
1166,12,1,52,23.1154,0.281895,113.026,16.3958,0.365854
1166,13,1,52,23.1346,0.282129,112.084,16.2596,0.365854
1166,14,1,52,22.3462,0.272514,106.526,15.4439,0.365854
1166,15,1,52,21.7885,0.265713,104.944,15.2003,0.378049
1166,16,1,52,21.8462,0.266417,105.236,15.2163,0.341463
1166,17,1,52,21.5962,0.263368,105.78,15.2917,0.378049
1166,18,1,52,22.0192,0.268527,109.964,15.8814,0.353659
1166,19,1,52,22.7308,0.277205,117.076,16.8926,0.378049
1166,20,1,52,23.9231,0.291745,122.208,17.6234,0.390244
1166,21,1,52,24.2692,0.295966,125.837,18.1651,0.439024
1166,22,1,52,25.7115,0.313555,130.863,18.9006,0.646341
1166,23,1,52,25.8077,0.314728,133.639,19.3093,0.439024
1167,0,0,129,175.047,0.469294,7967.88,165.243,1
1167,1,0,129,180.101,0.482844,7360.57,163.331,0.597855
1167,2,0,129,173.496,0.465137,6211.2,158.712,0.581769
1167,3,0,129,171.403,0.459526,5566.11,155.278,0.571046
1167,4,0,129,168.434,0.451566,5738.46,155.628,0.568365
1167,5,0,129,172.922,0.463599,6771.7,159.716,0.571046
1167,6,0,129,174.729,0.468442,7160.96,159.537,0.568365
1167,7,0,129,166.667,0.446828,7448.4,140.093,0.630027
1167,8,0,129,131.116,0.351518,4105.45,99.239,0.461126
1167,9,0,129,99.031,0.265499,2128.04,78.947,0.573727
1167,10,0,129,89.9612,0.241183,1841.36,71.3979,0.908847
1167,11,0,129,85.031,0.227965,1982.08,70.5633,0.399464
1167,12,0,129,89.814,0.240788,4574.07,82.6757,0.391421
1167,13,0,129,104.55,0.280296,5185.2,85.3301,0.922252
1167,14,0,129,92.2636,0.247355,3036.97,73.2112,0.423593
1167,15,0,129,84.5659,0.226718,2778.79,70.1273,0.420912
1167,16,0,129,89.3178,0.239458,3800.47,75.4845,0.646113
1167,17,0,129,96.814,0.259555,5629.44,87.4173,0.646113
1167,18,0,129,106.326,0.285055,5242.94,96.7009,0.479893
1167,19,0,129,117.922,0.316146,5134.13,116.519,0.455764
1167,20,0,129,142.473,0.381965,4739.62,133.123,0.501341
1167,21,0,129,152.248,0.408172,4435.26,142.523,0.541555
1167,22,0,129,161.194,0.432155,4698.52,149.975,0.573727
1167,23,0,129,166.829,0.447264,5304.93,154.621,0.576407
1167,0,1,52,169.385,0.454114,7215.98,163.947,0.549598
1167,1,1,52,179.558,0.481388,7285.11,164.335,0.557641
1167,2,1,52,173.25,0.464477,6587.51,160.696,0.533512
1167,3,1,52,172.846,0.463395,6164.46,158.756,0.571046
1167,4,1,52,169.481,0.454372,6146.81,158.409,0.546917
1167,5,1,52,172.904,0.463549,6767.62,160.761,0.568365
1167,6,1,52,175.385,0.4702,7446.96,162.92,0.589812
1167,7,1,52,177.462,0.475768,8114.26,160.788,0.608579
1167,8,1,52,166.058,0.445195,5493.91,141.546,0.522788
1167,9,1,52,142.712,0.382605,3105.51,121.58,0.469169
1167,10,1,52,126.788,0.339915,2393.17,110.17,0.439678
1167,11,1,52,119.981,0.321664,2422.72,105.84,0.428954
1167,12,1,52,122.269,0.3278,4441.93,114.984,0.439678
1167,13,1,52,132.827,0.356104,4946,115.519,0.469169
1167,14,1,52,120.673,0.32352,3086.35,102.489,0.530831
1167,15,1,52,112.692,0.302124,2957.72,99.5064,0.428954
1167,16,1,52,115.365,0.309291,3994.38,104.136,0.412869
1167,17,1,52,121.942,0.326923,5864.18,114.575,0.434316
1167,18,1,52,130.365,0.349505,5537.24,119.721,0.458445
1167,19,1,52,137.404,0.368375,5496.18,129.612,0.44504
1167,20,1,52,146.615,0.393071,4624.58,133.832,0.466488
1167,21,1,52,148.096,0.397041,4134.91,137.761,0.493298
1167,22,1,52,157.115,0.421221,4413.27,143.216,1
1167,23,1,52,159.788,0.428387,5033.83,148.087,0.49866
1168,0,0,129,10.6977,0.248783,92.0988,10.0291,0.44186
1168,1,0,129,10.8992,0.25347,91.5924,9.98256,0.44186
1168,2,0,129,10.6899,0.248603,91.4567,9.9354,0.44186
1168,3,0,129,10.7752,0.250586,90.3398,9.82817,0.44186
1168,4,0,129,10.5814,0.246079,89.5213,9.75969,0.44186
1168,5,0,129,10.6899,0.248603,90.082,9.78876,0.44186
1168,6,0,129,10.5969,0.24644,90.0097,9.78747,0.44186
1168,7,0,129,10.3643,0.241031,79.8172,8.58463,0.44186
1168,8,0,129,7.71318,0.179376,57.5917,6.19057,0.348837
1168,9,0,129,6.31008,0.146746,47.2455,5.11563,0.302326
1168,10,0,129,5.56589,0.129439,41.2358,4.50969,0.27907
1168,11,0,129,5.44961,0.126735,42.6783,4.65181,0.302326
1168,12,0,129,5.68992,0.132324,45.0795,4.89793,0.27907
1168,13,0,129,5.74806,0.133676,46.3366,5.04005,0.27907
1168,14,0,129,5.89922,0.137191,45.3056,4.95026,0.27907
1168,15,0,129,5.70543,0.132684,44.6182,4.89535,0.27907
1168,16,0,129,5.91473,0.137552,43.4289,4.76034,0.651163
1168,17,0,129,5.64341,0.131242,44.1705,4.77972,0.651163
1168,18,0,129,5.77519,0.134307,47.7112,5.06072,0.302326
1168,19,0,129,6.34884,0.147647,56.312,5.99612,0.27907
1168,20,0,129,7.37984,0.171624,64.759,6.77907,0.325581
1168,21,0,129,8.0155,0.186407,72.8895,7.6137,0.325581
1168,22,0,129,8.93798,0.20786,80.7216,8.45607,0.372093
1168,23,0,129,9.60465,0.223364,87.1202,9.25194,0.395349
1168,0,1,52,11.0192,0.256261,95.5545,10.4856,0.418605
1168,1,1,52,11.3654,0.264311,95.7452,10.4936,0.418605
1168,2,1,52,11.2308,0.261181,93.367,10.2212,0.418605
1168,3,1,52,10.9423,0.254472,92.4135,10.0849,0.418605
1168,4,1,52,10.8846,0.253131,92.5817,10.0865,0.418605
1168,5,1,52,10.8077,0.251342,91.7067,10.0561,0.418605
1168,6,1,52,10.7692,0.250447,91.1571,9.98077,0.395349
1168,7,1,52,10.6731,0.248211,86.8269,9.52564,0.395349
1168,8,1,52,9.65385,0.224508,80.3429,8.75801,0.372093
1168,9,1,52,9,0.209302,71.4583,7.73718,0.372093
1168,10,1,52,7.94231,0.184705,65.7933,7.07051,0.302326
1168,11,1,52,7.90385,0.18381,62.9215,6.79647,0.302326
1168,12,1,52,7.15385,0.166369,60.1955,6.51923,0.302326
1168,13,1,52,7.38462,0.171735,61.5978,6.66667,0.302326
1168,14,1,52,7.36538,0.171288,60.1058,6.46795,0.302326
1168,15,1,52,7.30769,0.169946,58.367,6.28045,0.302326
1168,16,1,52,6.94231,0.161449,56.4263,6.17308,0.302326
1168,17,1,52,6.94231,0.161449,56.2019,6.13141,0.325581
1168,18,1,52,7.03846,0.163685,59.2308,6.33013,0.372093
1168,19,1,52,7.42308,0.17263,62.7981,6.67949,0.348837
1168,20,1,52,7.73077,0.179785,65.5913,7,0.348837
1168,21,1,52,8.15385,0.189624,71.8061,7.70032,0.325581
1168,22,1,52,9.09615,0.211538,78.3349,8.45994,0.325581
1168,23,1,52,9.69231,0.225403,83.3942,9.13782,0.348837
1172,0,0,129,2.62791,0.29199,4.70284,0.878553,1
1172,1,0,129,2.54264,0.282515,4.62371,0.864987,0.666667
1172,2,0,129,2.49612,0.277347,4.47901,0.837209,0.666667
1172,3,0,129,2.55814,0.284238,4.52422,0.846253,0.666667
1172,4,0,129,2.52713,0.280792,4.48127,0.838501,0.666667
1172,5,0,129,2.52713,0.280792,4.4157,0.827519,0.666667
1172,6,0,129,2.49612,0.277347,4.43831,0.830749,0.666667
1172,7,0,129,2.51938,0.279931,5.08269,0.921189,0.666667
1172,8,0,129,2.83721,0.315245,11.9222,1.84432,0.666667
1172,9,0,129,4.23256,0.470284,18.8182,2.77972,0.888889
1172,10,0,129,4.55814,0.50646,19.0827,2.81331,1
1172,11,0,129,4.49612,0.499569,19.0307,2.80103,0.888889
1172,12,0,129,4.44186,0.49354,18.5152,2.71964,0.888889
1172,13,0,129,4.4031,0.489233,17.7804,2.61434,1
1172,14,0,129,4.10853,0.456503,16.4848,2.43863,0.888889
1172,15,0,129,4.03101,0.44789,15.4402,2.29522,0.888889
1172,16,0,129,4.02326,0.447028,14.7959,2.21835,0.888889
1172,17,0,129,3.76744,0.418605,13.0142,1.95026,0.888889
1172,18,0,129,3.4186,0.379845,9.83075,1.52326,0.888889
1172,19,0,129,2.97674,0.330749,7.67829,1.24742,0.777778
1172,20,0,129,2.84496,0.316107,6.75129,1.13372,0.777778
1172,21,0,129,2.76744,0.307494,5.86499,1.02067,0.666667
1172,22,0,129,2.62016,0.291128,4.94929,0.905039,0.666667
1172,23,0,129,2.57364,0.28596,4.79328,0.894057,0.666667
1172,0,1,52,2.75,0.305556,5.07051,0.959936,0.666667
1172,1,1,52,2.78846,0.309829,5.33413,1.01122,0.666667
1172,2,1,52,2.76923,0.307692,5.23878,0.99359,0.666667
1172,3,1,52,2.76923,0.307692,5.44631,1.03205,0.666667
1172,4,1,52,2.76923,0.307692,5.39583,1.03045,0.666667
1172,5,1,52,2.73077,0.303419,5.34535,1.01763,0.666667
1172,6,1,52,2.80769,0.311966,5.36779,1.02244,0.666667
1172,7,1,52,2.78846,0.309829,5.25,0.995192,0.666667
1172,8,1,52,2.73077,0.303419,5.96234,1.09135,0.666667
1172,9,1,52,2.88462,0.320513,6.73077,1.17308,0.666667
1172,10,1,52,2.90385,0.32265,6.02965,1.04647,0.666667
1172,11,1,52,2.82692,0.314103,6.25962,1.05769,0.666667
1172,12,1,52,2.86538,0.318376,6.80929,1.14103,0.666667
1172,13,1,52,2.98077,0.331197,7.28045,1.19391,0.666667
1172,14,1,52,2.98077,0.331197,7.00561,1.14103,0.666667
1172,15,1,52,2.96154,0.32906,6.13061,1.01603,0.666667
1172,16,1,52,2.80769,0.311966,5.35096,0.895833,0.777778
1172,17,1,52,2.71154,0.301282,5.46875,0.911859,0.666667
1172,18,1,52,2.84615,0.316239,5.78285,0.967949,0.666667
1172,19,1,52,2.69231,0.299145,4.73958,0.817308,0.666667
1172,20,1,52,2.69231,0.299145,4.45353,0.775641,0.666667
1172,21,1,52,2.61538,0.290598,4.41426,0.782051,0.666667
1172,22,1,52,2.80769,0.311966,4.38622,0.802885,1
1172,23,1,52,2.67308,0.297009,4.52644,0.842949,0.666667
1173,0,0,129,10.1434,0.266932,57.3362,8.42959,0.421053
1173,1,0,129,10.7674,0.283354,59.2829,8.71189,0.421053
1173,2,0,129,11.0078,0.289678,60.522,8.88695,0.447368
1173,3,0,129,11.1008,0.292126,60.2936,8.85594,0.447368
1173,4,0,129,11.0543,0.290902,60.0472,8.81783,0.447368
1173,5,0,129,11.031,0.29029,59.8505,8.78747,0.447368
1173,6,0,129,10.9767,0.288862,59.9567,8.79974,0.447368
1173,7,0,129,10.3876,0.273358,52.3847,7.66021,0.421053
1173,8,0,129,8.79845,0.231538,40.5236,6,0.394737
1173,9,0,129,8.06977,0.212362,39.2303,5.85142,0.394737
1173,10,0,129,7.87209,0.20716,36.8269,5.50388,0.394737
1173,11,0,129,7.56589,0.199102,36.8924,5.52003,0.394737
1173,12,0,129,7.75194,0.203998,37.2972,5.57235,0.394737
1173,13,0,129,7.67829,0.20206,36.4832,5.48643,0.394737
1173,14,0,129,7.51163,0.197674,35.7891,5.40827,0.394737
1173,15,0,129,7.37209,0.194002,34.3375,5.23127,0.394737
1173,16,0,129,7.51163,0.197674,33.605,5.13889,0.473684
1173,17,0,129,7.17054,0.188698,32.0811,4.93669,0.473684
1173,18,0,129,7,0.184211,33.3744,5.10594,0.394737
1173,19,0,129,7.96899,0.20971,43.9444,6.58075,0.394737
1173,20,0,129,9.25581,0.243574,49.7868,7.427,0.394737
1173,21,0,129,9.51938,0.25051,50.8517,7.55879,0.421053
1173,22,0,129,9.65116,0.253978,51.7607,7.677,0.421053
1173,23,0,129,9.78295,0.257446,53.7074,7.93475,0.447368
1173,0,1,52,10.7885,0.283907,60.4255,8.93269,0.5
1173,1,1,52,11.25,0.296053,61.6146,9.11058,0.473684
1173,2,1,52,11.3846,0.299595,61.222,9.05128,0.473684
1173,3,1,52,11.1154,0.29251,60.9864,9.02083,0.473684
1173,4,1,52,11.1154,0.29251,61.149,9.04006,0.473684
1173,5,1,52,11.1923,0.294534,60.8293,8.9984,0.473684
1173,6,1,52,11.1923,0.294534,60.7845,8.99038,0.473684
1173,7,1,52,11.0385,0.290486,59.1522,8.75,0.473684
1173,8,1,52,10.5962,0.278846,53.5433,7.90545,0.473684
1173,9,1,52,9.48077,0.249494,47.5697,6.98718,0.421053
1173,10,1,52,8.92308,0.234818,45.3261,6.66026,0.342105
1173,11,1,52,8.71154,0.229251,43.1611,6.375,0.342105
1173,12,1,52,8.36538,0.220142,43.0601,6.38622,0.342105
1173,13,1,52,8.86538,0.2333,44.0921,6.5641,0.368421
1173,14,1,52,8.67308,0.228239,43.0938,6.43109,0.368421
1173,15,1,52,8.69231,0.228745,42.6282,6.38942,0.342105
1173,16,1,52,8.48077,0.223178,41.8429,6.27244,0.315789
1173,17,1,52,8.05769,0.212045,40.5473,6.08974,0.315789
1173,18,1,52,8.03846,0.211538,41.0913,6.15224,0.342105
1173,19,1,52,8.73077,0.229757,46.2011,6.88942,0.368421
1173,20,1,52,9.09615,0.239372,48.2147,7.17949,0.394737
1173,21,1,52,9.25,0.243421,49.4487,7.36378,0.394737
1173,22,1,52,9.35577,0.246204,51.7147,7.66667,0.447368
1173,23,1,52,10.0385,0.26417,54.0032,7.9984,0.447368
