zone_id,weekday_h00,weekday_h01,weekday_h02,weekday_h03,weekday_h04,weekday_h05,weekday_h06,weekday_h07,weekday_h08,weekday_h09,weekday_h10,weekday_h11,weekday_h12,weekday_h13,weekday_h14,weekday_h15,weekday_h16,weekday_h17,weekday_h18,weekday_h19,weekday_h20,weekday_h21,weekday_h22,weekday_h23,weekend_h00,weekend_h01,weekend_h02,weekend_h03,weekend_h04,weekend_h05,weekend_h06,weekend_h07,weekend_h08,weekend_h09,weekend_h10,weekend_h11,weekend_h12,weekend_h13,weekend_h14,weekend_h15,weekend_h16,weekend_h17,weekend_h18,weekend_h19,weekend_h20,weekend_h21,weekend_h22,weekend_h23
102,1.03529,1.01622,1.01404,1.01349,1.01349,1.01567,1.01622,1.00423,0.974805,1.02439,1.0282,0.979709,0.969901,0.980798,0.97426,0.956823,0.957368,0.951919,0.966631,0.991151,1.00041,0.999325,1.01676,1.02439,1.05977,1.05977,1.0449,1.05436,1.05706,1.06112,1.05301,1.04219,1.03138,1.00975,1.01651,0.973254,0.934053,0.915129,0.936757,0.917832,0.927295,0.929998,0.965143,0.974606,1.00164,1.01516,1.04895,1.0449
104,1.06125,1.17554,1.18207,1.19513,1.14942,1.18207,1.12983,1.08411,1.17554,1.12983,0.989415,0.933903,0.849003,0.82941,0.816349,0.803287,0.82288,0.888188,0.90778,0.920842,0.888188,1.06452,1.11023,1.16248,1.00449,1.1179,1.1341,1.1341,1.1503,1.06929,1.05309,1.03689,1.02069,1.00449,0.874875,0.93968,0.923479,0.923479,0.826271,0.777667,0.826271,0.907278,0.907278,0.826271,0.955882,1.03689,1.02879,1.06929
105,1.02857,1.05797,1.06398,1.076,1.07385,1.04295,1.00217,0.971272,0.90303,0.900884,0.907751,0.910755,0.914189,0.915691,0.885433,0.884145,0.887364,0.872986,0.894875,0.912472,0.960113,0.977281,1.01634,1.04209,1.09242,1.11372,1.12756,1.13395,1.12117,1.09455,1.05516,1.05516,1.01363,1.01576,1.00298,1.01044,1.00298,1.0147,0.973171,0.976365,0.980624,0.949746,0.959329,0.985947,1.01257,1.04025,1.06048,1.1052
106,0.997591,1.00807,0.997985,1.01326,0.999087,1.01389,1.02193,0.97168,0.994677,1.00176,1.00602,1.05059,1.03216,1.02492,1.02854,0.990345,0.998693,0.984281,0.971995,0.951519,0.956717,0.96097,0.961285,0.9983,0.98937,1.02415,1.00813,1.02551,1.01125,1.03196,1.04447,1.02766,1.01555,1.005,0.98937,0.99484,1.00109,1.02219,1.0007,0.990933,0.988588,0.967879,0.988979,0.98429,0.965534,0.979601,0.979406,1.02727
107,1.03057,1.07222,1.08374,1.07444,1.07709,1.07488,1.07089,1.0545,0.947719,0.946832,0.945503,0.92335,0.88436,0.873284,0.844927,0.813913,0.811919,0.833186,0.863979,0.887019,0.941516,0.990253,1.00842,1.03722,1.11673,1.14641,1.13652,1.1629,1.14971,1.14861,1.14421,1.13432,1.09475,1.07167,1.01451,0.982636,0.934273,0.932075,0.910092,0.906795,0.919984,0.911191,0.935372,0.961752,1.01011,1.031,1.06672,1.08596
108,1.15872,1.15602,1.16007,1.16277,1.16817,1.16007,1.14454,1.07094,0.847431,0.751546,0.736691,0.713058,0.704955,0.758299,0.73399,0.730614,0.736691,0.751546,0.777206,0.926435,1.05271,1.12293,1.15399,1.1837,1.20944,1.22954,1.23289,1.22954,1.24462,1.24964,1.21614,1.16086,1.07711,1.01178,0.953146,0.914618,0.899542,0.909593,0.87274,0.884466,0.86939,0.874415,0.909593,0.979948,1.0101,1.02685,1.09218,1.07878
109,1.04238,1.05365,1.05816,1.06718,1.06718,1.06899,1.07169,1.03471,0.969757,0.951715,0.882704,0.846169,0.875036,0.882704,0.868722,0.860603,0.866015,0.902099,0.918337,0.994114,1.03922,1.03561,1.03922,1.0744,1.09657,1.10328,1.09881,1.10552,1.10105,1.09433,1.0921,1.08986,1.063,1.03391,0.986914,0.953346,0.94887,0.977963,0.94887,0.964535,0.944394,0.953346,0.977963,0.989152,1.00034,0.995866,1.00034,1.00929
110,0.949337,1.02321,1.02174,1.02248,1.02983,1.01513,1.00042,0.982047,0.961465,0.999689,1.01035,1.00704,1.02137,1.04048,0.998219,0.998219,0.9905,0.966611,0.95632,0.929123,0.937943,0.928387,0.930593,0.940883,0.991999,1.04488,1.07041,1.07223,1.06312,1.05035,1.05947,1.054,1.01206,0.991999,0.979234,0.973764,1.00476,1.00841,1.00476,1.00659,0.970117,0.986528,0.997469,0.995646,0.997469,0.997469,0.995646,1.01023
111,1.03534,1.03836,1.04398,1.04744,1.04744,1.04009,1.02929,0.966201,0.885828,0.903977,0.873081,0.895767,0.929256,0.941787,0.928608,0.917805,0.918453,0.930552,0.938546,0.961016,0.976572,1.0012,1.02929,1.0375,1.07304,1.07197,1.07518,1.0784,1.07304,1.06875,1.07304,1.03874,0.996931,0.982995,0.962628,0.972276,0.990499,1.03338,1.02695,1.00336,0.996931,1.00336,1.01087,1.00336,1.00122,1.03874,1.05107,1.05589
115,0.92238,0.930035,0.914725,0.933862,0.910898,0.918553,0.910898,0.884107,0.88028,0.88028,1.05251,1.09461,0.987444,0.983617,0.975962,0.933862,0.975962,0.918553,1.03337,1.43141,1.51561,1.42758,1.01806,0.975962,1.00643,0.977949,0.930476,0.930476,0.930476,0.977949,0.968455,0.920982,0.949465,0.968455,0.939971,1.01593,1.03492,0.949465,0.939971,0.968455,0.987444,0.911487,0.949465,1.0729,1.16784,1.11087,1.02068,0.95896
123,1.02314,1.00321,1.00184,0.999092,1.00184,1.00047,0.990846,0.959238,0.868536,0.942747,0.937937,0.922133,0.989472,1.03688,1.02245,0.996343,0.963361,0.948244,0.90839,0.956489,1.06918,1.09254,1.06231,1.05681,1.06709,1.04323,1.0705,1.06709,1.05005,1.07391,1.01254,0.98186,0.954587,0.964814,0.951177,0.910266,0.94095,0.992088,0.998907,0.957996,0.951177,0.957996,0.971633,1.02618,1.06368,1.108,1.0705,1.06027
124,1.22453,1.28503,1.28503,1.29194,1.29799,1.28589,1.27638,1.20725,0.992072,0.839977,0.673191,0.618748,0.628254,0.633871,0.609242,0.600601,0.622205,0.59628,0.650723,0.764794,0.909975,1.05861,1.1217,1.20725,1.20911,1.31416,1.30558,1.3163,1.30773,1.30773,1.31202,1.3163,1.20054,1.09763,0.911122,0.855382,0.795356,0.833944,0.782493,0.793212,0.782493,0.799643,0.825369,0.906834,0.992587,1.0569,1.12979,1.16624
202,1.04941,1.057,1.07435,1.07435,1.05375,1.04833,1.06025,1.03423,0.996291,0.958347,0.976777,1.01689,1.01364,1.01635,0.994123,0.99087,0.989786,0.99087,1.01906,1.08736,1.0841,1.06459,1.07109,1.05917,1.00584,1.03811,1.04349,1.05156,1.04618,1.03811,1.01391,0.992392,1.00584,0.984324,0.906331,0.890195,0.927846,0.927846,0.903642,0.9144,0.895574,0.882127,0.95743,0.949362,0.981635,0.965498,0.964154,0.933225
204,0.931631,0.940016,0.922363,0.933838,0.929424,0.935603,0.940016,0.958552,1.04593,1.19069,1.20966,1.22246,1.25159,1.20702,1.25159,1.24806,1.21099,1.17701,1.10242,1.07065,1.0627,0.986796,0.975322,0.955904,0.897751,0.910889,0.915268,0.915268,0.90213,0.897751,0.90213,0.915268,0.897751,0.886803,0.937164,0.939354,0.945923,0.996285,1.01599,1.01818,1.00066,0.954682,0.937164,0.932785,0.915268,0.899941,0.890087,0.915268
205,1.051,1.05427,1.06246,1.06246,1.04118,1.06082,1.04936,1.03954,0.964235,0.88893,0.899571,0.854551,0.851277,0.915123,0.920034,0.960961,0.95605,1.01826,1.03954,1.04773,1.08865,1.07064,1.05591,1.05591,1.01936,0.999054,1.03154,0.98281,0.999054,1.00312,0.999054,0.974687,0.954381,0.954381,0.954381,0.921892,0.938137,0.921892,0.966565,0.98281,0.974687,1.04373,1.05997,1.06403,1.05185,1.05185,1.07419,1.06809
206,0.744738,0.764563,0.748853,0.744364,0.742868,0.740998,0.755586,0.771296,0.883886,1.45058,1.76796,1.87737,1.86316,1.8149,1.77002,1.75431,1.6967,1.61254,1.36941,1.06193,0.909696,0.78364,0.747357,0.743616,0.743278,0.74699,0.738638,0.741422,0.738638,0.74699,0.758125,0.739566,0.775756,0.850919,0.942785,0.98083,0.960416,0.978046,0.993821,0.951136,0.939073,0.891748,0.870406,0.771116,0.76926,0.74699,0.74467,0.759053
208,0.997683,0.92767,0.929615,0.914056,0.92767,0.92378,0.925725,0.836264,0.774031,1.09687,1.26023,1.22717,1.14354,1.12021,1.04047,0.989904,0.999628,1.00352,0.838209,0.797368,0.882939,0.92767,0.984069,0.993793,1.07106,1.06624,1.09036,1.06141,1.09036,1.05176,1.06141,1.04211,1.03729,1.05659,1.07106,1.03729,1.04694,1.09036,1.04211,1.01799,0.984219,1.00352,0.873253,0.907025,0.926323,0.940797,1.00352,0.96492
212,0.98268,0.98268,0.986952,0.98268,0.978407,0.961317,0.974135,0.952772,0.824596,1.13649,1.20485,1.23476,1.37575,1.28176,1.2134,1.17067,1.14931,1.08308,0.96559,0.939955,0.96559,0.974135,1.01259,0.978407,0.837332,0.879728,0.847931,0.869129,0.869129,0.879728,0.85853,0.932724,0.975121,1.03872,1.09171,1.14471,1.10231,1.00692,1.04931,1.04931,1.04931,0.911526,0.98572,0.911526,0.869129,0.869129,0.810834,0.847931
213,0.966592,0.974402,0.974402,0.973801,0.961786,0.95638,0.945566,0.943764,0.922738,0.996629,1.01525,1.00985,1.01195,1.01585,1.00023,0.99723,0.979208,0.970497,0.952775,0.950372,0.973801,0.971398,0.960585,0.958182,1.01787,1.04321,1.04619,1.05811,1.03576,1.02682,1.01191,1.00148,0.983598,0.988069,0.949321,0.970185,1.0134,1.03725,1.06854,1.08196,1.05513,1.01489,0.955282,1.02533,1.02682,1.05513,1.06258,1.08792
214,1.07832,0.976833,1.02124,0.976833,0.976833,0.957804,0.964147,0.964147,0.856315,0.818257,0.862658,0.767512,0.780198,0.805571,0.767512,0.735797,0.786541,0.767512,0.792884,0.849972,0.90706,0.951461,0.938775,0.945118,1.1015,1.16444,1.13297,1.18018,1.18018,1.13297,1.18018,1.21165,1.13297,1.11724,1.03856,0.991349,0.975614,1.02282,1.02282,1.1015,1.1015,1.02282,1.00709,1.11724,1.14871,1.19591,1.25886,1.21165
215,0.702586,0.742189,0.746589,0.739255,0.740722,0.750989,0.772991,0.746589,1.01941,1.96695,2.40845,2.32484,2.11729,2.01315,2.00802,2.00508,1.92588,1.83714,1.40664,1.01941,0.796459,0.728988,0.704052,0.66885,0.527616,0.607668,0.654972,0.676804,0.665888,0.640417,0.654972,0.654972,0.665888,0.771411,0.844186,0.866018,0.844186,0.83327,0.851463,0.86238,0.829631,0.836908,0.760495,0.640417,0.625862,0.625862,0.594933,0.571281
216,1.02602,1.08706,1.08474,1.11497,1.12775,1.11729,1.12543,1.1138,1.058,1.04986,1.08183,1.00568,0.991726,0.976031,0.954522,0.923131,0.91383,0.861511,0.810355,0.778964,0.863837,0.933595,0.970799,1.008,1.06139,1.06139,1.09312,1.08735,1.10754,1.11331,1.10754,1.12196,1.12773,1.06139,1.02102,0.940257,0.931605,0.931605,0.896994,0.850846,0.830657,0.865268,0.908531,0.920068,0.977752,1.00083,0.984963,1.01813
217,0.763794,0.732925,0.728968,0.725802,0.719998,0.719206,0.723955,0.726857,1.0023,1.73786,1.86833,1.82387,1.7558,1.68879,1.60595,1.56136,1.54183,1.50595,1.31837,1.049,0.946629,0.846901,0.808381,0.776721,0.77559,0.756609,0.74941,0.746137,0.740247,0.742865,0.739592,0.72912,0.786717,0.931363,0.988959,1.01252,1.01514,0.995504,0.989614,0.968015,0.972596,0.902564,0.896674,0.814861,0.777554,0.7553,0.803079,0.730429
223,1.07673,1.08769,1.08803,1.0907,1.08702,1.0907,1.08635,1.05806,0.949093,0.960308,1.06283,1.06359,1.04024,1.00006,0.959304,0.933861,0.904317,0.900132,0.906744,0.914276,0.955956,1.00969,1.05522,1.06175,1.07675,1.11163,1.11786,1.11661,1.10416,1.11994,1.12077,1.1054,1.09253,1.03024,0.987055,0.934941,0.884903,0.881166,0.850852,0.83092,0.823446,0.828429,0.847946,0.875767,0.911894,0.962555,1.0018,1.03979
224,1.11835,1.12962,1.13364,1.13487,1.13487,1.12561,1.12499,1.10615,0.974249,0.847602,0.831231,0.836482,0.850382,0.857796,0.833702,0.828142,0.832776,0.837409,0.863356,0.951699,1.01286,1.06723,1.10367,1.13086,1.10423,1.11649,1.11879,1.11496,1.11342,1.10729,1.10883,1.10423,1.05059,1.01304,0.957865,0.918018,0.90116,0.911888,0.90729,0.903459,0.891964,0.878937,0.910355,0.978555,1.01304,1.03756,1.07089,1.09963
225,0.903071,0.873093,0.865599,0.835622,0.846863,0.839369,0.846863,0.828127,1.04546,1.29278,1.29465,1.23282,1.26655,1.23095,1.21783,1.18786,1.20659,1.17662,1.08668,0.993003,0.959279,0.978015,0.989256,0.981762,0.994661,0.994661,0.976069,0.966773,0.976069,0.985365,0.948181,0.957477,0.957477,0.929589,0.985365,0.994661,0.966773,0.910998,0.929589,0.966773,0.920294,0.976069,0.976069,0.994661,0.910998,0.948181,0.934237,0.920294
226,0.884859,0.87018,0.86298,0.855779,0.861872,0.850794,0.857441,0.850794,0.905076,1.44901,1.64703,1.66614,1.63733,1.62626,1.51769,1.45621,1.43544,1.37866,1.15821,1.00921,0.94828,0.887905,0.907292,0.890121,0.813469,0.798354,0.801102,0.791484,0.783239,0.794232,0.807973,0.784613,0.795606,0.8808,0.945383,0.964621,0.937139,0.955002,1.00172,0.949505,0.959124,0.906908,0.82721,0.813469,0.810721,0.821714,0.818966,0.823088
227,0.984696,0.990427,0.991574,0.999884,0.993006,0.988421,0.990141,0.975238,1.12598,1.26956,1.26655,1.27013,1.24634,1.17957,1.12197,1.08471,1.08901,1.0486,1.00103,0.848856,0.872642,0.894995,0.905599,0.934544,0.961907,0.976126,0.983235,1.00599,0.999587,0.988923,0.992477,0.989634,0.978969,0.987501,0.969727,0.970438,0.937024,0.944844,0.927782,0.905031,0.902899,0.897922,0.922805,0.901477,0.90432,0.937024,0.950532,0.990345
235,1.14877,1.16406,1.19162,1.19312,1.19262,1.19312,1.18761,1.17308,1.04028,0.959106,0.85162,0.803263,0.784222,0.786978,0.755158,0.728098,0.714569,0.703544,0.721584,0.80176,0.889453,0.951088,1.03327,1.09641,1.13994,1.16853,1.17226,1.18717,1.1909,1.18717,1.19588,1.19215,1.15983,1.12005,1.05292,1.00319,0.959684,0.929849,0.893799,0.897528,0.862721,0.845317,0.849047,0.881368,0.917418,0.973358,1.038,1.11756
307,1.09228,1.09961,1.11128,1.11393,1.11146,1.11252,1.1081,1.0853,0.931693,0.90518,0.972878,0.959444,0.944243,0.925684,0.906947,0.888211,0.892895,0.885648,0.898463,0.895811,0.945304,0.991261,1.03315,1.07929,1.11378,1.12431,1.12738,1.13527,1.12606,1.1436,1.14404,1.12036,1.07169,1.02915,0.986618,0.941891,0.911635,0.88094,0.874363,0.855507,0.84586,0.866031,0.887517,0.90725,0.946276,0.977848,1.02038,1.07169
309,1.05416,1.07994,1.03362,1.03334,1.05099,1.0758,1.0747,1.05898,0.966898,1.1042,1.10778,1.03803,1.00467,0.973791,0.92251,0.913412,0.905967,0.883084,0.900729,0.961384,0.985095,0.997226,1.02755,1.06036,1.05056,1.02321,1.01568,1.03005,1.00337,1.07519,1.02731,1.03825,0.998583,1.01295,0.936343,0.954126,0.915824,0.923347,1.02731,0.922664,0.945234,0.927451,0.950706,0.958229,0.98422,1.04372,0.995505,1.02594
310,1.2148,1.18544,1.28086,1.31756,1.31022,1.29187,1.3616,1.33224,1.18177,1.11571,1.06433,0.998265,1.16709,1.17443,0.935873,0.770719,0.745029,0.667957,0.700988,0.689977,0.734018,0.880822,0.950554,1.05699,1.04703,1.05614,1.1654,1.20181,1.19271,1.23823,1.25644,1.20181,1.12898,1.00151,0.974198,0.792105,0.992407,0.810314,0.701058,0.628221,0.582698,0.600907,0.600907,0.728372,0.783,0.983302,1.13808,1.06524
311,1.10043,1.12676,1.10625,1.09511,1.10979,1.0822,1.04852,1.02624,0.932298,0.900141,0.833295,0.867478,0.86368,0.847475,0.798606,0.811773,0.71353,0.786959,0.813799,0.932805,0.998385,0.986737,1.00598,1.08422,1.0892,1.10616,1.07098,1.17839,1.06407,1.15201,1.13945,1.13065,1.1407,1.11558,1.1093,1.08417,0.988695,0.987438,0.937187,1.0289,0.944725,0.938443,0.919599,0.961056,0.923368,1.0201,1.09611,1.00126
316,1.00952,0.997309,1.00138,1.00138,1.00952,1.00138,1.01359,0.94032,0.867048,0.903684,0.968815,0.956603,1.00545,1.09908,1.06244,1.08686,1.13978,1.11536,1.06651,1.11536,1.1235,1.12757,1.08279,1.05837,1.03003,1.04013,1.04013,1.06033,1.01993,1.06033,1.05023,1.03003,0.979539,0.959342,0.908851,0.979539,0.939146,0.979539,0.959342,0.868457,0.858359,0.858359,0.949244,0.939146,0.979539,0.929047,0.918949,0.908851
320,0.924209,0.914292,0.928175,0.900409,0.918259,0.910326,0.904376,0.860744,0.775463,1.18005,1.44482,1.51523,1.50134,1.423,1.37243,1.33276,1.30401,1.26831,1.18997,0.920242,0.932142,0.926192,0.934125,0.928175,0.900371,0.910211,0.915131,0.929891,0.910211,0.939732,0.924971,0.929891,0.890531,0.905291,0.895451,0.870851,0.920051,0.959412,0.910211,0.959412,0.929891,0.920051,0.900371,0.885611,0.85117,0.875771,0.880691,0.875771
321,0.913857,0.729079,0.760851,0.691454,0.844461,0.751654,0.852822,0.77172,1.01001,1.48575,1.58859,1.57438,1.54678,1.50916,1.46568,1.43307,1.39294,1.35197,1.15298,0.994959,0.928907,0.868708,0.826903,0.811853,0.837965,0.829668,0.759146,0.794407,0.831742,0.860781,0.952044,0.769517,0.788185,1.05575,1.04746,1.10138,0.941673,0.931303,1.04331,1.07027,1.03916,1.00182,0.927154,0.796481,0.806852,0.931302,0.893968,0.730108
322,1.06239,1.17551,1.18371,1.1624,1.15256,1.12961,1.14436,1.08042,1.08042,1.00173,1.0132,0.991889,1.00173,1.0755,0.975494,0.929589,0.867288,0.847614,0.859091,0.903357,0.931228,0.898439,0.95746,0.985331,1.00053,1.20795,1.18762,1.23236,1.18762,1.13881,1.15101,1.14695,1.09001,1.05747,0.959856,0.967991,0.992394,0.955789,0.919184,0.866311,0.793101,0.805303,0.7809,0.784967,0.7809,0.789034,0.886647,0.906983
323,0.428289,0.311916,0.290931,0.294747,0.281392,0.285208,0.282346,0.362472,0.910948,2.03366,3.13347,3.15255,3.11535,2.9055,2.87879,2.88737,2.88737,2.81965,2.43142,1.65974,1.12271,0.707773,0.438781,0.34244,0.302891,0.29106,0.276861,0.274495,0.276861,0.26503,0.267396,0.28396,0.354951,0.511129,0.726466,0.773792,0.797456,0.837683,0.892109,0.842416,0.757228,0.721733,0.679139,0.532426,0.399911,0.314723,0.38098,0.274495
324,0.903287,0.900409,0.923437,0.891197,0.878532,0.890046,0.894652,0.892349,0.916528,1.35752,1.55499,1.48533,1.4456,1.41337,1.40588,1.38976,1.40876,1.41682,1.39437,1.05815,1.00634,0.926891,0.890046,0.88544,0.851208,0.859777,0.845495,0.86549,0.862633,0.874059,0.851208,0.86549,0.882628,0.888341,0.954038,0.974033,0.931187,0.89691,0.871202,0.814074,0.834069,0.805505,0.831213,0.799792,0.859777,0.86549,0.892625,0.894054
325,0.709177,0.681402,0.685106,0.69066,0.682328,0.68418,0.686957,0.668441,0.855456,1.77202,1.96181,2.00532,2.0044,1.9132,1.85627,1.82108,1.82386,1.77665,1.48316,1.20912,0.961925,0.733248,0.659183,0.659183,0.668352,0.702803,0.7051,0.689022,0.679835,0.693616,0.686726,0.684429,0.689022,0.833717,0.960038,0.985302,0.962335,0.948554,0.976115,0.962335,0.937071,0.914103,0.858981,0.774002,0.7051,0.645384,0.65572,0.698209
326,0.768035,0.794114,0.752822,0.770643,0.745433,0.814543,0.755865,0.76195,0.991013,1.36264,1.72645,1.8412,1.90813,1.82207,1.72297,1.78991,1.85206,1.8186,1.65343,1.35786,1.20356,0.930161,0.850185,0.809327,0.765578,0.766656,0.712742,0.753717,0.747247,0.747247,0.740777,0.774204,0.717055,0.779595,0.78283,0.788221,0.806552,0.803317,0.834587,0.762343,0.754795,0.802239,0.736464,0.697646,0.710585,0.71382,0.729994,0.768812
328,1.15488,1.27009,1.27171,1.27951,1.27691,1.26846,1.27236,1.23466,1.03804,0.847917,0.776092,0.709468,0.704593,0.713368,0.675018,0.649994,0.605794,0.629194,0.670143,0.785842,0.921691,1.00327,1.07866,1.11279,1.16502,1.27709,1.30208,1.28676,1.28596,1.29805,1.2916,1.26822,1.21743,1.11987,1.00942,0.919116,0.861067,0.857035,0.835267,0.819142,0.803017,0.794148,0.824786,0.869935,0.913472,0.951366,1.01062,1.06908
329,1.09069,1.15549,1.16109,1.16426,1.16389,1.16243,1.16134,1.14527,0.983156,0.864856,0.842219,0.820189,0.808019,0.801568,0.781243,0.756049,0.744974,0.759457,0.807532,0.881409,0.954433,0.992163,1.04584,1.08162,1.12408,1.19594,1.22372,1.221,1.21617,1.22493,1.21134,1.20802,1.15911,1.10114,1.04558,0.963758,0.923903,0.901863,0.881331,0.873783,0.841175,0.838759,0.861706,0.894012,0.933867,0.960437,1.00422,1.06098
330,0.957771,1.04242,1.06992,1.06218,1.06648,1.0725,1.08968,1.05875,0.995154,1.18078,1.16531,1.13695,1.12492,1.11418,1.09828,1.06562,1.02179,1.00547,0.948747,0.916091,0.911795,0.89031,0.900623,0.900623,0.916719,1.00839,1.002,1.03824,1.03611,1.03824,1.05103,1.01905,1.00626,1.05103,1.02545,1.01052,0.980676,1.00413,0.980676,0.918851,0.899664,0.869817,0.865554,0.863422,0.889005,0.893268,0.914587,0.920983
331,1.14474,1.14869,1.14562,1.15089,1.14781,1.14869,1.14737,1.13068,0.998901,0.900505,0.805622,0.767406,0.750713,0.766966,0.742367,0.728311,0.707226,0.73446,0.786294,0.887326,0.962002,1.02921,1.08719,1.13903,1.14748,1.15838,1.17255,1.17473,1.16601,1.16165,1.16165,1.15838,1.11043,1.04941,0.969859,0.927359,0.905565,0.937167,0.936077,0.915372,0.896847,0.896847,0.908834,0.974218,1.0396,1.04941,1.10716,1.11697
332,0.884748,0.929145,0.932472,0.934007,0.943219,0.93068,0.927354,0.932216,0.890249,1.31682,1.44925,1.45705,1.45475,1.40933,1.39768,1.38617,1.36109,1.30927,1.17762,1.04071,1.00694,0.943475,0.902276,0.888458,0.881116,0.929996,0.940788,0.945866,0.93317,0.93317,0.936344,0.927457,0.890003,0.912222,0.928727,0.917935,0.872863,0.872229,0.862706,0.857628,0.863976,0.841758,0.823983,0.828427,0.838584,0.808748,0.815731,0.831601
333,1.07884,1.06443,1.05482,1.05194,1.0529,1.04426,1.02889,1.02024,0.883823,0.873256,0.89247,0.871335,0.911683,0.902076,0.87902,0.878059,0.90784,0.917447,0.96452,1.03561,1.07116,1.06059,1.04234,1.06539,1.05577,1.04862,1.06053,1.03193,1.03193,1.04862,1.04385,1.03193,0.97712,0.991419,0.958054,0.960437,0.996186,0.998569,0.998569,0.97712,0.981886,0.974737,1.00572,1.0081,1.04385,1.06768,1.0939,1.06053
335,1.0897,1.09234,1.099,1.09025,1.09025,1.08866,1.08737,1.05595,0.890349,0.812418,0.79214,0.788561,0.814406,0.805808,0.794923,0.780609,0.783392,0.804316,0.859535,0.955259,1.06092,1.08339,1.08508,1.0983,1.11264,1.11338,1.11905,1.11782,1.11091,1.11436,1.1119,1.09636,1.04655,0.994271,0.953336,0.935828,0.945938,0.978982,0.975776,0.966159,0.966406,0.989093,1.03792,1.06702,1.07984,1.07935,1.08342,1.1008
340,1.0001,0.979832,1.0001,0.995034,0.985821,0.991349,0.969237,0.981214,0.983978,0.989045,0.979371,0.99273,0.986742,1.02083,0.993191,0.997798,0.990888,1.00978,1.03004,0.986742,1.00839,1.00839,1.02406,0.995955,0.994237,0.966809,1.00795,0.975952,1.02623,1.05366,1.00795,0.964524,0.989665,0.980523,0.994237,1.06166,1.04109,1.05366,1.00566,1.01024,0.97138,0.985094,1.01938,1.01709,0.975952,1.00109,0.991951,1.00338
343,0.338407,0.362579,0.366607,0.350493,0.338407,0.368622,0.35855,0.332364,0.755372,2.10497,2.8684,3.13429,2.83114,2.59647,2.6569,2.61661,2.49071,2.17547,1.33147,1.03335,0.920547,0.719114,0.527753,0.390779,0.364787,0.329807,0.334804,0.319813,0.319813,0.309819,0.329807,0.319813,0.40976,0.669609,0.964436,1.16432,1.07437,1.05938,1.11435,1.15433,1.17931,1.05938,0.92446,0.709585,0.639626,0.514699,0.404763,0.35979
346,0.966276,1.36518,1.29019,1.22377,1.15015,0.965591,1.07619,1.18576,1.11077,1.33128,1.22959,1.1546,1.15186,1.26828,1.10153,1.09365,1.12276,1.1005,0.948128,0.926557,0.871429,0.790963,0.752956,0.760489,0.832447,1.25207,1.22574,1.14674,1.04056,0.923337,1.02782,1.11021,0.925885,0.908047,0.900402,0.837544,0.829049,0.938627,0.890209,0.876618,0.920789,0.958164,0.793373,0.794222,0.733913,0.758546,0.733913,0.703333
347,0.841164,0.826567,0.802846,0.806495,0.806495,0.797372,0.775476,0.788249,0.801021,1.08567,1.38673,1.41958,1.39312,1.40589,1.33199,1.38856,1.38491,1.37122,1.3174,1.0291,0.921448,0.83569,0.839339,0.850287,0.891728,0.900781,0.873621,0.896254,0.887201,0.900781,0.887201,0.878148,0.891728,0.887201,0.941519,0.977732,1.0411,1.05016,1.07732,1.0411,1.00489,0.968679,1.04563,0.991311,0.950573,0.923413,0.93473,0.950573
348,1.16199,1.14752,1.17645,1.17967,1.16038,1.16681,1.17002,1.16038,1.10252,0.781088,0.729658,0.6718,0.652514,0.630013,0.54644,0.552869,0.556083,0.552869,0.572155,0.655728,0.723229,0.822874,1.01574,1.16681,1.39546,1.37951,1.33167,1.33167,1.34762,1.33167,1.3237,1.30775,1.2599,1.15624,1.02865,0.972836,0.917018,0.917018,0.909044,0.885122,0.861199,0.917018,0.877148,0.917018,1.01271,1.08447,1.19611,1.28383
406,1.1181,1.13781,1.11153,1.10365,1.10628,1.1089,1.06949,0.961751,0.793576,0.683211,0.639853,0.656934,0.698977,0.762043,0.725255,0.698977,0.69635,0.717372,0.81197,1.02219,1.11153,1.16409,1.17723,1.13781,1.26465,1.24509,1.23205,1.2125,1.21902,1.15383,1.14079,1.09516,1.01693,0.880039,0.919151,0.886557,0.853963,0.92567,0.853963,0.880039,0.860482,0.867001,0.977821,1.14079,1.25161,1.29724,1.32006,1.29072
408,1.20785,1.25176,1.24887,1.27782,1.27493,1.26528,1.21605,1.07901,0.912041,0.78947,0.757139,0.725772,0.758586,0.751348,0.719016,0.695853,0.742179,0.760517,0.810703,0.858959,0.926518,1.03461,1.10989,1.18903,1.1229,1.17797,1.17318,1.17797,1.19233,1.21388,1.22585,1.15882,1.09178,1.01995,0.957699,0.926573,0.902631,0.909814,0.869111,0.828409,0.842775,0.835592,0.869111,0.909814,0.964881,1.03671,1.09178,1.13727
501,1.09064,1.11171,1.11382,1.12611,1.13279,1.1377,1.12401,1.10609,0.936789,0.981398,0.949785,0.886911,0.839141,0.848624,0.827901,0.800152,0.792424,0.784697,0.819471,0.811743,0.845814,0.910445,0.986315,1.07237,1.20598,1.21992,1.23387,1.23125,1.23735,1.23387,1.23648,1.22602,1.17461,1.11362,1.04914,0.968969,0.892288,0.885317,0.848719,0.83652,0.828678,0.81125,0.831292,0.866147,0.908844,0.95677,1.05436,1.11187
502,1.19199,1.20753,1.20449,1.20111,1.19503,1.19469,1.18928,1.12642,0.940882,0.807726,0.733375,0.695523,0.725601,0.728643,0.716139,0.703634,0.727291,0.738444,0.807388,0.915197,1.04092,1.09195,1.15481,1.18252,1.17544,1.18718,1.18382,1.17628,1.17796,1.18215,1.16957,1.1528,1.09495,1.01363,0.938172,0.93398,0.884514,0.898767,0.898767,0.870262,0.868585,0.864393,0.923919,0.942364,0.985961,1.03123,1.09956,1.12514
506,1.09382,1.10137,1.10463,1.10154,1.09691,1.11389,1.10909,1.08936,0.953193,0.878419,0.863756,0.8683,0.879448,0.884507,0.857839,0.839317,0.823968,0.822424,0.815393,0.861955,0.957309,0.990579,1.03723,1.08267,1.10149,1.12234,1.11936,1.12787,1.11808,1.12489,1.12276,1.10447,1.06192,1.013,0.994276,0.976408,0.975982,0.992575,0.961942,0.941095,0.939393,0.924928,0.943648,0.967473,0.988746,1.0381,1.04108,1.07128
508,1.10498,1.11949,1.10861,1.11223,1.10353,1.11151,1.11151,1.0375,0.888771,0.82565,0.824562,0.822748,0.88732,0.855034,0.836533,0.833631,0.850318,0.881878,0.923596,1.09482,1.171,1.16084,1.1739,1.18043,1.09252,1.11412,1.09612,1.09612,1.10512,1.08712,1.09072,1.04032,0.982727,0.968328,0.93593,0.94133,0.94313,0.93953,0.93053,0.93593,0.908932,0.94313,0.926931,0.979127,0.982727,0.973727,0.975527,0.989926
511,1.13854,1.17553,1.15498,1.15498,1.13854,1.15909,1.1221,1.13443,1.03578,1.0029,0.883704,0.80972,0.82205,0.846712,0.789168,0.756286,0.81794,0.826161,0.756286,0.846712,0.916586,1.06456,1.15498,1.1632,1.15221,1.12162,1.17261,1.1828,1.17261,1.193,1.1828,1.2032,1.16241,1.06045,0.978872,0.927889,0.846317,0.938086,0.876907,0.83612,0.825924,0.856513,0.8973,0.774941,0.83612,0.978872,1.02986,1.12162
512,1.13478,1.14501,1.14084,1.12644,1.12682,1.12682,1.12,1.03889,0.819816,0.7334,0.715207,0.734916,0.765616,0.763721,0.746286,0.740222,0.753488,0.792905,0.870225,1.03623,1.14918,1.19087,1.19315,1.17761,1.13677,1.14711,1.12925,1.13113,1.11514,1.11326,1.10668,1.08129,1.01454,0.958121,0.915809,0.910168,0.921451,0.975045,0.963762,0.948718,0.959061,0.993851,1.01736,1.06437,1.07283,1.07283,1.05309,1.05591
513,1.21464,1.19944,1.20168,1.19944,1.19682,1.1977,1.19358,1.16318,0.878833,0.735788,0.702394,0.664763,0.689809,0.704014,0.659904,0.632117,0.637101,0.652178,0.710493,0.875469,1.01789,1.10125,1.17826,1.21838,1.19256,1.20833,1.20524,1.21389,1.20678,1.19905,1.19194,1.19164,1.10045,1.03708,0.971237,0.945271,0.943726,0.966291,0.930743,0.894886,0.873248,0.896122,0.916524,0.971855,1.01977,1.05346,1.12147,1.12332
516,1.24983,1.28087,1.2874,1.29459,1.30341,1.28185,1.28609,1.21031,0.968898,0.949298,0.949951,0.870571,0.884291,0.839211,0.809484,0.75885,0.780737,0.762444,0.694823,0.69025,0.768324,0.875797,1.0045,1.11917,1.15075,1.21558,1.23665,1.2407,1.24719,1.25043,1.24557,1.20748,1.12239,1.10213,1.04054,0.995967,0.907635,0.850908,0.824975,0.753661,0.741505,0.708279,0.718004,0.748799,0.820113,0.880892,0.995157,1.07376
519,1.02954,1.22836,1.18876,1.14604,1.08184,1.06852,0.962406,0.95024,0.952549,0.980876,0.929905,0.934256,0.958143,1.0734,0.999524,0.977502,0.961074,0.939851,0.933369,0.877691,0.92884,0.930793,0.903088,0.977768,1.04219,1.23957,1.21116,1.12855,1.0889,1.08603,0.985799,0.97104,1.00408,0.968617,0.908918,0.907596,0.935353,1.01135,1.02743,1.01157,1.00122,0.913764,0.932048,0.905834,0.915747,0.981614,0.967735,0.939538
520,0.904711,0.900806,0.902208,0.900205,0.903209,0.900806,0.900405,0.900605,0.932248,1.13792,1.28001,1.31656,1.32517,1.28192,1.26449,1.24427,1.26549,1.25007,1.17117,1.03258,0.955879,0.912621,0.897001,0.895999,0.90421,0.915637,0.911662,0.915637,0.918121,0.918618,0.918618,0.91514,0.918121,0.949917,0.991153,1.01301,1.03388,1.01898,0.996122,0.988173,0.987179,0.968797,0.95737,0.90421,0.89179,0.887815,0.898745,0.900732
522,1.26102,1.25693,1.25409,1.25445,1.24734,1.24094,1.23312,1.20452,0.926265,0.709313,0.614074,0.576228,0.597195,0.601992,0.569476,0.550997,0.57374,0.573563,0.624558,0.738808,0.960558,1.10892,1.21518,1.26617,1.26331,1.26772,1.26904,1.25846,1.24965,1.24788,1.24568,1.23113,1.15796,1.06539,0.98517,0.919492,0.921696,0.916407,0.863071,0.850729,0.844557,0.852492,0.897893,0.972828,1.05217,1.11476,1.18132,1.21174
525,1.15277,1.18967,1.1933,1.19165,1.19956,1.19066,1.18967,1.14783,0.950488,0.849344,0.812444,0.789053,0.786088,0.801902,0.77851,0.756107,0.749188,0.76665,0.808491,0.925778,1.05591,1.11522,1.12609,1.14882,1.12053,1.17611,1.17039,1.17121,1.16303,1.17039,1.1614,1.1475,1.05842,0.966061,0.909666,0.88106,0.856541,0.871253,0.861445,0.885964,0.868801,0.864714,0.888416,0.963609,1.00529,1.03717,1.05024,1.07558
526,1.14901,1.13028,1.12732,1.13043,1.13213,1.13976,1.13857,1.10637,0.981873,0.877283,0.82199,0.796453,0.799562,0.803041,0.773137,0.750339,0.763145,0.747156,0.779355,0.85182,0.956855,1.0422,1.08483,1.12592,1.13609,1.15666,1.14491,1.15207,1.14252,1.16401,1.14821,1.13187,1.09606,1.03198,0.990296,0.976891,0.935575,0.939064,0.920885,0.904542,0.896646,0.914642,0.917947,0.979645,1.01196,1.07697,1.10947,1.11222
527,1.16648,1.19975,1.20471,1.19575,1.19003,1.19632,1.19155,1.1578,1.03672,0.920597,0.832694,0.80333,0.800374,0.790077,0.764241,0.743075,0.719812,0.712376,0.715236,0.765194,0.887038,0.99153,1.07829,1.14388,1.18068,1.20623,1.20055,1.20765,1.21805,1.22373,1.21711,1.20717,1.16649,1.10311,1.00046,0.960724,0.906798,0.896392,0.869902,0.853819,0.84152,0.815031,0.82591,0.856184,0.906325,0.974915,1.04989,1.10453
528,0.994097,0.983652,0.983178,0.986501,0.986501,0.983178,0.98745,0.984602,0.976531,0.984127,1.071,1.07718,1.06673,1.06341,1.04917,1.04774,1.04869,1.04489,1.04584,1.01404,1.00881,0.99742,0.981754,0.98745,0.973966,0.989276,0.984565,0.988099,0.984565,0.976321,0.979855,0.977499,0.979855,0.984565,0.995165,0.993987,0.991632,1.00223,1.00105,0.985743,0.990454,0.990454,0.985743,0.973966,0.975144,0.968078,0.998698,0.975144
529,1.06015,1.06192,1.06015,1.06606,1.0637,1.06488,1.06192,1.03055,0.946495,0.816271,0.802656,0.82219,0.859481,0.897069,0.866585,0.813311,0.794961,0.829293,0.919858,1.04535,1.10868,1.11164,1.09921,1.09625,1.08371,1.08224,1.08077,1.09839,1.09252,1.08811,1.07049,1.07196,1.03525,0.961828,0.930991,0.935396,1.00588,1.04112,1.00882,0.951549,0.930991,0.955955,1.03378,1.05875,1.0514,1.04112,1.04626,1.04406
552,1.2484,1.25385,1.2702,1.26975,1.28383,1.27293,1.27202,1.21523,0.959467,0.728686,0.621018,0.575135,0.573318,0.617838,0.575135,0.563778,0.546514,0.546969,0.589218,0.775932,0.964464,1.07622,1.14073,1.19706,1.24082,1.26562,1.27689,1.28928,1.29154,1.27689,1.27012,1.2442,1.16193,1.01317,0.952312,0.897089,0.899343,0.916248,0.885819,0.84412,0.829469,0.856517,0.910613,0.981614,1.0605,1.11009,1.17771,1.21039
553,0.94322,0.945807,0.941496,0.944945,0.937185,0.942358,0.937185,0.93115,0.919079,0.968223,0.984605,0.977707,0.958739,0.942358,0.918217,0.935461,0.940634,0.921666,0.955291,0.938909,0.959601,0.94322,0.929425,0.938047,1.09082,1.05446,1.02665,1.03521,1.02451,1.0181,1.0181,1.03735,1.00526,1.06943,1.06943,1.0951,1.06943,1.11862,1.05446,1.09082,1.0844,1.12076,1.12932,0.992431,1.02879,1.02451,1.03093,1.0566
558,1.16015,1.01206,1.0076,1.00983,1.02992,1.07978,1.05746,1.06118,1.06267,0.967412,0.901182,0.936158,0.931693,1.00239,0.946576,0.917553,0.960715,0.948064,0.898949,0.983784,1.0195,0.939134,0.993458,1.07383,1.00243,1.07074,0.923049,1.01166,0.978432,0.959971,1.04305,0.948894,1.01535,0.98397,0.956279,1.05043,1.0412,1.1132,0.939664,0.939664,0.961817,0.860281,1.10581,1.02643,0.934125,1.10027,1.13166,1.00058
559,0.953973,0.882099,0.922236,0.902634,0.906368,1.00718,1.00345,0.897034,0.960507,1.15933,1.15466,1.192,1.10612,1.18733,1.12386,1.07625,1.10426,1.09119,1.00251,0.987577,0.935305,0.914769,0.880232,0.967041,0.97257,0.870682,0.847525,0.875313,0.893838,0.923942,1.00962,0.942467,0.822053,1.0073,0.995727,1.16477,1.03741,1.10225,1.06983,1.27824,1.08141,1.07446,1.03741,1.00962,0.970255,0.979517,0.89847,0.817422
568,1.02292,0.975461,0.992777,0.972254,0.969689,0.981874,0.982515,0.949166,1.00368,1.0537,1.06461,1.07551,1.07615,1.07551,1.06717,1.00689,1.00496,1.021,1.02228,1.00624,0.932492,0.931209,0.912611,1.00111,0.903681,0.930728,0.962548,0.932319,0.986413,0.943456,1.0596,1.01187,0.983231,0.962548,1.09937,0.992777,1.01664,1.03732,1.06437,1.03414,0.976867,0.992777,0.980049,0.976867,0.983231,1.0071,1.07073,0.989595
570,1.28468,1.2872,1.27206,1.27647,1.26575,1.26701,1.25565,1.19571,0.598169,0.423388,0.408875,0.386791,0.398149,0.427805,0.417709,0.401303,0.435376,0.436007,0.49595,0.969186,1.21653,1.26827,1.2973,1.30045,1.26321,1.2726,1.25538,1.26008,1.25851,1.25851,1.24756,1.2413,1.05815,0.978323,0.93919,0.951712,0.964235,1.0065,0.983019,0.995541,0.970496,0.997106,1.0425,1.1552,1.21312,1.22095,1.23503,1.24599
575,1.2954,1.48962,1.18389,0.975732,0.926481,0.916259,1.35859,1.55838,1.22663,0.789878,0.615176,0.607742,0.74992,1.4097,0.936703,0.670932,0.700669,0.691376,0.691376,0.879088,1.34186,1.24708,1.11233,1.01197,1.27253,1.47539,1.25869,1.05583,0.993585,0.99589,1.28405,1.53072,1.14112,0.793024,0.712338,0.703117,0.705422,1.27253,0.889846,0.680064,0.710033,0.721559,0.721559,0.721559,1.15265,1.09041,0.889846,0.841435
576,1.11103,1.2276,1.17596,1.1605,1.17473,1.17905,1.24739,1.29934,1.01671,0.729449,0.692343,0.688632,0.681829,0.865506,0.742746,0.707804,0.704403,0.73718,0.834893,0.977444,1.08629,1.12309,1.09928,1.08289,1.06781,1.22813,1.16523,1.13991,1.15142,1.1706,1.20742,1.29794,1.27492,0.970385,0.920523,0.925126,0.883702,0.988796,0.929729,0.885237,0.896743,0.909784,0.942769,0.930496,0.946605,0.923592,0.962714,0.934331
577,1.38332,1.42698,1.44087,1.43293,1.39324,1.40118,1.40912,1.36744,0.992337,0.783946,0.662881,0.531892,0.516015,0.505099,0.466398,0.438613,0.414797,0.434643,0.496168,0.682728,0.869287,1.05982,1.21859,1.34759,1.32935,1.36381,1.34412,1.34412,1.30966,1.29981,1.34904,1.27027,1.21119,1.0881,0.969933,0.822227,0.782839,0.777916,0.694216,0.684369,0.71391,0.708986,0.782839,0.891156,0.97978,1.07333,1.18903,1.34412
578,1.00521,1.02586,1.01554,1.03619,1.02931,1.02586,1.02586,0.970783,0.812428,0.812428,0.791773,0.812428,0.860623,0.860623,0.846853,0.829641,0.843411,0.877836,0.888163,0.919145,0.991438,1.02586,1.05685,1.04996,1.1529,1.1529,1.16144,1.17852,1.16144,1.12728,1.13582,1.1529,1.05042,0.965023,0.999183,0.888163,0.947943,1.00772,1.00772,0.982103,1.00772,0.990643,0.990643,1.0675,1.10166,1.12728,1.11874,1.1102
580,1.30805,1.31812,1.25271,1.23762,1.19737,1.18731,1.17222,1.17725,0.654027,1.21246,1.10933,0.955885,0.777286,0.799925,0.719429,0.638934,0.651511,0.593655,0.558438,0.563469,0.759677,1.06657,1.23762,1.2829,1.28551,1.21063,1.19815,1.21063,1.18567,1.0983,1.12326,1.08582,0.886129,0.886129,0.91109,0.873648,0.823725,0.91109,0.948532,0.89861,0.786283,0.823725,0.89861,0.91109,0.985974,1.0983,1.22935,1.29799
582,0.975811,1.11584,1.03686,0.969028,0.982594,0.955946,0.958368,1.03831,1.05236,1.01506,1.00149,0.986954,0.987439,0.9918,0.973388,0.974842,0.986954,0.972904,0.972419,0.982109,0.974842,0.978718,0.979687,0.956915,1.00004,1.13345,1.05893,1.00364,1.02408,0.984411,0.99643,1.05172,1.03369,0.997632,1.01085,0.989219,0.997632,1.01686,1.00845,0.989219,1.00004,0.990421,0.983209,0.991623,0.99643,0.977199,0.966982,0.977199
584,1.20769,1.22608,1.22812,1.23494,1.22267,1.2145,1.21859,1.12527,0.921604,0.739735,0.705337,0.666851,0.68933,0.718279,0.702953,0.655953,0.634837,0.650844,0.771749,1.00334,1.14162,1.15115,1.17091,1.19407,1.16765,1.18116,1.19468,1.2082,1.2082,1.18961,1.18116,1.1592,1.05612,0.915866,0.902348,0.88376,0.900658,0.946283,0.914176,0.871932,0.834756,0.863483,0.96994,1.01725,1.03246,1.04091,1.07555,1.08822
585,1.16013,1.28426,1.32723,1.37497,1.3511,1.3702,1.332,1.31291,1.16013,1.03123,1.27949,1.26039,1.26516,1.18639,1.16968,1.01213,0.940518,0.985873,0.830711,0.782969,0.71613,0.89755,0.978711,1.0742,0.983026,1.14884,1.18437,1.24359,1.20806,1.17253,1.18437,1.23174,0.935652,0.781684,0.76984,0.67509,0.852746,0.876433,0.710621,0.639559,0.556653,0.509279,0.521122,0.54481,0.509279,0.67509,0.947495,1.05409
587,1.221,1.21685,1.22051,1.22051,1.21612,1.21245,1.20684,1.15653,0.881562,0.740902,0.617582,0.579731,0.577655,0.584615,0.584615,0.530646,0.529303,0.545298,0.61343,0.793405,0.952135,1.06593,1.14823,1.2105,1.26613,1.30066,1.29581,1.30308,1.30793,1.3261,1.30187,1.27764,1.17223,1.10135,0.992306,0.931726,0.899012,0.934149,0.897195,0.866905,0.865088,0.87054,0.90083,0.9917,1.06924,1.10923,1.1795,1.21342
588,1.21709,1.22417,1.23182,1.23794,1.23354,1.23488,1.23278,1.17594,0.832823,0.657915,0.585962,0.566251,0.577924,0.580221,0.559745,0.545584,0.560319,0.560319,0.598018,0.750728,0.933482,1.04658,1.1258,1.1968,1.27466,1.29507,1.31834,1.32498,1.30694,1.30362,1.30504,1.28131,1.165,1.08429,0.988396,0.949468,0.925731,0.933802,0.914813,0.892025,0.880157,0.885854,0.912439,0.984124,1.06103,1.12749,1.19918,1.21959
589,1.09277,1.16327,1.1491,1.13529,1.12766,1.12839,1.14256,1.1273,0.935052,0.815672,0.814582,0.778059,0.82403,0.91779,0.824939,0.816944,0.815672,0.817307,0.859462,0.943047,1.06697,1.09568,1.06915,1.09422,1.10348,1.13052,1.14585,1.12602,1.11069,1.13864,1.13864,1.12421,1.04307,0.973657,0.959232,0.948414,0.961937,0.999801,0.962838,0.918663,0.917762,0.901534,0.961035,0.960134,0.982672,0.986278,0.959232,0.990786
592,1.61781,2.02223,1.60844,0.892869,0.70663,0.767953,0.875551,1.52597,1.3684,0.850142,0.732039,0.713444,0.816926,1.04859,0.827288,0.739847,0.739563,0.746518,0.746376,0.818203,0.941133,0.955328,0.951921,0.939429,1.4931,2.03611,1.63185,1.01559,0.746551,0.769793,0.883888,1.45366,1.46563,0.893044,0.752185,0.752185,0.768384,0.991645,0.88741,0.79726,0.759933,0.829658,0.81698,0.765567,0.886001,0.890227,0.856421,0.904313
594,1.21241,1.30719,1.33615,1.33747,1.32562,1.35458,1.34405,1.31378,1.08999,0.801693,0.649647,0.584485,0.589751,0.539069,0.52788,0.52393,0.548942,0.583169,0.541044,0.606864,0.684532,0.796427,0.910954,1.10183,1.37813,1.40752,1.43364,1.48263,1.43691,1.47283,1.4761,1.49569,1.37813,1.07768,0.963383,0.845818,0.773972,0.734784,0.741315,0.767441,0.780503,0.747846,0.809895,0.862146,0.937257,1.00584,1.10544,1.27362
595,1.04072,1.34311,1.40395,1.42873,1.47947,1.54772,1.58972,1.536,1.47576,1.14236,0.731352,0.665472,0.696187,0.747822,0.587574,0.517095,0.529262,0.525404,0.625856,0.849609,0.680904,0.700935,0.746932,0.850202,1.00562,1.33101,1.39248,1.43261,1.49849,1.59346,1.63653,1.58279,1.59015,1.28537,0.859858,0.814215,0.733603,0.746855,0.654464,0.589312,0.563546,0.585999,0.68023,0.878999,0.675077,0.714463,0.823785,0.888937
596,1.0287,0.999285,1.05089,1.0275,1.02412,1.0451,1.04438,1.0398,1.01424,0.98554,0.975412,0.996391,0.976136,0.972277,0.949128,0.936589,0.92622,0.911992,0.94527,0.946475,0.936589,0.993257,0.987952,0.970589,0.990641,1.0367,1.02534,1.0379,1.03611,1.09054,1.08994,1.06602,1.0391,1.04149,1.03132,1.00859,0.951159,0.942186,1.01696,0.987052,0.960132,0.999016,1.02534,0.986454,1.01337,0.968507,0.996025,0.976284
598,1.2101,1.16227,1.16227,1.14553,1.13596,1.15031,1.14553,0.982905,0.729406,0.667227,0.674402,0.652878,0.741364,0.712666,0.672011,0.628964,0.65527,0.710274,0.758104,1.06661,1.20531,1.24836,1.26749,1.25314,1.23994,1.23401,1.21621,1.20435,1.19248,1.17468,1.18655,1.12722,1.08569,1.00263,0.94924,0.925509,0.913644,0.931442,0.878047,0.872114,0.854316,0.895845,1.00263,1.0679,1.07976,1.03823,1.10942,1.07976
601,1.25049,1.28421,1.30497,1.31794,1.31405,1.32702,1.23622,1.20768,0.948243,0.804255,0.699183,0.620055,0.625243,0.598002,0.56687,0.529252,0.544818,0.52536,0.550007,0.644701,0.797769,0.940459,1.09482,1.196,1.24859,1.30973,1.34835,1.34835,1.35479,1.33548,1.37409,1.32582,1.25503,1.1617,1.01368,0.991149,0.917135,0.884955,0.855993,0.820594,0.817376,0.836685,0.872083,0.862429,0.933225,0.994367,1.05229,1.15849
628,1.22776,1.20337,1.20337,1.1993,1.18711,1.16678,1.16271,1.04482,0.691123,0.841544,0.857806,0.776497,0.857806,0.837479,0.80089,0.739908,0.857806,0.951311,0.979769,0.975703,1.02449,1.09767,1.19524,1.18711,1.22033,1.19008,1.21025,1.25059,1.19008,1.15982,1.15982,1.12956,0.998454,0.8976,0.847173,0.827002,0.837088,0.8976,0.796746,0.786661,0.827002,0.8976,0.837088,0.837088,0.857259,0.978284,1.20016,1.09931
631,1.04048,0.991515,0.993963,0.998859,0.991515,0.974377,1.016,0.891139,0.763834,0.976826,1.06986,1.0772,1.09556,1.10046,1.00131,1.03558,1.02579,1.10658,0.967033,0.996411,1.06986,1.05762,1.02579,1.00376,1.16002,1.07499,1.08714,1.1175,1.08714,1.04462,1.0264,1.03247,0.917081,0.923154,1.00211,0.965668,1.0264,1.00211,0.929227,1.00211,0.88064,0.801686,0.89886,0.88064,0.88064,0.947447,1.01425,1.0264
632,1.09859,1.11306,1.11978,1.10834,1.11104,1.10565,1.08883,1.04172,0.862046,0.76245,0.724092,0.746299,0.811575,0.839166,0.831763,0.78533,0.788022,0.806191,0.880216,0.996636,1.06797,1.09623,1.10162,1.11036,1.1085,1.10015,1.10182,1.09681,1.1085,1.1085,1.09848,1.07177,1.03338,0.983293,0.964929,0.941557,0.96159,0.973276,0.96326,0.949905,0.996648,1.00333,1.0484,1.07177,1.06843,1.06176,1.07511,1.11184
633,1.15008,1.37104,1.14986,1.06926,1.02798,1.07263,1.20396,1.24763,1.03026,0.762701,0.718271,0.698174,0.7564,0.951828,0.84374,0.815496,0.818646,0.819515,0.852539,0.851453,1.01614,1.07317,1.06796,1.09696,1.09547,1.37601,1.18333,1.0952,1.0529,1.07607,1.14129,1.27172,1.17497,0.912222,0.840537,0.831105,0.837304,1.00008,0.93405,0.915994,0.904137,0.901981,0.938093,0.926235,1.01921,1.01597,1.04185,1.04858
637,1.16451,1.28147,1.32708,1.36975,1.35504,1.36239,1.34915,1.24175,1.02253,0.907771,0.883495,0.866575,0.930575,0.969564,0.820966,0.723863,0.728276,0.717977,0.635587,0.729748,0.790069,0.850391,0.84892,1.01517,1.13876,1.2738,1.3249,1.40885,1.34315,1.3395,1.28475,1.25556,1.15336,1.07306,1.00371,0.996414,0.941666,1.00006,0.84312,0.744573,0.678876,0.697125,0.656977,0.689825,0.740923,0.784722,0.806621,0.927067
638,1.13305,1.05217,1.06674,1.13961,1.058,1.11483,1.05071,0.979303,0.947243,0.763623,0.837946,0.865634,0.867092,0.904981,0.913725,0.849604,0.845232,0.788397,0.827745,1.03177,1.09734,1.04925,1.0478,1.13232,0.976109,1.08457,0.947187,0.972493,0.954417,0.947187,1.11349,1.10264,0.961648,0.932726,1.01949,0.958032,0.889343,0.954417,1.04118,0.986954,1.10987,1.01226,1.2111,1.09903,1.05564,1.15325,1.11168,1.04118
643,0.95219,1.01537,1.07403,1.07403,1.07494,1.09389,1.10201,1.0623,0.941359,1.12006,1.12232,1.10382,1.14353,1.10111,1.07313,1.07223,1.09389,1.03342,0.984681,0.914282,0.892621,0.843884,0.847494,0.883596,0.926953,0.953821,1.03666,1.03443,1.06129,1.05234,1.07697,1.0501,0.982928,1.04562,1.05905,0.994123,1.0098,1.04338,1.00532,0.969494,0.944865,0.929192,0.86426,0.859782,0.873216,0.862021,0.835153,0.909041
644,1.3128,1.28437,1.28911,1.27773,1.28247,1.28247,1.2673,1.12133,0.781046,0.638865,0.559244,0.563984,0.546922,0.608059,0.620856,0.583889,0.570145,0.599055,0.672989,0.863511,1.04171,1.18579,1.32607,1.35166,1.32622,1.33327,1.26743,1.31211,1.3027,1.31681,1.3027,1.22275,1.02053,0.933526,0.858279,0.837116,0.808899,0.862982,0.865334,0.797142,0.837116,0.834765,0.815953,0.933526,1.06286,1.08402,1.21452,1.21805
647,1.00936,1.01036,1.02442,0.905911,0.93102,1.00835,0.990276,1.01237,1.0415,1.09975,1.08468,1.10577,1.17708,1.07464,1.10979,1.12787,1.14293,1.06058,1.05455,0.943072,0.957133,0.949098,0.973202,1.04752,0.951763,0.949272,0.804763,0.874526,0.867051,0.909407,1.03648,0.976679,0.921865,1.02153,1.04644,0.999102,1.00658,1.04146,0.999102,0.981662,1.13863,0.931831,0.926848,0.909407,1.04146,0.976679,0.971696,0.874526
651,0.959901,0.938899,0.922839,0.973491,0.966078,0.993257,0.97102,0.988315,1.04761,1.1205,1.09209,1.06862,1.12544,1.08221,1.05626,1.04514,1.05256,1.04638,1.05008,0.982138,0.985844,0.969784,0.962372,1.01302,0.925548,0.95313,0.956195,0.928612,0.934742,1.02055,1.0512,0.937807,0.940871,0.999101,0.983778,0.983778,0.962324,0.980713,1.03588,0.965389,1.01749,1.02668,1.01442,1.0083,1.02668,0.980713,0.992972,0.95926
655,0.563353,0.574257,0.563353,0.556084,0.574257,0.566988,0.563353,0.570622,0.894096,2.28249,2.35336,2.33882,1.96992,1.78092,1.95175,1.93721,1.8518,1.78819,1.44655,0.846847,0.643313,0.483393,0.505201,0.530642,0.676233,0.68525,0.676233,0.658201,0.676233,0.631151,0.667217,0.631151,0.802464,1.10902,1.21722,1.21722,0.973776,1.03689,1.10001,1.04591,1.06394,1.00083,0.784431,0.631151,0.631151,0.622135,0.640168,0.68525
656,1.14739,1.16383,1.18849,1.18849,1.18262,1.20258,1.19906,1.17088,0.973577,0.900764,0.832062,0.758662,0.733999,0.737523,0.697593,0.64592,0.636524,0.656489,0.711686,0.866707,0.944217,0.994716,1.0828,1.15326,1.19741,1.20615,1.23529,1.23529,1.24111,1.27608,1.2382,1.21198,1.12749,1.05174,1.01969,0.906071,0.86237,0.850717,0.85363,0.850717,0.879851,0.856543,0.908985,0.97308,0.970167,1.00513,1.11875,1.15371
659,0.86329,0.733446,0.719409,0.719409,0.733446,0.687825,0.698353,0.652732,0.649222,1.43882,2.26,2.35124,2.29509,2.26,2.20034,2.18279,2.12664,2.08804,1.98978,1.21773,0.993135,0.898383,0.852762,0.726427,0.583288,0.565876,0.574582,0.574582,0.565876,0.565876,0.574582,0.548465,0.548465,0.626817,0.766109,0.774815,0.748698,0.792227,0.853167,0.818344,0.792227,0.731286,0.66164,0.548465,0.522347,0.609405,0.72258,0.591994
681,1.19121,1.16363,1.13605,1.15329,1.17053,1.16018,1.15674,1.11191,0.920561,0.827471,0.801612,0.743,0.748172,0.761963,0.713693,0.705074,0.718865,0.710246,0.770582,0.90677,0.97745,1.05503,1.11709,1.12398,1.14613,1.15468,1.16323,1.17606,1.18462,1.14613,1.18034,1.17606,1.10336,1.02211,0.962233,0.872425,0.898084,0.885254,0.833935,0.859595,0.898084,0.902361,0.923744,1.02638,1.07342,1.12474,1.22738,1.21455
682,1.15843,1.76596,1.4196,1.15843,1.06712,0.980918,1.36757,1.80626,1.39053,0.671799,0.646804,0.621809,0.672819,1.34411,1.03856,1.0202,1.01969,1.01152,0.98755,0.621809,0.77943,0.741682,0.67996,0.705465,1.15281,1.80451,1.45145,1.25531,1.1351,1.02374,1.28189,1.66531,1.54003,0.702317,0.630187,0.631452,0.563119,1.02753,0.863027,0.847842,0.850372,0.851638,0.84278,0.516298,0.630187,0.663088,0.695989,0.695989
686,0.973738,0.984718,0.985427,0.979051,0.97055,0.963466,0.9748,0.971967,0.969133,1.23692,1.25215,1.19796,1.14978,1.11932,1.10373,1.1009,1.08177,1.06406,1.00101,0.865702,0.872787,0.888372,0.921668,0.967008,0.975386,0.982416,0.977144,0.964842,0.977144,0.956054,0.970114,0.950782,0.934965,1.0369,1.02987,1.05799,1.01054,1.01757,1.00526,0.999991,1.00702,0.987688,0.966599,0.885756,0.875212,0.906846,0.949024,0.978901
687,1.11706,1.2106,1.28764,1.29865,1.33166,1.38119,1.4142,1.26563,0.913454,0.841919,0.781389,0.770383,0.786891,0.786891,0.797897,0.715356,0.687842,0.64382,0.632815,0.638317,0.693345,0.880438,0.962979,1.08954,1.16034,1.3924,1.3924,1.35145,1.3378,1.3651,1.3651,1.40605,1.11938,0.900967,0.873665,0.846363,0.832712,0.955571,0.846363,0.860014,0.778108,0.6689,0.696202,0.860014,0.860014,0.955571,1.017,1.22859
690,1.3682,1.78231,1.21787,0.861918,0.772612,0.741148,1.42223,1.93264,1.48547,0.667097,0.584147,0.579379,0.594317,1.28239,1.06437,1.04625,1.0542,1.05229,1.05102,0.585418,0.948364,0.916583,0.849523,0.978557,1.21733,1.7582,1.30012,0.999728,0.868849,0.843619,1.20078,1.83625,1.57134,0.65282,0.581861,0.583438,0.46675,1.0155,0.87831,0.880676,0.883041,0.886983,0.885406,0.525094,0.875157,0.809717,0.787641,0.853081
691,1.30182,1.30399,1.31783,1.32605,1.32692,1.32302,1.32562,1.26332,0.860527,0.618247,0.55162,0.496674,0.494079,0.534314,0.482397,0.458169,0.469851,0.477206,0.537776,0.714727,0.912012,1.063,1.20232,1.26245,1.27507,1.32658,1.32444,1.32873,1.32658,1.31907,1.32551,1.29761,1.15164,1.02928,0.944494,0.845751,0.836091,0.902635,0.85863,0.850044,0.826432,0.866144,0.906928,1.00674,1.08187,1.17954,1.24609,1.32014
693,0.97991,0.945947,0.93701,0.933435,0.932005,0.936652,0.932005,0.940585,0.96561,1.20299,1.26448,1.25983,1.24804,1.213,1.20442,1.17189,1.19048,1.17618,1.16224,1.05284,0.999572,0.961677,0.943802,0.937367,0.909049,0.908162,0.903728,0.906388,0.903728,0.918805,0.909049,0.901067,0.902841,0.944524,0.981773,0.980886,0.98266,0.953393,0.959601,0.962261,0.949845,0.95428,0.964035,0.934768,0.938316,0.938316,0.948958,0.951619
698,1.16684,1.15249,1.16069,1.16274,1.14838,1.13608,1.14223,1.12378,0.906404,0.885897,0.818224,0.803869,0.791565,0.826427,0.797717,0.762856,0.77516,0.773109,0.793616,0.918708,1.0397,1.06841,1.12378,1.19555,1.18025,1.18534,1.17007,1.15481,1.17516,1.17516,1.1599,1.14973,1.0785,1.00219,0.895361,0.859751,0.849576,0.875012,0.905536,0.869925,0.859751,0.885187,0.910623,0.986932,1.00219,1.02763,1.0785,1.08868
699,1.12847,1.1437,1.14487,1.15542,1.15132,1.14136,1.13784,1.11324,0.889417,0.798014,0.747919,0.721845,0.730048,0.726533,0.734149,0.718916,0.74118,0.761687,0.824966,0.903479,1.03121,1.07515,1.11148,1.15073,1.16717,1.17299,1.17589,1.17299,1.17153,1.17008,1.1788,1.15118,1.07706,1.01455,0.956414,0.909901,0.938971,0.943332,0.934611,0.941878,0.938971,0.956414,0.975309,1.00147,1.04799,1.04653,1.07269,1.10031
700,1.09724,1.10032,1.09473,1.09584,1.095,1.09473,1.08662,1.07012,0.893676,0.818457,0.793431,0.789376,0.822372,0.827125,0.819855,0.806713,0.810068,0.817479,0.87606,0.943169,1.04132,1.06956,1.09808,1.10675,1.11058,1.1196,1.11336,1.12238,1.12307,1.11128,1.11336,1.1085,1.06133,1.01139,0.980864,0.957973,0.943406,0.971153,0.953117,0.931613,0.954505,0.95936,0.991963,1.03567,1.0648,1.05648,1.06445,1.07174
701,1.0461,1.05943,1.0842,1.09373,1.08992,1.09945,1.08611,1.0842,1.03657,0.979404,0.954633,0.952728,0.967971,0.990837,0.958444,0.937484,0.96035,0.973688,0.98512,0.98512,0.98512,0.96035,0.966066,1.00036,0.95958,0.973761,1.03994,1.01158,1.0163,1.01158,1.0163,1.00685,1.00212,0.969034,0.992669,0.978488,0.973761,0.992669,0.964307,0.978488,0.964307,0.997396,0.997396,0.964307,0.983215,0.978488,1.00685,0.983215
703,1.13523,1.13688,1.13717,1.13481,1.12801,1.1299,1.12216,1.07884,0.890669,0.779689,0.738214,0.724294,0.728541,0.73727,0.736468,0.715989,0.725615,0.734297,0.7879,0.896237,1.03657,1.10489,1.14226,1.15727,1.14879,1.14715,1.13333,1.13848,1.13146,1.13076,1.1338,1.11671,1.06263,1.01885,0.973202,0.945342,0.955643,0.979523,0.972499,0.959155,0.958219,0.97367,1.00153,1.04624,1.09634,1.11133,1.10969,1.11648
704,1.17396,1.16334,1.15656,1.16025,1.16025,1.15302,1.14064,1.08168,0.826958,0.694143,0.661271,0.636654,0.640339,0.672474,0.639602,0.624124,0.630905,0.658765,0.743672,0.925721,1.08374,1.13622,1.166,1.17631,1.19323,1.19177,1.18701,1.18006,1.18445,1.18262,1.18299,1.15629,1.08462,1.02721,0.966505,0.941638,0.932496,0.966139,0.96431,0.955168,0.96687,0.993931,1.02319,1.07804,1.11168,1.11973,1.15995,1.1435
705,0.993834,1.00004,1.00004,0.992456,0.990388,0.984875,0.979361,0.927671,0.896656,0.953171,1.02967,1.0214,1.0407,1.04966,1.01658,0.978672,0.988321,0.983496,0.994524,1.01106,1.02692,1.01865,1.00417,1.0152,1.05663,1.04466,1.05663,1.05663,1.0515,1.04979,1.0515,1.0344,0.99508,0.986531,1.01902,1.00876,1.04979,1.00705,0.976273,0.948917,0.981402,0.964305,0.957466,0.955756,0.947207,0.936948,0.976273,0.989951
706,1.0846,1.11518,1.11836,1.12153,1.12948,1.12074,1.12392,1.09294,0.962676,1.11518,1.08897,0.989681,0.965853,0.939641,0.878481,0.837973,0.837178,0.839561,0.849887,0.865773,0.897544,0.96903,1.03813,1.07388,1.11724,1.13892,1.14089,1.13892,1.14286,1.13497,1.13695,1.13497,1.01675,0.975369,0.963546,0.937931,0.896551,0.924137,0.882758,0.829556,0.817734,0.817734,0.84729,0.84729,0.906403,0.991132,1.06108,1.14286
708,1.45008,2.00218,1.63967,1.48181,1.59128,1.63491,1.93158,2.0244,1.14388,0.473575,0.42836,0.394249,0.67189,1.52385,0.85196,0.484681,0.381557,0.378384,0.38949,0.440259,0.642539,0.768668,0.660784,0.706,1.36178,1.98167,1.62745,1.45624,1.6058,1.85966,1.91869,2.0289,1.40704,0.50378,0.427033,0.393578,0.501812,1.33423,0.804868,0.423097,0.36406,0.383739,0.379803,0.43884,0.641533,0.712377,0.684826,0.663179
709,1.11726,1.13304,1.13838,1.14533,1.14373,1.14908,1.13624,1.10523,0.973694,0.887072,0.842691,0.820769,0.818095,0.815689,0.797776,0.795638,0.819699,0.82772,0.882259,0.931987,1.00524,1.05604,1.07956,1.10897,1.09036,1.09169,1.10893,1.10363,1.1023,1.09965,1.10761,1.08373,1.03598,1.02271,0.986897,0.945776,0.951082,0.947102,0.916594,0.936491,0.928532,0.933838,0.961694,0.994856,1.01873,1.02006,1.03133,1.04924
710,1.0143,1.02633,1.0411,1.04,1.03454,1.04492,1.04985,1.00993,0.912053,1.01649,1.07418,1.05586,1.05859,1.01758,0.972748,0.933925,0.92463,0.918615,0.936659,0.933378,0.948689,0.992979,1.01485,1.05149,1.05533,1.06619,1.08111,1.07975,1.07161,1.06076,1.06076,1.05398,1.02685,1.02278,1.04041,1.03227,0.983442,0.986154,0.935965,0.931896,0.889845,0.895271,0.934609,0.919687,0.927826,0.952243,0.973268,0.994293
711,1.10463,1.10463,1.11118,1.12591,1.10791,1.11445,1.11282,1.02772,0.757697,0.780608,0.825611,0.839522,0.877161,0.836249,0.819884,0.819884,0.80761,0.790427,0.811701,0.922983,0.986806,1.02117,1.08991,1.13245,1.10832,1.14079,1.14079,1.12861,1.10426,1.13267,1.12455,1.10426,1.00276,0.958104,0.970284,0.974344,0.966224,0.978403,0.994642,1.02306,0.925626,0.933746,1.03524,1.09614,1.07584,1.04336,1.02103,1.08802
712,1.13534,1.23881,1.21069,1.18617,1.18257,1.17536,1.15949,1.11623,1.00086,0.840778,0.751004,0.70882,0.717473,0.743432,0.698725,0.658345,0.716752,0.654018,0.626617,0.82852,0.990762,1.10902,1.16959,1.14291,1.23787,1.32731,1.30763,1.26649,1.25576,1.24324,1.25576,1.22714,1.17884,1.00174,0.937347,0.858638,0.822862,0.817495,0.801396,0.790663,0.837172,0.826439,0.833595,0.962391,1.06256,1.06793,1.13859,1.17884
715,1.20454,1.17392,1.17473,1.17231,1.186,1.19165,1.14894,1.11994,0.875807,0.769453,0.750922,0.736419,0.75495,0.786373,0.714665,0.711442,0.73803,0.754145,0.750116,0.838744,0.973298,1.11188,1.14411,1.1989,1.21326,1.24524,1.20926,1.23325,1.23125,1.23325,1.20327,1.19127,1.01338,0.919439,0.895454,0.86947,0.93343,0.893455,0.823498,0.847483,0.83549,0.853479,0.875466,0.937428,1.04736,1.16929,1.1473,1.19727
716,1.25875,1.26598,1.27737,1.27393,1.26688,1.26255,1.25694,1.21212,0.906336,0.742238,0.68784,0.606152,0.596212,0.592236,0.546332,0.523019,0.530067,0.546513,0.609224,0.746756,0.903083,1.02634,1.15538,1.2414,1.30421,1.32842,1.3208,1.31991,1.3226,1.32439,1.31497,1.31004,1.22934,1.13564,1.02714,0.940163,0.872464,0.845116,0.825389,0.806559,0.799834,0.825389,0.852738,0.915505,0.971995,1.03431,1.1603,1.17913
718,0.968585,0.98866,0.983641,0.968585,0.983641,0.978623,0.98866,0.95353,0.853158,0.908363,0.946002,0.898326,0.838103,0.858177,0.923418,1.01375,0.998697,0.98866,0.998697,1.02881,0.993678,0.9184,0.853158,0.893307,1.10804,1.15784,1.14539,1.12049,1.14539,1.09559,1.12049,1.12049,1.04579,0.983545,0.908845,0.908845,0.921295,0.896395,1.03334,1.05824,1.05824,1.15784,1.09559,1.05824,1.08314,1.00844,1.00844,1.03334
719,1.2027,1.20511,1.21475,1.21957,1.21716,1.21475,1.21475,1.06532,0.865272,0.588095,0.563993,0.489276,0.482045,0.566403,0.595326,0.568814,0.590506,0.63389,0.785734,1.03881,1.16896,1.18824,1.16896,1.23163,1.17193,1.24368,1.2377,1.23172,1.23172,1.2377,1.20182,1.17193,1.05234,0.974612,0.91482,0.91482,0.932758,0.980592,0.938737,0.99255,0.968633,0.962654,1.02245,1.02843,1.0942,1.11213,1.14203,1.15997
724,1.10268,1.11747,1.12906,1.12854,1.12127,1.12629,1.12802,1.10173,0.963883,0.961376,0.970975,0.952122,0.942523,0.930676,0.903349,0.872044,0.86158,0.861839,0.863396,0.845409,0.906116,0.95783,1.02252,1.07925,1.0924,1.1117,1.11986,1.1293,1.13402,1.13659,1.13316,1.13015,1.08639,1.02761,0.99457,0.98513,0.935359,0.924632,0.900605,0.88473,0.870999,0.862847,0.877865,0.891595,0.927207,0.953809,0.997788,1.04177
728,1.13487,1.1475,1.13487,1.14329,1.1454,1.13908,1.11802,1.02328,0.74535,0.610597,0.561118,0.551643,0.53901,0.641127,0.654813,0.585331,0.614808,0.616914,0.64218,0.875891,1.12013,1.14119,1.14119,1.11171,1.1439,1.13345,1.123,1.13867,1.15434,1.10733,1.13345,1.13345,1.04466,1.02376,0.992423,0.97153,0.919297,1.076,1.04988,1.04988,1.10733,1.08644,1.10733,1.2797,1.30582,1.29015,1.25098,1.23792
729,1.15636,1.28112,1.29855,1.3111,1.30691,1.32155,1.33201,1.34525,1.10338,1.0539,0.97792,0.943069,0.991861,1.01904,0.889398,0.874761,0.874064,0.678201,0.686565,0.630107,0.600135,0.58968,0.800877,0.99674,1.0738,1.20522,1.22769,1.25709,1.26228,1.28303,1.28476,1.35565,1.26401,1.11357,1.11184,1.10147,1.00118,0.980427,0.887053,0.89224,0.880136,0.686472,0.605202,0.558515,0.575806,0.574077,0.784168,0.971781
731,1.1139,1.06041,1.05608,1.12475,1.08716,1.11463,1.10451,0.993189,0.875365,0.869582,0.926326,0.878256,0.904279,0.89452,0.864522,0.805249,0.836331,0.829826,0.782118,0.773444,0.941867,0.996803,1.02283,1.11174,1.10282,1.14228,1.11358,1.16021,1.11179,1.14407,1.1369,1.12434,1.09565,1.00958,1.00061,1.0042,0.970127,0.989852,0.984473,1.00061,0.946815,0.946815,0.980887,0.92709,1.0311,1.01137,1.04634,1.05082
732,0.860157,0.883357,0.872649,0.883357,0.861942,0.890495,0.886926,0.872649,1.08858,1.20101,1.35983,1.30273,1.30451,1.30273,1.25276,1.19565,1.14926,1.18852,1.11713,1.01363,0.952954,0.913694,0.920832,0.91191,0.911978,0.858853,0.903124,0.89427,0.89427,0.89427,0.885416,0.911978,0.965103,1.04479,1.09792,1.08021,1.03594,1.04479,1.00937,0.991666,0.982812,0.991666,0.929687,0.920832,0.858853,0.876562,0.907551,0.920832
733,1.35839,1.36163,1.3718,1.36785,1.36728,1.36135,1.35839,1.21888,0.765752,0.548438,0.505512,0.465269,0.455102,0.473317,0.447053,0.431097,0.424319,0.437169,0.481931,0.685547,0.960473,1.12568,1.28087,1.36615,1.38752,1.40118,1.41274,1.40679,1.39628,1.39383,1.37876,1.36265,1.20712,1.05684,0.932487,0.861027,0.821093,0.821443,0.783261,0.778357,0.772051,0.793069,0.823895,0.929334,1.03407,1.11359,1.23234,1.28103
737,0.899806,0.929567,0.94007,0.957576,0.957576,0.961077,0.957576,0.948823,1.13964,1.38122,1.39172,1.35321,1.28844,1.18165,1.13789,1.11513,1.11513,1.12913,0.992588,0.989087,1.02585,1.08712,1.06261,0.978583,0.929365,0.955422,0.990164,1.00754,0.981478,1.00319,1.00319,1.00754,0.925022,0.959764,0.951079,0.93805,0.925022,0.946736,0.942393,0.877251,0.90765,0.864222,0.807766,0.807766,0.816451,0.82948,0.846851,0.855537
741,1.07803,1.12565,1.13517,1.14279,1.13612,1.14755,1.13993,1.06851,0.958038,0.924707,0.883281,0.847569,0.862806,0.829475,0.810428,0.783763,0.778049,0.77424,0.799953,0.816142,0.92185,0.971371,1.03137,1.06279,1.09856,1.17416,1.17652,1.1718,1.16235,1.17889,1.16944,1.16944,1.07257,1.04659,0.966261,0.926099,0.956811,0.982799,0.937911,0.897749,0.923736,0.928461,0.940274,0.985161,0.992249,0.987524,1.03832,1.08675
744,1.0784,1.07476,1.06908,1.06989,1.06233,1.0653,1.06908,1.04747,0.944261,0.89563,0.905221,0.889956,0.88131,0.888335,0.891577,0.8805,0.873205,0.877258,0.874286,0.922377,1.00964,1.04666,1.07232,1.08367,1.08847,1.0945,1.09517,1.08646,1.08445,1.09249,1.07909,1.06501,1.03954,1.02145,0.991957,0.974531,0.957105,0.976542,0.963137,0.934987,0.924933,0.924933,0.949062,0.990617,1.01408,1.0315,1.06501,1.08244
745,1.22335,1.20793,1.21821,1.21821,1.21564,1.20664,1.22078,1.19508,1.01389,0.826275,0.638661,0.552563,0.569269,0.624525,0.567984,0.503732,0.525578,0.549993,0.645086,0.771019,0.927793,1.10127,1.16552,1.23106,1.25921,1.25921,1.25921,1.25921,1.25602,1.25283,1.26558,1.24964,1.19545,1.06794,0.997802,0.927669,0.819282,0.940421,0.934045,0.921293,0.924481,0.927669,0.889415,0.940421,1.06156,1.10619,1.16676,1.19864
746,1.19879,1.18855,1.18595,1.19395,1.1906,1.18893,1.18781,1.1461,0.902354,0.816513,0.783369,0.73961,0.7249,0.744824,0.709631,0.6817,0.665128,0.667735,0.719686,0.851892,1.00756,1.07981,1.142,1.18204,1.20149,1.20288,1.22089,1.20657,1.20611,1.20565,1.19687,1.18578,1.12758,1.04259,0.980224,0.914629,0.919249,0.916939,0.882294,0.861507,0.831019,0.838872,0.856888,0.944193,1.01579,1.05136,1.13913,1.15206
751,1.19802,1.19949,1.20074,1.20952,1.21872,1.20785,1.20576,1.11963,0.834916,0.710745,0.652213,0.636325,0.677716,0.652631,0.631308,0.609568,0.62002,0.644269,0.724123,0.977901,1.21119,1.22457,1.23084,1.25258,1.16578,1.16889,1.1803,1.19171,1.19275,1.20727,1.20105,1.17615,1.08385,0.968719,0.86189,0.891968,0.880559,0.91686,0.910637,0.897154,0.923083,0.979091,1.00502,1.03614,1.06518,1.06206,1.10666,1.07658
771,1.49668,1.56047,1.59673,1.60881,1.60546,1.56584,1.54905,1.37179,1.04546,0.751362,0.606327,0.541195,0.539852,0.515008,0.432419,0.345801,0.355873,0.329686,0.384746,0.560668,0.803735,0.948099,1.12268,1.30464,1.38922,1.49583,1.52748,1.5508,1.53914,1.51748,1.49916,1.44919,1.32259,1.11271,0.922816,0.834532,0.746248,0.716265,0.606327,0.541363,0.553023,0.553023,0.556355,0.654633,0.791223,0.88617,1.08106,1.21099
773,1.29705,1.28104,1.28619,1.26388,1.24673,1.24844,1.22728,1.1678,0.888721,0.76748,0.7223,0.690274,0.664539,0.686843,0.643951,0.623363,0.613641,0.609065,0.622219,0.685699,0.804653,0.947054,1.11062,1.25473,1.29956,1.31233,1.30523,1.28679,1.25984,1.25558,1.25416,1.21018,1.12647,1.04986,0.960482,0.930689,0.889546,0.91792,0.878196,0.854077,0.790234,0.855496,0.864009,0.920758,0.956226,1.03993,1.20734,1.22153
775,0.460009,1.44706,1.45053,1.49965,1.5141,1.51757,1.30952,0.961628,0.819464,1.26214,1.42684,1.05583,0.748382,1.03907,1.12402,1.10032,0.985322,0.785368,0.803283,0.620088,0.347897,0.211512,0.638003,0.470412,0.43726,1.52396,1.35192,1.36769,1.4193,1.38776,1.33759,1.21286,1.16412,1.09817,1.10247,1.03652,0.951937,1.03365,1.04082,1.08383,0.943335,0.801404,0.831511,0.728289,0.603562,0.569155,0.721121,0.65374
777,1.15178,0.97985,0.934905,1.01017,0.938966,0.960897,0.943027,0.975247,0.927053,0.890502,0.829447,0.779223,0.89727,1.24302,0.919743,0.76379,0.848806,1.06432,0.995012,1.06541,1.16423,1.19564,1.19672,1.19347,1.15931,1.06191,0.89601,0.862427,0.972581,0.941684,1.0505,1.04646,1.08945,0.920862,0.754959,0.806678,0.865113,1.1405,0.988029,0.840933,1.00415,1.07535,1.05856,1.074,1.12169,1.20296,1.11397,1.08341
781,1.01905,1.08554,1.1112,1.1182,1.1112,1.1112,1.06921,0.999222,0.85381,1.09253,1.19907,1.18896,1.22006,1.17146,1.06687,0.976671,0.960342,0.986391,0.997667,0.81804,0.769051,0.795489,0.847589,0.936236,1.08606,1.142,1.19023,1.17865,1.14586,1.14586,1.14007,1.0957,1.01854,0.987677,1.03012,1.02626,0.972245,0.956813,0.933664,0.868076,0.854572,0.852643,0.833353,0.785126,0.744616,0.767765,0.824672,0.914373
783,0.990286,1.00761,0.995557,0.997063,0.995557,0.991039,0.997063,0.982002,0.960916,1.0317,1.09948,1.10852,1.10249,1.06333,1.05128,1.01514,1.00008,0.968447,0.971459,0.968447,0.96694,0.96694,0.97899,1.00761,0.993877,0.986404,0.997613,0.990141,0.997613,1.00882,0.993877,0.990141,0.971459,0.971459,1.03871,1.02377,1.01256,1.03124,1.01256,0.997613,0.945304,0.930359,0.967723,0.975195,0.975195,0.986404,0.986404,0.997613
790,1.05834,1.04109,1.04055,1.04109,1.03138,1.05133,1.04378,1.04486,0.963451,0.908998,0.882041,0.86964,0.89498,0.912772,0.88258,0.903067,0.899293,0.914928,0.934877,0.991487,1.0179,1.04486,1.07883,1.06104,1.05662,1.04324,1.07401,1.04324,1.04592,1.03656,1.04324,1.03656,1.01516,1.00178,1.01114,1.00045,0.988408,0.99242,0.983058,1.00847,0.995095,0.993758,0.989745,1.00981,1.01649,1.00713,1.06063,1.03388
792,1.07513,1.06599,1.07208,1.04772,1.04772,1.04772,1.05685,1.04467,0.913707,0.895433,0.797971,0.791879,0.831473,0.941118,0.950255,0.941118,0.889341,0.864976,0.858884,0.86193,1.01421,1.02335,0.925889,1.08427,1.18624,1.22402,1.18624,1.17113,1.16357,1.17868,1.16357,1.14846,1.11068,1.0049,0.831122,0.838677,0.899123,0.952012,0.974679,0.936901,0.92179,0.914234,0.936901,0.98979,1.06535,1.08046,0.974679,1.10313
795,1.19295,1.19774,1.19419,1.19313,1.19579,1.19437,1.19384,1.09456,0.848403,0.717688,0.691758,0.647713,0.645049,0.670446,0.640254,0.618764,0.63013,0.660322,0.731008,0.870425,1.0308,1.13168,1.19366,1.21142,1.19752,1.21999,1.21779,1.21514,1.21294,1.20457,1.20633,1.18298,1.09751,1.02921,0.949027,0.916424,0.915983,0.918186,0.903647,0.886904,0.881177,0.922592,0.962245,1.02305,1.09442,1.12482,1.15919,1.16227
799,1.309,1.29538,1.29804,1.30545,1.29627,1.29952,1.29775,1.20801,0.910082,0.685301,0.642655,0.594974,0.585497,0.623701,0.583128,0.554105,0.586978,0.584608,0.63377,0.763486,0.925778,1.06349,1.18402,1.25688,1.26073,1.2791,1.27689,1.27028,1.26514,1.2622,1.25706,1.22767,1.15567,1.0271,0.952893,0.877955,0.861057,0.869139,0.849302,0.840486,0.826527,0.809629,0.868404,0.935261,1.04253,1.09836,1.18506,1.21371
802,0.876214,0.82784,0.829665,0.837423,0.826471,0.826927,0.824189,0.80274,0.931434,1.46036,1.49048,1.45351,1.44393,1.41837,1.42248,1.41107,1.417,1.38369,1.12767,0.998519,0.912723,0.848376,0.835141,0.821451,0.854756,0.857021,0.841171,0.836642,0.840039,0.845699,0.844567,0.845699,0.884192,1.07552,1.1242,1.06873,1.04835,1.01552,0.999669,0.988347,0.953251,0.954383,0.878531,0.817396,0.800414,0.816264,0.902306,0.879663
804,1.08478,1.13684,1.14289,1.16105,1.17073,1.17921,1.17437,1.14773,1.06056,1.12412,1.01213,0.929202,0.876538,1.00426,0.893487,0.795421,0.745783,0.704015,0.710673,0.726412,0.835374,0.923754,0.894698,0.952811,1.03318,1.15032,1.12629,1.19236,1.20137,1.19537,1.20438,1.19236,1.20438,1.08124,1.03619,0.976117,0.946082,0.964103,0.907038,0.89202,0.807924,0.780893,0.77789,0.843965,1.00315,1.03318,1.00615,1.05721
805,0.400021,0.348333,0.352827,0.355075,0.348333,0.352827,0.355075,0.355075,0.537107,2.82487,2.86532,2.74172,2.69452,2.56418,2.49901,2.49901,2.48552,2.38889,1.85852,1.02028,0.606773,0.375301,0.307881,0.305634,0.351228,0.362379,0.356803,0.367954,0.351228,0.356803,0.362379,0.362379,0.440429,1.03696,1.19864,1.23209,1.20979,1.17076,1.11501,1.04811,1.00908,0.975634,0.852983,0.546355,0.49618,0.446004,0.468305,0.440429
809,1.21264,1.21553,1.21442,1.21464,1.20528,1.20929,1.20662,1.15581,0.911817,0.698792,0.623253,0.569551,0.563312,0.589606,0.561307,0.516295,0.498246,0.522312,0.603199,0.809538,1.0161,1.12573,1.19124,1.22511,1.26478,1.26533,1.25483,1.25041,1.25151,1.25538,1.24598,1.22664,1.1791,1.06633,0.972354,0.923708,0.909889,0.949689,0.933659,0.883355,0.881696,0.888883,0.943056,1.0514,1.11166,1.17689,1.22498,1.22885
832,1.22931,1.2376,1.24221,1.24773,1.24451,1.24174,1.24819,1.14272,0.80695,0.708384,0.670616,0.612121,0.585868,0.599225,0.562378,0.559614,0.562838,0.558693,0.620412,0.773788,0.922097,1.06258,1.16206,1.20398,1.30258,1.31743,1.33114,1.32886,1.31972,1.31857,1.31515,1.29229,1.16204,1.06606,0.981504,0.901521,0.856959,0.891238,0.83525,0.821538,0.803257,0.810112,0.868385,0.948368,1.06149,1.15061,1.22945,1.28087
842,1.37067,1.37782,1.38544,1.38267,1.38198,1.38406,1.38475,1.30139,0.846045,0.611212,0.51908,0.467357,0.496682,0.487446,0.43249,0.407782,0.433875,0.44796,0.519773,0.760147,1.01391,1.15662,1.24528,1.33095,1.34328,1.39999,1.40056,1.40801,1.40515,1.404,1.39885,1.36734,1.19836,1.0414,0.893612,0.801386,0.771026,0.787066,0.738375,0.706297,0.697132,0.698277,0.775609,0.945166,1.06603,1.13019,1.22127,1.25621
844,0.632917,2.23315,1.9784,1.80869,1.79434,1.81551,1.79685,1.80797,1.43016,0.794375,0.562234,0.511285,0.984178,0.896632,0.468947,0.443831,0.655162,0.937176,0.82272,0.549676,0.384271,0.561157,0.351979,0.320046,0.655997,2.08281,1.81489,1.67782,1.69562,1.72767,1.66358,1.69473,1.34137,0.78506,0.501121,0.533164,0.957737,0.864278,0.422793,0.457507,0.630184,0.88653,0.88208,0.545626,0.373838,0.559867,0.401431,0.302631
848,0.80584,0.777465,0.777465,0.764224,0.76044,0.754766,0.718824,0.703691,0.841781,1.73653,1.7195,1.6533,1.55115,1.42252,1.4263,1.42819,1.40549,1.39792,1.09715,0.858806,0.877722,0.837998,0.834214,0.830431,0.863462,0.858769,0.868155,0.872848,0.863462,0.844691,0.807149,0.797764,0.854077,1.07464,1.13564,1.07933,1.11687,0.994859,1.02771,0.999551,1.00424,0.966702,0.849384,0.830613,0.844691,0.802457,0.844691,0.816535
849,1.2909,1.31816,1.33982,1.35065,1.34463,1.33501,1.31776,1.28047,1.00015,0.769564,0.725051,0.642841,0.64645,0.675324,0.62279,0.578276,0.555418,0.549803,0.588703,0.693771,0.807261,0.918745,1.05229,1.17981,1.25152,1.34105,1.3699,1.37687,1.35797,1.351,1.32812,1.32613,1.22764,1.13214,1.03862,0.935156,0.849599,0.857558,0.789909,0.766032,0.752104,0.744146,0.758074,0.791898,0.857558,0.937146,1.10925,1.16696
851,1.36643,1.36415,1.36791,1.36541,1.35994,1.36598,1.35288,1.22611,0.834187,0.611631,0.552518,0.507642,0.505592,0.505022,0.466525,0.444998,0.444087,0.455135,0.507414,0.651039,0.922799,1.12964,1.29809,1.36404,1.36276,1.36869,1.36897,1.36502,1.36361,1.3605,1.35428,1.31529,1.19181,1.07851,0.955597,0.866875,0.821384,0.81206,0.769677,0.756114,0.726163,0.745942,0.781827,0.900217,1.03302,1.15339,1.26895,1.3102
852,1.13636,1.14733,1.15987,1.15047,1.1442,1.15987,1.1442,1.10972,0.808776,0.711597,0.750782,0.811911,0.808776,0.811911,0.793102,0.755484,0.708463,0.670845,0.742945,0.833854,0.868337,0.956111,1.02821,1.01881,1.1354,1.21316,1.22872,1.27538,1.24427,1.23649,1.29871,1.29871,1.18206,1.06541,0.925426,0.855436,0.824329,0.870989,0.816553,0.89432,0.832106,0.839883,0.925426,1.02652,1.06541,1.1354,1.24038,1.33759
855,1.17389,1.21471,1.21818,1.22079,1.21514,1.22108,1.2176,1.11151,0.896412,0.778444,0.722572,0.7094,0.712151,0.716565,0.694202,0.671911,0.680162,0.676977,0.719388,0.855449,0.978628,1.0345,1.10702,1.16607,1.18281,1.22016,1.22626,1.22303,1.22483,1.22878,1.2259,1.19538,1.11208,1.03272,0.984602,0.936485,0.924635,0.947616,0.931817,0.896627,0.886572,0.876877,0.90309,0.960543,0.984243,1.00902,1.06647,1.10669
858,1.14396,1.27078,1.28688,1.27648,1.2752,1.27221,1.26551,1.17075,0.934062,0.780594,0.735993,0.700654,0.722883,0.797979,0.742263,0.714048,0.710201,0.703504,0.715616,0.74554,0.937197,1.02241,1.05205,1.07214,1.09267,1.26235,1.24998,1.25033,1.26553,1.27508,1.25563,1.24255,1.13155,1.02232,0.94031,0.901425,0.879862,0.945966,0.905667,0.885518,0.857945,0.856177,0.849107,0.845572,0.961874,1.00147,1.04106,1.03116
862,1.37285,1.3934,1.39838,1.39838,1.40211,1.40958,1.40336,1.22156,0.794448,0.732187,0.656229,0.587742,0.539179,0.474427,0.463221,0.395979,0.384149,0.434581,0.571554,0.818107,0.997418,1.12443,1.20288,1.28631,1.27271,1.29742,1.30669,1.31287,1.32831,1.32831,1.32522,1.24182,1.06265,1.07192,0.95453,0.874214,0.824788,0.78463,0.763006,0.766095,0.763006,0.793897,0.855679,0.976154,1.03485,1.11825,1.2171,1.26344
881,1.20907,1.21676,1.24866,1.22108,1.27118,1.28019,1.25992,1.17717,1.05575,0.867158,0.829251,0.762258,0.802229,0.757755,0.646662,0.692638,0.645912,0.621329,0.599748,0.725665,0.766574,0.883109,0.95667,1.06851,1.17872,1.26112,1.30442,1.33049,1.29557,1.33561,1.34771,1.28719,1.20573,1.13869,1.01625,1.07817,0.888233,0.888699,0.837956,0.792799,0.829111,0.723901,0.779299,0.784885,0.838421,1.06048,1.07305,1.15824
882,1.078,1.04467,1.05283,1.05283,1.04195,1.05827,1.05759,1.03311,0.988219,0.929048,0.899123,0.907964,0.933809,0.902523,0.890961,0.879399,0.920887,0.914766,0.88416,0.949452,1.00182,1.01066,1.0093,1.03311,1.06127,1.0562,1.05283,1.06802,1.06633,1.06633,1.06464,1.04608,1.02583,1.0174,0.98028,0.990403,0.94991,0.960033,0.976905,0.998839,0.993778,1.0174,1.00053,1.01234,1.00559,1.01234,1.04777,1.05452
883,1.08855,1.07001,1.08113,1.06259,1.07001,1.08484,1.08113,1.03663,0.977285,0.849329,0.823367,0.821513,0.819658,0.849329,0.819658,0.795551,0.762171,0.745481,0.789987,0.836348,0.877145,0.971721,1.03663,1.04404,1.20071,1.21451,1.20071,1.20071,1.17771,1.21451,1.20071,1.1455,1.0857,1.00749,0.947685,0.906281,0.920083,0.943085,0.975288,0.924683,0.864878,0.841876,0.906281,1.02589,1.1087,1.1685,1.23291,1.19151
887,1.24303,1.19733,1.17829,1.17296,1.17219,1.17372,1.13944,0.981017,0.754043,0.632939,0.651219,0.632177,0.646649,0.693872,0.613898,0.543063,0.595618,0.580385,0.648172,0.86296,1.04424,1.13792,1.20723,1.24303,1.39445,1.37745,1.37367,1.35855,1.37556,1.34344,1.3321,1.26974,1.18661,1.043,0.931524,0.814375,0.808707,0.827602,0.852165,0.846497,0.846497,0.831381,0.855944,0.939082,1.03734,1.13559,1.22818,1.24518
888,1.23389,1.23963,1.25222,1.25572,1.25488,1.25698,1.24914,1.1737,0.862671,0.762168,0.732213,0.69414,0.705058,0.708137,0.674543,0.646828,0.655646,0.654667,0.675523,0.765387,0.906343,1.00447,1.10595,1.18797,1.25426,1.28134,1.31919,1.30044,1.29975,1.29593,1.29558,1.26572,1.13654,1.04313,0.961181,0.896593,0.877147,0.891732,0.844853,0.826449,0.790335,0.78721,0.822629,0.892774,0.963612,1.01605,1.11675,1.16293
890,1.03057,1.00477,1.00555,1.01885,1.01415,1.02197,1.0079,1.01806,0.98835,1.00399,0.981313,0.960201,0.99226,0.982877,0.971148,0.975058,0.999297,1.0165,1.00555,0.999297,1.00399,1.01494,1.02588,1.01494,0.993162,1.00092,1.00092,0.997042,1.00092,0.995102,1.00092,0.995102,0.991223,0.989283,1.00868,0.991223,0.991223,0.983463,0.979584,0.981524,0.975704,0.983463,0.991223,1.0145,1.01644,1.01062,1.03584,1.0145
891,1.2178,1.42988,1.2915,1.11202,0.945564,0.905957,1.00523,0.970131,0.811701,0.639735,0.736999,0.709424,0.774601,1.42637,1.0333,0.999711,0.999711,0.999711,0.999711,0.713936,0.996703,1.11653,1.08444,1.06238,1.25495,1.49624,1.41913,1.19898,0.985056,0.981325,1.02983,1.01739,1.00869,0.746255,0.702723,0.666654,0.661679,1.2649,0.963912,0.944012,0.944012,0.944012,0.944012,0.674117,1.01988,1.01739,1.03232,1.09948
893,0.973582,0.975939,0.961795,0.975939,0.999513,0.994798,1.00423,1.02309,0.820355,0.980654,1.19281,1.28239,1.24939,1.30597,1.19281,1.13152,1.09852,0.980654,0.825069,0.782637,0.834499,0.88636,1.09381,0.994798,1.09943,1.09943,1.07604,1.08773,1.09943,1.09943,1.08773,1.06434,0.900595,0.853811,0.970771,0.982467,0.842115,0.923987,0.982467,1.02925,0.888899,0.877203,0.748546,0.783635,0.853811,0.853811,1.05264,1.1813
895,1.10952,2.18027,1.72403,1.57464,1.51973,1.57706,1.44383,1.51085,1.27102,0.793781,0.562026,0.553951,0.69365,0.945592,0.682345,0.638739,0.795396,0.785706,0.785706,0.759058,0.687997,0.74856,0.67427,0.606439,0.94553,2.16751,1.65268,1.58657,1.57054,1.51044,1.47439,1.50443,1.22398,0.669083,0.50682,0.510827,0.50682,0.663073,0.657063,0.66708,0.723171,0.721167,0.721167,0.737193,0.614995,0.681102,0.699132,0.66107
897,1.24165,1.24368,1.22743,1.19186,1.23047,1.26096,1.24064,1.13699,0.862653,0.82201,0.771714,0.748852,0.807785,0.814897,0.767141,0.727514,0.724466,0.820994,0.769173,0.956132,1.02421,1.09229,1.10143,1.20914,1.13934,1.14942,1.19731,1.28806,1.18723,1.21748,1.24017,1.08136,0.975496,1.0486,0.857025,0.922563,0.841901,0.902397,0.768802,0.87467,0.872149,0.839381,0.83686,0.882232,1.01583,1.00322,1.02339,1.04103
900,1.26968,1.26968,1.27571,1.27169,1.2516,1.26165,1.24758,1.17325,0.727255,0.614751,0.578589,0.606715,0.729264,0.751362,0.757389,0.695111,0.71721,0.644886,0.662967,0.928154,1.0728,1.14512,1.24357,1.24959,1.12136,1.11638,1.12635,1.13133,1.13632,1.12635,1.12635,1.12136,1.01172,0.897092,0.852237,0.887124,0.931978,0.991785,0.926995,0.931978,0.951914,0.956898,0.966865,1.04162,1.08149,1.1413,1.1712,1.10641
901,0.779661,0.806362,0.806362,0.838403,0.795682,0.827723,0.827723,0.849083,0.907825,1.89041,2.1414,2.16543,2.06931,2.03727,2.13072,2.13606,2.13873,1.99988,1.18017,0.854423,0.779661,0.763641,0.672858,0.73694,0.582897,0.609393,0.596145,0.649136,0.635888,0.635888,0.675631,0.649136,0.649136,0.808108,0.887594,0.861099,0.847851,0.808108,0.847851,0.755117,0.781612,0.755117,0.62264,0.582897,0.56965,0.635888,0.688879,0.728622
902,0.978104,0.983941,0.98288,1.0126,1.01366,0.995617,1.00942,0.99774,0.827912,1.07363,1.06036,1.0869,1.11821,1.11768,1.13042,1.12193,1.10654,1.06779,0.902212,0.797131,0.823666,0.858693,0.895843,0.899027,0.883422,0.91502,0.925553,0.928186,0.937402,0.91502,0.929502,0.929502,0.863674,0.913704,0.9611,1.01376,1.08486,1.04536,1.12962,1.23495,1.26918,1.32448,1.11646,1.00586,0.979532,0.963733,0.957151,0.91107
903,1.3582,1.31414,1.33588,1.31825,1.30592,1.30533,1.29476,1.13556,0.729035,0.544573,0.535174,0.484065,0.481715,0.523425,0.491115,0.491702,0.484065,0.48289,0.509326,0.816566,1.06859,1.15847,1.25716,1.31708,1.33784,1.34805,1.35242,1.35096,1.3291,1.32327,1.32327,1.30724,1.11924,1.00557,0.905012,0.80737,0.795711,0.851091,0.826316,0.794254,0.804455,0.880237,0.909384,1.03472,1.12507,1.16733,1.28392,1.27518
904,1.18704,1.21498,1.21177,1.21819,1.23232,1.2336,1.22911,1.09939,0.943985,0.768673,0.719547,0.684549,0.725648,0.733354,0.670422,0.633818,0.664642,0.624828,0.620975,0.730143,0.867567,0.974809,1.07948,1.18801,1.28083,1.32862,1.3318,1.33977,1.33021,1.32543,1.32543,1.29676,1.23303,1.13426,1.01319,0.908048,0.873001,0.89371,0.844325,0.809278,0.806092,0.801313,0.858663,0.879373,0.943096,0.974957,1.06656,1.14541
937,0.942608,0.95043,0.940652,0.938696,0.917184,0.909362,0.905451,0.911318,0.925007,1.11079,1.22813,1.2027,1.21444,1.14599,1.11079,1.10297,1.05408,1.03452,0.917184,0.899584,0.903495,0.899584,0.925007,0.926962,0.907218,0.960584,0.921773,0.970287,0.955733,0.970287,0.941178,0.941178,0.955733,1.0091,1.04791,1.09157,1.05276,1.03821,1.10128,1.03821,1.00425,1.06732,0.965436,0.984841,0.984841,0.994544,1.04063,1.03821
943,1.14687,1.27259,1.28798,1.29311,1.29397,1.30167,1.30252,1.24608,0.871484,0.691884,0.639715,0.60123,0.628597,0.65853,0.60123,0.582414,0.576428,0.590967,0.655109,0.786815,0.975822,1.05536,1.07931,1.09727,1.12871,1.26025,1.27298,1.28783,1.28571,1.28571,1.30269,1.26025,1.16902,1.04597,0.986562,0.937764,0.933521,0.937764,0.891088,0.861385,0.857142,0.888966,0.920791,0.97171,1.04385,1.05658,1.08416,1.09264
958,0.904074,0.906753,0.915458,0.916128,0.918137,0.908092,0.923495,0.924834,1.02663,1.42978,1.50612,1.44786,1.41437,1.36281,1.30789,1.27575,1.25231,1.24829,1.13645,0.900056,0.86925,0.838445,0.852508,0.876617,0.91041,0.912071,0.928685,0.925362,0.923701,0.923701,0.920378,0.915394,0.915394,0.956927,1.00677,0.996799,0.998461,0.983509,0.945298,0.922039,0.898781,0.877183,0.862231,0.809069,0.837311,0.820698,0.86057,0.887151
965,1.28671,1.30576,1.30666,1.31083,1.31202,1.31053,1.31306,1.21881,0.963019,0.730304,0.662857,0.602259,0.593475,0.601812,0.57263,0.529899,0.527814,0.546872,0.612979,0.724497,0.89319,1.02436,1.14124,1.24263,1.26506,1.31123,1.32379,1.32564,1.32047,1.32675,1.31751,1.29239,1.20338,1.09442,0.992104,0.908998,0.860242,0.848053,0.823306,0.772703,0.75756,0.785262,0.805577,0.890899,0.989518,1.05231,1.17715,1.22148
966,1.27287,1.27038,1.27974,1.28076,1.28193,1.28018,1.27945,1.19797,0.955015,0.759448,0.693918,0.629412,0.630728,0.622244,0.570464,0.547499,0.558908,0.564174,0.60674,0.727561,0.914205,1.02215,1.13932,1.20602,1.22759,1.25843,1.27186,1.28927,1.28093,1.28673,1.27839,1.25843,1.19166,1.0984,1.01132,0.945637,0.909713,0.903907,0.859637,0.825527,0.799038,0.819358,0.837865,0.919147,1.01712,1.07736,1.16953,1.17207
967,1.21632,1.20018,1.21516,1.21401,1.20363,1.20363,1.2094,1.03531,0.797811,0.779364,0.669838,0.694049,0.752848,0.770718,0.771294,0.720566,0.73786,0.755153,0.854303,1.00649,1.1091,1.17596,1.21401,1.21632,1.1755,1.1898,1.16978,1.17836,1.1612,1.17836,1.19266,1.14404,1.00961,0.90665,0.797966,0.800826,0.806546,0.878049,0.880909,0.878049,0.889489,0.892349,0.943831,0.998173,1.00961,1.08684,1.15548,1.15262
969,1.24224,1.3282,1.32756,1.32756,1.3114,1.30687,1.30106,1.24095,0.948162,0.696094,0.624029,0.583633,0.610133,0.64762,0.617242,0.575877,0.618535,0.619181,0.631462,0.809848,1.01732,1.10716,1.15111,1.20281,1.18651,1.2763,1.2795,1.2779,1.25545,1.25866,1.24583,1.24423,1.14642,1.02136,0.944396,0.901104,0.861019,0.877053,0.816125,0.779247,0.806504,0.859416,0.873847,0.947603,1.01815,1.05663,1.0903,1.13039
972,1.16836,1.16402,1.17351,1.17243,1.16484,1.16158,1.15399,1.10545,0.833226,0.746731,0.699823,0.684639,0.687893,0.726937,0.700908,0.673251,0.681656,0.706602,0.804756,0.927584,1.05312,1.11711,1.15697,1.1624,1.15292,1.16233,1.17309,1.17444,1.17242,1.16031,1.15897,1.13677,1.05874,1.0083,0.930269,0.928924,0.937669,0.965247,0.947758,0.922198,0.9074,0.918162,1.01099,1.05874,1.087,1.11256,1.14753,1.13946
974,1.18758,1.17801,1.17618,1.17938,1.17558,1.17664,1.17512,1.07556,0.870358,0.737053,0.735381,0.704373,0.727781,0.742829,0.706349,0.674277,0.689021,0.702397,0.766845,0.887078,1.06522,1.11873,1.14989,1.16798,1.15763,1.17687,1.18516,1.17611,1.17423,1.17385,1.17121,1.15386,1.07656,1.00228,0.947601,0.913287,0.918189,0.948732,0.929878,0.905368,0.905745,0.909139,0.954765,1.02566,1.06789,1.08976,1.12747,1.13916
975,1.20656,1.21176,1.20309,1.20136,1.19615,1.17882,1.18749,1.15108,0.936121,0.755831,0.783568,0.75063,0.773167,0.82344,0.735028,0.683022,0.676087,0.665686,0.728094,0.868512,1.0124,0.998529,1.04013,1.12681,1.10954,1.25146,1.24286,1.23856,1.22996,1.23426,1.22996,1.21706,1.13105,1.04934,1.00633,1.01493,0.984827,1.07514,0.941822,0.950423,0.894516,0.907417,0.864412,0.873013,0.911718,0.860111,0.933221,0.954723
977,1.31107,1.31803,1.33196,1.3041,1.31281,1.29888,1.17352,1.14218,0.968065,0.776541,0.626805,0.558901,0.654663,0.642475,0.567607,0.54149,0.550195,0.562383,0.647698,0.788729,0.957618,1.07253,1.23968,1.3041,1.31308,1.32171,1.33899,1.31739,1.33035,1.31739,1.20941,1.15758,1.11439,1.0496,0.915697,0.924336,0.863866,0.846588,0.764521,0.751563,0.695412,0.764521,0.816353,0.928655,0.997765,1.10143,1.21157,1.2958
979,0.948994,0.908206,0.92724,0.92724,0.92724,0.908206,0.905487,0.916363,0.875576,0.951713,1.16109,1.19372,1.22091,1.24131,1.23179,1.15565,1.12846,1.05232,0.978904,0.851103,0.95987,1.00338,1.02513,1.05776,1.05907,0.991611,0.991611,0.984866,0.944392,0.964629,0.964629,0.971375,0.964629,0.937646,0.944392,1.0051,0.910664,1.05232,1.07931,1.02534,0.984866,0.944392,0.951138,0.951138,0.97812,1.01185,0.971375,0.957883
981,1.26323,1.2809,1.27827,1.28428,1.28391,1.27864,1.26097,1.1339,0.98765,0.762825,0.69628,0.634247,0.653045,0.633871,0.596651,0.597778,0.596275,0.636878,0.687633,0.825235,1.0072,1.11623,1.17751,1.21435,1.22273,1.24419,1.25631,1.25445,1.24419,1.24605,1.23206,1.18263,1.09309,0.977442,0.899097,0.859925,0.857127,0.888838,0.846867,0.780648,0.775984,0.811426,0.858992,0.971846,1.08283,1.11361,1.19662,1.21527
982,1.12435,1.11235,1.12675,1.14475,1.13875,1.15675,1.15915,1.01395,1.02595,0.987555,0.917958,0.827963,0.806364,0.826763,0.833962,0.800364,0.819563,0.803964,0.87716,0.934758,0.995955,1.07035,1.08355,1.07875,1.05081,1.10737,1.0895,1.10737,1.09546,1.10737,1.10141,1.06569,1.09844,1.06867,1.00913,0.97341,0.994247,0.997224,0.913874,0.893037,0.869222,0.872199,0.845408,0.934712,1.00318,1.03592,1.05378,1.04485
983,1.30721,1.28071,1.28954,1.29985,1.29396,1.28071,1.29543,1.23802,0.895025,0.643299,0.588832,0.540254,0.534365,0.588832,0.566751,0.572639,0.550558,0.58,0.684518,0.881777,1.11142,1.20269,1.28807,1.30574,1.23799,1.23069,1.2526,1.23434,1.21608,1.2453,1.23434,1.17956,1.13939,0.967752,0.927581,0.960448,0.927581,0.949492,0.898366,0.891062,0.799765,0.847239,0.872802,0.923929,0.986011,1.00062,1.12113,1.13574
984,1.05764,1.05173,1.08127,1.07832,1.07832,1.07536,1.0665,1.03696,0.862654,0.853791,0.8597,0.874471,0.98378,1.03991,1.02219,0.9631,1.03991,1.04582,1.07536,1.14922,1.11968,1.09604,1.08718,1.06945,0.960089,0.923445,0.879471,0.894129,0.8868,0.872142,0.894129,0.879471,0.8868,0.842826,0.872142,0.989405,1.09201,1.07002,1.07735,1.13598,1.114,1.1653,1.07735,1.04071,1.02605,0.960089,0.875807,0.916116
986,1.18684,1.22336,1.25868,1.28573,1.29655,1.2946,1.29099,1.20623,0.94307,0.845532,0.766479,0.710872,0.701253,0.676455,0.619044,0.576963,0.5959,0.592744,0.614235,0.695392,0.805404,0.903543,0.978087,1.07968,1.2393,1.30045,1.3698,1.3862,1.40745,1.40335,1.40298,1.37091,1.25459,1.16138,1.04207,0.955203,0.908598,0.85752,0.812407,0.771768,0.759092,0.775124,0.796002,0.847826,0.908226,0.957813,1.04841,1.11589
987,0.960484,0.949798,0.956713,0.986257,0.94477,0.970542,0.965513,0.946027,0.915855,0.945398,1.02146,1.01266,1.04094,1.00826,0.984999,0.986257,1.02711,1.00323,1.01894,0.952941,0.96677,0.920883,0.951684,0.94917,1.07754,1.13055,1.13523,1.09781,1.09625,1.05414,1.08065,1.08221,1.03855,1.0058,1.00424,0.971497,0.954344,1.04011,1.01516,0.993328,0.979294,0.965259,1.00892,0.932512,0.930953,0.948106,1.03543,1.03543
988,1.40817,1.48978,1.49928,1.48546,1.49065,1.49583,1.48978,1.25228,0.85846,0.608004,0.555322,0.537185,0.493139,0.488389,0.462912,0.422321,0.421025,0.422321,0.456866,0.65464,0.836005,0.955188,1.10028,1.28251,1.35406,1.50403,1.52974,1.52117,1.52546,1.52974,1.49118,1.36905,1.1698,1.00483,0.842001,0.897706,0.773441,0.822718,0.749873,0.687741,0.634179,0.640606,0.707024,0.805578,0.899848,0.974835,1.16766,1.23193
989,1.24459,1.3369,1.34879,1.35087,1.34492,1.34225,1.34492,1.24503,0.901074,0.752431,0.701744,0.659678,0.668894,0.658191,0.637084,0.60468,0.617166,0.606463,0.640354,0.736972,0.83686,0.9201,1.02177,1.14485,1.21908,1.34815,1.36068,1.36585,1.36437,1.36585,1.38281,1.34667,1.23752,1.13206,1.00963,0.92556,0.87246,0.859923,0.823048,0.803873,0.767735,0.756673,0.792073,0.820835,0.846648,0.877623,0.973129,1.08117
991,1.05549,1.04357,1.04834,1.04595,1.04238,1.04357,1.04476,1.02329,0.911184,0.868249,0.845588,0.834854,0.857515,0.878982,0.869441,0.862285,0.844396,0.856322,0.898065,0.980358,1.0066,1.02806,1.05549,1.06027,1.08288,1.08584,1.10063,1.09176,1.08288,1.07992,1.07696,1.07696,1.02962,0.99116,0.958615,0.958615,0.964532,1.01483,0.979326,1.02962,1.02075,1.02371,1.0385,1.07104,1.074,1.05329,1.06217,1.04738
996,1.30125,1.2933,1.28908,1.28768,1.28456,1.28456,1.28159,1.16175,0.822042,0.64025,0.587351,0.548652,0.571591,0.586727,0.555518,0.541474,0.566597,0.572215,0.61263,0.828596,1.09106,1.1978,1.28768,1.30828,1.25462,1.27785,1.26933,1.27204,1.26662,1.26662,1.26159,1.23062,1.11178,1.01384,0.910096,0.862481,0.84661,0.866352,0.846997,0.818738,0.809834,0.845836,0.87332,0.978614,1.08507,1.12262,1.19423,1.21204
998,1.18952,1.19289,1.18986,1.18716,1.17534,1.17568,1.1669,1.07442,0.810453,0.741593,0.718302,0.719315,0.750032,0.769272,0.757795,0.728091,0.71594,0.70345,0.754082,0.899228,1.05247,1.13247,1.16015,1.19627,1.19996,1.2276,1.2276,1.21169,1.19829,1.19578,1.1941,1.16479,1.05845,0.960474,0.894321,0.877573,0.87841,0.903532,0.934515,0.920279,0.875898,0.879248,0.922791,0.989782,1.02746,1.07184,1.08776,1.13716
1000,1.20727,1.23209,1.24523,1.2457,1.23348,1.23348,1.23348,1.14643,0.91309,0.758769,0.691505,0.648054,0.674032,0.666996,0.650373,0.616046,0.634601,0.638622,0.688412,0.824332,0.996126,1.09664,1.15895,1.19529,1.23673,1.27854,1.28353,1.2866,1.28353,1.2866,1.28276,1.24095,1.13891,1.04953,0.94481,0.924862,0.895709,0.878447,0.849293,0.823592,0.81707,0.799808,0.861185,0.923712,0.997746,1.04416,1.09633,1.14658
1009,1.17038,1.20733,1.21177,1.21709,1.21073,1.20911,1.19965,1.12397,0.901804,0.749852,0.72162,0.710387,0.725907,0.707209,0.689249,0.673877,0.675946,0.682746,0.745123,0.915402,1.05863,1.11214,1.1522,1.17023,1.1492,1.1877,1.1932,1.19907,1.18954,1.19247,1.18587,1.15947,1.07036,0.988592,0.902787,0.909388,0.883719,0.929189,0.925155,0.919288,0.890687,0.888486,0.946423,1.02453,1.06743,1.0568,1.0876,1.1107
1011,1.10001,1.11731,1.11685,1.12272,1.12179,1.12067,1.11731,1.04912,0.869653,0.818815,0.807062,0.813125,0.837378,0.854588,0.829356,0.794562,0.804077,0.811446,0.869747,0.981123,1.0523,1.0731,1.09203,1.11526,1.10011,1.11793,1.12186,1.1214,1.11816,1.12024,1.1207,1.09571,1.03346,1.00454,0.97353,0.964505,0.970753,0.98996,0.966356,0.945298,0.933265,0.935579,0.963811,0.987877,1.00917,1.01935,1.03809,1.05892
1015,1.23569,1.26179,1.25875,1.25701,1.25614,1.24743,1.2396,1.17216,0.979847,0.709649,0.641991,0.597393,0.625675,0.614362,0.603485,0.579989,0.555188,0.566936,0.610881,0.780571,0.917627,1.06687,1.19522,1.25222,1.2985,1.33844,1.32764,1.3352,1.32117,1.3244,1.31145,1.2618,1.18193,1.09018,1.00059,0.926112,0.892651,0.866746,0.827888,0.794427,0.792268,0.786871,0.811697,0.905603,0.987637,1.05132,1.14954,1.18948
1026,0.932084,1.50358,1.29932,1.24313,1.42183,1.30811,1.68654,1.90731,1.14007,0.402128,0.390943,0.378959,0.528358,1.02769,0.87536,0.859115,0.861512,0.862843,0.872963,0.501994,0.771499,0.873762,0.85512,0.771499,0.907076,1.6153,1.4422,1.32131,1.53602,1.44353,1.57103,1.92778,1.52809,0.593266,0.542396,0.509363,0.552966,0.983051,0.909719,0.894524,0.891221,0.889899,0.92095,0.62696,0.77957,0.772303,0.858188,0.707559
1029,1.02138,1.03587,0.938393,0.898612,0.88544,0.906779,0.963947,1.04403,1.03244,0.916527,0.917844,0.917844,0.990028,1.11016,1.07907,1.07855,1.07855,1.07855,1.07855,1.03376,1.09725,1.08408,1.0414,1.01321,1.00842,1.03522,0.950911,0.926077,0.874446,0.905817,0.921502,1.02346,1.03391,0.919541,0.923462,0.918234,0.945683,1.06332,1.04894,1.04894,1.04894,1.04894,1.04894,0.988164,1.05352,1.02215,1.013,0.986203
1031,1.07869,1.12188,1.13131,1.14054,1.12977,1.13035,1.12361,1.0986,0.903892,1.05098,1.0658,1.03953,1.01481,1.0025,0.974118,0.930636,0.929385,0.933618,0.966615,0.929289,0.964113,0.982391,0.990857,1.03684,1.02953,1.06819,1.07774,1.08776,1.08013,1.08347,1.07058,1.06342,0.974166,0.937414,0.925005,0.923095,0.916891,0.935505,0.915459,0.866297,0.84625,0.84625,0.894935,0.890639,0.943858,0.968677,0.980133,1.00447
1043,1.18056,1.17455,1.17416,1.1827,1.17649,1.17688,1.17882,1.09306,0.884694,0.774495,0.760915,0.7776,0.828431,0.81291,0.771391,0.754706,0.77954,0.775659,0.814462,0.987908,1.09306,1.12372,1.17144,1.18852,1.09255,1.09544,1.08581,1.09255,1.09351,1.0964,1.08966,1.07233,1.01265,0.953934,0.913505,0.949121,0.921206,0.96356,0.932757,0.939495,0.934682,0.928906,0.956822,1.02035,1.04057,1.03961,1.05212,1.08581
1049,1.34131,1.32218,1.31337,1.30846,1.30165,1.30495,1.29504,1.17534,0.802824,0.615415,0.554114,0.511042,0.52787,0.536785,0.495417,0.466569,0.482095,0.487604,0.546601,0.756848,1.01638,1.17784,1.31627,1.36154,1.32791,1.3294,1.32095,1.31772,1.31648,1.3135,1.29561,1.26281,1.12341,1.01581,0.919649,0.867964,0.871194,0.892564,0.833424,0.79466,0.771302,0.790436,0.849079,0.972825,1.07843,1.17832,1.25809,1.28095
1060,0.988893,0.99875,0.99875,0.992179,0.992179,0.979037,0.969181,0.965896,0.949469,1.02832,1.02996,1.08417,1.18602,1.1893,1.10388,1.05132,1.01846,1.03817,1.0316,1.00203,1.00861,1.00532,0.995464,0.985608,0.880224,0.953576,0.953576,0.969876,0.945426,0.945426,0.969876,0.945426,0.920975,0.920975,0.969876,0.978026,1.08398,1.09213,1.05953,1.02693,1.05953,0.994327,0.920975,0.937275,0.978026,0.986177,0.961726,0.953576
1061,1.05776,1.07442,1.06803,1.06073,1.06621,1.06255,1.06027,1.05068,1.01552,0.96301,0.978991,0.946115,0.934699,0.93196,0.919631,0.898626,0.882645,0.885384,0.881275,0.912781,0.946571,0.98721,1.0315,1.06803,1.09539,1.08519,1.075,1.07726,1.0682,1.07839,1.0716,1.0648,1.04101,0.994569,0.961719,0.944727,0.908479,0.941329,0.953789,0.926603,0.919806,0.940196,0.951524,1.0025,0.996835,1.03422,1.08236,1.09992
1062,0.785539,0.771524,0.771524,0.771524,0.779392,0.7789,0.777917,0.791685,0.876755,1.23793,1.51059,1.56911,1.59861,1.57255,1.57108,1.55288,1.52903,1.44126,1.2844,1.06017,0.97215,0.887573,0.854135,0.81578,0.764858,0.74656,0.734361,0.736801,0.731921,0.730701,0.734361,0.74046,0.767297,0.83195,0.92954,1.03262,1.09056,1.13936,1.16863,1.12228,1.09788,1.05275,1.01737,0.940519,0.885625,0.84049,0.817922,0.783156
1066,1.13079,1.1489,1.14789,1.13079,1.13582,1.13683,1.13582,1.10262,0.878273,0.801814,0.726361,0.709258,0.758554,0.769117,0.76962,0.751512,0.779681,0.774651,0.821935,0.988937,1.17807,1.17807,1.18511,1.17908,1.16302,1.1755,1.13557,1.14305,1.15553,1.15553,1.14305,1.12808,1.07068,1.01827,0.913445,0.868522,0.861035,0.913445,0.878505,0.853547,0.885992,0.913445,0.940899,1.0008,1.08066,1.07567,1.09813,1.10811
1067,1.12708,1.14724,1.14539,1.13797,1.1389,1.14307,1.12917,1.07818,0.920577,0.787543,0.715,0.706425,0.730529,0.76089,0.760195,0.743044,0.765757,0.790324,0.88025,1.01699,1.09857,1.14307,1.14678,1.15281,1.12347,1.15337,1.15452,1.15107,1.14877,1.14762,1.14302,1.11082,1.04528,0.976281,0.925685,0.883138,0.891187,0.915336,0.946383,0.936034,0.922235,0.971682,0.985481,1.03493,1.06023,1.05333,1.0631,1.09127
1068,1.04724,1.06933,1.07969,1.08029,1.08607,1.08378,1.08017,1.06717,0.989744,1.00883,0.98848,0.975897,0.969215,0.957596,0.936043,0.920029,0.907446,0.900523,0.901125,0.875598,0.922677,0.96482,0.999497,1.02081,1.06159,1.08727,1.09952,1.10639,1.10191,1.11057,1.10131,1.10131,1.06935,1.04695,1.03112,1.01618,0.986313,0.97526,0.934936,0.916416,0.902975,0.88804,0.885053,0.878183,0.914624,0.941209,0.985416,1.02604
1071,1.18958,1.22037,1.2212,1.23165,1.2289,1.22175,1.20993,1.19728,1.08126,0.971296,0.920436,0.893219,0.887995,0.820914,0.803044,0.772803,0.779676,0.762631,0.768679,0.821464,0.897067,0.973221,1.07494,1.14945,1.18534,1.22626,1.23649,1.25832,1.24945,1.26719,1.2515,1.24468,1.2058,1.12805,1.06394,0.986195,0.864114,0.812281,0.769996,0.720209,0.694292,0.669739,0.687472,0.707932,0.765904,0.868888,0.975964,1.06122
1072,0.759843,0.745858,0.747606,0.753433,0.738865,0.735952,0.723715,0.723715,0.83909,1.39382,1.79414,1.8087,1.78044,1.74111,1.69624,1.66536,1.64671,1.57533,1.41072,1.11179,0.96845,0.842586,0.804128,0.769166,0.730002,0.711209,0.716992,0.725665,0.731447,0.72711,0.705427,0.716992,0.718437,0.841309,1.01477,1.11596,1.04513,1.03501,1.04658,1.05091,0.995982,0.941052,0.85721,0.756021,0.747348,0.770477,0.76614,0.756021
1074,1.18082,1.18216,1.1889,1.17745,1.17138,1.17408,1.18553,1.15723,0.94627,0.73801,0.663198,0.659154,0.675329,0.69319,0.681395,0.671286,0.648033,0.662861,0.678025,0.786536,0.9429,1.07433,1.19295,1.22732,1.24396,1.25232,1.25901,1.23727,1.23895,1.26068,1.24396,1.21721,1.16538,1.07175,1.02326,0.971428,0.927956,0.911236,0.894516,0.87278,0.891172,0.859404,0.927956,0.963068,1.01992,1.03998,1.07844,1.07008
1075,1.18575,1.19879,1.19879,1.21619,1.22344,1.25388,1.25243,1.22634,0.956716,0.81031,0.77552,0.659554,0.627664,0.661004,0.63926,0.594324,0.579828,0.569681,0.620416,0.652306,0.758125,0.882788,1.02919,1.11182,1.23704,1.33773,1.31975,1.3665,1.37369,1.38088,1.35571,1.3665,1.28019,1.16872,1.11837,1.01768,0.978125,0.963741,0.852264,0.798323,0.75517,0.747978,0.783939,0.85586,0.938569,0.974529,1.12197,1.22266
1076,1.06266,1.06206,1.07533,1.07413,1.05361,1.06206,1.05482,1.03671,0.818267,0.924473,1.01559,1.04033,1.00896,0.988438,0.992059,0.949818,0.988438,0.92568,0.98361,1.00292,1.17309,1.18033,1.16585,1.1393,1.02395,1.01497,0.985026,0.999996,0.98802,0.985026,0.967062,0.979038,0.92814,0.892212,0.86826,0.886224,0.937122,0.931134,0.979038,0.997002,0.999996,0.979038,0.95808,0.985026,1.00598,0.97305,0.970056,0.98802
1081,1.03401,1.02575,1.01474,1.02116,1.02208,1.02392,1.02575,1.01107,0.915652,1.03493,1.06612,1.02116,1.02575,0.998226,0.967949,0.959692,0.953269,0.937672,0.926662,0.947764,0.981711,0.998226,1.00465,1.03309,1.04699,1.07431,1.113,1.06975,1.04927,1.06065,1.06293,1.05155,1.05382,1.06748,1.03106,0.987816,0.97416,0.951399,0.883117,0.892221,0.894497,0.955951,0.971884,0.92181,0.962779,0.965055,0.99692,1.01058
1082,0.858609,0.848757,0.853304,0.850273,0.841179,0.856336,0.857851,0.853304,0.818445,1.05792,1.405,1.4247,1.38757,1.38681,1.34437,1.35953,1.34816,1.33149,1.32618,1.11248,1.01548,0.979102,0.947274,0.906352,0.876068,0.868548,0.879828,0.868548,0.864788,0.876068,0.872308,0.853508,0.842229,0.943747,1.08287,1.10543,1.05655,1.02647,0.992626,1.00015,0.924947,0.917428,0.909908,0.838469,0.853508,0.849748,0.849748,0.876068
1083,1.21099,1.20892,1.21048,1.20737,1.19442,1.20063,1.18717,1.15971,0.975839,0.861369,0.79766,0.750526,0.736541,0.754669,0.713232,0.677493,0.674385,0.672831,0.696658,0.810609,0.979982,1.06804,1.15039,1.21462,1.22198,1.22583,1.22712,1.23997,1.22326,1.2284,1.19628,1.18729,1.13203,1.04851,0.970131,0.8789,0.851916,0.854486,0.810798,0.809513,0.808228,0.828788,0.851916,0.926443,0.973986,1.03566,1.16801,1.186
1085,1.11745,1.1592,1.16389,1.17656,1.17046,1.16858,1.15451,1.12261,1.03395,1.00908,0.97296,0.938714,0.931912,0.917134,0.879135,0.82847,0.791409,0.802199,0.815804,0.857087,0.934023,0.970145,1.01565,1.08696,1.09978,1.13469,1.14633,1.14167,1.13585,1.14982,1.14749,1.13003,1.08348,1.03228,0.995036,0.939174,0.911243,0.871675,0.889131,0.844908,0.850726,0.821632,0.827451,0.868183,0.910079,0.944993,1.01831,1.08814
1087,1.08539,1.09288,1.09708,1.10007,1.08329,1.08509,1.08449,0.986769,0.889651,0.932815,0.954396,0.903439,0.925621,0.930716,0.925021,0.923822,0.918427,0.93821,0.92682,0.900442,1.00835,1.04252,1.10367,1.11806,1.13772,1.1273,1.12433,1.14515,1.14664,1.14218,1.11987,1.08566,0.960737,0.936942,0.929506,0.896787,0.905711,0.905711,0.889351,0.893813,0.85812,0.871505,0.933968,0.977097,0.993456,1.00833,1.02543,1.02766
1088,0.874471,0.826946,0.807257,0.795715,0.796394,0.827625,0.796394,0.804541,0.882619,1.07476,1.30017,1.39861,1.46379,1.4794,1.48144,1.47194,1.52116,1.50724,1.34158,1.20511,1.01297,0.903666,0.852745,0.827625,0.798352,0.796668,0.800036,0.800036,0.800036,0.796668,0.779825,0.781509,0.816879,0.853933,0.949938,1.01226,1.01899,1.0072,1.03247,1.04594,1.04089,1.07121,1.03584,0.997098,0.944885,0.894356,0.825301,0.845512
1090,1.09729,1.13703,1.15498,1.15882,1.15498,1.15498,1.14601,1.03705,1.06653,0.94539,0.892192,0.861427,0.817202,0.771695,0.745416,0.702473,0.737725,0.751185,0.760158,0.84989,0.912702,0.962696,0.988334,1.0332,1.14164,1.18298,1.2275,1.23704,1.24658,1.23386,1.23704,1.15436,1.1639,1.09076,1.07486,1.09712,0.982639,0.960379,0.896777,0.877697,0.884057,0.864977,0.839536,0.925398,0.912678,0.909498,0.973099,1.04624
1092,1.07689,1.10384,1.08587,1.09357,1.10128,1.07817,1.06277,1.04993,0.908745,0.753437,0.731617,0.747019,0.75472,0.77269,0.800928,0.808629,0.81633,0.830449,0.929281,0.993458,1.01656,1.0448,1.04993,1.07817,1.08898,1.1463,1.08898,1.11446,1.10172,1.08261,1.10172,1.11446,1.03167,1.0444,1.01893,0.98709,1.01256,1.03167,0.999827,0.974353,0.974353,0.980722,1.0444,1.03167,1.0444,1.08898,1.0858,1.12082
1094,1.14286,1.12321,1.14135,1.15949,1.14286,1.13984,1.12623,1.12472,0.849586,0.708996,0.639457,0.606199,0.643992,0.699926,0.674226,0.68632,0.76493,0.757371,0.840515,1.03553,1.19577,1.20333,1.17309,1.15495,1.14007,1.16257,1.17007,1.15132,1.14757,1.15507,1.14757,1.14007,1.06131,0.99756,0.918805,0.900054,0.907554,0.986309,0.952557,0.937556,0.956307,0.990059,1.03881,1.09132,1.06131,1.07631,1.09507,1.08006
1095,1.19967,1.22463,1.23313,1.22782,1.22675,1.23313,1.22038,1.17577,0.868818,0.76473,0.684539,0.681884,0.710561,0.760481,0.740301,0.692505,0.745611,0.758357,0.757295,0.86988,1.0515,1.0908,1.17896,1.23206,1.17779,1.21205,1.23313,1.23313,1.21468,1.24367,1.21468,1.17516,1.10402,1.00126,0.967003,0.940654,0.877417,0.901131,0.843163,0.864243,0.845798,0.851068,0.861608,0.948559,0.959099,0.953829,0.998622,1.04868
1096,1.05602,1.06407,1.05682,1.05924,1.05682,1.05038,1.06809,1.06648,0.980357,0.907112,0.892624,0.88538,0.882161,0.893027,0.871697,0.84594,0.839501,0.849965,0.875721,0.936893,1.01819,1.0528,1.05763,1.06326,1.06227,1.07026,1.06427,1.07625,1.09022,1.08623,1.07225,1.08024,1.04031,0.968423,0.940469,0.978407,0.962433,1.01235,0.988391,0.978407,0.958439,0.960436,0.974413,1.04829,1.06227,1.04829,1.08224,1.06427
1098,0.924031,1.15227,1.22377,1.27342,1.33265,1.3515,1.36556,1.28599,0.893519,0.782241,0.746344,0.732883,0.898904,1.2821,0.927322,0.81036,0.825316,0.831598,0.847452,0.942578,0.918647,0.848051,0.830701,0.820829,0.860079,1.11981,1.19105,1.28381,1.36841,1.38993,1.38919,1.33279,1.00182,0.840785,0.793291,0.779192,0.929836,1.21183,0.990687,0.836332,0.851174,0.843753,0.843011,0.933546,0.877889,0.840785,0.838559,0.804423
1099,1.23262,1.21979,1.23078,1.23445,1.24177,1.21796,1.23078,1.1447,0.987191,0.811365,0.767408,0.7088,0.694147,0.695979,0.705136,0.686821,0.666674,0.615392,0.681327,0.758251,0.869974,0.976202,1.09342,1.17584,1.23586,1.28129,1.28584,1.2722,1.25857,1.28129,1.24494,1.24494,1.19951,1.08137,0.94961,0.858738,0.795128,0.849651,0.804215,0.790584,0.817846,0.781497,0.831476,0.935979,0.958697,1.08592,1.26312,1.24494
1100,1.12072,1.13273,1.1513,1.14587,1.1359,1.12729,1.12502,1.09376,1.0045,0.862231,0.822133,0.812844,0.816469,0.820773,0.792002,0.758926,0.770707,0.767988,0.804235,0.850451,0.983659,1.03441,1.09285,1.14043,1.15436,1.18021,1.18359,1.17909,1.17347,1.16673,1.15549,1.16673,1.11502,1.04758,1.01948,0.948667,0.907078,0.943047,0.894714,0.87673,0.877854,0.875606,0.891342,0.918318,0.973395,1.01049,1.05095,1.12289
1102,1.07507,1.0859,1.08504,1.07897,1.07854,1.08287,1.08417,1.069,1.02134,0.969773,0.919291,0.922974,0.936624,0.923408,0.901308,0.886142,0.859926,0.896325,0.883542,0.973673,1.02177,1.03087,1.05254,1.05904,1.06422,1.07282,1.05562,1.04917,1.06637,1.05777,1.0524,1.0438,1.02875,0.966398,0.944899,0.928774,0.915874,0.90835,0.9019,0.905125,0.907275,0.950273,0.995422,1.0137,1.04057,1.05025,1.08034,1.10184
1104,0.9969,1.06573,1.07523,1.08947,1.07998,1.0776,1.0776,1.05387,0.878221,0.878221,0.96011,0.968417,0.96367,0.961296,0.937561,0.93044,0.910265,0.877035,0.866354,0.887716,0.894836,0.911451,0.951802,0.96367,1.04811,1.08344,1.04223,1.07756,1.07167,1.06578,1.07167,1.07167,1.0069,0.906796,0.95979,0.977455,0.99512,0.983343,0.983343,0.95979,1.054,1.04811,1.03634,1.01867,1.03045,1.04811,1.11877,1.08344
1106,0.996535,1.01649,1.02489,1.02489,1.01229,1.00599,1.00809,0.997585,0.955582,0.852673,0.840072,0.871574,0.911478,0.924079,0.888376,0.892576,0.909378,0.930379,0.955582,0.989184,1.09839,1.08579,1.05639,1.01439,1.04722,1.06285,1.07327,1.06806,1.04722,1.0368,1.02117,1.00554,0.979491,0.974281,0.974281,1.00554,0.953441,1.01075,1.00554,1.04722,1.02117,1.02638,1.06806,1.0889,1.07848,1.05764,1.04722,1.0368
1107,1.03335,1.05569,1.03335,1.01101,1.00542,1.01101,1.02777,1.00542,1.04452,1.20651,1.22885,1.26795,1.31263,1.30705,1.28471,1.34056,1.26236,1.26795,1.05011,1.04452,1.12831,1.06686,1.02218,1.01659,0.886834,0.872977,0.859121,0.81755,0.831407,0.831407,0.831407,0.831407,0.803693,0.803693,0.748266,0.637412,0.720553,0.748266,0.831407,0.914548,1.0254,1.0254,0.942261,0.983832,1.01155,1.0254,0.969975,1.01155
1109,0.992528,1.02256,1.01149,1.01782,1.00043,1.00991,0.979884,0.981465,0.921407,0.889798,0.915085,0.918246,0.96566,1.00754,0.954597,0.943534,0.953017,0.959338,0.989367,1.02098,1.05417,1.03836,1.01149,1.01307,1.04292,1.0586,1.04292,1.02332,1.05076,1.03116,1.02332,1.03116,0.98803,0.99195,1.0194,0.98803,0.995871,1.0586,0.98803,1.0194,0.960584,0.960584,0.984109,1.03508,1.02724,1.01155,1.04096,1.05468
1110,1.10782,1.04922,1.0647,1.05254,1.05586,1.06028,1.07465,1.07465,1.04812,0.985099,0.894439,0.814835,0.814835,0.852426,0.829208,0.849109,0.848004,0.85906,0.86901,0.909918,0.971832,1.03596,1.06249,1.05696,1.06145,1.08339,1.11082,1.09436,1.10533,1.07791,1.08339,1.09436,1.07242,1.03402,0.976425,0.979168,0.924312,0.957225,0.954483,0.998367,0.918827,0.95174,0.995624,0.992881,1.02305,1.04225,1.13825,1.08888
1111,1.00165,1.08125,1.08125,1.08899,1.09175,1.08788,1.08567,1.0713,0.92647,0.898277,0.90574,0.893302,0.890538,0.896895,0.893302,0.854607,0.857924,0.867321,0.849632,0.880588,0.904911,0.93642,0.964612,0.98617,1.11901,1.18483,1.19169,1.19169,1.17798,1.20129,1.18346,1.16563,1.11901,1.06416,1.00793,0.968162,0.980504,0.962677,0.957192,0.905081,0.889996,0.89411,0.925651,0.936622,0.951706,0.97639,1.01205,1.03673
1112,1.23638,1.22401,1.21951,1.18801,1.20376,1.22176,1.25101,1.23526,0.956255,0.733504,0.673879,0.659254,0.630004,0.634504,0.632254,0.630004,0.618753,0.551253,0.612003,0.699754,0.972005,1.14526,1.19476,1.25101,1.26148,1.25031,1.3173,1.31171,1.28381,1.28939,1.28381,1.30613,1.27822,1.12193,1.02704,0.909827,0.781447,0.814937,0.781447,0.842846,0.837264,0.831683,0.848428,0.8875,0.971227,1.03821,1.10519,1.24473
1113,1.01625,1.02351,1.04068,1.03936,1.03012,1.03012,1.03012,1.03012,0.968046,0.948236,0.93635,0.927106,0.941633,0.93635,0.931068,0.928427,0.927106,0.912579,0.952198,1.01559,1.04993,1.0288,1.02483,1.03144,1.03202,1.02875,1.03202,1.04513,1.0484,1.0353,1.04513,1.05168,1.03857,0.986155,0.992707,0.97305,0.953392,1.00909,0.940287,1.01236,1.00254,0.986155,1.02219,0.992707,1.02219,1.02219,1.01236,1.01564
1114,0.88536,0.859275,0.831656,0.847,0.843931,0.862344,0.871551,0.911446,0.963616,1.43008,1.45923,1.47304,1.41934,1.38558,1.43622,1.44542,1.40399,1.40399,0.920652,0.79483,0.79483,0.810174,0.828587,0.883826,0.951636,1.02015,1.02777,1.03538,1.02777,1.02015,1.03538,1.01254,0.928796,0.959249,0.951636,0.921183,0.905957,0.936409,0.905957,0.974475,0.982088,0.860279,0.753695,0.799374,0.746082,0.776535,0.810794,0.890731
1115,1.06356,1.0708,1.07402,1.0708,1.08368,1.07348,1.07295,1.07187,0.978527,1.04022,1.02252,0.98711,0.992475,1.00589,1.01018,1.00428,1.03164,1.02413,1.03325,0.945265,0.931317,0.963505,1.02144,1.05578,1.07002,1.09663,1.08865,1.08998,1.08066,1.08998,1.09397,1.07933,1.04473,1.03808,0.964878,0.919628,0.895673,0.839776,0.834453,0.837114,0.825137,0.837114,0.839776,0.89168,0.903658,0.9529,1.00613,1.05138
1119,0.89443,0.914109,0.919029,0.923949,0.927885,0.924441,0.921981,0.919029,1.00955,1.37559,1.4516,1.47005,1.45013,1.36797,1.35985,1.34656,1.30794,1.28408,1.16109,0.928377,0.888526,0.890986,0.878686,0.878194,0.89829,0.904393,0.908054,0.920259,0.916598,0.89707,0.899511,0.887306,0.930023,0.925141,0.930023,0.954433,0.895849,0.89707,0.920259,0.917818,0.934905,0.900731,0.893408,0.854352,0.856793,0.851911,0.851301,0.860455
1120,0.976485,0.983155,0.988589,0.978708,1.00539,0.978214,0.976238,0.967839,1.0454,1.06912,1.09036,1.10123,1.15854,1.11161,1.09086,1.06764,1.0585,1.05084,0.953018,0.947089,0.981673,0.955488,0.952524,0.969815,0.954757,1.00256,0.992751,1.00868,0.992751,1.00133,1.00868,0.996428,0.997653,0.979269,0.946177,1.00378,0.987848,0.993976,0.96211,0.932695,0.9425,0.992751,0.946177,0.980495,0.958434,0.967013,1.02339,0.969464
1121,1.06716,1.06286,1.07002,1.07862,1.07934,1.06644,1.05927,0.999071,0.872933,1.04924,1.04028,1.02702,1.03634,1.00588,0.976854,0.940303,0.920952,0.8715,0.837815,0.893717,0.970404,0.979004,1.03276,1.06429,1.09166,1.12011,1.13611,1.12011,1.12367,1.10944,1.10766,1.06855,1.00099,1.01877,0.96365,0.910312,0.935203,0.928091,0.915646,0.872975,0.855195,0.823192,0.88542,0.913868,0.977874,0.995653,1.0321,1.09166
1124,1.03749,1.14616,1.08335,1.05611,1.04749,1.07751,1.04694,1.08946,1.03582,0.993855,0.893247,0.921873,0.937992,0.965229,1.01248,1.0461,1.08807,0.99719,0.943273,0.932712,0.929933,0.929655,0.903808,0.855727,1.00593,1.17002,1.10659,1.04523,1.02937,1.07281,1.06178,1.09487,1.07419,0.989381,0.92733,0.917677,0.930777,0.934914,1.02868,1.06936,1.10866,0.985245,0.924572,0.923882,0.939051,0.899062,0.920435,0.868725
1125,1.15042,1.04994,1.03487,1.03487,1.07004,1.03487,1.0198,1.02985,1.09013,1.01478,1.03487,0.994683,1.09516,1.07506,1.00473,0.984635,1.03487,0.974588,0.934399,1.09516,1.15544,1.14539,1.09013,1.04492,0.872376,0.884838,0.872376,0.909763,0.884839,0.909763,0.922226,0.909763,0.909763,0.934689,0.897301,0.859913,0.972076,1.00946,1.03439,1.04685,0.984539,0.922226,1.00946,1.08424,1.05931,0.972076,1.03439,0.909763
1126,0.90271,0.904536,0.897231,0.91184,0.908188,0.904536,0.938623,0.989754,0.913058,1.22715,1.24785,1.23932,1.21132,1.13219,1.04941,1.13828,1.16263,1.14558,1.03967,0.80836,0.827839,0.881405,0.904536,0.915492,1.051,1.04798,1.04798,1.04496,1.04496,1.06006,1.05402,1.04798,1.02684,1.03288,1.01778,1.03288,0.990597,0.963416,0.945296,0.933215,0.951336,0.915094,0.963416,0.887913,0.903014,0.924155,0.948316,0.963416
1130,1.01411,1.0086,1.01411,1.0086,1.01411,1.01962,1.03065,1.03065,0.992066,0.93144,1.01687,1.07474,1.08576,1.06372,1.06372,1.08576,1.1023,1.10781,1.11883,1.12434,1.14639,1.10781,1.1023,1.05269,0.902399,0.929744,0.875053,0.902399,0.902399,0.916071,0.902399,0.888726,0.875053,0.888726,0.929744,1.01178,1.02545,1.02545,0.970762,0.902399,0.943417,0.929744,0.998108,0.984435,0.984435,1.01178,0.998108,0.984435
1134,0.930191,0.951638,0.95463,0.95463,0.95463,0.93867,0.939668,0.929692,0.85388,1.02346,1.02097,1.03543,1.09728,1.09927,1.08231,1.0863,1.06635,1.0459,0.977573,0.905752,0.908744,0.924705,0.919717,0.935677,1.0146,1.01955,1.00965,1.02697,1.01707,1.02697,1.01212,1.01212,0.979952,1.05914,0.997275,1.02944,1.01955,1.02944,1.06656,1.07646,1.05419,1.05172,1.03934,0.982427,0.987376,0.965104,0.993563,0.992325
1135,1.00772,1.02647,1.01683,1.02111,1.01468,1.02326,1.01576,0.990041,0.953611,0.928967,0.940753,0.966469,0.991113,1.02861,1.03611,1.02004,0.999149,0.990041,0.980398,0.995398,1.01468,1.01147,1.00718,1.02433,1.01804,1.02602,1.02602,1.02336,1.0207,1.00741,0.994121,0.999437,0.978172,0.935643,0.943617,0.948933,0.964882,1.01539,1.03931,1.04728,1.0207,0.983489,1.01273,1.01273,1.00475,0.991463,0.982159,0.999437
1137,1.07209,1.08591,1.09505,1.09796,1.10752,1.10669,1.10378,1.05869,0.92342,1.01277,1.027,0.992822,1.0056,1.00944,0.991367,0.978276,0.976095,0.97703,1.01506,0.988874,1.0003,0.993861,1.00363,1.02835,1.05416,1.06395,1.06653,1.06962,1.0722,1.0691,1.07014,1.06292,1.00467,0.985597,0.960854,0.911883,0.887656,0.892295,0.877346,0.868068,0.854665,0.873738,0.882501,0.914461,0.944874,0.958277,0.985339,1.01756
1138,0.993614,1.01866,1.00196,0.997789,0.96439,0.97274,0.951866,0.876718,0.864194,0.789046,0.791134,0.889243,1.06459,1.13138,1.04789,1.02284,1.07711,1.11886,1.08129,1.09381,1.01866,1.01449,0.98109,0.960215,0.963186,0.963186,1.00461,0.9839,0.942472,1.01497,0.994256,0.932115,1.03568,0.932115,0.890688,0.859617,1.00461,1.09782,1.11854,1.0564,1.06675,1.09782,1.13925,1.11854,1.08747,1.00461,0.963186,1.00461
1143,0.98756,1.35538,1.37904,1.39323,1.3743,1.39086,1.38377,1.3128,1.03369,0.884664,0.798327,0.811337,0.813702,0.825529,0.801875,0.768759,0.778221,0.77349,0.764028,0.818433,0.83026,0.846818,0.863376,0.88703,0.915415,1.32031,1.39073,1.34378,1.32618,1.30857,1.30271,1.27337,1.18534,1.07385,0.933019,0.862602,0.891943,0.891943,0.80979,0.798054,0.786318,0.774582,0.774582,0.833262,0.798054,0.815658,0.815658,0.897811
1144,1.20446,1.229,1.23689,1.23689,1.24253,1.24141,1.23295,1.18218,0.946988,0.793011,0.732379,0.692616,0.696,0.685565,0.674003,0.654262,0.659903,0.658211,0.667235,0.738301,0.844901,0.945296,1.07502,1.17147,1.21591,1.28587,1.28027,1.28167,1.27887,1.28447,1.27327,1.26488,1.18093,1.0578,1.01162,0.954256,0.8759,0.874501,0.871703,0.866106,0.839521,0.856312,0.863307,0.915078,0.961252,1.00183,1.08088,1.18233
1149,0.947214,0.964128,0.975586,0.989227,0.976132,0.967948,0.964674,0.915567,0.916113,1.10436,1.09917,1.10436,1.11745,1.10899,1.07871,1.04706,1.06398,1.06234,1.02087,0.963583,0.962491,0.940121,0.94394,0.953761,1.00571,1.00165,1.03008,1.03955,1.03549,1.02737,1.04767,1.02737,1.0206,1.00165,1.04903,1.02872,1.04903,1.04497,1.00842,0.996236,0.998944,0.969165,0.9448,0.900132,0.896071,0.900132,0.883889,0.905547
1154,1.13934,1.17076,1.17309,1.18007,1.18473,1.17309,1.18473,1.09628,0.921712,1.05438,0.960117,0.968263,1.03576,1.0218,1.00783,1.01016,1.01249,0.996194,0.935677,0.95197,0.982229,1.05206,1.07999,1.11024,1.01625,1.0047,1.03934,1.01047,1.0047,1.03357,1.02202,0.998924,0.935409,0.941183,0.923861,0.946957,0.900764,0.883442,0.866119,0.906538,0.871894,0.848797,0.8257,0.831475,0.900764,0.912312,0.972941,0.998924
1156,1.10246,1.10859,1.1097,1.12085,1.10636,1.1175,1.11639,1.08185,1.00052,0.877959,0.83395,0.818909,0.850105,0.858461,0.832279,0.821137,0.845649,0.828936,0.852334,0.884644,0.987147,1.03951,1.04508,1.10636,1.11388,1.11941,1.1277,1.13323,1.11941,1.11941,1.13323,1.12494,1.08072,1.03373,0.97292,0.9591,0.94528,0.953572,0.948044,0.967392,0.928697,0.901057,0.936988,0.942516,0.978448,1.00885,1.03511,1.06966
1159,1.06581,1.09405,1.09699,1.10342,1.0978,1.09646,1.09191,1.05257,0.906712,0.863357,0.863892,0.866033,0.905374,0.892929,0.856934,0.833115,0.825354,0.828432,0.870583,0.930531,0.96773,0.996901,1.02554,1.04481,1.07222,1.09546,1.11139,1.10143,1.10011,1.11139,1.10675,1.09015,1.04633,1.01114,1.00052,1.00251,0.979938,1.01114,0.989897,0.967324,0.950726,0.941431,0.958029,0.996536,1.00583,1.03504,1.04865,1.08882
1162,1.31828,1.30628,1.31028,1.31561,1.32761,1.30495,1.29429,1.27429,0.957053,0.705127,0.619819,0.559836,0.583829,0.563835,0.519848,0.515849,0.551838,0.551838,0.614487,0.802432,0.981046,1.14766,1.23697,1.28096,1.29293,1.29954,1.2797,1.30285,1.29954,1.31277,1.29624,1.29954,1.20695,1.02178,0.896122,0.833294,0.843215,0.810147,0.773773,0.750626,0.730786,0.750626,0.826681,0.932496,0.97879,1.10114,1.23671,1.2797
1163,0.845151,0.852405,0.812505,0.834269,0.812505,0.841523,0.848778,0.787114,0.750842,0.805251,0.856032,0.968477,1.08455,1.08999,1.10994,1.07367,1.08455,1.11357,1.09543,1.10631,1.08092,0.982986,0.932205,0.914068,0.989822,1.07981,1.02582,1.01682,0.989822,1.01682,1.03481,1.01682,1.04381,1.14279,1.24178,1.1248,1.1248,1.1158,1.16979,1.1248,1.18779,1.07081,1.05281,1.07081,0.980824,0.89084,0.895339,0.908837
1164,1.13101,1.1728,1.17468,1.17515,1.17257,1.17186,1.17257,1.11105,0.941529,0.867334,0.798539,0.768016,0.758859,0.768602,0.769659,0.758859,0.766841,0.781399,0.813801,0.901145,0.983558,1.03357,1.08358,1.12044,1.13932,1.17427,1.17427,1.1731,1.16378,1.17194,1.16786,1.14689,1.10262,1.03389,0.967488,0.92555,0.914483,0.92089,0.890601,0.876622,0.880117,0.878369,0.912735,0.956421,1.00185,1.03039,1.08078,1.11835
1166,1.13175,1.13793,1.12622,1.13793,1.13565,1.12817,1.12947,1.07809,0.915157,0.853529,0.828,0.804584,0.826374,0.812715,0.805235,0.784096,0.775802,0.777916,0.814015,0.894019,0.977599,1.03093,1.10801,1.14021,1.13595,1.14967,1.13676,1.14806,1.14241,1.14241,1.13434,1.11094,1.07222,1.02623,0.992346,0.980244,0.969756,0.970563,0.937485,0.914088,0.916508,0.90602,0.92377,0.95362,1.00364,1.01816,1.07867,1.08271
1167,1.24603,1.282,1.23499,1.22009,1.19896,1.23091,1.24376,1.18638,0.93332,0.704929,0.640368,0.605273,0.639319,0.744217,0.656756,0.601962,0.635788,0.689147,0.756854,0.839403,1.01416,1.08374,1.14742,1.18754,1.20572,1.27814,1.23324,1.23036,1.20641,1.23078,1.24843,1.26322,1.18204,1.01586,0.902514,0.854055,0.870345,0.945497,0.858983,0.802174,0.821201,0.868017,0.927975,0.978077,1.04365,1.05419,1.11839,1.13742
1168,1.26656,1.29042,1.26564,1.27574,1.25279,1.26564,1.25463,1.2271,0.913209,0.747088,0.658979,0.645212,0.673664,0.680547,0.698444,0.6755,0.70028,0.668157,0.68376,0.751677,0.873744,0.949003,1.05822,1.13715,1.30463,1.34562,1.32968,1.29553,1.28869,1.27959,1.27503,1.26365,1.14298,1.06556,0.940337,0.935784,0.846987,0.874309,0.872032,0.865201,0.821941,0.821941,0.833326,0.878862,0.915292,0.965383,1.07695,1.14753
1172,0.866645,0.838524,0.823185,0.843637,0.833411,0.833411,0.823185,0.830855,0.93567,1.39584,1.50321,1.48276,1.46486,1.45208,1.35493,1.32937,1.32681,1.24245,1.12741,0.981687,0.938227,0.912662,0.864089,0.84875,0.90691,0.919594,0.913252,0.913252,0.913252,0.900568,0.925936,0.919594,0.900568,0.951304,0.957646,0.932278,0.944962,0.983014,0.983014,0.976672,0.925936,0.894226,0.93862,0.887884,0.887884,0.862516,0.925936,0.881542
1173,1.08345,1.15011,1.17577,1.18571,1.18074,1.17826,1.17246,1.10953,0.939791,0.861958,0.840844,0.808138,0.82801,0.820144,0.802342,0.787437,0.802342,0.765909,0.747693,0.851194,0.988644,1.0168,1.03087,1.04495,1.15235,1.20165,1.21603,1.18727,1.18727,1.19549,1.19549,1.17905,1.13181,1.01267,0.953103,0.930508,0.893534,0.946941,0.9264,0.928454,0.905859,0.860669,0.858615,0.932562,0.97159,0.988023,0.999321,1.07224
